radiusMean_min,radiusMean_max, textureMean_min, textureMean_max, perimeterMean_min, perimeterMean_max, areaMean_min, areaMean_max, smoothnessMean_min, smoothnessMean_max, compactnessMean_min, compactnessMean_max, concavityMean_min, concavityMean_max, concavePointsMean_min, concavePointsMean_max, symmetryMean_min, symmetryMean_max, fractalDimensionMean_min, fractalDimensionMean_max, radiusStdErr_min, radiusStdErr_max, textureStdErr_min, textureStdErr_max, perimeterStdErr_min, perimeterStdErr_max, areaStdErr_min, areaStdErr_max, smoothnessStdErr_min, smoothnessStdErr_max, compactnessStdErr_min, compactnessStdErr_max, concavityStdErr_min, concavityStdErr_max, concavePointsStdErr_min, concavePointsStdErr_max, symmetryStdErr_min, symmetryStdErr_max, fractalDimensionStdErr_min, fractalDimensionStdErr_max, radiusWorst_min, radiusWorst_max, textureWorst_min, textureWorst_max, perimeterWorst_min, perimeterWorst_max, areaWorst_min, areaWorst_max, smoothnessWorst_min, smoothnessWorst_max, compactnessWorst_min, compactnessWorst_max, concavityWorst_min, concavityWorst_max, concavePointsWorst_min, concavePointsWorst_max, symmetryWorst_min, symmetryWorst_max, fractalDimensionWorst_min, fractalDimensionWorst_max
-1.4532929939592834,-1.1212890545684833,-1.0520343925170412,-1.1611350461488519,-1.5388244922013972,-1.2095587834525687,-1.3114371900162944,-0.9264058843406188,0.0,0.0,0.0,0.0,0.0,0.0,0.0,0.0,0.0,0.0,0.0,0.0,0.0,-0.40699406848152114,-0.2518587616520329,0.69807161349518,-0.09541857312450672,-0.4394619609268199,-0.7786746224452796,-0.5348746823261835,0.0,0.0,0.0,0.0,0.0,0.0,0.0,0.0,0.0,0.0,0.0,0.0,-1.5213631974031194,-1.114604594523276,-1.1423001933069177,-1.2787832886030037,-1.4092210090383686,-1.0948965716281838,-1.1696464471645025,-0.8174088837724706,0.0,0.0,0.0,0.0,0.0,0.0,0.0,0.0,0.0,0.0,0.0,0.0
-1.4532929939592834,-1.1212890545684833,-1.0520343925170412,-1.1611350461488519,-1.5388244922013972,-1.2095587834525687,-1.3114371900162944,-0.9264058843406188,0.0,0.0,0.0,0.0,0.0,0.0,0.0,0.0,0.0,0.0,0.0,0.0,0.0,-0.40699406848152114,-0.2518587616520329,0.69807161349518,-0.09541857312450672,-0.4394619609268199,-0.7786746224452796,-0.5348746823261835,0.0,0.0,0.0,0.0,0.0,0.0,0.0,0.0,0.0,0.0,0.0,0.0,-1.5213631974031194,-1.114604594523276,-1.1423001933069177,-1.2787832886030037,-1.4092210090383686,-1.0948965716281838,-1.1696464471645025,-0.8174088837724706,0.0,0.0,0.0,0.0,0.0,0.0,0.0,0.0,0.0,0.0,0.0,0.0
-1.4532929939592834,-1.1212890545684833,-1.0520343925170412,-1.1611350461488519,-1.5388244922013972,-1.2095587834525687,-1.3114371900162944,-0.9264058843406188,0.0,0.0,0.0,0.0,0.0,0.0,0.0,0.0,0.0,0.0,0.0,0.0,0.0,-0.40699406848152114,-0.2518587616520329,0.69807161349518,-0.09541857312450672,-0.4394619609268199,-0.7786746224452796,-0.5348746823261835,0.0,0.0,0.0,0.0,0.0,0.0,0.0,0.0,0.0,0.0,0.0,0.0,-1.5213631974031194,-1.114604594523276,-1.1423001933069177,-1.2787832886030037,-1.4092210090383686,-1.0948965716281838,-1.1696464471645025,-0.8174088837724706,0.0,0.0,0.0,0.0,0.0,0.0,0.0,0.0,0.0,0.0,0.0,0.0
-1.4532929939592834,-1.1212890545684833,-1.0520343925170412,-1.1611350461488519,-1.5388244922013972,-1.2095587834525687,-1.3114371900162944,-0.9264058843406188,0.0,0.0,0.0,0.0,0.0,0.0,0.0,0.0,0.0,0.0,0.0,0.0,0.0,-0.40699406848152114,-0.2518587616520329,0.69807161349518,-0.09541857312450672,-0.4394619609268199,-0.7786746224452796,-0.5348746823261835,0.0,0.0,0.0,0.0,0.0,0.0,0.0,0.0,0.0,0.0,0.0,0.0,-1.5213631974031194,-1.114604594523276,-1.1423001933069177,-1.2787832886030037,-1.4092210090383686,-1.0948965716281838,-1.1696464471645025,-0.8174088837724706,0.0,0.0,0.0,0.0,0.0,0.0,0.0,0.0,0.0,0.0,0.0,0.0
-1.4532929939592834,-1.1212890545684833,-1.0520343925170412,-1.1611350461488519,-1.5388244922013972,-1.2095587834525687,-1.3114371900162944,-0.9264058843406188,0.0,0.0,0.0,0.0,0.0,0.0,0.0,0.0,0.0,0.0,0.0,0.0,0.0,-0.40699406848152114,-0.2518587616520329,0.69807161349518,-0.09541857312450672,-0.4394619609268199,-0.7786746224452796,-0.5348746823261835,0.0,0.0,0.0,0.0,0.0,0.0,0.0,0.0,0.0,0.0,0.0,0.0,-1.5213631974031194,-1.114604594523276,-1.1423001933069177,-1.2787832886030037,-1.4092210090383686,-1.0948965716281838,-1.1696464471645025,-0.8174088837724706,0.0,0.0,0.0,0.0,0.0,0.0,0.0,0.0,0.0,0.0,0.0,0.0
-1.4532929939592834,-1.1212890545684833,-1.0520343925170412,-1.1611350461488519,-1.5388244922013972,-1.2095587834525687,-1.3114371900162944,-0.9264058843406188,0.0,0.0,0.0,0.0,0.0,0.0,0.0,0.0,0.0,0.0,0.0,0.0,0.0,-0.40699406848152114,-0.2518587616520329,0.69807161349518,-0.09541857312450672,-0.4394619609268199,-0.7786746224452796,-0.5348746823261835,0.0,0.0,0.0,0.0,0.0,0.0,0.0,0.0,0.0,0.0,0.0,0.0,-1.5213631974031194,-1.114604594523276,-1.1423001933069177,-1.2787832886030037,-1.4092210090383686,-1.0948965716281838,-1.1696464471645025,-0.8174088837724706,0.0,0.0,0.0,0.0,0.0,0.0,0.0,0.0,0.0,0.0,0.0,0.0
-1.4532929939592834,-1.1212890545684833,-1.0520343925170412,-1.1611350461488519,-1.5388244922013972,-1.2095587834525687,-1.3114371900162944,-0.9264058843406188,0.0,0.0,0.0,0.0,0.0,0.0,0.0,0.0,0.0,0.0,0.0,0.0,0.0,-0.40699406848152114,-0.2518587616520329,0.69807161349518,-0.09541857312450672,-0.4394619609268199,-0.7786746224452796,-0.5348746823261835,0.0,0.0,0.0,0.0,0.0,0.0,0.0,0.0,0.0,0.0,0.0,0.0,-1.5213631974031194,-1.114604594523276,-1.1423001933069177,-1.2787832886030037,-1.4092210090383686,-1.0948965716281838,-1.1696464471645025,-0.8174088837724706,0.0,0.0,0.0,0.0,0.0,0.0,0.0,0.0,0.0,0.0,0.0,0.0
-1.4532929939592834,-1.1212890545684833,-1.0520343925170412,-1.1611350461488519,-1.5388244922013972,-1.2095587834525687,-1.3114371900162944,-0.9264058843406188,0.0,0.0,0.0,0.0,0.0,0.0,0.0,0.0,0.0,0.0,0.0,0.0,0.0,-0.40699406848152114,-0.2518587616520329,0.69807161349518,-0.09541857312450672,-0.4394619609268199,-0.7786746224452796,-0.5348746823261835,0.0,0.0,0.0,0.0,0.0,0.0,0.0,0.0,0.0,0.0,0.0,0.0,-1.5213631974031194,-1.114604594523276,-1.1423001933069177,-1.2787832886030037,-1.4092210090383686,-1.0948965716281838,-1.1696464471645025,-0.8174088837724706,0.0,0.0,0.0,0.0,0.0,0.0,0.0,0.0,0.0,0.0,0.0,0.0
-1.4532929939592834,-1.1212890545684833,-1.0520343925170412,-1.1611350461488519,-1.5388244922013972,-1.2095587834525687,-1.3114371900162944,-0.9264058843406188,0.0,0.0,0.0,0.0,0.0,0.0,0.0,0.0,0.0,0.0,0.0,0.0,0.0,-0.40699406848152114,-0.2518587616520329,0.69807161349518,-0.09541857312450672,-0.4394619609268199,-0.7786746224452796,-0.5348746823261835,0.0,0.0,0.0,0.0,0.0,0.0,0.0,0.0,0.0,0.0,0.0,0.0,-1.5213631974031194,-1.114604594523276,-1.1423001933069177,-1.2787832886030037,-1.4092210090383686,-1.0948965716281838,-1.1696464471645025,-0.8174088837724706,0.0,0.0,0.0,0.0,0.0,0.0,0.0,0.0,0.0,0.0,0.0,0.0
-2.0701038700253975,-1.1212890545684833,-1.0520343925170412,-1.3298874623408063,-1.898119918951954,-1.1751997429578032,-1.5164383886523596,-0.9389493670532193,0.0,0.0,0.0,0.0,0.0,0.0,0.0,0.0,0.0,0.0,0.0,0.0,0.0,-0.40699406848152114,-0.2518587616520329,0.69807161349518,-0.09541857312450672,-0.12556056026480578,-0.84464438088669,-0.29559920681617646,0.0,0.0,0.0,0.0,0.0,0.0,0.0,0.0,0.0,0.0,0.0,0.0,-1.7663284580019267,-1.114604594523276,-0.9332086357651891,-1.4226085598152596,-1.6705760255886657,-1.1181056101491234,-1.3127611257682772,-0.8814398572796086,0.0,0.0,0.0,0.0,0.0,0.0,0.0,0.0,0.0,0.0,0.0,0.0
-2.0701038700253975,-1.1212890545684833,-1.0520343925170412,-1.3298874623408063,-1.898119918951954,-1.1751997429578032,-1.5164383886523596,-0.9389493670532193,0.0,0.0,0.0,0.0,0.0,0.0,0.0,0.0,0.0,0.0,0.0,0.0,0.0,-0.40699406848152114,-0.2518587616520329,0.69807161349518,-0.09541857312450672,-0.12556056026480578,-0.84464438088669,-0.29559920681617646,0.0,0.0,0.0,0.0,0.0,0.0,0.0,0.0,0.0,0.0,0.0,0.0,-1.7663284580019267,-1.114604594523276,-0.9332086357651891,-1.4226085598152596,-1.6705760255886657,-1.1181056101491234,-1.3127611257682772,-0.8814398572796086,0.0,0.0,0.0,0.0,0.0,0.0,0.0,0.0,0.0,0.0,0.0,0.0
-2.0701038700253975,-1.1212890545684833,-1.0520343925170412,-1.3298874623408063,-1.898119918951954,-1.1751997429578032,-1.5164383886523596,-0.9389493670532193,0.0,0.0,0.0,0.0,0.0,0.0,0.0,0.0,0.0,0.0,0.0,0.0,0.0,-0.40699406848152114,-0.2518587616520329,0.69807161349518,-0.09541857312450672,-0.12556056026480578,-0.84464438088669,-0.29559920681617646,0.0,0.0,0.0,0.0,0.0,0.0,0.0,0.0,0.0,0.0,0.0,0.0,-1.7663284580019267,-1.114604594523276,-0.9332086357651891,-1.4226085598152596,-1.6705760255886657,-1.1181056101491234,-1.3127611257682772,-0.8814398572796086,0.0,0.0,0.0,0.0,0.0,0.0,0.0,0.0,0.0,0.0,0.0,0.0
-2.0701038700253975,-1.1212890545684833,-1.0520343925170412,-1.3298874623408063,-1.898119918951954,-1.1751997429578032,-1.5164383886523596,-0.9389493670532193,0.0,0.0,0.0,0.0,0.0,0.0,0.0,0.0,0.0,0.0,0.0,0.0,0.0,-0.40699406848152114,-0.2518587616520329,0.69807161349518,-0.09541857312450672,-0.12556056026480578,-0.84464438088669,-0.29559920681617646,0.0,0.0,0.0,0.0,0.0,0.0,0.0,0.0,0.0,0.0,0.0,0.0,-1.7663284580019267,-1.114604594523276,-0.9332086357651891,-1.4226085598152596,-1.6705760255886657,-1.1181056101491234,-1.3127611257682772,-0.8814398572796086,0.0,0.0,0.0,0.0,0.0,0.0,0.0,0.0,0.0,0.0,0.0,0.0
-2.0701038700253975,-1.1212890545684833,-1.0520343925170412,-1.3298874623408063,-1.898119918951954,-1.1751997429578032,-1.5164383886523596,-0.9389493670532193,0.0,0.0,0.0,0.0,0.0,0.0,0.0,0.0,0.0,0.0,0.0,0.0,0.0,-0.40699406848152114,-0.2518587616520329,0.69807161349518,-0.09541857312450672,-0.12556056026480578,-0.84464438088669,-0.29559920681617646,0.0,0.0,0.0,0.0,0.0,0.0,0.0,0.0,0.0,0.0,0.0,0.0,-1.7663284580019267,-1.114604594523276,-0.9332086357651891,-1.4226085598152596,-1.6705760255886657,-1.1181056101491234,-1.3127611257682772,-0.8814398572796086,0.0,0.0,0.0,0.0,0.0,0.0,0.0,0.0,0.0,0.0,0.0,0.0
-2.0701038700253975,-1.1212890545684833,-1.0520343925170412,-1.3298874623408063,-1.898119918951954,-1.1751997429578032,-1.5164383886523596,-0.9389493670532193,0.0,0.0,0.0,0.0,0.0,0.0,0.0,0.0,0.0,0.0,0.0,0.0,0.0,-0.40699406848152114,-0.2518587616520329,0.69807161349518,-0.09541857312450672,-0.12556056026480578,-0.84464438088669,-0.29559920681617646,0.0,0.0,0.0,0.0,0.0,0.0,0.0,0.0,0.0,0.0,0.0,0.0,-1.7663284580019267,-1.114604594523276,-0.9332086357651891,-1.4226085598152596,-1.6705760255886657,-1.1181056101491234,-1.3127611257682772,-0.8814398572796086,0.0,0.0,0.0,0.0,0.0,0.0,0.0,0.0,0.0,0.0,0.0,0.0
-2.0701038700253975,-1.1212890545684833,-1.0520343925170412,-1.3298874623408063,-1.898119918951954,-1.1751997429578032,-1.5164383886523596,-0.9389493670532193,0.0,0.0,0.0,0.0,0.0,0.0,0.0,0.0,0.0,0.0,0.0,0.0,0.0,-0.40699406848152114,-0.2518587616520329,0.69807161349518,-0.09541857312450672,-0.12556056026480578,-0.84464438088669,-0.29559920681617646,0.0,0.0,0.0,0.0,0.0,0.0,0.0,0.0,0.0,0.0,0.0,0.0,-1.7663284580019267,-1.114604594523276,-0.9332086357651891,-1.4226085598152596,-1.6705760255886657,-1.1181056101491234,-1.3127611257682772,-0.8814398572796086,0.0,0.0,0.0,0.0,0.0,0.0,0.0,0.0,0.0,0.0,0.0,0.0
-2.0701038700253975,-1.1212890545684833,-1.0520343925170412,-1.3298874623408063,-1.898119918951954,-1.1751997429578032,-1.5164383886523596,-0.9389493670532193,0.0,0.0,0.0,0.0,0.0,0.0,0.0,0.0,0.0,0.0,0.0,0.0,0.0,-0.40699406848152114,-0.2518587616520329,0.69807161349518,-0.09541857312450672,-0.12556056026480578,-0.84464438088669,-0.29559920681617646,0.0,0.0,0.0,0.0,0.0,0.0,0.0,0.0,0.0,0.0,0.0,0.0,-1.7663284580019267,-1.114604594523276,-0.9332086357651891,-1.4226085598152596,-1.6705760255886657,-1.1181056101491234,-1.3127611257682772,-0.8814398572796086,0.0,0.0,0.0,0.0,0.0,0.0,0.0,0.0,0.0,0.0,0.0,0.0
-2.0701038700253975,-1.1212890545684833,-1.0520343925170412,-1.3298874623408063,-1.898119918951954,-1.1751997429578032,-1.5164383886523596,-0.9389493670532193,0.0,0.0,0.0,0.0,0.0,0.0,0.0,0.0,0.0,0.0,0.0,0.0,0.0,-0.40699406848152114,-0.2518587616520329,0.69807161349518,-0.09541857312450672,-0.12556056026480578,-0.84464438088669,-0.29559920681617646,0.0,0.0,0.0,0.0,0.0,0.0,0.0,0.0,0.0,0.0,0.0,0.0,-1.7663284580019267,-1.114604594523276,-0.9332086357651891,-1.4226085598152596,-1.6705760255886657,-1.1181056101491234,-1.3127611257682772,-0.8814398572796086,0.0,0.0,0.0,0.0,0.0,0.0,0.0,0.0,0.0,0.0,0.0,0.0
-0.836482117893169,-0.8804696268729161,-1.3035694611977096,-0.9923826299568973,-0.910057495387923,-0.8316093380101484,-0.887296779045125,-0.6964420346096092,0.0,0.0,0.0,0.0,0.0,0.0,0.0,0.0,0.0,0.0,0.0,0.0,0.0,-0.40699406848152114,-0.2518587616520329,-0.7541211591042821,-1.6062126475958636,-0.4394619609268199,-0.7127048640038691,-0.42043858534313666,0.0,0.0,0.0,0.0,0.0,0.0,0.0,0.0,0.0,0.0,0.0,0.0,-0.7864674156066973,-0.7925951576868507,-1.560483308390375,-1.1349580173907479,-0.8118381140662612,-0.8860152249397277,-0.7654102497047182,-0.6994570904698479,0.0,0.0,0.0,0.0,0.0,0.0,0.0,0.0,0.0,0.0,0.0,0.0
-0.836482117893169,-0.8804696268729161,-1.3035694611977096,-0.9923826299568973,-0.910057495387923,-0.8316093380101484,-0.887296779045125,-0.6964420346096092,0.0,0.0,0.0,0.0,0.0,0.0,0.0,0.0,0.0,0.0,0.0,0.0,0.0,-0.40699406848152114,-0.2518587616520329,-0.7541211591042821,-1.6062126475958636,-0.4394619609268199,-0.7127048640038691,-0.42043858534313666,0.0,0.0,0.0,0.0,0.0,0.0,0.0,0.0,0.0,0.0,0.0,0.0,-0.7864674156066973,-0.7925951576868507,-1.560483308390375,-1.1349580173907479,-0.8118381140662612,-0.8860152249397277,-0.7654102497047182,-0.6994570904698479,0.0,0.0,0.0,0.0,0.0,0.0,0.0,0.0,0.0,0.0,0.0,0.0
-0.836482117893169,-0.8804696268729161,-1.3035694611977096,-0.9923826299568973,-0.910057495387923,-0.8316093380101484,-0.887296779045125,-0.6964420346096092,0.0,0.0,0.0,0.0,0.0,0.0,0.0,0.0,0.0,0.0,0.0,0.0,0.0,-0.40699406848152114,-0.2518587616520329,-0.7541211591042821,-1.6062126475958636,-0.4394619609268199,-0.7127048640038691,-0.42043858534313666,0.0,0.0,0.0,0.0,0.0,0.0,0.0,0.0,0.0,0.0,0.0,0.0,-0.7864674156066973,-0.7925951576868507,-1.560483308390375,-1.1349580173907479,-0.8118381140662612,-0.8860152249397277,-0.7654102497047182,-0.6994570904698479,0.0,0.0,0.0,0.0,0.0,0.0,0.0,0.0,0.0,0.0,0.0,0.0
-0.836482117893169,-0.8804696268729161,-1.3035694611977096,-0.9923826299568973,-0.910057495387923,-0.8316093380101484,-0.887296779045125,-0.6964420346096092,0.0,0.0,0.0,0.0,0.0,0.0,0.0,0.0,0.0,0.0,0.0,0.0,0.0,-0.40699406848152114,-0.2518587616520329,-0.7541211591042821,-1.6062126475958636,-0.4394619609268199,-0.7127048640038691,-0.42043858534313666,0.0,0.0,0.0,0.0,0.0,0.0,0.0,0.0,0.0,0.0,0.0,0.0,-0.7864674156066973,-0.7925951576868507,-1.560483308390375,-1.1349580173907479,-0.8118381140662612,-0.8860152249397277,-0.7654102497047182,-0.6994570904698479,0.0,0.0,0.0,0.0,0.0,0.0,0.0,0.0,0.0,0.0,0.0,0.0
-0.836482117893169,-0.8804696268729161,-1.3035694611977096,-0.9923826299568973,-0.910057495387923,-0.8316093380101484,-0.887296779045125,-0.6964420346096092,0.0,0.0,0.0,0.0,0.0,0.0,0.0,0.0,0.0,0.0,0.0,0.0,0.0,-0.40699406848152114,-0.2518587616520329,-0.7541211591042821,-1.6062126475958636,-0.4394619609268199,-0.7127048640038691,-0.42043858534313666,0.0,0.0,0.0,0.0,0.0,0.0,0.0,0.0,0.0,0.0,0.0,0.0,-0.7864674156066973,-0.7925951576868507,-1.560483308390375,-1.1349580173907479,-0.8118381140662612,-0.8860152249397277,-0.7654102497047182,-0.6994570904698479,0.0,0.0,0.0,0.0,0.0,0.0,0.0,0.0,0.0,0.0,0.0,0.0
-0.836482117893169,-0.8804696268729161,-1.3035694611977096,-0.9923826299568973,-0.910057495387923,-0.8316093380101484,-0.887296779045125,-0.6964420346096092,0.0,0.0,0.0,0.0,0.0,0.0,0.0,0.0,0.0,0.0,0.0,0.0,0.0,-0.40699406848152114,-0.2518587616520329,-0.7541211591042821,-1.6062126475958636,-0.4394619609268199,-0.7127048640038691,-0.42043858534313666,0.0,0.0,0.0,0.0,0.0,0.0,0.0,0.0,0.0,0.0,0.0,0.0,-0.7864674156066973,-0.7925951576868507,-1.560483308390375,-1.1349580173907479,-0.8118381140662612,-0.8860152249397277,-0.7654102497047182,-0.6994570904698479,0.0,0.0,0.0,0.0,0.0,0.0,0.0,0.0,0.0,0.0,0.0,0.0
-0.836482117893169,-0.8804696268729161,-1.3035694611977096,-0.9923826299568973,-0.910057495387923,-0.8316093380101484,-0.887296779045125,-0.6964420346096092,0.0,0.0,0.0,0.0,0.0,0.0,0.0,0.0,0.0,0.0,0.0,0.0,0.0,-0.40699406848152114,-0.2518587616520329,-0.7541211591042821,-1.6062126475958636,-0.4394619609268199,-0.7127048640038691,-0.42043858534313666,0.0,0.0,0.0,0.0,0.0,0.0,0.0,0.0,0.0,0.0,0.0,0.0,-0.7864674156066973,-0.7925951576868507,-1.560483308390375,-1.1349580173907479,-0.8118381140662612,-0.8860152249397277,-0.7654102497047182,-0.6994570904698479,0.0,0.0,0.0,0.0,0.0,0.0,0.0,0.0,0.0,0.0,0.0,0.0
-0.836482117893169,-0.8804696268729161,-1.3035694611977096,-0.9923826299568973,-0.910057495387923,-0.8316093380101484,-0.887296779045125,-0.6964420346096092,0.0,0.0,0.0,0.0,0.0,0.0,0.0,0.0,0.0,0.0,0.0,0.0,0.0,-0.40699406848152114,-0.2518587616520329,-0.7541211591042821,-1.6062126475958636,-0.4394619609268199,-0.7127048640038691,-0.42043858534313666,0.0,0.0,0.0,0.0,0.0,0.0,0.0,0.0,0.0,0.0,0.0,0.0,-0.7864674156066973,-0.7925951576868507,-1.560483308390375,-1.1349580173907479,-0.8118381140662612,-0.8860152249397277,-0.7654102497047182,-0.6994570904698479,0.0,0.0,0.0,0.0,0.0,0.0,0.0,0.0,0.0,0.0,0.0,0.0
-0.836482117893169,-0.8804696268729161,-1.3035694611977096,-0.9923826299568973,-0.910057495387923,-0.8316093380101484,-0.887296779045125,-0.6964420346096092,0.0,0.0,0.0,0.0,0.0,0.0,0.0,0.0,0.0,0.0,0.0,0.0,0.0,-0.40699406848152114,-0.2518587616520329,-0.7541211591042821,-1.6062126475958636,-0.4394619609268199,-0.7127048640038691,-0.42043858534313666,0.0,0.0,0.0,0.0,0.0,0.0,0.0,0.0,0.0,0.0,0.0,0.0,-0.7864674156066973,-0.7925951576868507,-1.560483308390375,-1.1349580173907479,-0.8118381140662612,-0.8860152249397277,-0.7654102497047182,-0.6994570904698479,0.0,0.0,0.0,0.0,0.0,0.0,0.0,0.0,0.0,0.0,0.0,0.0
-0.836482117893169,-0.8804696268729161,-1.3035694611977096,-0.9923826299568973,-0.910057495387923,-0.8659683785049138,-0.8766932687708459,-0.7445253850079112,0.0,0.0,0.0,0.0,0.0,0.0,0.0,0.0,0.0,0.0,0.0,0.0,0.0,-0.40699406848152114,-0.2518587616520329,-0.7541211591042821,-0.09541857312450672,-0.753363361588834,-0.6467351055624587,-0.5348746823261835,0.0,0.0,0.0,0.0,0.0,0.0,0.0,0.0,0.0,0.0,0.0,0.0,-0.7864674156066973,-0.9535998761050634,-0.9332086357651891,-0.8473074749662364,-0.8865109759377746,-0.8860152249397277,-0.8131151425726431,-0.7354043036668377,0.0,0.0,0.0,0.0,0.0,0.0,0.0,0.0,0.0,0.0,0.0,0.0
-0.836482117893169,-0.8804696268729161,-1.3035694611977096,-0.9923826299568973,-0.910057495387923,-0.8659683785049138,-0.8766932687708459,-0.7445253850079112,0.0,0.0,0.0,0.0,0.0,0.0,0.0,0.0,0.0,0.0,0.0,0.0,0.0,-0.40699406848152114,-0.2518587616520329,-0.7541211591042821,-0.09541857312450672,-0.753363361588834,-0.6467351055624587,-0.5348746823261835,0.0,0.0,0.0,0.0,0.0,0.0,0.0,0.0,0.0,0.0,0.0,0.0,-0.7864674156066973,-0.9535998761050634,-0.9332086357651891,-0.8473074749662364,-0.8865109759377746,-0.8860152249397277,-0.8131151425726431,-0.7354043036668377,0.0,0.0,0.0,0.0,0.0,0.0,0.0,0.0,0.0,0.0,0.0,0.0
-0.836482117893169,-0.8804696268729161,-1.3035694611977096,-0.9923826299568973,-0.910057495387923,-0.8659683785049138,-0.8766932687708459,-0.7445253850079112,0.0,0.0,0.0,0.0,0.0,0.0,0.0,0.0,0.0,0.0,0.0,0.0,0.0,-0.40699406848152114,-0.2518587616520329,-0.7541211591042821,-0.09541857312450672,-0.753363361588834,-0.6467351055624587,-0.5348746823261835,0.0,0.0,0.0,0.0,0.0,0.0,0.0,0.0,0.0,0.0,0.0,0.0,-0.7864674156066973,-0.9535998761050634,-0.9332086357651891,-0.8473074749662364,-0.8865109759377746,-0.8860152249397277,-0.8131151425726431,-0.7354043036668377,0.0,0.0,0.0,0.0,0.0,0.0,0.0,0.0,0.0,0.0,0.0,0.0
-0.836482117893169,-0.8804696268729161,-1.3035694611977096,-0.9923826299568973,-0.910057495387923,-0.8659683785049138,-0.8766932687708459,-0.7445253850079112,0.0,0.0,0.0,0.0,0.0,0.0,0.0,0.0,0.0,0.0,0.0,0.0,0.0,-0.40699406848152114,-0.2518587616520329,-0.7541211591042821,-0.09541857312450672,-0.753363361588834,-0.6467351055624587,-0.5348746823261835,0.0,0.0,0.0,0.0,0.0,0.0,0.0,0.0,0.0,0.0,0.0,0.0,-0.7864674156066973,-0.9535998761050634,-0.9332086357651891,-0.8473074749662364,-0.8865109759377746,-0.8860152249397277,-0.8131151425726431,-0.7354043036668377,0.0,0.0,0.0,0.0,0.0,0.0,0.0,0.0,0.0,0.0,0.0,0.0
-0.836482117893169,-0.8804696268729161,-1.3035694611977096,-0.9923826299568973,-0.910057495387923,-0.8659683785049138,-0.8766932687708459,-0.7445253850079112,0.0,0.0,0.0,0.0,0.0,0.0,0.0,0.0,0.0,0.0,0.0,0.0,0.0,-0.40699406848152114,-0.2518587616520329,-0.7541211591042821,-0.09541857312450672,-0.753363361588834,-0.6467351055624587,-0.5348746823261835,0.0,0.0,0.0,0.0,0.0,0.0,0.0,0.0,0.0,0.0,0.0,0.0,-0.7864674156066973,-0.9535998761050634,-0.9332086357651891,-0.8473074749662364,-0.8865109759377746,-0.8860152249397277,-0.8131151425726431,-0.7354043036668377,0.0,0.0,0.0,0.0,0.0,0.0,0.0,0.0,0.0,0.0,0.0,0.0
-0.836482117893169,-0.8804696268729161,-1.3035694611977096,-0.9923826299568973,-0.910057495387923,-0.8659683785049138,-0.8766932687708459,-0.7445253850079112,0.0,0.0,0.0,0.0,0.0,0.0,0.0,0.0,0.0,0.0,0.0,0.0,0.0,-0.40699406848152114,-0.2518587616520329,-0.7541211591042821,-0.09541857312450672,-0.753363361588834,-0.6467351055624587,-0.5348746823261835,0.0,0.0,0.0,0.0,0.0,0.0,0.0,0.0,0.0,0.0,0.0,0.0,-0.7864674156066973,-0.9535998761050634,-0.9332086357651891,-0.8473074749662364,-0.8865109759377746,-0.8860152249397277,-0.8131151425726431,-0.7354043036668377,0.0,0.0,0.0,0.0,0.0,0.0,0.0,0.0,0.0,0.0,0.0,0.0
-0.836482117893169,-0.8804696268729161,-1.3035694611977096,-0.9923826299568973,-0.910057495387923,-0.8659683785049138,-0.8766932687708459,-0.7445253850079112,0.0,0.0,0.0,0.0,0.0,0.0,0.0,0.0,0.0,0.0,0.0,0.0,0.0,-0.40699406848152114,-0.2518587616520329,-0.7541211591042821,-0.09541857312450672,-0.753363361588834,-0.6467351055624587,-0.5348746823261835,0.0,0.0,0.0,0.0,0.0,0.0,0.0,0.0,0.0,0.0,0.0,0.0,-0.7864674156066973,-0.9535998761050634,-0.9332086357651891,-0.8473074749662364,-0.8865109759377746,-0.8860152249397277,-0.8131151425726431,-0.7354043036668377,0.0,0.0,0.0,0.0,0.0,0.0,0.0,0.0,0.0,0.0,0.0,0.0
-0.836482117893169,-0.8804696268729161,-1.3035694611977096,-0.9923826299568973,-0.910057495387923,-0.8659683785049138,-0.8766932687708459,-0.7445253850079112,0.0,0.0,0.0,0.0,0.0,0.0,0.0,0.0,0.0,0.0,0.0,0.0,0.0,-0.40699406848152114,-0.2518587616520329,-0.7541211591042821,-0.09541857312450672,-0.753363361588834,-0.6467351055624587,-0.5348746823261835,0.0,0.0,0.0,0.0,0.0,0.0,0.0,0.0,0.0,0.0,0.0,0.0,-0.7864674156066973,-0.9535998761050634,-0.9332086357651891,-0.8473074749662364,-0.8865109759377746,-0.8860152249397277,-0.8131151425726431,-0.7354043036668377,0.0,0.0,0.0,0.0,0.0,0.0,0.0,0.0,0.0,0.0,0.0,0.0
-0.836482117893169,-0.8804696268729161,-1.3035694611977096,-0.9923826299568973,-0.910057495387923,-0.8659683785049138,-0.8766932687708459,-0.7445253850079112,0.0,0.0,0.0,0.0,0.0,0.0,0.0,0.0,0.0,0.0,0.0,0.0,0.0,-0.40699406848152114,-0.2518587616520329,-0.7541211591042821,-0.09541857312450672,-0.753363361588834,-0.6467351055624587,-0.5348746823261835,0.0,0.0,0.0,0.0,0.0,0.0,0.0,0.0,0.0,0.0,0.0,0.0,-0.7864674156066973,-0.9535998761050634,-0.9332086357651891,-0.8473074749662364,-0.8865109759377746,-0.8860152249397277,-0.8131151425726431,-0.7354043036668377,0.0,0.0,0.0,0.0,0.0,0.0,0.0,0.0,0.0,0.0,0.0,0.0
-0.5280766798601119,-0.6396501991773488,-1.3035694611977096,-0.9923826299568973,-0.5058501402935467,-0.659814135536321,-0.5373809399939105,-0.6065470751693054,0.0,0.0,0.0,0.0,0.0,0.0,0.0,0.0,0.0,0.0,0.0,0.0,0.0,-0.40699406848152114,-0.2518587616520329,-0.7541211591042821,-1.6062126475958636,-0.753363361588834,-0.7786746224452796,-0.4932615561505301,0.0,0.0,0.0,0.0,0.0,0.0,0.0,0.0,0.0,0.0,0.0,0.0,-0.54150215500789,-0.631590439268638,-0.7241170782234604,-0.8473074749662364,-0.5878195284517208,-0.7699700323350299,-0.5494828398814793,-0.6219459120138389,0.0,0.0,0.0,0.0,0.0,0.0,0.0,0.0,0.0,0.0,0.0,0.0
-0.5280766798601119,-0.6396501991773488,-1.3035694611977096,-0.9923826299568973,-0.5058501402935467,-0.659814135536321,-0.5373809399939105,-0.6065470751693054,0.0,0.0,0.0,0.0,0.0,0.0,0.0,0.0,0.0,0.0,0.0,0.0,0.0,-0.40699406848152114,-0.2518587616520329,-0.7541211591042821,-1.6062126475958636,-0.753363361588834,-0.7786746224452796,-0.4932615561505301,0.0,0.0,0.0,0.0,0.0,0.0,0.0,0.0,0.0,0.0,0.0,0.0,-0.54150215500789,-0.631590439268638,-0.7241170782234604,-0.8473074749662364,-0.5878195284517208,-0.7699700323350299,-0.5494828398814793,-0.6219459120138389,0.0,0.0,0.0,0.0,0.0,0.0,0.0,0.0,0.0,0.0,0.0,0.0
-0.5280766798601119,-0.6396501991773488,-1.3035694611977096,-0.9923826299568973,-0.5058501402935467,-0.659814135536321,-0.5373809399939105,-0.6065470751693054,0.0,0.0,0.0,0.0,0.0,0.0,0.0,0.0,0.0,0.0,0.0,0.0,0.0,-0.40699406848152114,-0.2518587616520329,-0.7541211591042821,-1.6062126475958636,-0.753363361588834,-0.7786746224452796,-0.4932615561505301,0.0,0.0,0.0,0.0,0.0,0.0,0.0,0.0,0.0,0.0,0.0,0.0,-0.54150215500789,-0.631590439268638,-0.7241170782234604,-0.8473074749662364,-0.5878195284517208,-0.7699700323350299,-0.5494828398814793,-0.6219459120138389,0.0,0.0,0.0,0.0,0.0,0.0,0.0,0.0,0.0,0.0,0.0,0.0
-0.5280766798601119,-0.6396501991773488,-1.3035694611977096,-0.9923826299568973,-0.5058501402935467,-0.659814135536321,-0.5373809399939105,-0.6065470751693054,0.0,0.0,0.0,0.0,0.0,0.0,0.0,0.0,0.0,0.0,0.0,0.0,0.0,-0.40699406848152114,-0.2518587616520329,-0.7541211591042821,-1.6062126475958636,-0.753363361588834,-0.7786746224452796,-0.4932615561505301,0.0,0.0,0.0,0.0,0.0,0.0,0.0,0.0,0.0,0.0,0.0,0.0,-0.54150215500789,-0.631590439268638,-0.7241170782234604,-0.8473074749662364,-0.5878195284517208,-0.7699700323350299,-0.5494828398814793,-0.6219459120138389,0.0,0.0,0.0,0.0,0.0,0.0,0.0,0.0,0.0,0.0,0.0,0.0
-0.5280766798601119,-0.6396501991773488,-1.3035694611977096,-0.9923826299568973,-0.5058501402935467,-0.659814135536321,-0.5373809399939105,-0.6065470751693054,0.0,0.0,0.0,0.0,0.0,0.0,0.0,0.0,0.0,0.0,0.0,0.0,0.0,-0.40699406848152114,-0.2518587616520329,-0.7541211591042821,-1.6062126475958636,-0.753363361588834,-0.7786746224452796,-0.4932615561505301,0.0,0.0,0.0,0.0,0.0,0.0,0.0,0.0,0.0,0.0,0.0,0.0,-0.54150215500789,-0.631590439268638,-0.7241170782234604,-0.8473074749662364,-0.5878195284517208,-0.7699700323350299,-0.5494828398814793,-0.6219459120138389,0.0,0.0,0.0,0.0,0.0,0.0,0.0,0.0,0.0,0.0,0.0,0.0
-0.5280766798601119,-0.6396501991773488,-1.3035694611977096,-0.9923826299568973,-0.5058501402935467,-0.659814135536321,-0.5373809399939105,-0.6065470751693054,0.0,0.0,0.0,0.0,0.0,0.0,0.0,0.0,0.0,0.0,0.0,0.0,0.0,-0.40699406848152114,-0.2518587616520329,-0.7541211591042821,-1.6062126475958636,-0.753363361588834,-0.7786746224452796,-0.4932615561505301,0.0,0.0,0.0,0.0,0.0,0.0,0.0,0.0,0.0,0.0,0.0,0.0,-0.54150215500789,-0.631590439268638,-0.7241170782234604,-0.8473074749662364,-0.5878195284517208,-0.7699700323350299,-0.5494828398814793,-0.6219459120138389,0.0,0.0,0.0,0.0,0.0,0.0,0.0,0.0,0.0,0.0,0.0,0.0
-0.5280766798601119,-0.6396501991773488,-1.3035694611977096,-0.9923826299568973,-0.5058501402935467,-0.659814135536321,-0.5373809399939105,-0.6065470751693054,0.0,0.0,0.0,0.0,0.0,0.0,0.0,0.0,0.0,0.0,0.0,0.0,0.0,-0.40699406848152114,-0.2518587616520329,-0.7541211591042821,-1.6062126475958636,-0.753363361588834,-0.7786746224452796,-0.4932615561505301,0.0,0.0,0.0,0.0,0.0,0.0,0.0,0.0,0.0,0.0,0.0,0.0,-0.54150215500789,-0.631590439268638,-0.7241170782234604,-0.8473074749662364,-0.5878195284517208,-0.7699700323350299,-0.5494828398814793,-0.6219459120138389,0.0,0.0,0.0,0.0,0.0,0.0,0.0,0.0,0.0,0.0,0.0,0.0
-0.5280766798601119,-0.6396501991773488,-1.3035694611977096,-0.9923826299568973,-0.5058501402935467,-0.659814135536321,-0.5373809399939105,-0.6065470751693054,0.0,0.0,0.0,0.0,0.0,0.0,0.0,0.0,0.0,0.0,0.0,0.0,0.0,-0.40699406848152114,-0.2518587616520329,-0.7541211591042821,-1.6062126475958636,-0.753363361588834,-0.7786746224452796,-0.4932615561505301,0.0,0.0,0.0,0.0,0.0,0.0,0.0,0.0,0.0,0.0,0.0,0.0,-0.54150215500789,-0.631590439268638,-0.7241170782234604,-0.8473074749662364,-0.5878195284517208,-0.7699700323350299,-0.5494828398814793,-0.6219459120138389,0.0,0.0,0.0,0.0,0.0,0.0,0.0,0.0,0.0,0.0,0.0,0.0
-0.5280766798601119,-0.6396501991773488,-1.3035694611977096,-0.9923826299568973,-0.5058501402935467,-0.659814135536321,-0.5373809399939105,-0.6065470751693054,0.0,0.0,0.0,0.0,0.0,0.0,0.0,0.0,0.0,0.0,0.0,0.0,0.0,-0.40699406848152114,-0.2518587616520329,-0.7541211591042821,-1.6062126475958636,-0.753363361588834,-0.7786746224452796,-0.4932615561505301,0.0,0.0,0.0,0.0,0.0,0.0,0.0,0.0,0.0,0.0,0.0,0.0,-0.54150215500789,-0.631590439268638,-0.7241170782234604,-0.8473074749662364,-0.5878195284517208,-0.7699700323350299,-0.5494828398814793,-0.6219459120138389,0.0,0.0,0.0,0.0,0.0,0.0,0.0,0.0,0.0,0.0,0.0,0.0
-0.5280766798601119,-0.6396501991773488,-0.8004993238363728,-0.9923826299568973,-0.5058501402935467,-0.6254550950415554,-0.5797949810910273,-0.6190905578819059,0.0,0.0,0.0,0.0,0.0,0.0,0.0,0.0,0.0,0.0,0.0,0.0,0.0,-0.40699406848152114,-0.2518587616520329,0.69807161349518,-0.09541857312450672,-0.4394619609268199,-0.31688631335540657,-0.4516484299748767,0.0,0.0,0.0,0.0,0.0,0.0,0.0,0.0,0.0,0.0,0.0,0.0,-0.54150215500789,-0.631590439268638,-0.9332086357651891,-0.8473074749662364,-0.5131466665802074,-0.6307158012093926,-0.5846338135736344,-0.634302766550304,0.0,0.0,0.0,0.0,0.0,0.0,0.0,0.0,0.0,0.0,0.0,0.0
-0.5280766798601119,-0.6396501991773488,-0.8004993238363728,-0.9923826299568973,-0.5058501402935467,-0.6254550950415554,-0.5797949810910273,-0.6190905578819059,0.0,0.0,0.0,0.0,0.0,0.0,0.0,0.0,0.0,0.0,0.0,0.0,0.0,-0.40699406848152114,-0.2518587616520329,0.69807161349518,-0.09541857312450672,-0.4394619609268199,-0.31688631335540657,-0.4516484299748767,0.0,0.0,0.0,0.0,0.0,0.0,0.0,0.0,0.0,0.0,0.0,0.0,-0.54150215500789,-0.631590439268638,-0.9332086357651891,-0.8473074749662364,-0.5131466665802074,-0.6307158012093926,-0.5846338135736344,-0.634302766550304,0.0,0.0,0.0,0.0,0.0,0.0,0.0,0.0,0.0,0.0,0.0,0.0
-0.5280766798601119,-0.6396501991773488,-0.8004993238363728,-0.9923826299568973,-0.5058501402935467,-0.6254550950415554,-0.5797949810910273,-0.6190905578819059,0.0,0.0,0.0,0.0,0.0,0.0,0.0,0.0,0.0,0.0,0.0,0.0,0.0,-0.40699406848152114,-0.2518587616520329,0.69807161349518,-0.09541857312450672,-0.4394619609268199,-0.31688631335540657,-0.4516484299748767,0.0,0.0,0.0,0.0,0.0,0.0,0.0,0.0,0.0,0.0,0.0,0.0,-0.54150215500789,-0.631590439268638,-0.9332086357651891,-0.8473074749662364,-0.5131466665802074,-0.6307158012093926,-0.5846338135736344,-0.634302766550304,0.0,0.0,0.0,0.0,0.0,0.0,0.0,0.0,0.0,0.0,0.0,0.0
-0.5280766798601119,-0.6396501991773488,-0.8004993238363728,-0.9923826299568973,-0.5058501402935467,-0.6254550950415554,-0.5797949810910273,-0.6190905578819059,0.0,0.0,0.0,0.0,0.0,0.0,0.0,0.0,0.0,0.0,0.0,0.0,0.0,-0.40699406848152114,-0.2518587616520329,0.69807161349518,-0.09541857312450672,-0.4394619609268199,-0.31688631335540657,-0.4516484299748767,0.0,0.0,0.0,0.0,0.0,0.0,0.0,0.0,0.0,0.0,0.0,0.0,-0.54150215500789,-0.631590439268638,-0.9332086357651891,-0.8473074749662364,-0.5131466665802074,-0.6307158012093926,-0.5846338135736344,-0.634302766550304,0.0,0.0,0.0,0.0,0.0,0.0,0.0,0.0,0.0,0.0,0.0,0.0
-0.5280766798601119,-0.6396501991773488,-0.8004993238363728,-0.9923826299568973,-0.5058501402935467,-0.6254550950415554,-0.5797949810910273,-0.6190905578819059,0.0,0.0,0.0,0.0,0.0,0.0,0.0,0.0,0.0,0.0,0.0,0.0,0.0,-0.40699406848152114,-0.2518587616520329,0.69807161349518,-0.09541857312450672,-0.4394619609268199,-0.31688631335540657,-0.4516484299748767,0.0,0.0,0.0,0.0,0.0,0.0,0.0,0.0,0.0,0.0,0.0,0.0,-0.54150215500789,-0.631590439268638,-0.9332086357651891,-0.8473074749662364,-0.5131466665802074,-0.6307158012093926,-0.5846338135736344,-0.634302766550304,0.0,0.0,0.0,0.0,0.0,0.0,0.0,0.0,0.0,0.0,0.0,0.0
-0.5280766798601119,-0.6396501991773488,-0.8004993238363728,-0.9923826299568973,-0.5058501402935467,-0.6254550950415554,-0.5797949810910273,-0.6190905578819059,0.0,0.0,0.0,0.0,0.0,0.0,0.0,0.0,0.0,0.0,0.0,0.0,0.0,-0.40699406848152114,-0.2518587616520329,0.69807161349518,-0.09541857312450672,-0.4394619609268199,-0.31688631335540657,-0.4516484299748767,0.0,0.0,0.0,0.0,0.0,0.0,0.0,0.0,0.0,0.0,0.0,0.0,-0.54150215500789,-0.631590439268638,-0.9332086357651891,-0.8473074749662364,-0.5131466665802074,-0.6307158012093926,-0.5846338135736344,-0.634302766550304,0.0,0.0,0.0,0.0,0.0,0.0,0.0,0.0,0.0,0.0,0.0,0.0
-0.5280766798601119,-0.6396501991773488,-0.8004993238363728,-0.9923826299568973,-0.5058501402935467,-0.6254550950415554,-0.5797949810910273,-0.6190905578819059,0.0,0.0,0.0,0.0,0.0,0.0,0.0,0.0,0.0,0.0,0.0,0.0,0.0,-0.40699406848152114,-0.2518587616520329,0.69807161349518,-0.09541857312450672,-0.4394619609268199,-0.31688631335540657,-0.4516484299748767,0.0,0.0,0.0,0.0,0.0,0.0,0.0,0.0,0.0,0.0,0.0,0.0,-0.54150215500789,-0.631590439268638,-0.9332086357651891,-0.8473074749662364,-0.5131466665802074,-0.6307158012093926,-0.5846338135736344,-0.634302766550304,0.0,0.0,0.0,0.0,0.0,0.0,0.0,0.0,0.0,0.0,0.0,0.0
-0.5280766798601119,-0.6396501991773488,-0.8004993238363728,-0.9923826299568973,-0.5058501402935467,-0.6254550950415554,-0.5797949810910273,-0.6190905578819059,0.0,0.0,0.0,0.0,0.0,0.0,0.0,0.0,0.0,0.0,0.0,0.0,0.0,-0.40699406848152114,-0.2518587616520329,0.69807161349518,-0.09541857312450672,-0.4394619609268199,-0.31688631335540657,-0.4516484299748767,0.0,0.0,0.0,0.0,0.0,0.0,0.0,0.0,0.0,0.0,0.0,0.0,-0.54150215500789,-0.631590439268638,-0.9332086357651891,-0.8473074749662364,-0.5131466665802074,-0.6307158012093926,-0.5846338135736344,-0.634302766550304,0.0,0.0,0.0,0.0,0.0,0.0,0.0,0.0,0.0,0.0,0.0,0.0
-0.5280766798601119,-0.6396501991773488,-0.8004993238363728,-0.9923826299568973,-0.5058501402935467,-0.6254550950415554,-0.5797949810910273,-0.6190905578819059,0.0,0.0,0.0,0.0,0.0,0.0,0.0,0.0,0.0,0.0,0.0,0.0,0.0,-0.40699406848152114,-0.2518587616520329,0.69807161349518,-0.09541857312450672,-0.4394619609268199,-0.31688631335540657,-0.4516484299748767,0.0,0.0,0.0,0.0,0.0,0.0,0.0,0.0,0.0,0.0,0.0,0.0,-0.54150215500789,-0.631590439268638,-0.9332086357651891,-0.8473074749662364,-0.5131466665802074,-0.6307158012093926,-0.5846338135736344,-0.634302766550304,0.0,0.0,0.0,0.0,0.0,0.0,0.0,0.0,0.0,0.0,0.0,0.0
-0.21967124182705472,-0.39883077148178153,-0.8004993238363728,-0.9923826299568973,-0.3262024269182683,-0.4880189330624935,-0.335914244782605,-0.4372100585491983,0.0,0.0,0.0,0.0,0.0,0.0,0.0,0.0,0.0,0.0,0.0,0.0,0.0,-0.40699406848152114,-0.2518587616520329,-0.7541211591042821,-0.09541857312450672,-0.753363361588834,-0.5147955886796378,-0.43084186688705,0.0,0.0,0.0,0.0,0.0,0.0,0.0,0.0,0.0,0.0,0.0,0.0,-0.2965368944090827,-0.3095810024322126,-0.9332086357651891,-1.2787832886030037,-0.43847380470869396,-0.4218344545209366,-0.43649756729955197,-0.37593217169694026,0.0,0.0,0.0,0.0,0.0,0.0,0.0,0.0,0.0,0.0,0.0,0.0
-0.21967124182705472,-0.39883077148178153,-0.8004993238363728,-0.9923826299568973,-0.3262024269182683,-0.4880189330624935,-0.335914244782605,-0.4372100585491983,0.0,0.0,0.0,0.0,0.0,0.0,0.0,0.0,0.0,0.0,0.0,0.0,0.0,-0.40699406848152114,-0.2518587616520329,-0.7541211591042821,-0.09541857312450672,-0.753363361588834,-0.5147955886796378,-0.43084186688705,0.0,0.0,0.0,0.0,0.0,0.0,0.0,0.0,0.0,0.0,0.0,0.0,-0.2965368944090827,-0.3095810024322126,-0.9332086357651891,-1.2787832886030037,-0.43847380470869396,-0.4218344545209366,-0.43649756729955197,-0.37593217169694026,0.0,0.0,0.0,0.0,0.0,0.0,0.0,0.0,0.0,0.0,0.0,0.0
-0.21967124182705472,-0.39883077148178153,-0.8004993238363728,-0.9923826299568973,-0.3262024269182683,-0.4880189330624935,-0.335914244782605,-0.4372100585491983,0.0,0.0,0.0,0.0,0.0,0.0,0.0,0.0,0.0,0.0,0.0,0.0,0.0,-0.40699406848152114,-0.2518587616520329,-0.7541211591042821,-0.09541857312450672,-0.753363361588834,-0.5147955886796378,-0.43084186688705,0.0,0.0,0.0,0.0,0.0,0.0,0.0,0.0,0.0,0.0,0.0,0.0,-0.2965368944090827,-0.3095810024322126,-0.9332086357651891,-1.2787832886030037,-0.43847380470869396,-0.4218344545209366,-0.43649756729955197,-0.37593217169694026,0.0,0.0,0.0,0.0,0.0,0.0,0.0,0.0,0.0,0.0,0.0,0.0
-0.21967124182705472,-0.39883077148178153,-0.8004993238363728,-0.9923826299568973,-0.3262024269182683,-0.4880189330624935,-0.335914244782605,-0.4372100585491983,0.0,0.0,0.0,0.0,0.0,0.0,0.0,0.0,0.0,0.0,0.0,0.0,0.0,-0.40699406848152114,-0.2518587616520329,-0.7541211591042821,-0.09541857312450672,-0.753363361588834,-0.5147955886796378,-0.43084186688705,0.0,0.0,0.0,0.0,0.0,0.0,0.0,0.0,0.0,0.0,0.0,0.0,-0.2965368944090827,-0.3095810024322126,-0.9332086357651891,-1.2787832886030037,-0.43847380470869396,-0.4218344545209366,-0.43649756729955197,-0.37593217169694026,0.0,0.0,0.0,0.0,0.0,0.0,0.0,0.0,0.0,0.0,0.0,0.0
-0.21967124182705472,-0.39883077148178153,-0.8004993238363728,-0.9923826299568973,-0.3262024269182683,-0.4880189330624935,-0.335914244782605,-0.4372100585491983,0.0,0.0,0.0,0.0,0.0,0.0,0.0,0.0,0.0,0.0,0.0,0.0,0.0,-0.40699406848152114,-0.2518587616520329,-0.7541211591042821,-0.09541857312450672,-0.753363361588834,-0.5147955886796378,-0.43084186688705,0.0,0.0,0.0,0.0,0.0,0.0,0.0,0.0,0.0,0.0,0.0,0.0,-0.2965368944090827,-0.3095810024322126,-0.9332086357651891,-1.2787832886030037,-0.43847380470869396,-0.4218344545209366,-0.43649756729955197,-0.37593217169694026,0.0,0.0,0.0,0.0,0.0,0.0,0.0,0.0,0.0,0.0,0.0,0.0
-0.21967124182705472,-0.39883077148178153,-0.8004993238363728,-0.9923826299568973,-0.3262024269182683,-0.4880189330624935,-0.335914244782605,-0.4372100585491983,0.0,0.0,0.0,0.0,0.0,0.0,0.0,0.0,0.0,0.0,0.0,0.0,0.0,-0.40699406848152114,-0.2518587616520329,-0.7541211591042821,-0.09541857312450672,-0.753363361588834,-0.5147955886796378,-0.43084186688705,0.0,0.0,0.0,0.0,0.0,0.0,0.0,0.0,0.0,0.0,0.0,0.0,-0.2965368944090827,-0.3095810024322126,-0.9332086357651891,-1.2787832886030037,-0.43847380470869396,-0.4218344545209366,-0.43649756729955197,-0.37593217169694026,0.0,0.0,0.0,0.0,0.0,0.0,0.0,0.0,0.0,0.0,0.0,0.0
-0.21967124182705472,-0.39883077148178153,-0.8004993238363728,-0.9923826299568973,-0.3262024269182683,-0.4880189330624935,-0.335914244782605,-0.4372100585491983,0.0,0.0,0.0,0.0,0.0,0.0,0.0,0.0,0.0,0.0,0.0,0.0,0.0,-0.40699406848152114,-0.2518587616520329,-0.7541211591042821,-0.09541857312450672,-0.753363361588834,-0.5147955886796378,-0.43084186688705,0.0,0.0,0.0,0.0,0.0,0.0,0.0,0.0,0.0,0.0,0.0,0.0,-0.2965368944090827,-0.3095810024322126,-0.9332086357651891,-1.2787832886030037,-0.43847380470869396,-0.4218344545209366,-0.43649756729955197,-0.37593217169694026,0.0,0.0,0.0,0.0,0.0,0.0,0.0,0.0,0.0,0.0,0.0,0.0
-0.21967124182705472,-0.39883077148178153,-0.8004993238363728,-0.9923826299568973,-0.3262024269182683,-0.4880189330624935,-0.335914244782605,-0.4372100585491983,0.0,0.0,0.0,0.0,0.0,0.0,0.0,0.0,0.0,0.0,0.0,0.0,0.0,-0.40699406848152114,-0.2518587616520329,-0.7541211591042821,-0.09541857312450672,-0.753363361588834,-0.5147955886796378,-0.43084186688705,0.0,0.0,0.0,0.0,0.0,0.0,0.0,0.0,0.0,0.0,0.0,0.0,-0.2965368944090827,-0.3095810024322126,-0.9332086357651891,-1.2787832886030037,-0.43847380470869396,-0.4218344545209366,-0.43649756729955197,-0.37593217169694026,0.0,0.0,0.0,0.0,0.0,0.0,0.0,0.0,0.0,0.0,0.0,0.0
-0.21967124182705472,-0.39883077148178153,-0.8004993238363728,-0.9923826299568973,-0.3262024269182683,-0.4880189330624935,-0.335914244782605,-0.4372100585491983,0.0,0.0,0.0,0.0,0.0,0.0,0.0,0.0,0.0,0.0,0.0,0.0,0.0,-0.40699406848152114,-0.2518587616520329,-0.7541211591042821,-0.09541857312450672,-0.753363361588834,-0.5147955886796378,-0.43084186688705,0.0,0.0,0.0,0.0,0.0,0.0,0.0,0.0,0.0,0.0,0.0,0.0,-0.2965368944090827,-0.3095810024322126,-0.9332086357651891,-1.2787832886030037,-0.43847380470869396,-0.4218344545209366,-0.43649756729955197,-0.37593217169694026,0.0,0.0,0.0,0.0,0.0,0.0,0.0,0.0,0.0,0.0,0.0,0.0
-0.21967124182705472,-0.39883077148178153,-0.5489642551557045,-0.9923826299568973,-0.2363785702306291,-0.453659892567728,-0.33944874820736476,-0.46438760442649946,0.0,0.0,0.0,0.0,0.0,0.0,0.0,0.0,0.0,0.0,0.0,0.0,0.0,-0.40699406848152114,-0.2518587616520329,-0.7541211591042821,-1.6062126475958636,0.18834084039720836,-0.5807653471210483,-0.4932615561505301,0.0,0.0,0.0,0.0,0.0,0.0,0.0,0.0,0.0,0.0,0.0,0.0,-0.2965368944090827,-0.631590439268638,-0.7241170782234604,-1.1349580173907479,-0.2891280809656671,-0.39862541599999707,-0.3887926744316271,-0.5478047847950475,0.0,0.0,0.0,0.0,0.0,0.0,0.0,0.0,0.0,0.0,0.0,0.0
-0.21967124182705472,-0.39883077148178153,-0.5489642551557045,-0.9923826299568973,-0.2363785702306291,-0.453659892567728,-0.33944874820736476,-0.46438760442649946,0.0,0.0,0.0,0.0,0.0,0.0,0.0,0.0,0.0,0.0,0.0,0.0,0.0,-0.40699406848152114,-0.2518587616520329,-0.7541211591042821,-1.6062126475958636,0.18834084039720836,-0.5807653471210483,-0.4932615561505301,0.0,0.0,0.0,0.0,0.0,0.0,0.0,0.0,0.0,0.0,0.0,0.0,-0.2965368944090827,-0.631590439268638,-0.7241170782234604,-1.1349580173907479,-0.2891280809656671,-0.39862541599999707,-0.3887926744316271,-0.5478047847950475,0.0,0.0,0.0,0.0,0.0,0.0,0.0,0.0,0.0,0.0,0.0,0.0
-0.21967124182705472,-0.39883077148178153,-0.5489642551557045,-0.9923826299568973,-0.2363785702306291,-0.453659892567728,-0.33944874820736476,-0.46438760442649946,0.0,0.0,0.0,0.0,0.0,0.0,0.0,0.0,0.0,0.0,0.0,0.0,0.0,-0.40699406848152114,-0.2518587616520329,-0.7541211591042821,-1.6062126475958636,0.18834084039720836,-0.5807653471210483,-0.4932615561505301,0.0,0.0,0.0,0.0,0.0,0.0,0.0,0.0,0.0,0.0,0.0,0.0,-0.2965368944090827,-0.631590439268638,-0.7241170782234604,-1.1349580173907479,-0.2891280809656671,-0.39862541599999707,-0.3887926744316271,-0.5478047847950475,0.0,0.0,0.0,0.0,0.0,0.0,0.0,0.0,0.0,0.0,0.0,0.0
-0.21967124182705472,-0.39883077148178153,-0.5489642551557045,-0.9923826299568973,-0.2363785702306291,-0.453659892567728,-0.33944874820736476,-0.46438760442649946,0.0,0.0,0.0,0.0,0.0,0.0,0.0,0.0,0.0,0.0,0.0,0.0,0.0,-0.40699406848152114,-0.2518587616520329,-0.7541211591042821,-1.6062126475958636,0.18834084039720836,-0.5807653471210483,-0.4932615561505301,0.0,0.0,0.0,0.0,0.0,0.0,0.0,0.0,0.0,0.0,0.0,0.0,-0.2965368944090827,-0.631590439268638,-0.7241170782234604,-1.1349580173907479,-0.2891280809656671,-0.39862541599999707,-0.3887926744316271,-0.5478047847950475,0.0,0.0,0.0,0.0,0.0,0.0,0.0,0.0,0.0,0.0,0.0,0.0
-0.21967124182705472,-0.39883077148178153,-0.5489642551557045,-0.9923826299568973,-0.2363785702306291,-0.453659892567728,-0.33944874820736476,-0.46438760442649946,0.0,0.0,0.0,0.0,0.0,0.0,0.0,0.0,0.0,0.0,0.0,0.0,0.0,-0.40699406848152114,-0.2518587616520329,-0.7541211591042821,-1.6062126475958636,0.18834084039720836,-0.5807653471210483,-0.4932615561505301,0.0,0.0,0.0,0.0,0.0,0.0,0.0,0.0,0.0,0.0,0.0,0.0,-0.2965368944090827,-0.631590439268638,-0.7241170782234604,-1.1349580173907479,-0.2891280809656671,-0.39862541599999707,-0.3887926744316271,-0.5478047847950475,0.0,0.0,0.0,0.0,0.0,0.0,0.0,0.0,0.0,0.0,0.0,0.0
-0.21967124182705472,-0.39883077148178153,-0.5489642551557045,-0.9923826299568973,-0.2363785702306291,-0.453659892567728,-0.33944874820736476,-0.46438760442649946,0.0,0.0,0.0,0.0,0.0,0.0,0.0,0.0,0.0,0.0,0.0,0.0,0.0,-0.40699406848152114,-0.2518587616520329,-0.7541211591042821,-1.6062126475958636,0.18834084039720836,-0.5807653471210483,-0.4932615561505301,0.0,0.0,0.0,0.0,0.0,0.0,0.0,0.0,0.0,0.0,0.0,0.0,-0.2965368944090827,-0.631590439268638,-0.7241170782234604,-1.1349580173907479,-0.2891280809656671,-0.39862541599999707,-0.3887926744316271,-0.5478047847950475,0.0,0.0,0.0,0.0,0.0,0.0,0.0,0.0,0.0,0.0,0.0,0.0
-0.21967124182705472,-0.39883077148178153,-0.5489642551557045,-0.9923826299568973,-0.2363785702306291,-0.453659892567728,-0.33944874820736476,-0.46438760442649946,0.0,0.0,0.0,0.0,0.0,0.0,0.0,0.0,0.0,0.0,0.0,0.0,0.0,-0.40699406848152114,-0.2518587616520329,-0.7541211591042821,-1.6062126475958636,0.18834084039720836,-0.5807653471210483,-0.4932615561505301,0.0,0.0,0.0,0.0,0.0,0.0,0.0,0.0,0.0,0.0,0.0,0.0,-0.2965368944090827,-0.631590439268638,-0.7241170782234604,-1.1349580173907479,-0.2891280809656671,-0.39862541599999707,-0.3887926744316271,-0.5478047847950475,0.0,0.0,0.0,0.0,0.0,0.0,0.0,0.0,0.0,0.0,0.0,0.0
-0.21967124182705472,-0.39883077148178153,-0.5489642551557045,-0.9923826299568973,-0.2363785702306291,-0.453659892567728,-0.33944874820736476,-0.46438760442649946,0.0,0.0,0.0,0.0,0.0,0.0,0.0,0.0,0.0,0.0,0.0,0.0,0.0,-0.40699406848152114,-0.2518587616520329,-0.7541211591042821,-1.6062126475958636,0.18834084039720836,-0.5807653471210483,-0.4932615561505301,0.0,0.0,0.0,0.0,0.0,0.0,0.0,0.0,0.0,0.0,0.0,0.0,-0.2965368944090827,-0.631590439268638,-0.7241170782234604,-1.1349580173907479,-0.2891280809656671,-0.39862541599999707,-0.3887926744316271,-0.5478047847950475,0.0,0.0,0.0,0.0,0.0,0.0,0.0,0.0,0.0,0.0,0.0,0.0
-0.21967124182705472,-0.39883077148178153,-0.5489642551557045,-0.9923826299568973,-0.2363785702306291,-0.453659892567728,-0.33944874820736476,-0.46438760442649946,0.0,0.0,0.0,0.0,0.0,0.0,0.0,0.0,0.0,0.0,0.0,0.0,0.0,-0.40699406848152114,-0.2518587616520329,-0.7541211591042821,-1.6062126475958636,0.18834084039720836,-0.5807653471210483,-0.4932615561505301,0.0,0.0,0.0,0.0,0.0,0.0,0.0,0.0,0.0,0.0,0.0,0.0,-0.2965368944090827,-0.631590439268638,-0.7241170782234604,-1.1349580173907479,-0.2891280809656671,-0.39862541599999707,-0.3887926744316271,-0.5478047847950475,0.0,0.0,0.0,0.0,0.0,0.0,0.0,0.0,0.0,0.0,0.0,0.0
-1.7616984319923403,-1.1212890545684833,0.7087110882476374,0.8638939481546025,-1.7184722055766757,-1.0034045404839758,-1.3927307687857684,-0.8657790512297162,0.0,0.0,0.0,0.0,0.0,0.0,0.0,0.0,0.0,0.0,0.0,0.0,0.0,-0.40699406848152114,3.970479301337931,3.6024571586941043,-0.09541857312450672,-0.4394619609268199,-0.5807653471210483,-0.5036648376944434,0.0,0.0,0.0,0.0,0.0,0.0,0.0,0.0,0.0,0.0,0.0,0.0,-1.276397936804312,-1.114604594523276,0.11224915194345442,0.5909452371563213,-1.4092210090383686,-1.025269456065365,-1.1545817441535788,-0.8320124391337477,0.0,0.0,0.0,0.0,0.0,0.0,0.0,0.0,0.0,0.0,0.0,0.0
-1.7616984319923403,-1.1212890545684833,0.7087110882476374,0.8638939481546025,-1.7184722055766757,-1.0034045404839758,-1.3927307687857684,-0.8657790512297162,0.0,0.0,0.0,0.0,0.0,0.0,0.0,0.0,0.0,0.0,0.0,0.0,0.0,-0.40699406848152114,3.970479301337931,3.6024571586941043,-0.09541857312450672,-0.4394619609268199,-0.5807653471210483,-0.5036648376944434,0.0,0.0,0.0,0.0,0.0,0.0,0.0,0.0,0.0,0.0,0.0,0.0,-1.276397936804312,-1.114604594523276,0.11224915194345442,0.5909452371563213,-1.4092210090383686,-1.025269456065365,-1.1545817441535788,-0.8320124391337477,0.0,0.0,0.0,0.0,0.0,0.0,0.0,0.0,0.0,0.0,0.0,0.0
-1.7616984319923403,-1.1212890545684833,0.7087110882476374,0.8638939481546025,-1.7184722055766757,-1.0034045404839758,-1.3927307687857684,-0.8657790512297162,0.0,0.0,0.0,0.0,0.0,0.0,0.0,0.0,0.0,0.0,0.0,0.0,0.0,-0.40699406848152114,3.970479301337931,3.6024571586941043,-0.09541857312450672,-0.4394619609268199,-0.5807653471210483,-0.5036648376944434,0.0,0.0,0.0,0.0,0.0,0.0,0.0,0.0,0.0,0.0,0.0,0.0,-1.276397936804312,-1.114604594523276,0.11224915194345442,0.5909452371563213,-1.4092210090383686,-1.025269456065365,-1.1545817441535788,-0.8320124391337477,0.0,0.0,0.0,0.0,0.0,0.0,0.0,0.0,0.0,0.0,0.0,0.0
-1.7616984319923403,-1.1212890545684833,0.7087110882476374,0.8638939481546025,-1.7184722055766757,-1.0034045404839758,-1.3927307687857684,-0.8657790512297162,0.0,0.0,0.0,0.0,0.0,0.0,0.0,0.0,0.0,0.0,0.0,0.0,0.0,-0.40699406848152114,3.970479301337931,3.6024571586941043,-0.09541857312450672,-0.4394619609268199,-0.5807653471210483,-0.5036648376944434,0.0,0.0,0.0,0.0,0.0,0.0,0.0,0.0,0.0,0.0,0.0,0.0,-1.276397936804312,-1.114604594523276,0.11224915194345442,0.5909452371563213,-1.4092210090383686,-1.025269456065365,-1.1545817441535788,-0.8320124391337477,0.0,0.0,0.0,0.0,0.0,0.0,0.0,0.0,0.0,0.0,0.0,0.0
-1.7616984319923403,-1.1212890545684833,0.7087110882476374,0.8638939481546025,-1.7184722055766757,-1.0034045404839758,-1.3927307687857684,-0.8657790512297162,0.0,0.0,0.0,0.0,0.0,0.0,0.0,0.0,0.0,0.0,0.0,0.0,0.0,-0.40699406848152114,3.970479301337931,3.6024571586941043,-0.09541857312450672,-0.4394619609268199,-0.5807653471210483,-0.5036648376944434,0.0,0.0,0.0,0.0,0.0,0.0,0.0,0.0,0.0,0.0,0.0,0.0,-1.276397936804312,-1.114604594523276,0.11224915194345442,0.5909452371563213,-1.4092210090383686,-1.025269456065365,-1.1545817441535788,-0.8320124391337477,0.0,0.0,0.0,0.0,0.0,0.0,0.0,0.0,0.0,0.0,0.0,0.0
-1.7616984319923403,-1.1212890545684833,0.7087110882476374,0.8638939481546025,-1.7184722055766757,-1.0034045404839758,-1.3927307687857684,-0.8657790512297162,0.0,0.0,0.0,0.0,0.0,0.0,0.0,0.0,0.0,0.0,0.0,0.0,0.0,-0.40699406848152114,3.970479301337931,3.6024571586941043,-0.09541857312450672,-0.4394619609268199,-0.5807653471210483,-0.5036648376944434,0.0,0.0,0.0,0.0,0.0,0.0,0.0,0.0,0.0,0.0,0.0,0.0,-1.276397936804312,-1.114604594523276,0.11224915194345442,0.5909452371563213,-1.4092210090383686,-1.025269456065365,-1.1545817441535788,-0.8320124391337477,0.0,0.0,0.0,0.0,0.0,0.0,0.0,0.0,0.0,0.0,0.0,0.0
-1.7616984319923403,-1.1212890545684833,0.7087110882476374,0.8638939481546025,-1.7184722055766757,-1.0034045404839758,-1.3927307687857684,-0.8657790512297162,0.0,0.0,0.0,0.0,0.0,0.0,0.0,0.0,0.0,0.0,0.0,0.0,0.0,-0.40699406848152114,3.970479301337931,3.6024571586941043,-0.09541857312450672,-0.4394619609268199,-0.5807653471210483,-0.5036648376944434,0.0,0.0,0.0,0.0,0.0,0.0,0.0,0.0,0.0,0.0,0.0,0.0,-1.276397936804312,-1.114604594523276,0.11224915194345442,0.5909452371563213,-1.4092210090383686,-1.025269456065365,-1.1545817441535788,-0.8320124391337477,0.0,0.0,0.0,0.0,0.0,0.0,0.0,0.0,0.0,0.0,0.0,0.0
-1.7616984319923403,-1.1212890545684833,0.7087110882476374,0.8638939481546025,-1.7184722055766757,-1.0034045404839758,-1.3927307687857684,-0.8657790512297162,0.0,0.0,0.0,0.0,0.0,0.0,0.0,0.0,0.0,0.0,0.0,0.0,0.0,-0.40699406848152114,3.970479301337931,3.6024571586941043,-0.09541857312450672,-0.4394619609268199,-0.5807653471210483,-0.5036648376944434,0.0,0.0,0.0,0.0,0.0,0.0,0.0,0.0,0.0,0.0,0.0,0.0,-1.276397936804312,-1.114604594523276,0.11224915194345442,0.5909452371563213,-1.4092210090383686,-1.025269456065365,-1.1545817441535788,-0.8320124391337477,0.0,0.0,0.0,0.0,0.0,0.0,0.0,0.0,0.0,0.0,0.0,0.0
-1.4532929939592834,-0.8804696268729161,0.7087110882476374,-0.31737296518907915,-1.4040887071699384,-0.8659683785049138,-1.2407471215210994,-0.834420344448215,0.0,0.0,0.0,0.0,0.0,0.0,0.0,0.0,0.0,0.0,0.0,0.0,0.0,-0.40699406848152114,3.970479301337931,0.69807161349518,-0.09541857312450672,-0.12556056026480578,-0.6467351055624587,-0.35801889607965653,0.0,0.0,0.0,0.0,0.0,0.0,0.0,0.0,0.0,0.0,0.0,0.0,-1.5213631974031194,-0.7925951576868507,0.5304322670269118,0.015644152307298237,-1.4465574399741252,-0.7235519552931509,-1.1746680148348105,-0.7376510044916496,0.0,0.0,0.0,0.0,0.0,0.0,0.0,0.0,0.0,0.0,0.0,0.0
-1.4532929939592834,-0.8804696268729161,0.7087110882476374,-0.31737296518907915,-1.4040887071699384,-0.8659683785049138,-1.2407471215210994,-0.834420344448215,0.0,0.0,0.0,0.0,0.0,0.0,0.0,0.0,0.0,0.0,0.0,0.0,0.0,-0.40699406848152114,3.970479301337931,0.69807161349518,-0.09541857312450672,-0.12556056026480578,-0.6467351055624587,-0.35801889607965653,0.0,0.0,0.0,0.0,0.0,0.0,0.0,0.0,0.0,0.0,0.0,0.0,-1.5213631974031194,-0.7925951576868507,0.5304322670269118,0.015644152307298237,-1.4465574399741252,-0.7235519552931509,-1.1746680148348105,-0.7376510044916496,0.0,0.0,0.0,0.0,0.0,0.0,0.0,0.0,0.0,0.0,0.0,0.0
-1.4532929939592834,-0.8804696268729161,0.7087110882476374,-0.31737296518907915,-1.4040887071699384,-0.8659683785049138,-1.2407471215210994,-0.834420344448215,0.0,0.0,0.0,0.0,0.0,0.0,0.0,0.0,0.0,0.0,0.0,0.0,0.0,-0.40699406848152114,3.970479301337931,0.69807161349518,-0.09541857312450672,-0.12556056026480578,-0.6467351055624587,-0.35801889607965653,0.0,0.0,0.0,0.0,0.0,0.0,0.0,0.0,0.0,0.0,0.0,0.0,-1.5213631974031194,-0.7925951576868507,0.5304322670269118,0.015644152307298237,-1.4465574399741252,-0.7235519552931509,-1.1746680148348105,-0.7376510044916496,0.0,0.0,0.0,0.0,0.0,0.0,0.0,0.0,0.0,0.0,0.0,0.0
-1.4532929939592834,-0.8804696268729161,0.7087110882476374,-0.31737296518907915,-1.4040887071699384,-0.8659683785049138,-1.2407471215210994,-0.834420344448215,0.0,0.0,0.0,0.0,0.0,0.0,0.0,0.0,0.0,0.0,0.0,0.0,0.0,-0.40699406848152114,3.970479301337931,0.69807161349518,-0.09541857312450672,-0.12556056026480578,-0.6467351055624587,-0.35801889607965653,0.0,0.0,0.0,0.0,0.0,0.0,0.0,0.0,0.0,0.0,0.0,0.0,-1.5213631974031194,-0.7925951576868507,0.5304322670269118,0.015644152307298237,-1.4465574399741252,-0.7235519552931509,-1.1746680148348105,-0.7376510044916496,0.0,0.0,0.0,0.0,0.0,0.0,0.0,0.0,0.0,0.0,0.0,0.0
-1.4532929939592834,-0.8804696268729161,0.7087110882476374,-0.31737296518907915,-1.4040887071699384,-0.8659683785049138,-1.2407471215210994,-0.834420344448215,0.0,0.0,0.0,0.0,0.0,0.0,0.0,0.0,0.0,0.0,0.0,0.0,0.0,-0.40699406848152114,3.970479301337931,0.69807161349518,-0.09541857312450672,-0.12556056026480578,-0.6467351055624587,-0.35801889607965653,0.0,0.0,0.0,0.0,0.0,0.0,0.0,0.0,0.0,0.0,0.0,0.0,-1.5213631974031194,-0.7925951576868507,0.5304322670269118,0.015644152307298237,-1.4465574399741252,-0.7235519552931509,-1.1746680148348105,-0.7376510044916496,0.0,0.0,0.0,0.0,0.0,0.0,0.0,0.0,0.0,0.0,0.0,0.0
-1.4532929939592834,-0.8804696268729161,0.7087110882476374,-0.31737296518907915,-1.4040887071699384,-0.8659683785049138,-1.2407471215210994,-0.834420344448215,0.0,0.0,0.0,0.0,0.0,0.0,0.0,0.0,0.0,0.0,0.0,0.0,0.0,-0.40699406848152114,3.970479301337931,0.69807161349518,-0.09541857312450672,-0.12556056026480578,-0.6467351055624587,-0.35801889607965653,0.0,0.0,0.0,0.0,0.0,0.0,0.0,0.0,0.0,0.0,0.0,0.0,-1.5213631974031194,-0.7925951576868507,0.5304322670269118,0.015644152307298237,-1.4465574399741252,-0.7235519552931509,-1.1746680148348105,-0.7376510044916496,0.0,0.0,0.0,0.0,0.0,0.0,0.0,0.0,0.0,0.0,0.0,0.0
-1.4532929939592834,-0.8804696268729161,0.7087110882476374,-0.31737296518907915,-1.4040887071699384,-0.8659683785049138,-1.2407471215210994,-0.834420344448215,0.0,0.0,0.0,0.0,0.0,0.0,0.0,0.0,0.0,0.0,0.0,0.0,0.0,-0.40699406848152114,3.970479301337931,0.69807161349518,-0.09541857312450672,-0.12556056026480578,-0.6467351055624587,-0.35801889607965653,0.0,0.0,0.0,0.0,0.0,0.0,0.0,0.0,0.0,0.0,0.0,0.0,-1.5213631974031194,-0.7925951576868507,0.5304322670269118,0.015644152307298237,-1.4465574399741252,-0.7235519552931509,-1.1746680148348105,-0.7376510044916496,0.0,0.0,0.0,0.0,0.0,0.0,0.0,0.0,0.0,0.0,0.0,0.0
-1.4532929939592834,-0.8804696268729161,0.7087110882476374,-0.31737296518907915,-1.4040887071699384,-0.8659683785049138,-1.2407471215210994,-0.834420344448215,0.0,0.0,0.0,0.0,0.0,0.0,0.0,0.0,0.0,0.0,0.0,0.0,0.0,-0.40699406848152114,3.970479301337931,0.69807161349518,-0.09541857312450672,-0.12556056026480578,-0.6467351055624587,-0.35801889607965653,0.0,0.0,0.0,0.0,0.0,0.0,0.0,0.0,0.0,0.0,0.0,0.0,-1.5213631974031194,-0.7925951576868507,0.5304322670269118,0.015644152307298237,-1.4465574399741252,-0.7235519552931509,-1.1746680148348105,-0.7376510044916496,0.0,0.0,0.0,0.0,0.0,0.0,0.0,0.0,0.0,0.0,0.0,0.0
-1.4532929939592834,-0.8804696268729161,0.7087110882476374,-0.31737296518907915,-1.4040887071699384,-0.8659683785049138,-1.2407471215210994,-0.834420344448215,0.0,0.0,0.0,0.0,0.0,0.0,0.0,0.0,0.0,0.0,0.0,0.0,0.0,-0.40699406848152114,3.970479301337931,0.69807161349518,-0.09541857312450672,-0.12556056026480578,-0.6467351055624587,-0.35801889607965653,0.0,0.0,0.0,0.0,0.0,0.0,0.0,0.0,0.0,0.0,0.0,0.0,-1.5213631974031194,-0.7925951576868507,0.5304322670269118,0.015644152307298237,-1.4465574399741252,-0.7235519552931509,-1.1746680148348105,-0.7376510044916496,0.0,0.0,0.0,0.0,0.0,0.0,0.0,0.0,0.0,0.0,0.0,0.0
-0.5280766798601119,-0.8804696268729161,0.7087110882476374,1.7076560291143752,-0.685497853668825,-0.8316093380101484,-0.6575540564357417,-0.7173478391306101,0.0,0.0,0.0,0.0,0.0,0.0,0.0,0.0,0.0,0.0,0.0,0.0,0.0,-0.40699406848152114,-0.2518587616520329,-0.7541211591042821,-1.6062126475958636,-0.753363361588834,-0.7786746224452796,-0.4516484299748767,0.0,0.0,0.0,0.0,0.0,0.0,0.0,0.0,0.0,0.0,0.0,0.0,-0.7864674156066973,-0.7925951576868507,0.5304322670269118,1.3100715932176001,-0.6998288212589909,-0.8395971478978487,-0.685065166979792,-0.7241707995427784,0.0,0.0,0.0,0.0,0.0,0.0,0.0,0.0,0.0,0.0,0.0,0.0
-0.5280766798601119,-0.8804696268729161,0.7087110882476374,1.7076560291143752,-0.685497853668825,-0.8316093380101484,-0.6575540564357417,-0.7173478391306101,0.0,0.0,0.0,0.0,0.0,0.0,0.0,0.0,0.0,0.0,0.0,0.0,0.0,-0.40699406848152114,-0.2518587616520329,-0.7541211591042821,-1.6062126475958636,-0.753363361588834,-0.7786746224452796,-0.4516484299748767,0.0,0.0,0.0,0.0,0.0,0.0,0.0,0.0,0.0,0.0,0.0,0.0,-0.7864674156066973,-0.7925951576868507,0.5304322670269118,1.3100715932176001,-0.6998288212589909,-0.8395971478978487,-0.685065166979792,-0.7241707995427784,0.0,0.0,0.0,0.0,0.0,0.0,0.0,0.0,0.0,0.0,0.0,0.0
-0.5280766798601119,-0.8804696268729161,0.7087110882476374,1.7076560291143752,-0.685497853668825,-0.8316093380101484,-0.6575540564357417,-0.7173478391306101,0.0,0.0,0.0,0.0,0.0,0.0,0.0,0.0,0.0,0.0,0.0,0.0,0.0,-0.40699406848152114,-0.2518587616520329,-0.7541211591042821,-1.6062126475958636,-0.753363361588834,-0.7786746224452796,-0.4516484299748767,0.0,0.0,0.0,0.0,0.0,0.0,0.0,0.0,0.0,0.0,0.0,0.0,-0.7864674156066973,-0.7925951576868507,0.5304322670269118,1.3100715932176001,-0.6998288212589909,-0.8395971478978487,-0.685065166979792,-0.7241707995427784,0.0,0.0,0.0,0.0,0.0,0.0,0.0,0.0,0.0,0.0,0.0,0.0
-0.5280766798601119,-0.8804696268729161,0.7087110882476374,1.7076560291143752,-0.685497853668825,-0.8316093380101484,-0.6575540564357417,-0.7173478391306101,0.0,0.0,0.0,0.0,0.0,0.0,0.0,0.0,0.0,0.0,0.0,0.0,0.0,-0.40699406848152114,-0.2518587616520329,-0.7541211591042821,-1.6062126475958636,-0.753363361588834,-0.7786746224452796,-0.4516484299748767,0.0,0.0,0.0,0.0,0.0,0.0,0.0,0.0,0.0,0.0,0.0,0.0,-0.7864674156066973,-0.7925951576868507,0.5304322670269118,1.3100715932176001,-0.6998288212589909,-0.8395971478978487,-0.685065166979792,-0.7241707995427784,0.0,0.0,0.0,0.0,0.0,0.0,0.0,0.0,0.0,0.0,0.0,0.0
-0.5280766798601119,-0.8804696268729161,0.7087110882476374,1.7076560291143752,-0.685497853668825,-0.8316093380101484,-0.6575540564357417,-0.7173478391306101,0.0,0.0,0.0,0.0,0.0,0.0,0.0,0.0,0.0,0.0,0.0,0.0,0.0,-0.40699406848152114,-0.2518587616520329,-0.7541211591042821,-1.6062126475958636,-0.753363361588834,-0.7786746224452796,-0.4516484299748767,0.0,0.0,0.0,0.0,0.0,0.0,0.0,0.0,0.0,0.0,0.0,0.0,-0.7864674156066973,-0.7925951576868507,0.5304322670269118,1.3100715932176001,-0.6998288212589909,-0.8395971478978487,-0.685065166979792,-0.7241707995427784,0.0,0.0,0.0,0.0,0.0,0.0,0.0,0.0,0.0,0.0,0.0,0.0
-0.5280766798601119,-0.8804696268729161,0.7087110882476374,1.7076560291143752,-0.685497853668825,-0.8316093380101484,-0.6575540564357417,-0.7173478391306101,0.0,0.0,0.0,0.0,0.0,0.0,0.0,0.0,0.0,0.0,0.0,0.0,0.0,-0.40699406848152114,-0.2518587616520329,-0.7541211591042821,-1.6062126475958636,-0.753363361588834,-0.7786746224452796,-0.4516484299748767,0.0,0.0,0.0,0.0,0.0,0.0,0.0,0.0,0.0,0.0,0.0,0.0,-0.7864674156066973,-0.7925951576868507,0.5304322670269118,1.3100715932176001,-0.6998288212589909,-0.8395971478978487,-0.685065166979792,-0.7241707995427784,0.0,0.0,0.0,0.0,0.0,0.0,0.0,0.0,0.0,0.0,0.0,0.0
-0.5280766798601119,-0.8804696268729161,0.7087110882476374,1.7076560291143752,-0.685497853668825,-0.8316093380101484,-0.6575540564357417,-0.7173478391306101,0.0,0.0,0.0,0.0,0.0,0.0,0.0,0.0,0.0,0.0,0.0,0.0,0.0,-0.40699406848152114,-0.2518587616520329,-0.7541211591042821,-1.6062126475958636,-0.753363361588834,-0.7786746224452796,-0.4516484299748767,0.0,0.0,0.0,0.0,0.0,0.0,0.0,0.0,0.0,0.0,0.0,0.0,-0.7864674156066973,-0.7925951576868507,0.5304322670269118,1.3100715932176001,-0.6998288212589909,-0.8395971478978487,-0.685065166979792,-0.7241707995427784,0.0,0.0,0.0,0.0,0.0,0.0,0.0,0.0,0.0,0.0,0.0,0.0
-0.5280766798601119,-0.8804696268729161,0.7087110882476374,1.7076560291143752,-0.685497853668825,-0.8316093380101484,-0.6575540564357417,-0.7173478391306101,0.0,0.0,0.0,0.0,0.0,0.0,0.0,0.0,0.0,0.0,0.0,0.0,0.0,-0.40699406848152114,-0.2518587616520329,-0.7541211591042821,-1.6062126475958636,-0.753363361588834,-0.7786746224452796,-0.4516484299748767,0.0,0.0,0.0,0.0,0.0,0.0,0.0,0.0,0.0,0.0,0.0,0.0,-0.7864674156066973,-0.7925951576868507,0.5304322670269118,1.3100715932176001,-0.6998288212589909,-0.8395971478978487,-0.685065166979792,-0.7241707995427784,0.0,0.0,0.0,0.0,0.0,0.0,0.0,0.0,0.0,0.0,0.0,0.0
-0.5280766798601119,-0.8804696268729161,0.7087110882476374,1.7076560291143752,-0.685497853668825,-0.8316093380101484,-0.6575540564357417,-0.7173478391306101,0.0,0.0,0.0,0.0,0.0,0.0,0.0,0.0,0.0,0.0,0.0,0.0,0.0,-0.40699406848152114,-0.2518587616520329,-0.7541211591042821,-1.6062126475958636,-0.753363361588834,-0.7786746224452796,-0.4516484299748767,0.0,0.0,0.0,0.0,0.0,0.0,0.0,0.0,0.0,0.0,0.0,0.0,-0.7864674156066973,-0.7925951576868507,0.5304322670269118,1.3100715932176001,-0.6998288212589909,-0.8395971478978487,-0.685065166979792,-0.7241707995427784,0.0,0.0,0.0,0.0,0.0,0.0,0.0,0.0,0.0,0.0,0.0,0.0
-0.5280766798601119,-0.8804696268729161,0.457176019566969,0.020131867194829876,-0.6405859253250055,-0.8316093380101484,-0.6858300838338197,-0.71525725867851,0.0,0.0,0.0,0.0,0.0,0.0,0.0,0.0,0.0,0.0,0.0,0.0,0.0,-0.40699406848152114,-0.2518587616520329,0.69807161349518,-0.09541857312450672,-0.753363361588834,-0.5807653471210483,-0.5348746823261835,0.0,0.0,0.0,0.0,0.0,0.0,0.0,0.0,0.0,0.0,0.0,0.0,-0.7864674156066973,-0.7925951576868507,0.3213407094851831,0.734770508368577,-0.6998288212589909,-0.8628061864187881,-0.6825543831446381,-0.7185540474807488,0.0,0.0,0.0,0.0,0.0,0.0,0.0,0.0,0.0,0.0,0.0,0.0
-0.5280766798601119,-0.8804696268729161,0.457176019566969,0.020131867194829876,-0.6405859253250055,-0.8316093380101484,-0.6858300838338197,-0.71525725867851,0.0,0.0,0.0,0.0,0.0,0.0,0.0,0.0,0.0,0.0,0.0,0.0,0.0,-0.40699406848152114,-0.2518587616520329,0.69807161349518,-0.09541857312450672,-0.753363361588834,-0.5807653471210483,-0.5348746823261835,0.0,0.0,0.0,0.0,0.0,0.0,0.0,0.0,0.0,0.0,0.0,0.0,-0.7864674156066973,-0.7925951576868507,0.3213407094851831,0.734770508368577,-0.6998288212589909,-0.8628061864187881,-0.6825543831446381,-0.7185540474807488,0.0,0.0,0.0,0.0,0.0,0.0,0.0,0.0,0.0,0.0,0.0,0.0
-0.5280766798601119,-0.8804696268729161,0.457176019566969,0.020131867194829876,-0.6405859253250055,-0.8316093380101484,-0.6858300838338197,-0.71525725867851,0.0,0.0,0.0,0.0,0.0,0.0,0.0,0.0,0.0,0.0,0.0,0.0,0.0,-0.40699406848152114,-0.2518587616520329,0.69807161349518,-0.09541857312450672,-0.753363361588834,-0.5807653471210483,-0.5348746823261835,0.0,0.0,0.0,0.0,0.0,0.0,0.0,0.0,0.0,0.0,0.0,0.0,-0.7864674156066973,-0.7925951576868507,0.3213407094851831,0.734770508368577,-0.6998288212589909,-0.8628061864187881,-0.6825543831446381,-0.7185540474807488,0.0,0.0,0.0,0.0,0.0,0.0,0.0,0.0,0.0,0.0,0.0,0.0
-0.5280766798601119,-0.8804696268729161,0.457176019566969,0.020131867194829876,-0.6405859253250055,-0.8316093380101484,-0.6858300838338197,-0.71525725867851,0.0,0.0,0.0,0.0,0.0,0.0,0.0,0.0,0.0,0.0,0.0,0.0,0.0,-0.40699406848152114,-0.2518587616520329,0.69807161349518,-0.09541857312450672,-0.753363361588834,-0.5807653471210483,-0.5348746823261835,0.0,0.0,0.0,0.0,0.0,0.0,0.0,0.0,0.0,0.0,0.0,0.0,-0.7864674156066973,-0.7925951576868507,0.3213407094851831,0.734770508368577,-0.6998288212589909,-0.8628061864187881,-0.6825543831446381,-0.7185540474807488,0.0,0.0,0.0,0.0,0.0,0.0,0.0,0.0,0.0,0.0,0.0,0.0
-0.5280766798601119,-0.8804696268729161,0.457176019566969,0.020131867194829876,-0.6405859253250055,-0.8316093380101484,-0.6858300838338197,-0.71525725867851,0.0,0.0,0.0,0.0,0.0,0.0,0.0,0.0,0.0,0.0,0.0,0.0,0.0,-0.40699406848152114,-0.2518587616520329,0.69807161349518,-0.09541857312450672,-0.753363361588834,-0.5807653471210483,-0.5348746823261835,0.0,0.0,0.0,0.0,0.0,0.0,0.0,0.0,0.0,0.0,0.0,0.0,-0.7864674156066973,-0.7925951576868507,0.3213407094851831,0.734770508368577,-0.6998288212589909,-0.8628061864187881,-0.6825543831446381,-0.7185540474807488,0.0,0.0,0.0,0.0,0.0,0.0,0.0,0.0,0.0,0.0,0.0,0.0
-0.5280766798601119,-0.8804696268729161,0.457176019566969,0.020131867194829876,-0.6405859253250055,-0.8316093380101484,-0.6858300838338197,-0.71525725867851,0.0,0.0,0.0,0.0,0.0,0.0,0.0,0.0,0.0,0.0,0.0,0.0,0.0,-0.40699406848152114,-0.2518587616520329,0.69807161349518,-0.09541857312450672,-0.753363361588834,-0.5807653471210483,-0.5348746823261835,0.0,0.0,0.0,0.0,0.0,0.0,0.0,0.0,0.0,0.0,0.0,0.0,-0.7864674156066973,-0.7925951576868507,0.3213407094851831,0.734770508368577,-0.6998288212589909,-0.8628061864187881,-0.6825543831446381,-0.7185540474807488,0.0,0.0,0.0,0.0,0.0,0.0,0.0,0.0,0.0,0.0,0.0,0.0
-0.5280766798601119,-0.8804696268729161,0.457176019566969,0.020131867194829876,-0.6405859253250055,-0.8316093380101484,-0.6858300838338197,-0.71525725867851,0.0,0.0,0.0,0.0,0.0,0.0,0.0,0.0,0.0,0.0,0.0,0.0,0.0,-0.40699406848152114,-0.2518587616520329,0.69807161349518,-0.09541857312450672,-0.753363361588834,-0.5807653471210483,-0.5348746823261835,0.0,0.0,0.0,0.0,0.0,0.0,0.0,0.0,0.0,0.0,0.0,0.0,-0.7864674156066973,-0.7925951576868507,0.3213407094851831,0.734770508368577,-0.6998288212589909,-0.8628061864187881,-0.6825543831446381,-0.7185540474807488,0.0,0.0,0.0,0.0,0.0,0.0,0.0,0.0,0.0,0.0,0.0,0.0
-0.5280766798601119,-0.8804696268729161,0.457176019566969,0.020131867194829876,-0.6405859253250055,-0.8316093380101484,-0.6858300838338197,-0.71525725867851,0.0,0.0,0.0,0.0,0.0,0.0,0.0,0.0,0.0,0.0,0.0,0.0,0.0,-0.40699406848152114,-0.2518587616520329,0.69807161349518,-0.09541857312450672,-0.753363361588834,-0.5807653471210483,-0.5348746823261835,0.0,0.0,0.0,0.0,0.0,0.0,0.0,0.0,0.0,0.0,0.0,0.0,-0.7864674156066973,-0.7925951576868507,0.3213407094851831,0.734770508368577,-0.6998288212589909,-0.8628061864187881,-0.6825543831446381,-0.7185540474807488,0.0,0.0,0.0,0.0,0.0,0.0,0.0,0.0,0.0,0.0,0.0,0.0
-0.5280766798601119,-0.8804696268729161,0.457176019566969,0.020131867194829876,-0.6405859253250055,-0.8316093380101484,-0.6858300838338197,-0.71525725867851,0.0,0.0,0.0,0.0,0.0,0.0,0.0,0.0,0.0,0.0,0.0,0.0,0.0,-0.40699406848152114,-0.2518587616520329,0.69807161349518,-0.09541857312450672,-0.753363361588834,-0.5807653471210483,-0.5348746823261835,0.0,0.0,0.0,0.0,0.0,0.0,0.0,0.0,0.0,0.0,0.0,0.0,-0.7864674156066973,-0.7925951576868507,0.3213407094851831,0.734770508368577,-0.6998288212589909,-0.8628061864187881,-0.6825543831446381,-0.7185540474807488,0.0,0.0,0.0,0.0,0.0,0.0,0.0,0.0,0.0,0.0,0.0,0.0
-0.5280766798601119,-0.6396501991773488,0.457176019566969,1.032646364346557,-0.46093821194972706,-0.6941731760310864,-0.5091049125958325,-0.6149093969777057,0.0,0.0,0.0,0.0,0.0,0.0,0.0,0.0,0.0,0.0,0.0,0.0,0.0,-0.40699406848152114,-0.2518587616520329,2.150264386094642,-0.09541857312450672,-0.753363361588834,-0.4488258302382274,-0.44124514843096335,0.0,0.0,0.0,0.0,0.0,0.0,0.0,0.0,0.0,0.0,0.0,0.0,-0.2965368944090827,-0.631590439268638,0.9486153821103692,0.8785957795808329,-0.40113737377293723,-0.7003429167722113,-0.4440299188050138,-0.6095890574773736,0.0,0.0,0.0,0.0,0.0,0.0,0.0,0.0,0.0,0.0,0.0,0.0
-0.5280766798601119,-0.6396501991773488,0.457176019566969,1.032646364346557,-0.46093821194972706,-0.6941731760310864,-0.5091049125958325,-0.6149093969777057,0.0,0.0,0.0,0.0,0.0,0.0,0.0,0.0,0.0,0.0,0.0,0.0,0.0,-0.40699406848152114,-0.2518587616520329,2.150264386094642,-0.09541857312450672,-0.753363361588834,-0.4488258302382274,-0.44124514843096335,0.0,0.0,0.0,0.0,0.0,0.0,0.0,0.0,0.0,0.0,0.0,0.0,-0.2965368944090827,-0.631590439268638,0.9486153821103692,0.8785957795808329,-0.40113737377293723,-0.7003429167722113,-0.4440299188050138,-0.6095890574773736,0.0,0.0,0.0,0.0,0.0,0.0,0.0,0.0,0.0,0.0,0.0,0.0
-0.5280766798601119,-0.6396501991773488,0.457176019566969,1.032646364346557,-0.46093821194972706,-0.6941731760310864,-0.5091049125958325,-0.6149093969777057,0.0,0.0,0.0,0.0,0.0,0.0,0.0,0.0,0.0,0.0,0.0,0.0,0.0,-0.40699406848152114,-0.2518587616520329,2.150264386094642,-0.09541857312450672,-0.753363361588834,-0.4488258302382274,-0.44124514843096335,0.0,0.0,0.0,0.0,0.0,0.0,0.0,0.0,0.0,0.0,0.0,0.0,-0.2965368944090827,-0.631590439268638,0.9486153821103692,0.8785957795808329,-0.40113737377293723,-0.7003429167722113,-0.4440299188050138,-0.6095890574773736,0.0,0.0,0.0,0.0,0.0,0.0,0.0,0.0,0.0,0.0,0.0,0.0
-0.5280766798601119,-0.6396501991773488,0.457176019566969,1.032646364346557,-0.46093821194972706,-0.6941731760310864,-0.5091049125958325,-0.6149093969777057,0.0,0.0,0.0,0.0,0.0,0.0,0.0,0.0,0.0,0.0,0.0,0.0,0.0,-0.40699406848152114,-0.2518587616520329,2.150264386094642,-0.09541857312450672,-0.753363361588834,-0.4488258302382274,-0.44124514843096335,0.0,0.0,0.0,0.0,0.0,0.0,0.0,0.0,0.0,0.0,0.0,0.0,-0.2965368944090827,-0.631590439268638,0.9486153821103692,0.8785957795808329,-0.40113737377293723,-0.7003429167722113,-0.4440299188050138,-0.6095890574773736,0.0,0.0,0.0,0.0,0.0,0.0,0.0,0.0,0.0,0.0,0.0,0.0
-0.5280766798601119,-0.6396501991773488,0.457176019566969,1.032646364346557,-0.46093821194972706,-0.6941731760310864,-0.5091049125958325,-0.6149093969777057,0.0,0.0,0.0,0.0,0.0,0.0,0.0,0.0,0.0,0.0,0.0,0.0,0.0,-0.40699406848152114,-0.2518587616520329,2.150264386094642,-0.09541857312450672,-0.753363361588834,-0.4488258302382274,-0.44124514843096335,0.0,0.0,0.0,0.0,0.0,0.0,0.0,0.0,0.0,0.0,0.0,0.0,-0.2965368944090827,-0.631590439268638,0.9486153821103692,0.8785957795808329,-0.40113737377293723,-0.7003429167722113,-0.4440299188050138,-0.6095890574773736,0.0,0.0,0.0,0.0,0.0,0.0,0.0,0.0,0.0,0.0,0.0,0.0
-0.5280766798601119,-0.6396501991773488,0.457176019566969,1.032646364346557,-0.46093821194972706,-0.6941731760310864,-0.5091049125958325,-0.6149093969777057,0.0,0.0,0.0,0.0,0.0,0.0,0.0,0.0,0.0,0.0,0.0,0.0,0.0,-0.40699406848152114,-0.2518587616520329,2.150264386094642,-0.09541857312450672,-0.753363361588834,-0.4488258302382274,-0.44124514843096335,0.0,0.0,0.0,0.0,0.0,0.0,0.0,0.0,0.0,0.0,0.0,0.0,-0.2965368944090827,-0.631590439268638,0.9486153821103692,0.8785957795808329,-0.40113737377293723,-0.7003429167722113,-0.4440299188050138,-0.6095890574773736,0.0,0.0,0.0,0.0,0.0,0.0,0.0,0.0,0.0,0.0,0.0,0.0
-0.5280766798601119,-0.6396501991773488,0.457176019566969,1.032646364346557,-0.46093821194972706,-0.6941731760310864,-0.5091049125958325,-0.6149093969777057,0.0,0.0,0.0,0.0,0.0,0.0,0.0,0.0,0.0,0.0,0.0,0.0,0.0,-0.40699406848152114,-0.2518587616520329,2.150264386094642,-0.09541857312450672,-0.753363361588834,-0.4488258302382274,-0.44124514843096335,0.0,0.0,0.0,0.0,0.0,0.0,0.0,0.0,0.0,0.0,0.0,0.0,-0.2965368944090827,-0.631590439268638,0.9486153821103692,0.8785957795808329,-0.40113737377293723,-0.7003429167722113,-0.4440299188050138,-0.6095890574773736,0.0,0.0,0.0,0.0,0.0,0.0,0.0,0.0,0.0,0.0,0.0,0.0
-0.5280766798601119,-0.6396501991773488,0.457176019566969,1.032646364346557,-0.46093821194972706,-0.6941731760310864,-0.5091049125958325,-0.6149093969777057,0.0,0.0,0.0,0.0,0.0,0.0,0.0,0.0,0.0,0.0,0.0,0.0,0.0,-0.40699406848152114,-0.2518587616520329,2.150264386094642,-0.09541857312450672,-0.753363361588834,-0.4488258302382274,-0.44124514843096335,0.0,0.0,0.0,0.0,0.0,0.0,0.0,0.0,0.0,0.0,0.0,0.0,-0.2965368944090827,-0.631590439268638,0.9486153821103692,0.8785957795808329,-0.40113737377293723,-0.7003429167722113,-0.4440299188050138,-0.6095890574773736,0.0,0.0,0.0,0.0,0.0,0.0,0.0,0.0,0.0,0.0,0.0,0.0
-0.5280766798601119,-0.6396501991773488,0.457176019566969,0.1888842833867844,-0.46093821194972706,-0.5910960545467899,-0.5868639879405468,-0.6128188165256057,0.0,0.0,0.0,0.0,0.0,0.0,0.0,0.0,0.0,0.0,0.0,0.0,0.0,-0.40699406848152114,-0.2518587616520329,0.69807161349518,-1.6062126475958636,-0.12556056026480578,-0.5147955886796378,-0.29559920681617646,0.0,0.0,0.0,0.0,0.0,0.0,0.0,0.0,0.0,0.0,0.0,0.0,-0.54150215500789,-0.3095810024322126,0.11224915194345442,0.015644152307298237,-0.4758102356444507,-0.07369887670684327,-0.5545044075517872,-0.3107778477773963,0.0,0.0,0.0,0.0,0.0,0.0,0.0,0.0,0.0,0.0,0.0,0.0
-0.5280766798601119,-0.6396501991773488,0.457176019566969,0.1888842833867844,-0.46093821194972706,-0.5910960545467899,-0.5868639879405468,-0.6128188165256057,0.0,0.0,0.0,0.0,0.0,0.0,0.0,0.0,0.0,0.0,0.0,0.0,0.0,-0.40699406848152114,-0.2518587616520329,0.69807161349518,-1.6062126475958636,-0.12556056026480578,-0.5147955886796378,-0.29559920681617646,0.0,0.0,0.0,0.0,0.0,0.0,0.0,0.0,0.0,0.0,0.0,0.0,-0.54150215500789,-0.3095810024322126,0.11224915194345442,0.015644152307298237,-0.4758102356444507,-0.07369887670684327,-0.5545044075517872,-0.3107778477773963,0.0,0.0,0.0,0.0,0.0,0.0,0.0,0.0,0.0,0.0,0.0,0.0
-0.5280766798601119,-0.6396501991773488,0.457176019566969,0.1888842833867844,-0.46093821194972706,-0.5910960545467899,-0.5868639879405468,-0.6128188165256057,0.0,0.0,0.0,0.0,0.0,0.0,0.0,0.0,0.0,0.0,0.0,0.0,0.0,-0.40699406848152114,-0.2518587616520329,0.69807161349518,-1.6062126475958636,-0.12556056026480578,-0.5147955886796378,-0.29559920681617646,0.0,0.0,0.0,0.0,0.0,0.0,0.0,0.0,0.0,0.0,0.0,0.0,-0.54150215500789,-0.3095810024322126,0.11224915194345442,0.015644152307298237,-0.4758102356444507,-0.07369887670684327,-0.5545044075517872,-0.3107778477773963,0.0,0.0,0.0,0.0,0.0,0.0,0.0,0.0,0.0,0.0,0.0,0.0
-0.5280766798601119,-0.6396501991773488,0.457176019566969,0.1888842833867844,-0.46093821194972706,-0.5910960545467899,-0.5868639879405468,-0.6128188165256057,0.0,0.0,0.0,0.0,0.0,0.0,0.0,0.0,0.0,0.0,0.0,0.0,0.0,-0.40699406848152114,-0.2518587616520329,0.69807161349518,-1.6062126475958636,-0.12556056026480578,-0.5147955886796378,-0.29559920681617646,0.0,0.0,0.0,0.0,0.0,0.0,0.0,0.0,0.0,0.0,0.0,0.0,-0.54150215500789,-0.3095810024322126,0.11224915194345442,0.015644152307298237,-0.4758102356444507,-0.07369887670684327,-0.5545044075517872,-0.3107778477773963,0.0,0.0,0.0,0.0,0.0,0.0,0.0,0.0,0.0,0.0,0.0,0.0
-0.5280766798601119,-0.6396501991773488,0.457176019566969,0.1888842833867844,-0.46093821194972706,-0.5910960545467899,-0.5868639879405468,-0.6128188165256057,0.0,0.0,0.0,0.0,0.0,0.0,0.0,0.0,0.0,0.0,0.0,0.0,0.0,-0.40699406848152114,-0.2518587616520329,0.69807161349518,-1.6062126475958636,-0.12556056026480578,-0.5147955886796378,-0.29559920681617646,0.0,0.0,0.0,0.0,0.0,0.0,0.0,0.0,0.0,0.0,0.0,0.0,-0.54150215500789,-0.3095810024322126,0.11224915194345442,0.015644152307298237,-0.4758102356444507,-0.07369887670684327,-0.5545044075517872,-0.3107778477773963,0.0,0.0,0.0,0.0,0.0,0.0,0.0,0.0,0.0,0.0,0.0,0.0
-0.5280766798601119,-0.6396501991773488,0.457176019566969,0.1888842833867844,-0.46093821194972706,-0.5910960545467899,-0.5868639879405468,-0.6128188165256057,0.0,0.0,0.0,0.0,0.0,0.0,0.0,0.0,0.0,0.0,0.0,0.0,0.0,-0.40699406848152114,-0.2518587616520329,0.69807161349518,-1.6062126475958636,-0.12556056026480578,-0.5147955886796378,-0.29559920681617646,0.0,0.0,0.0,0.0,0.0,0.0,0.0,0.0,0.0,0.0,0.0,0.0,-0.54150215500789,-0.3095810024322126,0.11224915194345442,0.015644152307298237,-0.4758102356444507,-0.07369887670684327,-0.5545044075517872,-0.3107778477773963,0.0,0.0,0.0,0.0,0.0,0.0,0.0,0.0,0.0,0.0,0.0,0.0
-0.5280766798601119,-0.6396501991773488,0.457176019566969,0.1888842833867844,-0.46093821194972706,-0.5910960545467899,-0.5868639879405468,-0.6128188165256057,0.0,0.0,0.0,0.0,0.0,0.0,0.0,0.0,0.0,0.0,0.0,0.0,0.0,-0.40699406848152114,-0.2518587616520329,0.69807161349518,-1.6062126475958636,-0.12556056026480578,-0.5147955886796378,-0.29559920681617646,0.0,0.0,0.0,0.0,0.0,0.0,0.0,0.0,0.0,0.0,0.0,0.0,-0.54150215500789,-0.3095810024322126,0.11224915194345442,0.015644152307298237,-0.4758102356444507,-0.07369887670684327,-0.5545044075517872,-0.3107778477773963,0.0,0.0,0.0,0.0,0.0,0.0,0.0,0.0,0.0,0.0,0.0,0.0
-0.5280766798601119,-0.6396501991773488,0.457176019566969,0.1888842833867844,-0.46093821194972706,-0.5910960545467899,-0.5868639879405468,-0.6128188165256057,0.0,0.0,0.0,0.0,0.0,0.0,0.0,0.0,0.0,0.0,0.0,0.0,0.0,-0.40699406848152114,-0.2518587616520329,0.69807161349518,-1.6062126475958636,-0.12556056026480578,-0.5147955886796378,-0.29559920681617646,0.0,0.0,0.0,0.0,0.0,0.0,0.0,0.0,0.0,0.0,0.0,0.0,-0.54150215500789,-0.3095810024322126,0.11224915194345442,0.015644152307298237,-0.4758102356444507,-0.07369887670684327,-0.5545044075517872,-0.3107778477773963,0.0,0.0,0.0,0.0,0.0,0.0,0.0,0.0,0.0,0.0,0.0,0.0
-0.5280766798601119,-0.6396501991773488,0.457176019566969,0.1888842833867844,-0.46093821194972706,-0.5910960545467899,-0.5868639879405468,-0.6128188165256057,0.0,0.0,0.0,0.0,0.0,0.0,0.0,0.0,0.0,0.0,0.0,0.0,0.0,-0.40699406848152114,-0.2518587616520329,0.69807161349518,-1.6062126475958636,-0.12556056026480578,-0.5147955886796378,-0.29559920681617646,0.0,0.0,0.0,0.0,0.0,0.0,0.0,0.0,0.0,0.0,0.0,0.0,-0.54150215500789,-0.3095810024322126,0.11224915194345442,0.015644152307298237,-0.4758102356444507,-0.07369887670684327,-0.5545044075517872,-0.3107778477773963,0.0,0.0,0.0,0.0,0.0,0.0,0.0,0.0,0.0,0.0,0.0,0.0
-0.21967124182705472,-0.39883077148178153,0.7087110882476374,0.8638939481546025,-0.2363785702306291,-0.4880189330624935,-0.3571212653311635,-0.46438760442649946,0.0,0.0,0.0,0.0,0.0,0.0,0.0,0.0,0.0,0.0,0.0,0.0,0.0,-0.40699406848152114,-0.2518587616520329,-0.7541211591042821,-0.09541857312450672,-0.753363361588834,-0.38285607179681697,-0.4724549930627034,0.0,0.0,0.0,0.0,0.0,0.0,0.0,0.0,0.0,0.0,0.0,0.0,-0.2965368944090827,-0.631590439268638,0.5304322670269118,0.44711996594406556,-0.2517916500299104,-0.607506762688453,-0.45407305414562954,-0.5747651946927897,0.0,0.0,0.0,0.0,0.0,0.0,0.0,0.0,0.0,0.0,0.0,0.0
-0.21967124182705472,-0.39883077148178153,0.7087110882476374,0.8638939481546025,-0.2363785702306291,-0.4880189330624935,-0.3571212653311635,-0.46438760442649946,0.0,0.0,0.0,0.0,0.0,0.0,0.0,0.0,0.0,0.0,0.0,0.0,0.0,-0.40699406848152114,-0.2518587616520329,-0.7541211591042821,-0.09541857312450672,-0.753363361588834,-0.38285607179681697,-0.4724549930627034,0.0,0.0,0.0,0.0,0.0,0.0,0.0,0.0,0.0,0.0,0.0,0.0,-0.2965368944090827,-0.631590439268638,0.5304322670269118,0.44711996594406556,-0.2517916500299104,-0.607506762688453,-0.45407305414562954,-0.5747651946927897,0.0,0.0,0.0,0.0,0.0,0.0,0.0,0.0,0.0,0.0,0.0,0.0
-0.21967124182705472,-0.39883077148178153,0.7087110882476374,0.8638939481546025,-0.2363785702306291,-0.4880189330624935,-0.3571212653311635,-0.46438760442649946,0.0,0.0,0.0,0.0,0.0,0.0,0.0,0.0,0.0,0.0,0.0,0.0,0.0,-0.40699406848152114,-0.2518587616520329,-0.7541211591042821,-0.09541857312450672,-0.753363361588834,-0.38285607179681697,-0.4724549930627034,0.0,0.0,0.0,0.0,0.0,0.0,0.0,0.0,0.0,0.0,0.0,0.0,-0.2965368944090827,-0.631590439268638,0.5304322670269118,0.44711996594406556,-0.2517916500299104,-0.607506762688453,-0.45407305414562954,-0.5747651946927897,0.0,0.0,0.0,0.0,0.0,0.0,0.0,0.0,0.0,0.0,0.0,0.0
-0.21967124182705472,-0.39883077148178153,0.7087110882476374,0.8638939481546025,-0.2363785702306291,-0.4880189330624935,-0.3571212653311635,-0.46438760442649946,0.0,0.0,0.0,0.0,0.0,0.0,0.0,0.0,0.0,0.0,0.0,0.0,0.0,-0.40699406848152114,-0.2518587616520329,-0.7541211591042821,-0.09541857312450672,-0.753363361588834,-0.38285607179681697,-0.4724549930627034,0.0,0.0,0.0,0.0,0.0,0.0,0.0,0.0,0.0,0.0,0.0,0.0,-0.2965368944090827,-0.631590439268638,0.5304322670269118,0.44711996594406556,-0.2517916500299104,-0.607506762688453,-0.45407305414562954,-0.5747651946927897,0.0,0.0,0.0,0.0,0.0,0.0,0.0,0.0,0.0,0.0,0.0,0.0
-0.21967124182705472,-0.39883077148178153,0.7087110882476374,0.8638939481546025,-0.2363785702306291,-0.4880189330624935,-0.3571212653311635,-0.46438760442649946,0.0,0.0,0.0,0.0,0.0,0.0,0.0,0.0,0.0,0.0,0.0,0.0,0.0,-0.40699406848152114,-0.2518587616520329,-0.7541211591042821,-0.09541857312450672,-0.753363361588834,-0.38285607179681697,-0.4724549930627034,0.0,0.0,0.0,0.0,0.0,0.0,0.0,0.0,0.0,0.0,0.0,0.0,-0.2965368944090827,-0.631590439268638,0.5304322670269118,0.44711996594406556,-0.2517916500299104,-0.607506762688453,-0.45407305414562954,-0.5747651946927897,0.0,0.0,0.0,0.0,0.0,0.0,0.0,0.0,0.0,0.0,0.0,0.0
-0.21967124182705472,-0.39883077148178153,0.7087110882476374,0.8638939481546025,-0.2363785702306291,-0.4880189330624935,-0.3571212653311635,-0.46438760442649946,0.0,0.0,0.0,0.0,0.0,0.0,0.0,0.0,0.0,0.0,0.0,0.0,0.0,-0.40699406848152114,-0.2518587616520329,-0.7541211591042821,-0.09541857312450672,-0.753363361588834,-0.38285607179681697,-0.4724549930627034,0.0,0.0,0.0,0.0,0.0,0.0,0.0,0.0,0.0,0.0,0.0,0.0,-0.2965368944090827,-0.631590439268638,0.5304322670269118,0.44711996594406556,-0.2517916500299104,-0.607506762688453,-0.45407305414562954,-0.5747651946927897,0.0,0.0,0.0,0.0,0.0,0.0,0.0,0.0,0.0,0.0,0.0,0.0
-0.21967124182705472,-0.39883077148178153,0.7087110882476374,0.8638939481546025,-0.2363785702306291,-0.4880189330624935,-0.3571212653311635,-0.46438760442649946,0.0,0.0,0.0,0.0,0.0,0.0,0.0,0.0,0.0,0.0,0.0,0.0,0.0,-0.40699406848152114,-0.2518587616520329,-0.7541211591042821,-0.09541857312450672,-0.753363361588834,-0.38285607179681697,-0.4724549930627034,0.0,0.0,0.0,0.0,0.0,0.0,0.0,0.0,0.0,0.0,0.0,0.0,-0.2965368944090827,-0.631590439268638,0.5304322670269118,0.44711996594406556,-0.2517916500299104,-0.607506762688453,-0.45407305414562954,-0.5747651946927897,0.0,0.0,0.0,0.0,0.0,0.0,0.0,0.0,0.0,0.0,0.0,0.0
-0.21967124182705472,-0.39883077148178153,0.7087110882476374,0.8638939481546025,-0.2363785702306291,-0.4880189330624935,-0.3571212653311635,-0.46438760442649946,0.0,0.0,0.0,0.0,0.0,0.0,0.0,0.0,0.0,0.0,0.0,0.0,0.0,-0.40699406848152114,-0.2518587616520329,-0.7541211591042821,-0.09541857312450672,-0.753363361588834,-0.38285607179681697,-0.4724549930627034,0.0,0.0,0.0,0.0,0.0,0.0,0.0,0.0,0.0,0.0,0.0,0.0,-0.2965368944090827,-0.631590439268638,0.5304322670269118,0.44711996594406556,-0.2517916500299104,-0.607506762688453,-0.45407305414562954,-0.5747651946927897,0.0,0.0,0.0,0.0,0.0,0.0,0.0,0.0,0.0,0.0,0.0,0.0
-0.21967124182705472,-0.39883077148178153,0.7087110882476374,0.8638939481546025,-0.2363785702306291,-0.4880189330624935,-0.3571212653311635,-0.46438760442649946,0.0,0.0,0.0,0.0,0.0,0.0,0.0,0.0,0.0,0.0,0.0,0.0,0.0,-0.40699406848152114,-0.2518587616520329,-0.7541211591042821,-0.09541857312450672,-0.753363361588834,-0.38285607179681697,-0.4724549930627034,0.0,0.0,0.0,0.0,0.0,0.0,0.0,0.0,0.0,0.0,0.0,0.0,-0.2965368944090827,-0.631590439268638,0.5304322670269118,0.44711996594406556,-0.2517916500299104,-0.607506762688453,-0.45407305414562954,-0.5747651946927897,0.0,0.0,0.0,0.0,0.0,0.0,0.0,0.0,0.0,0.0,0.0,0.0
-0.21967124182705472,-0.39883077148178153,0.7087110882476374,0.5263891157706935,-0.19146664188680954,-0.384941811578197,-0.335914244782605,-0.4727499262348998,0.0,0.0,0.0,0.0,0.0,0.0,0.0,0.0,0.0,0.0,0.0,0.0,0.0,-0.40699406848152114,-0.2518587616520329,-0.7541211591042821,-0.09541857312450672,-0.4394619609268199,-0.31688631335540657,-0.43084186688705,0.0,0.0,0.0,0.0,0.0,0.0,0.0,0.0,0.0,0.0,0.0,0.0,-0.05157163381027539,-0.1485762840139999,0.9486153821103692,1.0224210507930886,-0.1397823572226402,-0.25937118487435973,-0.21554858980600522,-0.3107778477773963,0.0,0.0,0.0,0.0,0.0,0.0,0.0,0.0,0.0,0.0,0.0,0.0
-0.21967124182705472,-0.39883077148178153,0.7087110882476374,0.5263891157706935,-0.19146664188680954,-0.384941811578197,-0.335914244782605,-0.4727499262348998,0.0,0.0,0.0,0.0,0.0,0.0,0.0,0.0,0.0,0.0,0.0,0.0,0.0,-0.40699406848152114,-0.2518587616520329,-0.7541211591042821,-0.09541857312450672,-0.4394619609268199,-0.31688631335540657,-0.43084186688705,0.0,0.0,0.0,0.0,0.0,0.0,0.0,0.0,0.0,0.0,0.0,0.0,-0.05157163381027539,-0.1485762840139999,0.9486153821103692,1.0224210507930886,-0.1397823572226402,-0.25937118487435973,-0.21554858980600522,-0.3107778477773963,0.0,0.0,0.0,0.0,0.0,0.0,0.0,0.0,0.0,0.0,0.0,0.0
-0.21967124182705472,-0.39883077148178153,0.7087110882476374,0.5263891157706935,-0.19146664188680954,-0.384941811578197,-0.335914244782605,-0.4727499262348998,0.0,0.0,0.0,0.0,0.0,0.0,0.0,0.0,0.0,0.0,0.0,0.0,0.0,-0.40699406848152114,-0.2518587616520329,-0.7541211591042821,-0.09541857312450672,-0.4394619609268199,-0.31688631335540657,-0.43084186688705,0.0,0.0,0.0,0.0,0.0,0.0,0.0,0.0,0.0,0.0,0.0,0.0,-0.05157163381027539,-0.1485762840139999,0.9486153821103692,1.0224210507930886,-0.1397823572226402,-0.25937118487435973,-0.21554858980600522,-0.3107778477773963,0.0,0.0,0.0,0.0,0.0,0.0,0.0,0.0,0.0,0.0,0.0,0.0
-0.21967124182705472,-0.39883077148178153,0.7087110882476374,0.5263891157706935,-0.19146664188680954,-0.384941811578197,-0.335914244782605,-0.4727499262348998,0.0,0.0,0.0,0.0,0.0,0.0,0.0,0.0,0.0,0.0,0.0,0.0,0.0,-0.40699406848152114,-0.2518587616520329,-0.7541211591042821,-0.09541857312450672,-0.4394619609268199,-0.31688631335540657,-0.43084186688705,0.0,0.0,0.0,0.0,0.0,0.0,0.0,0.0,0.0,0.0,0.0,0.0,-0.05157163381027539,-0.1485762840139999,0.9486153821103692,1.0224210507930886,-0.1397823572226402,-0.25937118487435973,-0.21554858980600522,-0.3107778477773963,0.0,0.0,0.0,0.0,0.0,0.0,0.0,0.0,0.0,0.0,0.0,0.0
-0.21967124182705472,-0.39883077148178153,0.7087110882476374,0.5263891157706935,-0.19146664188680954,-0.384941811578197,-0.335914244782605,-0.4727499262348998,0.0,0.0,0.0,0.0,0.0,0.0,0.0,0.0,0.0,0.0,0.0,0.0,0.0,-0.40699406848152114,-0.2518587616520329,-0.7541211591042821,-0.09541857312450672,-0.4394619609268199,-0.31688631335540657,-0.43084186688705,0.0,0.0,0.0,0.0,0.0,0.0,0.0,0.0,0.0,0.0,0.0,0.0,-0.05157163381027539,-0.1485762840139999,0.9486153821103692,1.0224210507930886,-0.1397823572226402,-0.25937118487435973,-0.21554858980600522,-0.3107778477773963,0.0,0.0,0.0,0.0,0.0,0.0,0.0,0.0,0.0,0.0,0.0,0.0
-0.21967124182705472,-0.39883077148178153,0.7087110882476374,0.5263891157706935,-0.19146664188680954,-0.384941811578197,-0.335914244782605,-0.4727499262348998,0.0,0.0,0.0,0.0,0.0,0.0,0.0,0.0,0.0,0.0,0.0,0.0,0.0,-0.40699406848152114,-0.2518587616520329,-0.7541211591042821,-0.09541857312450672,-0.4394619609268199,-0.31688631335540657,-0.43084186688705,0.0,0.0,0.0,0.0,0.0,0.0,0.0,0.0,0.0,0.0,0.0,0.0,-0.05157163381027539,-0.1485762840139999,0.9486153821103692,1.0224210507930886,-0.1397823572226402,-0.25937118487435973,-0.21554858980600522,-0.3107778477773963,0.0,0.0,0.0,0.0,0.0,0.0,0.0,0.0,0.0,0.0,0.0,0.0
-0.21967124182705472,-0.39883077148178153,0.7087110882476374,0.5263891157706935,-0.19146664188680954,-0.384941811578197,-0.335914244782605,-0.4727499262348998,0.0,0.0,0.0,0.0,0.0,0.0,0.0,0.0,0.0,0.0,0.0,0.0,0.0,-0.40699406848152114,-0.2518587616520329,-0.7541211591042821,-0.09541857312450672,-0.4394619609268199,-0.31688631335540657,-0.43084186688705,0.0,0.0,0.0,0.0,0.0,0.0,0.0,0.0,0.0,0.0,0.0,0.0,-0.05157163381027539,-0.1485762840139999,0.9486153821103692,1.0224210507930886,-0.1397823572226402,-0.25937118487435973,-0.21554858980600522,-0.3107778477773963,0.0,0.0,0.0,0.0,0.0,0.0,0.0,0.0,0.0,0.0,0.0,0.0
-0.21967124182705472,-0.39883077148178153,0.7087110882476374,0.5263891157706935,-0.19146664188680954,-0.384941811578197,-0.335914244782605,-0.4727499262348998,0.0,0.0,0.0,0.0,0.0,0.0,0.0,0.0,0.0,0.0,0.0,0.0,0.0,-0.40699406848152114,-0.2518587616520329,-0.7541211591042821,-0.09541857312450672,-0.4394619609268199,-0.31688631335540657,-0.43084186688705,0.0,0.0,0.0,0.0,0.0,0.0,0.0,0.0,0.0,0.0,0.0,0.0,-0.05157163381027539,-0.1485762840139999,0.9486153821103692,1.0224210507930886,-0.1397823572226402,-0.25937118487435973,-0.21554858980600522,-0.3107778477773963,0.0,0.0,0.0,0.0,0.0,0.0,0.0,0.0,0.0,0.0,0.0,0.0
-0.21967124182705472,-0.39883077148178153,0.7087110882476374,0.5263891157706935,-0.19146664188680954,-0.384941811578197,-0.335914244782605,-0.4727499262348998,0.0,0.0,0.0,0.0,0.0,0.0,0.0,0.0,0.0,0.0,0.0,0.0,0.0,-0.40699406848152114,-0.2518587616520329,-0.7541211591042821,-0.09541857312450672,-0.4394619609268199,-0.31688631335540657,-0.43084186688705,0.0,0.0,0.0,0.0,0.0,0.0,0.0,0.0,0.0,0.0,0.0,0.0,-0.05157163381027539,-0.1485762840139999,0.9486153821103692,1.0224210507930886,-0.1397823572226402,-0.25937118487435973,-0.21554858980600522,-0.3107778477773963,0.0,0.0,0.0,0.0,0.0,0.0,0.0,0.0,0.0,0.0,0.0,0.0
0.08873419620600241,-0.39883077148178153,-0.8004993238363728,-0.6548777975729883,-0.01181892851153117,-0.31622373058866604,-0.10970602559798141,-0.3494056795609946,0.0,0.0,0.0,0.0,0.0,0.0,0.0,0.0,0.0,0.0,0.0,0.0,0.0,-0.40699406848152114,-0.2518587616520329,-0.7541211591042821,-0.09541857312450672,-1.0672647622508482,-0.5807653471210483,-0.5764878085018369,0.0,0.0,0.0,0.0,0.0,0.0,0.0,0.0,0.0,0.0,0.0,0.0,-0.05157163381027539,-0.47058572085042527,-0.7241170782234604,-0.8473074749662364,-0.1397823572226402,-0.4914615700837553,-0.21303780597085129,-0.47815705922587987,0.0,0.0,0.0,0.0,0.0,0.0,0.0,0.0,0.0,0.0,0.0,0.0
0.08873419620600241,-0.39883077148178153,-0.8004993238363728,-0.6548777975729883,-0.01181892851153117,-0.31622373058866604,-0.10970602559798141,-0.3494056795609946,0.0,0.0,0.0,0.0,0.0,0.0,0.0,0.0,0.0,0.0,0.0,0.0,0.0,-0.40699406848152114,-0.2518587616520329,-0.7541211591042821,-0.09541857312450672,-1.0672647622508482,-0.5807653471210483,-0.5764878085018369,0.0,0.0,0.0,0.0,0.0,0.0,0.0,0.0,0.0,0.0,0.0,0.0,-0.05157163381027539,-0.47058572085042527,-0.7241170782234604,-0.8473074749662364,-0.1397823572226402,-0.4914615700837553,-0.21303780597085129,-0.47815705922587987,0.0,0.0,0.0,0.0,0.0,0.0,0.0,0.0,0.0,0.0,0.0,0.0
0.08873419620600241,-0.39883077148178153,-0.8004993238363728,-0.6548777975729883,-0.01181892851153117,-0.31622373058866604,-0.10970602559798141,-0.3494056795609946,0.0,0.0,0.0,0.0,0.0,0.0,0.0,0.0,0.0,0.0,0.0,0.0,0.0,-0.40699406848152114,-0.2518587616520329,-0.7541211591042821,-0.09541857312450672,-1.0672647622508482,-0.5807653471210483,-0.5764878085018369,0.0,0.0,0.0,0.0,0.0,0.0,0.0,0.0,0.0,0.0,0.0,0.0,-0.05157163381027539,-0.47058572085042527,-0.7241170782234604,-0.8473074749662364,-0.1397823572226402,-0.4914615700837553,-0.21303780597085129,-0.47815705922587987,0.0,0.0,0.0,0.0,0.0,0.0,0.0,0.0,0.0,0.0,0.0,0.0
0.08873419620600241,-0.39883077148178153,-0.8004993238363728,-0.6548777975729883,-0.01181892851153117,-0.31622373058866604,-0.10970602559798141,-0.3494056795609946,0.0,0.0,0.0,0.0,0.0,0.0,0.0,0.0,0.0,0.0,0.0,0.0,0.0,-0.40699406848152114,-0.2518587616520329,-0.7541211591042821,-0.09541857312450672,-1.0672647622508482,-0.5807653471210483,-0.5764878085018369,0.0,0.0,0.0,0.0,0.0,0.0,0.0,0.0,0.0,0.0,0.0,0.0,-0.05157163381027539,-0.47058572085042527,-0.7241170782234604,-0.8473074749662364,-0.1397823572226402,-0.4914615700837553,-0.21303780597085129,-0.47815705922587987,0.0,0.0,0.0,0.0,0.0,0.0,0.0,0.0,0.0,0.0,0.0,0.0
0.08873419620600241,-0.39883077148178153,-0.8004993238363728,-0.6548777975729883,-0.01181892851153117,-0.31622373058866604,-0.10970602559798141,-0.3494056795609946,0.0,0.0,0.0,0.0,0.0,0.0,0.0,0.0,0.0,0.0,0.0,0.0,0.0,-0.40699406848152114,-0.2518587616520329,-0.7541211591042821,-0.09541857312450672,-1.0672647622508482,-0.5807653471210483,-0.5764878085018369,0.0,0.0,0.0,0.0,0.0,0.0,0.0,0.0,0.0,0.0,0.0,0.0,-0.05157163381027539,-0.47058572085042527,-0.7241170782234604,-0.8473074749662364,-0.1397823572226402,-0.4914615700837553,-0.21303780597085129,-0.47815705922587987,0.0,0.0,0.0,0.0,0.0,0.0,0.0,0.0,0.0,0.0,0.0,0.0
0.08873419620600241,-0.39883077148178153,-0.8004993238363728,-0.6548777975729883,-0.01181892851153117,-0.31622373058866604,-0.10970602559798141,-0.3494056795609946,0.0,0.0,0.0,0.0,0.0,0.0,0.0,0.0,0.0,0.0,0.0,0.0,0.0,-0.40699406848152114,-0.2518587616520329,-0.7541211591042821,-0.09541857312450672,-1.0672647622508482,-0.5807653471210483,-0.5764878085018369,0.0,0.0,0.0,0.0,0.0,0.0,0.0,0.0,0.0,0.0,0.0,0.0,-0.05157163381027539,-0.47058572085042527,-0.7241170782234604,-0.8473074749662364,-0.1397823572226402,-0.4914615700837553,-0.21303780597085129,-0.47815705922587987,0.0,0.0,0.0,0.0,0.0,0.0,0.0,0.0,0.0,0.0,0.0,0.0
0.08873419620600241,-0.39883077148178153,-0.8004993238363728,-0.6548777975729883,-0.01181892851153117,-0.31622373058866604,-0.10970602559798141,-0.3494056795609946,0.0,0.0,0.0,0.0,0.0,0.0,0.0,0.0,0.0,0.0,0.0,0.0,0.0,-0.40699406848152114,-0.2518587616520329,-0.7541211591042821,-0.09541857312450672,-1.0672647622508482,-0.5807653471210483,-0.5764878085018369,0.0,0.0,0.0,0.0,0.0,0.0,0.0,0.0,0.0,0.0,0.0,0.0,-0.05157163381027539,-0.47058572085042527,-0.7241170782234604,-0.8473074749662364,-0.1397823572226402,-0.4914615700837553,-0.21303780597085129,-0.47815705922587987,0.0,0.0,0.0,0.0,0.0,0.0,0.0,0.0,0.0,0.0,0.0,0.0
0.08873419620600241,-0.39883077148178153,-0.8004993238363728,-0.6548777975729883,-0.01181892851153117,-0.31622373058866604,-0.10970602559798141,-0.3494056795609946,0.0,0.0,0.0,0.0,0.0,0.0,0.0,0.0,0.0,0.0,0.0,0.0,0.0,-0.40699406848152114,-0.2518587616520329,-0.7541211591042821,-0.09541857312450672,-1.0672647622508482,-0.5807653471210483,-0.5764878085018369,0.0,0.0,0.0,0.0,0.0,0.0,0.0,0.0,0.0,0.0,0.0,0.0,-0.05157163381027539,-0.47058572085042527,-0.7241170782234604,-0.8473074749662364,-0.1397823572226402,-0.4914615700837553,-0.21303780597085129,-0.47815705922587987,0.0,0.0,0.0,0.0,0.0,0.0,0.0,0.0,0.0,0.0,0.0,0.0
0.08873419620600241,-0.39883077148178153,-1.3035694611977096,-0.8236302137649427,0.033092999832288424,-0.2818646900939005,-0.0920335084741827,-0.36194916227359514,0.0,0.0,0.0,0.0,0.0,0.0,0.0,0.0,0.0,0.0,0.0,0.0,0.0,-0.40699406848152114,-0.2518587616520329,-0.7541211591042821,-0.09541857312450672,-0.753363361588834,-0.5147955886796378,-0.4724549930627034,0.0,0.0,0.0,0.0,0.0,0.0,0.0,0.0,0.0,0.0,0.0,0.0,-0.05157163381027539,-0.47058572085042527,-1.560483308390375,-0.8473074749662364,-0.1397823572226402,-0.4218344545209366,-0.2582319150036222,-0.46580020468941463,0.0,0.0,0.0,0.0,0.0,0.0,0.0,0.0,0.0,0.0,0.0,0.0
0.08873419620600241,-0.39883077148178153,-1.3035694611977096,-0.8236302137649427,0.033092999832288424,-0.2818646900939005,-0.0920335084741827,-0.36194916227359514,0.0,0.0,0.0,0.0,0.0,0.0,0.0,0.0,0.0,0.0,0.0,0.0,0.0,-0.40699406848152114,-0.2518587616520329,-0.7541211591042821,-0.09541857312450672,-0.753363361588834,-0.5147955886796378,-0.4724549930627034,0.0,0.0,0.0,0.0,0.0,0.0,0.0,0.0,0.0,0.0,0.0,0.0,-0.05157163381027539,-0.47058572085042527,-1.560483308390375,-0.8473074749662364,-0.1397823572226402,-0.4218344545209366,-0.2582319150036222,-0.46580020468941463,0.0,0.0,0.0,0.0,0.0,0.0,0.0,0.0,0.0,0.0,0.0,0.0
0.08873419620600241,-0.39883077148178153,-1.3035694611977096,-0.8236302137649427,0.033092999832288424,-0.2818646900939005,-0.0920335084741827,-0.36194916227359514,0.0,0.0,0.0,0.0,0.0,0.0,0.0,0.0,0.0,0.0,0.0,0.0,0.0,-0.40699406848152114,-0.2518587616520329,-0.7541211591042821,-0.09541857312450672,-0.753363361588834,-0.5147955886796378,-0.4724549930627034,0.0,0.0,0.0,0.0,0.0,0.0,0.0,0.0,0.0,0.0,0.0,0.0,-0.05157163381027539,-0.47058572085042527,-1.560483308390375,-0.8473074749662364,-0.1397823572226402,-0.4218344545209366,-0.2582319150036222,-0.46580020468941463,0.0,0.0,0.0,0.0,0.0,0.0,0.0,0.0,0.0,0.0,0.0,0.0
0.08873419620600241,-0.39883077148178153,-1.3035694611977096,-0.8236302137649427,0.033092999832288424,-0.2818646900939005,-0.0920335084741827,-0.36194916227359514,0.0,0.0,0.0,0.0,0.0,0.0,0.0,0.0,0.0,0.0,0.0,0.0,0.0,-0.40699406848152114,-0.2518587616520329,-0.7541211591042821,-0.09541857312450672,-0.753363361588834,-0.5147955886796378,-0.4724549930627034,0.0,0.0,0.0,0.0,0.0,0.0,0.0,0.0,0.0,0.0,0.0,0.0,-0.05157163381027539,-0.47058572085042527,-1.560483308390375,-0.8473074749662364,-0.1397823572226402,-0.4218344545209366,-0.2582319150036222,-0.46580020468941463,0.0,0.0,0.0,0.0,0.0,0.0,0.0,0.0,0.0,0.0,0.0,0.0
0.08873419620600241,-0.39883077148178153,-1.3035694611977096,-0.8236302137649427,0.033092999832288424,-0.2818646900939005,-0.0920335084741827,-0.36194916227359514,0.0,0.0,0.0,0.0,0.0,0.0,0.0,0.0,0.0,0.0,0.0,0.0,0.0,-0.40699406848152114,-0.2518587616520329,-0.7541211591042821,-0.09541857312450672,-0.753363361588834,-0.5147955886796378,-0.4724549930627034,0.0,0.0,0.0,0.0,0.0,0.0,0.0,0.0,0.0,0.0,0.0,0.0,-0.05157163381027539,-0.47058572085042527,-1.560483308390375,-0.8473074749662364,-0.1397823572226402,-0.4218344545209366,-0.2582319150036222,-0.46580020468941463,0.0,0.0,0.0,0.0,0.0,0.0,0.0,0.0,0.0,0.0,0.0,0.0
0.08873419620600241,-0.39883077148178153,-1.3035694611977096,-0.8236302137649427,0.033092999832288424,-0.2818646900939005,-0.0920335084741827,-0.36194916227359514,0.0,0.0,0.0,0.0,0.0,0.0,0.0,0.0,0.0,0.0,0.0,0.0,0.0,-0.40699406848152114,-0.2518587616520329,-0.7541211591042821,-0.09541857312450672,-0.753363361588834,-0.5147955886796378,-0.4724549930627034,0.0,0.0,0.0,0.0,0.0,0.0,0.0,0.0,0.0,0.0,0.0,0.0,-0.05157163381027539,-0.47058572085042527,-1.560483308390375,-0.8473074749662364,-0.1397823572226402,-0.4218344545209366,-0.2582319150036222,-0.46580020468941463,0.0,0.0,0.0,0.0,0.0,0.0,0.0,0.0,0.0,0.0,0.0,0.0
0.08873419620600241,-0.39883077148178153,-1.3035694611977096,-0.8236302137649427,0.033092999832288424,-0.2818646900939005,-0.0920335084741827,-0.36194916227359514,0.0,0.0,0.0,0.0,0.0,0.0,0.0,0.0,0.0,0.0,0.0,0.0,0.0,-0.40699406848152114,-0.2518587616520329,-0.7541211591042821,-0.09541857312450672,-0.753363361588834,-0.5147955886796378,-0.4724549930627034,0.0,0.0,0.0,0.0,0.0,0.0,0.0,0.0,0.0,0.0,0.0,0.0,-0.05157163381027539,-0.47058572085042527,-1.560483308390375,-0.8473074749662364,-0.1397823572226402,-0.4218344545209366,-0.2582319150036222,-0.46580020468941463,0.0,0.0,0.0,0.0,0.0,0.0,0.0,0.0,0.0,0.0,0.0,0.0
0.08873419620600241,-0.39883077148178153,-1.3035694611977096,-0.8236302137649427,0.033092999832288424,-0.2818646900939005,-0.0920335084741827,-0.36194916227359514,0.0,0.0,0.0,0.0,0.0,0.0,0.0,0.0,0.0,0.0,0.0,0.0,0.0,-0.40699406848152114,-0.2518587616520329,-0.7541211591042821,-0.09541857312450672,-0.753363361588834,-0.5147955886796378,-0.4724549930627034,0.0,0.0,0.0,0.0,0.0,0.0,0.0,0.0,0.0,0.0,0.0,0.0,-0.05157163381027539,-0.47058572085042527,-1.560483308390375,-0.8473074749662364,-0.1397823572226402,-0.4218344545209366,-0.2582319150036222,-0.46580020468941463,0.0,0.0,0.0,0.0,0.0,0.0,0.0,0.0,0.0,0.0,0.0,0.0
0.08873419620600241,-0.39883077148178153,-1.3035694611977096,-0.8236302137649427,0.033092999832288424,-0.2818646900939005,-0.0920335084741827,-0.36194916227359514,0.0,0.0,0.0,0.0,0.0,0.0,0.0,0.0,0.0,0.0,0.0,0.0,0.0,-0.40699406848152114,-0.2518587616520329,-0.7541211591042821,-0.09541857312450672,-0.753363361588834,-0.5147955886796378,-0.4724549930627034,0.0,0.0,0.0,0.0,0.0,0.0,0.0,0.0,0.0,0.0,0.0,0.0,-0.05157163381027539,-0.47058572085042527,-1.560483308390375,-0.8473074749662364,-0.1397823572226402,-0.4218344545209366,-0.2582319150036222,-0.46580020468941463,0.0,0.0,0.0,0.0,0.0,0.0,0.0,0.0,0.0,0.0,0.0,0.0
0.08873419620600241,0.082808083909353,-0.8004993238363728,-0.6548777975729883,0.1229168565199276,-0.006992366135776644,0.10589868331236298,-0.07344905988378306,0.0,0.0,0.0,0.0,0.0,0.0,0.0,0.0,0.0,0.0,0.0,0.0,0.0,-0.40699406848152114,-0.2518587616520329,-0.7541211591042821,-0.09541857312450672,-0.12556056026480578,-0.5147955886796378,-0.004307323586602724,0.0,0.0,0.0,0.0,0.0,0.0,0.0,0.0,0.0,0.0,0.0,0.0,-0.05157163381027539,-0.1485762840139999,-0.9332086357651891,-0.8473074749662364,0.04689979745614337,-0.21295310783248061,-0.05987999202646091,-0.26135042963153543,0.0,0.0,0.0,0.0,0.0,0.0,0.0,0.0,0.0,0.0,0.0,0.0
0.08873419620600241,0.082808083909353,-0.8004993238363728,-0.6548777975729883,0.1229168565199276,-0.006992366135776644,0.10589868331236298,-0.07344905988378306,0.0,0.0,0.0,0.0,0.0,0.0,0.0,0.0,0.0,0.0,0.0,0.0,0.0,-0.40699406848152114,-0.2518587616520329,-0.7541211591042821,-0.09541857312450672,-0.12556056026480578,-0.5147955886796378,-0.004307323586602724,0.0,0.0,0.0,0.0,0.0,0.0,0.0,0.0,0.0,0.0,0.0,0.0,-0.05157163381027539,-0.1485762840139999,-0.9332086357651891,-0.8473074749662364,0.04689979745614337,-0.21295310783248061,-0.05987999202646091,-0.26135042963153543,0.0,0.0,0.0,0.0,0.0,0.0,0.0,0.0,0.0,0.0,0.0,0.0
0.08873419620600241,0.082808083909353,-0.8004993238363728,-0.6548777975729883,0.1229168565199276,-0.006992366135776644,0.10589868331236298,-0.07344905988378306,0.0,0.0,0.0,0.0,0.0,0.0,0.0,0.0,0.0,0.0,0.0,0.0,0.0,-0.40699406848152114,-0.2518587616520329,-0.7541211591042821,-0.09541857312450672,-0.12556056026480578,-0.5147955886796378,-0.004307323586602724,0.0,0.0,0.0,0.0,0.0,0.0,0.0,0.0,0.0,0.0,0.0,0.0,-0.05157163381027539,-0.1485762840139999,-0.9332086357651891,-0.8473074749662364,0.04689979745614337,-0.21295310783248061,-0.05987999202646091,-0.26135042963153543,0.0,0.0,0.0,0.0,0.0,0.0,0.0,0.0,0.0,0.0,0.0,0.0
0.08873419620600241,0.082808083909353,-0.8004993238363728,-0.6548777975729883,0.1229168565199276,-0.006992366135776644,0.10589868331236298,-0.07344905988378306,0.0,0.0,0.0,0.0,0.0,0.0,0.0,0.0,0.0,0.0,0.0,0.0,0.0,-0.40699406848152114,-0.2518587616520329,-0.7541211591042821,-0.09541857312450672,-0.12556056026480578,-0.5147955886796378,-0.004307323586602724,0.0,0.0,0.0,0.0,0.0,0.0,0.0,0.0,0.0,0.0,0.0,0.0,-0.05157163381027539,-0.1485762840139999,-0.9332086357651891,-0.8473074749662364,0.04689979745614337,-0.21295310783248061,-0.05987999202646091,-0.26135042963153543,0.0,0.0,0.0,0.0,0.0,0.0,0.0,0.0,0.0,0.0,0.0,0.0
0.08873419620600241,0.082808083909353,-0.8004993238363728,-0.6548777975729883,0.1229168565199276,-0.006992366135776644,0.10589868331236298,-0.07344905988378306,0.0,0.0,0.0,0.0,0.0,0.0,0.0,0.0,0.0,0.0,0.0,0.0,0.0,-0.40699406848152114,-0.2518587616520329,-0.7541211591042821,-0.09541857312450672,-0.12556056026480578,-0.5147955886796378,-0.004307323586602724,0.0,0.0,0.0,0.0,0.0,0.0,0.0,0.0,0.0,0.0,0.0,0.0,-0.05157163381027539,-0.1485762840139999,-0.9332086357651891,-0.8473074749662364,0.04689979745614337,-0.21295310783248061,-0.05987999202646091,-0.26135042963153543,0.0,0.0,0.0,0.0,0.0,0.0,0.0,0.0,0.0,0.0,0.0,0.0
0.08873419620600241,0.082808083909353,-0.8004993238363728,-0.6548777975729883,0.1229168565199276,-0.006992366135776644,0.10589868331236298,-0.07344905988378306,0.0,0.0,0.0,0.0,0.0,0.0,0.0,0.0,0.0,0.0,0.0,0.0,0.0,-0.40699406848152114,-0.2518587616520329,-0.7541211591042821,-0.09541857312450672,-0.12556056026480578,-0.5147955886796378,-0.004307323586602724,0.0,0.0,0.0,0.0,0.0,0.0,0.0,0.0,0.0,0.0,0.0,0.0,-0.05157163381027539,-0.1485762840139999,-0.9332086357651891,-0.8473074749662364,0.04689979745614337,-0.21295310783248061,-0.05987999202646091,-0.26135042963153543,0.0,0.0,0.0,0.0,0.0,0.0,0.0,0.0,0.0,0.0,0.0,0.0
0.08873419620600241,0.082808083909353,-0.8004993238363728,-0.6548777975729883,0.1229168565199276,-0.006992366135776644,0.10589868331236298,-0.07344905988378306,0.0,0.0,0.0,0.0,0.0,0.0,0.0,0.0,0.0,0.0,0.0,0.0,0.0,-0.40699406848152114,-0.2518587616520329,-0.7541211591042821,-0.09541857312450672,-0.12556056026480578,-0.5147955886796378,-0.004307323586602724,0.0,0.0,0.0,0.0,0.0,0.0,0.0,0.0,0.0,0.0,0.0,0.0,-0.05157163381027539,-0.1485762840139999,-0.9332086357651891,-0.8473074749662364,0.04689979745614337,-0.21295310783248061,-0.05987999202646091,-0.26135042963153543,0.0,0.0,0.0,0.0,0.0,0.0,0.0,0.0,0.0,0.0,0.0,0.0
0.08873419620600241,0.082808083909353,-0.8004993238363728,-0.6548777975729883,0.1229168565199276,-0.006992366135776644,0.10589868331236298,-0.07344905988378306,0.0,0.0,0.0,0.0,0.0,0.0,0.0,0.0,0.0,0.0,0.0,0.0,0.0,-0.40699406848152114,-0.2518587616520329,-0.7541211591042821,-0.09541857312450672,-0.12556056026480578,-0.5147955886796378,-0.004307323586602724,0.0,0.0,0.0,0.0,0.0,0.0,0.0,0.0,0.0,0.0,0.0,0.0,-0.05157163381027539,-0.1485762840139999,-0.9332086357651891,-0.8473074749662364,0.04689979745614337,-0.21295310783248061,-0.05987999202646091,-0.26135042963153543,0.0,0.0,0.0,0.0,0.0,0.0,0.0,0.0,0.0,0.0,0.0,0.0
0.08873419620600241,0.082808083909353,-0.8004993238363728,-0.6548777975729883,0.1229168565199276,-0.006992366135776644,0.10589868331236298,-0.07344905988378306,0.0,0.0,0.0,0.0,0.0,0.0,0.0,0.0,0.0,0.0,0.0,0.0,0.0,-0.40699406848152114,-0.2518587616520329,-0.7541211591042821,-0.09541857312450672,-0.12556056026480578,-0.5147955886796378,-0.004307323586602724,0.0,0.0,0.0,0.0,0.0,0.0,0.0,0.0,0.0,0.0,0.0,0.0,-0.05157163381027539,-0.1485762840139999,-0.9332086357651891,-0.8473074749662364,0.04689979745614337,-0.21295310783248061,-0.05987999202646091,-0.26135042963153543,0.0,0.0,0.0,0.0,0.0,0.0,0.0,0.0,0.0,0.0,0.0,0.0
0.08873419620600241,0.082808083909353,-0.5489642551557045,-0.4861253813810337,0.21274071320756677,-0.006992366135776644,0.07762265591428502,-0.12362299073418516,0.0,0.0,0.0,0.0,0.0,0.0,0.0,0.0,0.0,0.0,0.0,0.0,0.0,-0.40699406848152114,-0.2518587616520329,0.69807161349518,-0.09541857312450672,-0.12556056026480578,-0.11897703803117526,-0.29559920681617646,0.0,0.0,0.0,0.0,0.0,0.0,0.0,0.0,0.0,0.0,0.0,0.0,-0.05157163381027539,0.1734331528224255,-0.9332086357651891,-0.2720063901172133,-0.02777306441537006,0.01913727737691496,-0.13771429091623305,-0.029940244675913892,0.0,0.0,0.0,0.0,0.0,0.0,0.0,0.0,0.0,0.0,0.0,0.0
0.08873419620600241,0.082808083909353,-0.5489642551557045,-0.4861253813810337,0.21274071320756677,-0.006992366135776644,0.07762265591428502,-0.12362299073418516,0.0,0.0,0.0,0.0,0.0,0.0,0.0,0.0,0.0,0.0,0.0,0.0,0.0,-0.40699406848152114,-0.2518587616520329,0.69807161349518,-0.09541857312450672,-0.12556056026480578,-0.11897703803117526,-0.29559920681617646,0.0,0.0,0.0,0.0,0.0,0.0,0.0,0.0,0.0,0.0,0.0,0.0,-0.05157163381027539,0.1734331528224255,-0.9332086357651891,-0.2720063901172133,-0.02777306441537006,0.01913727737691496,-0.13771429091623305,-0.029940244675913892,0.0,0.0,0.0,0.0,0.0,0.0,0.0,0.0,0.0,0.0,0.0,0.0
0.08873419620600241,0.082808083909353,-0.5489642551557045,-0.4861253813810337,0.21274071320756677,-0.006992366135776644,0.07762265591428502,-0.12362299073418516,0.0,0.0,0.0,0.0,0.0,0.0,0.0,0.0,0.0,0.0,0.0,0.0,0.0,-0.40699406848152114,-0.2518587616520329,0.69807161349518,-0.09541857312450672,-0.12556056026480578,-0.11897703803117526,-0.29559920681617646,0.0,0.0,0.0,0.0,0.0,0.0,0.0,0.0,0.0,0.0,0.0,0.0,-0.05157163381027539,0.1734331528224255,-0.9332086357651891,-0.2720063901172133,-0.02777306441537006,0.01913727737691496,-0.13771429091623305,-0.029940244675913892,0.0,0.0,0.0,0.0,0.0,0.0,0.0,0.0,0.0,0.0,0.0,0.0
0.08873419620600241,0.082808083909353,-0.5489642551557045,-0.4861253813810337,0.21274071320756677,-0.006992366135776644,0.07762265591428502,-0.12362299073418516,0.0,0.0,0.0,0.0,0.0,0.0,0.0,0.0,0.0,0.0,0.0,0.0,0.0,-0.40699406848152114,-0.2518587616520329,0.69807161349518,-0.09541857312450672,-0.12556056026480578,-0.11897703803117526,-0.29559920681617646,0.0,0.0,0.0,0.0,0.0,0.0,0.0,0.0,0.0,0.0,0.0,0.0,-0.05157163381027539,0.1734331528224255,-0.9332086357651891,-0.2720063901172133,-0.02777306441537006,0.01913727737691496,-0.13771429091623305,-0.029940244675913892,0.0,0.0,0.0,0.0,0.0,0.0,0.0,0.0,0.0,0.0,0.0,0.0
0.08873419620600241,0.082808083909353,-0.5489642551557045,-0.4861253813810337,0.21274071320756677,-0.006992366135776644,0.07762265591428502,-0.12362299073418516,0.0,0.0,0.0,0.0,0.0,0.0,0.0,0.0,0.0,0.0,0.0,0.0,0.0,-0.40699406848152114,-0.2518587616520329,0.69807161349518,-0.09541857312450672,-0.12556056026480578,-0.11897703803117526,-0.29559920681617646,0.0,0.0,0.0,0.0,0.0,0.0,0.0,0.0,0.0,0.0,0.0,0.0,-0.05157163381027539,0.1734331528224255,-0.9332086357651891,-0.2720063901172133,-0.02777306441537006,0.01913727737691496,-0.13771429091623305,-0.029940244675913892,0.0,0.0,0.0,0.0,0.0,0.0,0.0,0.0,0.0,0.0,0.0,0.0
0.08873419620600241,0.082808083909353,-0.5489642551557045,-0.4861253813810337,0.21274071320756677,-0.006992366135776644,0.07762265591428502,-0.12362299073418516,0.0,0.0,0.0,0.0,0.0,0.0,0.0,0.0,0.0,0.0,0.0,0.0,0.0,-0.40699406848152114,-0.2518587616520329,0.69807161349518,-0.09541857312450672,-0.12556056026480578,-0.11897703803117526,-0.29559920681617646,0.0,0.0,0.0,0.0,0.0,0.0,0.0,0.0,0.0,0.0,0.0,0.0,-0.05157163381027539,0.1734331528224255,-0.9332086357651891,-0.2720063901172133,-0.02777306441537006,0.01913727737691496,-0.13771429091623305,-0.029940244675913892,0.0,0.0,0.0,0.0,0.0,0.0,0.0,0.0,0.0,0.0,0.0,0.0
0.08873419620600241,0.082808083909353,-0.5489642551557045,-0.4861253813810337,0.21274071320756677,-0.006992366135776644,0.07762265591428502,-0.12362299073418516,0.0,0.0,0.0,0.0,0.0,0.0,0.0,0.0,0.0,0.0,0.0,0.0,0.0,-0.40699406848152114,-0.2518587616520329,0.69807161349518,-0.09541857312450672,-0.12556056026480578,-0.11897703803117526,-0.29559920681617646,0.0,0.0,0.0,0.0,0.0,0.0,0.0,0.0,0.0,0.0,0.0,0.0,-0.05157163381027539,0.1734331528224255,-0.9332086357651891,-0.2720063901172133,-0.02777306441537006,0.01913727737691496,-0.13771429091623305,-0.029940244675913892,0.0,0.0,0.0,0.0,0.0,0.0,0.0,0.0,0.0,0.0,0.0,0.0
0.08873419620600241,0.082808083909353,-0.5489642551557045,-0.4861253813810337,0.21274071320756677,-0.006992366135776644,0.07762265591428502,-0.12362299073418516,0.0,0.0,0.0,0.0,0.0,0.0,0.0,0.0,0.0,0.0,0.0,0.0,0.0,-0.40699406848152114,-0.2518587616520329,0.69807161349518,-0.09541857312450672,-0.12556056026480578,-0.11897703803117526,-0.29559920681617646,0.0,0.0,0.0,0.0,0.0,0.0,0.0,0.0,0.0,0.0,0.0,0.0,-0.05157163381027539,0.1734331528224255,-0.9332086357651891,-0.2720063901172133,-0.02777306441537006,0.01913727737691496,-0.13771429091623305,-0.029940244675913892,0.0,0.0,0.0,0.0,0.0,0.0,0.0,0.0,0.0,0.0,0.0,0.0
0.08873419620600241,0.082808083909353,-0.5489642551557045,-0.4861253813810337,0.21274071320756677,-0.006992366135776644,0.07762265591428502,-0.12362299073418516,0.0,0.0,0.0,0.0,0.0,0.0,0.0,0.0,0.0,0.0,0.0,0.0,0.0,-0.40699406848152114,-0.2518587616520329,0.69807161349518,-0.09541857312450672,-0.12556056026480578,-0.11897703803117526,-0.29559920681617646,0.0,0.0,0.0,0.0,0.0,0.0,0.0,0.0,0.0,0.0,0.0,0.0,-0.05157163381027539,0.1734331528224255,-0.9332086357651891,-0.2720063901172133,-0.02777306441537006,0.01913727737691496,-0.13771429091623305,-0.029940244675913892,0.0,0.0,0.0,0.0,0.0,0.0,0.0,0.0,0.0,0.0,0.0,0.0
0.7055450722721167,0.5644469393004875,-0.5489642551557045,-0.4861253813810337,0.5720361399581235,0.37095707930664373,0.4134004812664607,0.30076484104213264,0.0,0.0,0.0,0.0,0.0,0.0,0.0,0.0,0.0,0.0,0.0,0.0,0.0,-0.40699406848152114,-0.2518587616520329,0.69807161349518,-0.09541857312450672,0.18834084039720836,-0.38285607179681697,0.01649923950122397,0.0,0.0,0.0,0.0,0.0,0.0,0.0,0.0,0.0,0.0,0.0,0.0,0.43835888738733925,0.1734331528224255,-0.09684240559827427,-0.2720063901172133,0.5322733996209807,0.18160054702349185,0.3719748276200168,0.06554454037859013,0.0,0.0,0.0,0.0,0.0,0.0,0.0,0.0,0.0,0.0,0.0,0.0
0.7055450722721167,0.5644469393004875,-0.5489642551557045,-0.4861253813810337,0.5720361399581235,0.37095707930664373,0.4134004812664607,0.30076484104213264,0.0,0.0,0.0,0.0,0.0,0.0,0.0,0.0,0.0,0.0,0.0,0.0,0.0,-0.40699406848152114,-0.2518587616520329,0.69807161349518,-0.09541857312450672,0.18834084039720836,-0.38285607179681697,0.01649923950122397,0.0,0.0,0.0,0.0,0.0,0.0,0.0,0.0,0.0,0.0,0.0,0.0,0.43835888738733925,0.1734331528224255,-0.09684240559827427,-0.2720063901172133,0.5322733996209807,0.18160054702349185,0.3719748276200168,0.06554454037859013,0.0,0.0,0.0,0.0,0.0,0.0,0.0,0.0,0.0,0.0,0.0,0.0
0.7055450722721167,0.5644469393004875,-0.5489642551557045,-0.4861253813810337,0.5720361399581235,0.37095707930664373,0.4134004812664607,0.30076484104213264,0.0,0.0,0.0,0.0,0.0,0.0,0.0,0.0,0.0,0.0,0.0,0.0,0.0,-0.40699406848152114,-0.2518587616520329,0.69807161349518,-0.09541857312450672,0.18834084039720836,-0.38285607179681697,0.01649923950122397,0.0,0.0,0.0,0.0,0.0,0.0,0.0,0.0,0.0,0.0,0.0,0.0,0.43835888738733925,0.1734331528224255,-0.09684240559827427,-0.2720063901172133,0.5322733996209807,0.18160054702349185,0.3719748276200168,0.06554454037859013,0.0,0.0,0.0,0.0,0.0,0.0,0.0,0.0,0.0,0.0,0.0,0.0
0.7055450722721167,0.5644469393004875,-0.5489642551557045,-0.4861253813810337,0.5720361399581235,0.37095707930664373,0.4134004812664607,0.30076484104213264,0.0,0.0,0.0,0.0,0.0,0.0,0.0,0.0,0.0,0.0,0.0,0.0,0.0,-0.40699406848152114,-0.2518587616520329,0.69807161349518,-0.09541857312450672,0.18834084039720836,-0.38285607179681697,0.01649923950122397,0.0,0.0,0.0,0.0,0.0,0.0,0.0,0.0,0.0,0.0,0.0,0.0,0.43835888738733925,0.1734331528224255,-0.09684240559827427,-0.2720063901172133,0.5322733996209807,0.18160054702349185,0.3719748276200168,0.06554454037859013,0.0,0.0,0.0,0.0,0.0,0.0,0.0,0.0,0.0,0.0,0.0,0.0
0.7055450722721167,0.5644469393004875,-0.5489642551557045,-0.4861253813810337,0.5720361399581235,0.37095707930664373,0.4134004812664607,0.30076484104213264,0.0,0.0,0.0,0.0,0.0,0.0,0.0,0.0,0.0,0.0,0.0,0.0,0.0,-0.40699406848152114,-0.2518587616520329,0.69807161349518,-0.09541857312450672,0.18834084039720836,-0.38285607179681697,0.01649923950122397,0.0,0.0,0.0,0.0,0.0,0.0,0.0,0.0,0.0,0.0,0.0,0.0,0.43835888738733925,0.1734331528224255,-0.09684240559827427,-0.2720063901172133,0.5322733996209807,0.18160054702349185,0.3719748276200168,0.06554454037859013,0.0,0.0,0.0,0.0,0.0,0.0,0.0,0.0,0.0,0.0,0.0,0.0
0.7055450722721167,0.5644469393004875,-0.5489642551557045,-0.4861253813810337,0.5720361399581235,0.37095707930664373,0.4134004812664607,0.30076484104213264,0.0,0.0,0.0,0.0,0.0,0.0,0.0,0.0,0.0,0.0,0.0,0.0,0.0,-0.40699406848152114,-0.2518587616520329,0.69807161349518,-0.09541857312450672,0.18834084039720836,-0.38285607179681697,0.01649923950122397,0.0,0.0,0.0,0.0,0.0,0.0,0.0,0.0,0.0,0.0,0.0,0.0,0.43835888738733925,0.1734331528224255,-0.09684240559827427,-0.2720063901172133,0.5322733996209807,0.18160054702349185,0.3719748276200168,0.06554454037859013,0.0,0.0,0.0,0.0,0.0,0.0,0.0,0.0,0.0,0.0,0.0,0.0
0.7055450722721167,0.5644469393004875,-0.5489642551557045,-0.4861253813810337,0.5720361399581235,0.37095707930664373,0.4134004812664607,0.30076484104213264,0.0,0.0,0.0,0.0,0.0,0.0,0.0,0.0,0.0,0.0,0.0,0.0,0.0,-0.40699406848152114,-0.2518587616520329,0.69807161349518,-0.09541857312450672,0.18834084039720836,-0.38285607179681697,0.01649923950122397,0.0,0.0,0.0,0.0,0.0,0.0,0.0,0.0,0.0,0.0,0.0,0.0,0.43835888738733925,0.1734331528224255,-0.09684240559827427,-0.2720063901172133,0.5322733996209807,0.18160054702349185,0.3719748276200168,0.06554454037859013,0.0,0.0,0.0,0.0,0.0,0.0,0.0,0.0,0.0,0.0,0.0,0.0
0.7055450722721167,0.5644469393004875,-0.5489642551557045,-0.4861253813810337,0.5720361399581235,0.37095707930664373,0.4134004812664607,0.30076484104213264,0.0,0.0,0.0,0.0,0.0,0.0,0.0,0.0,0.0,0.0,0.0,0.0,0.0,-0.40699406848152114,-0.2518587616520329,0.69807161349518,-0.09541857312450672,0.18834084039720836,-0.38285607179681697,0.01649923950122397,0.0,0.0,0.0,0.0,0.0,0.0,0.0,0.0,0.0,0.0,0.0,0.0,0.43835888738733925,0.1734331528224255,-0.09684240559827427,-0.2720063901172133,0.5322733996209807,0.18160054702349185,0.3719748276200168,0.06554454037859013,0.0,0.0,0.0,0.0,0.0,0.0,0.0,0.0,0.0,0.0,0.0,0.0
0.7055450722721167,0.5644469393004875,-0.5489642551557045,-0.4861253813810337,0.5720361399581235,0.37095707930664373,0.4134004812664607,0.30076484104213264,0.0,0.0,0.0,0.0,0.0,0.0,0.0,0.0,0.0,0.0,0.0,0.0,0.0,-0.40699406848152114,-0.2518587616520329,0.69807161349518,-0.09541857312450672,0.18834084039720836,-0.38285607179681697,0.01649923950122397,0.0,0.0,0.0,0.0,0.0,0.0,0.0,0.0,0.0,0.0,0.0,0.0,0.43835888738733925,0.1734331528224255,-0.09684240559827427,-0.2720063901172133,0.5322733996209807,0.18160054702349185,0.3719748276200168,0.06554454037859013,0.0,0.0,0.0,0.0,0.0,0.0,0.0,0.0,0.0,0.0,0.0,0.0
0.3971396342390595,0.5644469393004875,-1.0520343925170412,-0.6548777975729883,0.5720361399581235,0.6114703627700021,0.36038292989506454,0.31748948465893334,0.0,0.0,0.0,0.0,0.0,0.0,0.0,0.0,0.0,0.0,0.0,0.0,0.0,1.7410301818376182,-0.2518587616520329,-0.7541211591042821,-0.09541857312450672,0.8161436417212367,-0.4488258302382274,0.3494042489064511,0.0,0.0,0.0,0.0,0.0,0.0,0.0,0.0,0.0,0.0,0.0,0.0,0.43835888738733925,0.6564473080770636,-1.1423001933069177,-0.7034822037539806,0.38292767587795384,0.6921993944841621,0.13596114711554644,0.3329019385312014,0.0,0.0,0.0,0.0,0.0,0.0,0.0,0.0,0.0,0.0,0.0,0.0
0.3971396342390595,0.5644469393004875,-1.0520343925170412,-0.6548777975729883,0.5720361399581235,0.6114703627700021,0.36038292989506454,0.31748948465893334,0.0,0.0,0.0,0.0,0.0,0.0,0.0,0.0,0.0,0.0,0.0,0.0,0.0,1.7410301818376182,-0.2518587616520329,-0.7541211591042821,-0.09541857312450672,0.8161436417212367,-0.4488258302382274,0.3494042489064511,0.0,0.0,0.0,0.0,0.0,0.0,0.0,0.0,0.0,0.0,0.0,0.0,0.43835888738733925,0.6564473080770636,-1.1423001933069177,-0.7034822037539806,0.38292767587795384,0.6921993944841621,0.13596114711554644,0.3329019385312014,0.0,0.0,0.0,0.0,0.0,0.0,0.0,0.0,0.0,0.0,0.0,0.0
0.3971396342390595,0.5644469393004875,-1.0520343925170412,-0.6548777975729883,0.5720361399581235,0.6114703627700021,0.36038292989506454,0.31748948465893334,0.0,0.0,0.0,0.0,0.0,0.0,0.0,0.0,0.0,0.0,0.0,0.0,0.0,1.7410301818376182,-0.2518587616520329,-0.7541211591042821,-0.09541857312450672,0.8161436417212367,-0.4488258302382274,0.3494042489064511,0.0,0.0,0.0,0.0,0.0,0.0,0.0,0.0,0.0,0.0,0.0,0.0,0.43835888738733925,0.6564473080770636,-1.1423001933069177,-0.7034822037539806,0.38292767587795384,0.6921993944841621,0.13596114711554644,0.3329019385312014,0.0,0.0,0.0,0.0,0.0,0.0,0.0,0.0,0.0,0.0,0.0,0.0
0.3971396342390595,0.5644469393004875,-1.0520343925170412,-0.6548777975729883,0.5720361399581235,0.6114703627700021,0.36038292989506454,0.31748948465893334,0.0,0.0,0.0,0.0,0.0,0.0,0.0,0.0,0.0,0.0,0.0,0.0,0.0,1.7410301818376182,-0.2518587616520329,-0.7541211591042821,-0.09541857312450672,0.8161436417212367,-0.4488258302382274,0.3494042489064511,0.0,0.0,0.0,0.0,0.0,0.0,0.0,0.0,0.0,0.0,0.0,0.0,0.43835888738733925,0.6564473080770636,-1.1423001933069177,-0.7034822037539806,0.38292767587795384,0.6921993944841621,0.13596114711554644,0.3329019385312014,0.0,0.0,0.0,0.0,0.0,0.0,0.0,0.0,0.0,0.0,0.0,0.0
0.3971396342390595,0.5644469393004875,-1.0520343925170412,-0.6548777975729883,0.5720361399581235,0.6114703627700021,0.36038292989506454,0.31748948465893334,0.0,0.0,0.0,0.0,0.0,0.0,0.0,0.0,0.0,0.0,0.0,0.0,0.0,1.7410301818376182,-0.2518587616520329,-0.7541211591042821,-0.09541857312450672,0.8161436417212367,-0.4488258302382274,0.3494042489064511,0.0,0.0,0.0,0.0,0.0,0.0,0.0,0.0,0.0,0.0,0.0,0.0,0.43835888738733925,0.6564473080770636,-1.1423001933069177,-0.7034822037539806,0.38292767587795384,0.6921993944841621,0.13596114711554644,0.3329019385312014,0.0,0.0,0.0,0.0,0.0,0.0,0.0,0.0,0.0,0.0,0.0,0.0
0.3971396342390595,0.5644469393004875,-1.0520343925170412,-0.6548777975729883,0.5720361399581235,0.6114703627700021,0.36038292989506454,0.31748948465893334,0.0,0.0,0.0,0.0,0.0,0.0,0.0,0.0,0.0,0.0,0.0,0.0,0.0,1.7410301818376182,-0.2518587616520329,-0.7541211591042821,-0.09541857312450672,0.8161436417212367,-0.4488258302382274,0.3494042489064511,0.0,0.0,0.0,0.0,0.0,0.0,0.0,0.0,0.0,0.0,0.0,0.0,0.43835888738733925,0.6564473080770636,-1.1423001933069177,-0.7034822037539806,0.38292767587795384,0.6921993944841621,0.13596114711554644,0.3329019385312014,0.0,0.0,0.0,0.0,0.0,0.0,0.0,0.0,0.0,0.0,0.0,0.0
0.3971396342390595,0.5644469393004875,-1.0520343925170412,-0.6548777975729883,0.5720361399581235,0.6114703627700021,0.36038292989506454,0.31748948465893334,0.0,0.0,0.0,0.0,0.0,0.0,0.0,0.0,0.0,0.0,0.0,0.0,0.0,1.7410301818376182,-0.2518587616520329,-0.7541211591042821,-0.09541857312450672,0.8161436417212367,-0.4488258302382274,0.3494042489064511,0.0,0.0,0.0,0.0,0.0,0.0,0.0,0.0,0.0,0.0,0.0,0.0,0.43835888738733925,0.6564473080770636,-1.1423001933069177,-0.7034822037539806,0.38292767587795384,0.6921993944841621,0.13596114711554644,0.3329019385312014,0.0,0.0,0.0,0.0,0.0,0.0,0.0,0.0,0.0,0.0,0.0,0.0
0.3971396342390595,0.5644469393004875,-1.0520343925170412,-0.6548777975729883,0.5720361399581235,0.6114703627700021,0.36038292989506454,0.31748948465893334,0.0,0.0,0.0,0.0,0.0,0.0,0.0,0.0,0.0,0.0,0.0,0.0,0.0,1.7410301818376182,-0.2518587616520329,-0.7541211591042821,-0.09541857312450672,0.8161436417212367,-0.4488258302382274,0.3494042489064511,0.0,0.0,0.0,0.0,0.0,0.0,0.0,0.0,0.0,0.0,0.0,0.0,0.43835888738733925,0.6564473080770636,-1.1423001933069177,-0.7034822037539806,0.38292767587795384,0.6921993944841621,0.13596114711554644,0.3329019385312014,0.0,0.0,0.0,0.0,0.0,0.0,0.0,0.0,0.0,0.0,0.0,0.0
0.3971396342390595,0.5644469393004875,-1.0520343925170412,-0.6548777975729883,0.5720361399581235,0.6114703627700021,0.36038292989506454,0.31748948465893334,0.0,0.0,0.0,0.0,0.0,0.0,0.0,0.0,0.0,0.0,0.0,0.0,0.0,1.7410301818376182,-0.2518587616520329,-0.7541211591042821,-0.09541857312450672,0.8161436417212367,-0.4488258302382274,0.3494042489064511,0.0,0.0,0.0,0.0,0.0,0.0,0.0,0.0,0.0,0.0,0.0,0.0,0.43835888738733925,0.6564473080770636,-1.1423001933069177,-0.7034822037539806,0.38292767587795384,0.6921993944841621,0.13596114711554644,0.3329019385312014,0.0,0.0,0.0,0.0,0.0,0.0,0.0,0.0,0.0,0.0,0.0,0.0
1.322355948338231,1.5277246500827566,-0.5489642551557045,-0.4861253813810337,1.290626993459237,1.4360873346443739,1.3394403785535136,1.6429174912903888,0.0,0.0,0.0,0.0,0.0,0.0,0.0,0.0,0.0,0.0,0.0,0.0,0.0,1.7410301818376182,-0.2518587616520329,-0.7541211591042821,-0.09541857312450672,0.8161436417212367,1.002508855472802,1.5249750633686594,0.0,0.0,0.0,0.0,0.0,0.0,0.0,0.0,0.0,0.0,0.0,0.0,1.1732546691837613,1.9444850554227653,-0.305933963140003,-0.7034822037539806,1.2043291564646017,1.7830242049683211,1.2607923052645118,2.222377332197975,0.0,0.0,0.0,0.0,0.0,0.0,0.0,0.0,0.0,0.0,0.0,0.0
1.322355948338231,1.5277246500827566,-0.5489642551557045,-0.4861253813810337,1.290626993459237,1.4360873346443739,1.3394403785535136,1.6429174912903888,0.0,0.0,0.0,0.0,0.0,0.0,0.0,0.0,0.0,0.0,0.0,0.0,0.0,1.7410301818376182,-0.2518587616520329,-0.7541211591042821,-0.09541857312450672,0.8161436417212367,1.002508855472802,1.5249750633686594,0.0,0.0,0.0,0.0,0.0,0.0,0.0,0.0,0.0,0.0,0.0,0.0,1.1732546691837613,1.9444850554227653,-0.305933963140003,-0.7034822037539806,1.2043291564646017,1.7830242049683211,1.2607923052645118,2.222377332197975,0.0,0.0,0.0,0.0,0.0,0.0,0.0,0.0,0.0,0.0,0.0,0.0
1.322355948338231,1.5277246500827566,-0.5489642551557045,-0.4861253813810337,1.290626993459237,1.4360873346443739,1.3394403785535136,1.6429174912903888,0.0,0.0,0.0,0.0,0.0,0.0,0.0,0.0,0.0,0.0,0.0,0.0,0.0,1.7410301818376182,-0.2518587616520329,-0.7541211591042821,-0.09541857312450672,0.8161436417212367,1.002508855472802,1.5249750633686594,0.0,0.0,0.0,0.0,0.0,0.0,0.0,0.0,0.0,0.0,0.0,0.0,1.1732546691837613,1.9444850554227653,-0.305933963140003,-0.7034822037539806,1.2043291564646017,1.7830242049683211,1.2607923052645118,2.222377332197975,0.0,0.0,0.0,0.0,0.0,0.0,0.0,0.0,0.0,0.0,0.0,0.0
1.322355948338231,1.5277246500827566,-0.5489642551557045,-0.4861253813810337,1.290626993459237,1.4360873346443739,1.3394403785535136,1.6429174912903888,0.0,0.0,0.0,0.0,0.0,0.0,0.0,0.0,0.0,0.0,0.0,0.0,0.0,1.7410301818376182,-0.2518587616520329,-0.7541211591042821,-0.09541857312450672,0.8161436417212367,1.002508855472802,1.5249750633686594,0.0,0.0,0.0,0.0,0.0,0.0,0.0,0.0,0.0,0.0,0.0,0.0,1.1732546691837613,1.9444850554227653,-0.305933963140003,-0.7034822037539806,1.2043291564646017,1.7830242049683211,1.2607923052645118,2.222377332197975,0.0,0.0,0.0,0.0,0.0,0.0,0.0,0.0,0.0,0.0,0.0,0.0
1.322355948338231,1.5277246500827566,-0.5489642551557045,-0.4861253813810337,1.290626993459237,1.4360873346443739,1.3394403785535136,1.6429174912903888,0.0,0.0,0.0,0.0,0.0,0.0,0.0,0.0,0.0,0.0,0.0,0.0,0.0,1.7410301818376182,-0.2518587616520329,-0.7541211591042821,-0.09541857312450672,0.8161436417212367,1.002508855472802,1.5249750633686594,0.0,0.0,0.0,0.0,0.0,0.0,0.0,0.0,0.0,0.0,0.0,0.0,1.1732546691837613,1.9444850554227653,-0.305933963140003,-0.7034822037539806,1.2043291564646017,1.7830242049683211,1.2607923052645118,2.222377332197975,0.0,0.0,0.0,0.0,0.0,0.0,0.0,0.0,0.0,0.0,0.0,0.0
1.322355948338231,1.5277246500827566,-0.5489642551557045,-0.4861253813810337,1.290626993459237,1.4360873346443739,1.3394403785535136,1.6429174912903888,0.0,0.0,0.0,0.0,0.0,0.0,0.0,0.0,0.0,0.0,0.0,0.0,0.0,1.7410301818376182,-0.2518587616520329,-0.7541211591042821,-0.09541857312450672,0.8161436417212367,1.002508855472802,1.5249750633686594,0.0,0.0,0.0,0.0,0.0,0.0,0.0,0.0,0.0,0.0,0.0,0.0,1.1732546691837613,1.9444850554227653,-0.305933963140003,-0.7034822037539806,1.2043291564646017,1.7830242049683211,1.2607923052645118,2.222377332197975,0.0,0.0,0.0,0.0,0.0,0.0,0.0,0.0,0.0,0.0,0.0,0.0
1.322355948338231,1.5277246500827566,-0.5489642551557045,-0.4861253813810337,1.290626993459237,1.4360873346443739,1.3394403785535136,1.6429174912903888,0.0,0.0,0.0,0.0,0.0,0.0,0.0,0.0,0.0,0.0,0.0,0.0,0.0,1.7410301818376182,-0.2518587616520329,-0.7541211591042821,-0.09541857312450672,0.8161436417212367,1.002508855472802,1.5249750633686594,0.0,0.0,0.0,0.0,0.0,0.0,0.0,0.0,0.0,0.0,0.0,0.0,1.1732546691837613,1.9444850554227653,-0.305933963140003,-0.7034822037539806,1.2043291564646017,1.7830242049683211,1.2607923052645118,2.222377332197975,0.0,0.0,0.0,0.0,0.0,0.0,0.0,0.0,0.0,0.0,0.0,0.0
1.322355948338231,1.5277246500827566,-0.5489642551557045,-0.4861253813810337,1.290626993459237,1.4360873346443739,1.3394403785535136,1.6429174912903888,0.0,0.0,0.0,0.0,0.0,0.0,0.0,0.0,0.0,0.0,0.0,0.0,0.0,1.7410301818376182,-0.2518587616520329,-0.7541211591042821,-0.09541857312450672,0.8161436417212367,1.002508855472802,1.5249750633686594,0.0,0.0,0.0,0.0,0.0,0.0,0.0,0.0,0.0,0.0,0.0,0.0,1.1732546691837613,1.9444850554227653,-0.305933963140003,-0.7034822037539806,1.2043291564646017,1.7830242049683211,1.2607923052645118,2.222377332197975,0.0,0.0,0.0,0.0,0.0,0.0,0.0,0.0,0.0,0.0,0.0,0.0
1.322355948338231,1.5277246500827566,-0.5489642551557045,-0.4861253813810337,1.290626993459237,1.4360873346443739,1.3394403785535136,1.6429174912903888,0.0,0.0,0.0,0.0,0.0,0.0,0.0,0.0,0.0,0.0,0.0,0.0,0.0,1.7410301818376182,-0.2518587616520329,-0.7541211591042821,-0.09541857312450672,0.8161436417212367,1.002508855472802,1.5249750633686594,0.0,0.0,0.0,0.0,0.0,0.0,0.0,0.0,0.0,0.0,0.0,0.0,1.1732546691837613,1.9444850554227653,-0.305933963140003,-0.7034822037539806,1.2043291564646017,1.7830242049683211,1.2607923052645118,2.222377332197975,0.0,0.0,0.0,0.0,0.0,0.0,0.0,0.0,0.0,0.0,0.0,0.0
1.322355948338231,1.5277246500827566,-1.3035694611977096,-0.6548777975729883,1.5600985635221545,1.4704463751391394,1.5161655497915008,1.308424618954375,0.0,0.0,0.0,0.0,0.0,0.0,0.0,0.0,0.0,0.0,0.0,0.0,0.0,1.7410301818376182,-0.2518587616520329,-0.7541211591042821,1.4153755013468503,1.1300450423832507,1.2663878892384437,0.7863420737508117,0.0,0.0,0.0,0.0,0.0,0.0,0.0,0.0,0.0,0.0,0.0,0.0,1.9081504509801832,1.3004661817499144,-0.7241170782234604,-0.5596569325417249,1.8763849133082224,1.4348886271542278,2.0767970516895424,1.199005106496173,0.0,0.0,0.0,0.0,0.0,0.0,0.0,0.0,0.0,0.0,0.0,0.0
1.322355948338231,1.5277246500827566,-1.3035694611977096,-0.6548777975729883,1.5600985635221545,1.4704463751391394,1.5161655497915008,1.308424618954375,0.0,0.0,0.0,0.0,0.0,0.0,0.0,0.0,0.0,0.0,0.0,0.0,0.0,1.7410301818376182,-0.2518587616520329,-0.7541211591042821,1.4153755013468503,1.1300450423832507,1.2663878892384437,0.7863420737508117,0.0,0.0,0.0,0.0,0.0,0.0,0.0,0.0,0.0,0.0,0.0,0.0,1.9081504509801832,1.3004661817499144,-0.7241170782234604,-0.5596569325417249,1.8763849133082224,1.4348886271542278,2.0767970516895424,1.199005106496173,0.0,0.0,0.0,0.0,0.0,0.0,0.0,0.0,0.0,0.0,0.0,0.0
1.322355948338231,1.5277246500827566,-1.3035694611977096,-0.6548777975729883,1.5600985635221545,1.4704463751391394,1.5161655497915008,1.308424618954375,0.0,0.0,0.0,0.0,0.0,0.0,0.0,0.0,0.0,0.0,0.0,0.0,0.0,1.7410301818376182,-0.2518587616520329,-0.7541211591042821,1.4153755013468503,1.1300450423832507,1.2663878892384437,0.7863420737508117,0.0,0.0,0.0,0.0,0.0,0.0,0.0,0.0,0.0,0.0,0.0,0.0,1.9081504509801832,1.3004661817499144,-0.7241170782234604,-0.5596569325417249,1.8763849133082224,1.4348886271542278,2.0767970516895424,1.199005106496173,0.0,0.0,0.0,0.0,0.0,0.0,0.0,0.0,0.0,0.0,0.0,0.0
1.322355948338231,1.5277246500827566,-1.3035694611977096,-0.6548777975729883,1.5600985635221545,1.4704463751391394,1.5161655497915008,1.308424618954375,0.0,0.0,0.0,0.0,0.0,0.0,0.0,0.0,0.0,0.0,0.0,0.0,0.0,1.7410301818376182,-0.2518587616520329,-0.7541211591042821,1.4153755013468503,1.1300450423832507,1.2663878892384437,0.7863420737508117,0.0,0.0,0.0,0.0,0.0,0.0,0.0,0.0,0.0,0.0,0.0,0.0,1.9081504509801832,1.3004661817499144,-0.7241170782234604,-0.5596569325417249,1.8763849133082224,1.4348886271542278,2.0767970516895424,1.199005106496173,0.0,0.0,0.0,0.0,0.0,0.0,0.0,0.0,0.0,0.0,0.0,0.0
1.322355948338231,1.5277246500827566,-1.3035694611977096,-0.6548777975729883,1.5600985635221545,1.4704463751391394,1.5161655497915008,1.308424618954375,0.0,0.0,0.0,0.0,0.0,0.0,0.0,0.0,0.0,0.0,0.0,0.0,0.0,1.7410301818376182,-0.2518587616520329,-0.7541211591042821,1.4153755013468503,1.1300450423832507,1.2663878892384437,0.7863420737508117,0.0,0.0,0.0,0.0,0.0,0.0,0.0,0.0,0.0,0.0,0.0,0.0,1.9081504509801832,1.3004661817499144,-0.7241170782234604,-0.5596569325417249,1.8763849133082224,1.4348886271542278,2.0767970516895424,1.199005106496173,0.0,0.0,0.0,0.0,0.0,0.0,0.0,0.0,0.0,0.0,0.0,0.0
1.322355948338231,1.5277246500827566,-1.3035694611977096,-0.6548777975729883,1.5600985635221545,1.4704463751391394,1.5161655497915008,1.308424618954375,0.0,0.0,0.0,0.0,0.0,0.0,0.0,0.0,0.0,0.0,0.0,0.0,0.0,1.7410301818376182,-0.2518587616520329,-0.7541211591042821,1.4153755013468503,1.1300450423832507,1.2663878892384437,0.7863420737508117,0.0,0.0,0.0,0.0,0.0,0.0,0.0,0.0,0.0,0.0,0.0,0.0,1.9081504509801832,1.3004661817499144,-0.7241170782234604,-0.5596569325417249,1.8763849133082224,1.4348886271542278,2.0767970516895424,1.199005106496173,0.0,0.0,0.0,0.0,0.0,0.0,0.0,0.0,0.0,0.0,0.0,0.0
1.322355948338231,1.5277246500827566,-1.3035694611977096,-0.6548777975729883,1.5600985635221545,1.4704463751391394,1.5161655497915008,1.308424618954375,0.0,0.0,0.0,0.0,0.0,0.0,0.0,0.0,0.0,0.0,0.0,0.0,0.0,1.7410301818376182,-0.2518587616520329,-0.7541211591042821,1.4153755013468503,1.1300450423832507,1.2663878892384437,0.7863420737508117,0.0,0.0,0.0,0.0,0.0,0.0,0.0,0.0,0.0,0.0,0.0,0.0,1.9081504509801832,1.3004661817499144,-0.7241170782234604,-0.5596569325417249,1.8763849133082224,1.4348886271542278,2.0767970516895424,1.199005106496173,0.0,0.0,0.0,0.0,0.0,0.0,0.0,0.0,0.0,0.0,0.0,0.0
1.322355948338231,1.5277246500827566,-1.3035694611977096,-0.6548777975729883,1.5600985635221545,1.4704463751391394,1.5161655497915008,1.308424618954375,0.0,0.0,0.0,0.0,0.0,0.0,0.0,0.0,0.0,0.0,0.0,0.0,0.0,1.7410301818376182,-0.2518587616520329,-0.7541211591042821,1.4153755013468503,1.1300450423832507,1.2663878892384437,0.7863420737508117,0.0,0.0,0.0,0.0,0.0,0.0,0.0,0.0,0.0,0.0,0.0,0.0,1.9081504509801832,1.3004661817499144,-0.7241170782234604,-0.5596569325417249,1.8763849133082224,1.4348886271542278,2.0767970516895424,1.199005106496173,0.0,0.0,0.0,0.0,0.0,0.0,0.0,0.0,0.0,0.0,0.0,0.0
1.322355948338231,1.5277246500827566,-1.3035694611977096,-0.6548777975729883,1.5600985635221545,1.4704463751391394,1.5161655497915008,1.308424618954375,0.0,0.0,0.0,0.0,0.0,0.0,0.0,0.0,0.0,0.0,0.0,0.0,0.0,1.7410301818376182,-0.2518587616520329,-0.7541211591042821,1.4153755013468503,1.1300450423832507,1.2663878892384437,0.7863420737508117,0.0,0.0,0.0,0.0,0.0,0.0,0.0,0.0,0.0,0.0,0.0,0.0,1.9081504509801832,1.3004661817499144,-0.7241170782234604,-0.5596569325417249,1.8763849133082224,1.4348886271542278,2.0767970516895424,1.199005106496173,0.0,0.0,0.0,0.0,0.0,0.0,0.0,0.0,0.0,0.0,0.0,0.0
0.08873419620600241,-0.15801134378621426,1.2117812256089742,1.2013987805385116,0.033092999832288424,-0.07571044712530763,-0.05315397080182551,-0.2009744674618884,0.0,0.0,0.0,0.0,0.0,0.0,0.0,0.0,0.0,0.0,0.0,0.0,0.0,-0.40699406848152114,-0.2518587616520329,-0.7541211591042821,-0.09541857312450672,-0.753363361588834,-0.05300727958976483,-0.3996320222553099,0.0,0.0,0.0,0.0,0.0,0.0,0.0,0.0,0.0,0.0,0.0,0.0,0.19339362678853195,-0.3095810024322126,1.3667984971938265,1.3100715932176001,0.04689979745614337,-0.21295310783248061,-0.02472901833430574,-0.3781788725217521,0.0,0.0,0.0,0.0,0.0,0.0,0.0,0.0,0.0,0.0,0.0,0.0
0.08873419620600241,-0.15801134378621426,1.2117812256089742,1.2013987805385116,0.033092999832288424,-0.07571044712530763,-0.05315397080182551,-0.2009744674618884,0.0,0.0,0.0,0.0,0.0,0.0,0.0,0.0,0.0,0.0,0.0,0.0,0.0,-0.40699406848152114,-0.2518587616520329,-0.7541211591042821,-0.09541857312450672,-0.753363361588834,-0.05300727958976483,-0.3996320222553099,0.0,0.0,0.0,0.0,0.0,0.0,0.0,0.0,0.0,0.0,0.0,0.0,0.19339362678853195,-0.3095810024322126,1.3667984971938265,1.3100715932176001,0.04689979745614337,-0.21295310783248061,-0.02472901833430574,-0.3781788725217521,0.0,0.0,0.0,0.0,0.0,0.0,0.0,0.0,0.0,0.0,0.0,0.0
0.08873419620600241,-0.15801134378621426,1.2117812256089742,1.2013987805385116,0.033092999832288424,-0.07571044712530763,-0.05315397080182551,-0.2009744674618884,0.0,0.0,0.0,0.0,0.0,0.0,0.0,0.0,0.0,0.0,0.0,0.0,0.0,-0.40699406848152114,-0.2518587616520329,-0.7541211591042821,-0.09541857312450672,-0.753363361588834,-0.05300727958976483,-0.3996320222553099,0.0,0.0,0.0,0.0,0.0,0.0,0.0,0.0,0.0,0.0,0.0,0.0,0.19339362678853195,-0.3095810024322126,1.3667984971938265,1.3100715932176001,0.04689979745614337,-0.21295310783248061,-0.02472901833430574,-0.3781788725217521,0.0,0.0,0.0,0.0,0.0,0.0,0.0,0.0,0.0,0.0,0.0,0.0
0.08873419620600241,-0.15801134378621426,1.2117812256089742,1.2013987805385116,0.033092999832288424,-0.07571044712530763,-0.05315397080182551,-0.2009744674618884,0.0,0.0,0.0,0.0,0.0,0.0,0.0,0.0,0.0,0.0,0.0,0.0,0.0,-0.40699406848152114,-0.2518587616520329,-0.7541211591042821,-0.09541857312450672,-0.753363361588834,-0.05300727958976483,-0.3996320222553099,0.0,0.0,0.0,0.0,0.0,0.0,0.0,0.0,0.0,0.0,0.0,0.0,0.19339362678853195,-0.3095810024322126,1.3667984971938265,1.3100715932176001,0.04689979745614337,-0.21295310783248061,-0.02472901833430574,-0.3781788725217521,0.0,0.0,0.0,0.0,0.0,0.0,0.0,0.0,0.0,0.0,0.0,0.0
0.08873419620600241,-0.15801134378621426,1.2117812256089742,1.2013987805385116,0.033092999832288424,-0.07571044712530763,-0.05315397080182551,-0.2009744674618884,0.0,0.0,0.0,0.0,0.0,0.0,0.0,0.0,0.0,0.0,0.0,0.0,0.0,-0.40699406848152114,-0.2518587616520329,-0.7541211591042821,-0.09541857312450672,-0.753363361588834,-0.05300727958976483,-0.3996320222553099,0.0,0.0,0.0,0.0,0.0,0.0,0.0,0.0,0.0,0.0,0.0,0.0,0.19339362678853195,-0.3095810024322126,1.3667984971938265,1.3100715932176001,0.04689979745614337,-0.21295310783248061,-0.02472901833430574,-0.3781788725217521,0.0,0.0,0.0,0.0,0.0,0.0,0.0,0.0,0.0,0.0,0.0,0.0
0.08873419620600241,-0.15801134378621426,1.2117812256089742,1.2013987805385116,0.033092999832288424,-0.07571044712530763,-0.05315397080182551,-0.2009744674618884,0.0,0.0,0.0,0.0,0.0,0.0,0.0,0.0,0.0,0.0,0.0,0.0,0.0,-0.40699406848152114,-0.2518587616520329,-0.7541211591042821,-0.09541857312450672,-0.753363361588834,-0.05300727958976483,-0.3996320222553099,0.0,0.0,0.0,0.0,0.0,0.0,0.0,0.0,0.0,0.0,0.0,0.0,0.19339362678853195,-0.3095810024322126,1.3667984971938265,1.3100715932176001,0.04689979745614337,-0.21295310783248061,-0.02472901833430574,-0.3781788725217521,0.0,0.0,0.0,0.0,0.0,0.0,0.0,0.0,0.0,0.0,0.0,0.0
0.08873419620600241,-0.15801134378621426,1.2117812256089742,1.2013987805385116,0.033092999832288424,-0.07571044712530763,-0.05315397080182551,-0.2009744674618884,0.0,0.0,0.0,0.0,0.0,0.0,0.0,0.0,0.0,0.0,0.0,0.0,0.0,-0.40699406848152114,-0.2518587616520329,-0.7541211591042821,-0.09541857312450672,-0.753363361588834,-0.05300727958976483,-0.3996320222553099,0.0,0.0,0.0,0.0,0.0,0.0,0.0,0.0,0.0,0.0,0.0,0.0,0.19339362678853195,-0.3095810024322126,1.3667984971938265,1.3100715932176001,0.04689979745614337,-0.21295310783248061,-0.02472901833430574,-0.3781788725217521,0.0,0.0,0.0,0.0,0.0,0.0,0.0,0.0,0.0,0.0,0.0,0.0
0.08873419620600241,-0.15801134378621426,1.2117812256089742,1.2013987805385116,0.033092999832288424,-0.07571044712530763,-0.05315397080182551,-0.2009744674618884,0.0,0.0,0.0,0.0,0.0,0.0,0.0,0.0,0.0,0.0,0.0,0.0,0.0,-0.40699406848152114,-0.2518587616520329,-0.7541211591042821,-0.09541857312450672,-0.753363361588834,-0.05300727958976483,-0.3996320222553099,0.0,0.0,0.0,0.0,0.0,0.0,0.0,0.0,0.0,0.0,0.0,0.0,0.19339362678853195,-0.3095810024322126,1.3667984971938265,1.3100715932176001,0.04689979745614337,-0.21295310783248061,-0.02472901833430574,-0.3781788725217521,0.0,0.0,0.0,0.0,0.0,0.0,0.0,0.0,0.0,0.0,0.0,0.0
0.08873419620600241,-0.15801134378621426,1.2117812256089742,1.2013987805385116,0.033092999832288424,-0.07571044712530763,-0.05315397080182551,-0.2009744674618884,0.0,0.0,0.0,0.0,0.0,0.0,0.0,0.0,0.0,0.0,0.0,0.0,0.0,-0.40699406848152114,-0.2518587616520329,-0.7541211591042821,-0.09541857312450672,-0.753363361588834,-0.05300727958976483,-0.3996320222553099,0.0,0.0,0.0,0.0,0.0,0.0,0.0,0.0,0.0,0.0,0.0,0.0,0.19339362678853195,-0.3095810024322126,1.3667984971938265,1.3100715932176001,0.04689979745614337,-0.21295310783248061,-0.02472901833430574,-0.3781788725217521,0.0,0.0,0.0,0.0,0.0,0.0,0.0,0.0,0.0,0.0,0.0,0.0
0.08873419620600241,-0.15801134378621426,1.2117812256089742,0.1888842833867844,0.078004928176108,-0.11006948762007311,-0.05668847422658525,-0.2176991110786891,0.0,0.0,0.0,0.0,0.0,0.0,0.0,0.0,0.0,0.0,0.0,0.0,0.0,-0.40699406848152114,-0.2518587616520329,0.69807161349518,-0.09541857312450672,-0.12556056026480578,-0.11897703803117526,-0.29559920681617646,0.0,0.0,0.0,0.0,0.0,0.0,0.0,0.0,0.0,0.0,0.0,0.0,0.19339362678853195,-0.1485762840139999,0.9486153821103692,0.44711996594406556,0.08423622839190009,-0.1665350307906015,-0.04983685668584514,-0.20181285777402114,0.0,0.0,0.0,0.0,0.0,0.0,0.0,0.0,0.0,0.0,0.0,0.0
0.08873419620600241,-0.15801134378621426,1.2117812256089742,0.1888842833867844,0.078004928176108,-0.11006948762007311,-0.05668847422658525,-0.2176991110786891,0.0,0.0,0.0,0.0,0.0,0.0,0.0,0.0,0.0,0.0,0.0,0.0,0.0,-0.40699406848152114,-0.2518587616520329,0.69807161349518,-0.09541857312450672,-0.12556056026480578,-0.11897703803117526,-0.29559920681617646,0.0,0.0,0.0,0.0,0.0,0.0,0.0,0.0,0.0,0.0,0.0,0.0,0.19339362678853195,-0.1485762840139999,0.9486153821103692,0.44711996594406556,0.08423622839190009,-0.1665350307906015,-0.04983685668584514,-0.20181285777402114,0.0,0.0,0.0,0.0,0.0,0.0,0.0,0.0,0.0,0.0,0.0,0.0
0.08873419620600241,-0.15801134378621426,1.2117812256089742,0.1888842833867844,0.078004928176108,-0.11006948762007311,-0.05668847422658525,-0.2176991110786891,0.0,0.0,0.0,0.0,0.0,0.0,0.0,0.0,0.0,0.0,0.0,0.0,0.0,-0.40699406848152114,-0.2518587616520329,0.69807161349518,-0.09541857312450672,-0.12556056026480578,-0.11897703803117526,-0.29559920681617646,0.0,0.0,0.0,0.0,0.0,0.0,0.0,0.0,0.0,0.0,0.0,0.0,0.19339362678853195,-0.1485762840139999,0.9486153821103692,0.44711996594406556,0.08423622839190009,-0.1665350307906015,-0.04983685668584514,-0.20181285777402114,0.0,0.0,0.0,0.0,0.0,0.0,0.0,0.0,0.0,0.0,0.0,0.0
0.08873419620600241,-0.15801134378621426,1.2117812256089742,0.1888842833867844,0.078004928176108,-0.11006948762007311,-0.05668847422658525,-0.2176991110786891,0.0,0.0,0.0,0.0,0.0,0.0,0.0,0.0,0.0,0.0,0.0,0.0,0.0,-0.40699406848152114,-0.2518587616520329,0.69807161349518,-0.09541857312450672,-0.12556056026480578,-0.11897703803117526,-0.29559920681617646,0.0,0.0,0.0,0.0,0.0,0.0,0.0,0.0,0.0,0.0,0.0,0.0,0.19339362678853195,-0.1485762840139999,0.9486153821103692,0.44711996594406556,0.08423622839190009,-0.1665350307906015,-0.04983685668584514,-0.20181285777402114,0.0,0.0,0.0,0.0,0.0,0.0,0.0,0.0,0.0,0.0,0.0,0.0
0.08873419620600241,-0.15801134378621426,1.2117812256089742,0.1888842833867844,0.078004928176108,-0.11006948762007311,-0.05668847422658525,-0.2176991110786891,0.0,0.0,0.0,0.0,0.0,0.0,0.0,0.0,0.0,0.0,0.0,0.0,0.0,-0.40699406848152114,-0.2518587616520329,0.69807161349518,-0.09541857312450672,-0.12556056026480578,-0.11897703803117526,-0.29559920681617646,0.0,0.0,0.0,0.0,0.0,0.0,0.0,0.0,0.0,0.0,0.0,0.0,0.19339362678853195,-0.1485762840139999,0.9486153821103692,0.44711996594406556,0.08423622839190009,-0.1665350307906015,-0.04983685668584514,-0.20181285777402114,0.0,0.0,0.0,0.0,0.0,0.0,0.0,0.0,0.0,0.0,0.0,0.0
0.08873419620600241,-0.15801134378621426,1.2117812256089742,0.1888842833867844,0.078004928176108,-0.11006948762007311,-0.05668847422658525,-0.2176991110786891,0.0,0.0,0.0,0.0,0.0,0.0,0.0,0.0,0.0,0.0,0.0,0.0,0.0,-0.40699406848152114,-0.2518587616520329,0.69807161349518,-0.09541857312450672,-0.12556056026480578,-0.11897703803117526,-0.29559920681617646,0.0,0.0,0.0,0.0,0.0,0.0,0.0,0.0,0.0,0.0,0.0,0.0,0.19339362678853195,-0.1485762840139999,0.9486153821103692,0.44711996594406556,0.08423622839190009,-0.1665350307906015,-0.04983685668584514,-0.20181285777402114,0.0,0.0,0.0,0.0,0.0,0.0,0.0,0.0,0.0,0.0,0.0,0.0
0.08873419620600241,-0.15801134378621426,1.2117812256089742,0.1888842833867844,0.078004928176108,-0.11006948762007311,-0.05668847422658525,-0.2176991110786891,0.0,0.0,0.0,0.0,0.0,0.0,0.0,0.0,0.0,0.0,0.0,0.0,0.0,-0.40699406848152114,-0.2518587616520329,0.69807161349518,-0.09541857312450672,-0.12556056026480578,-0.11897703803117526,-0.29559920681617646,0.0,0.0,0.0,0.0,0.0,0.0,0.0,0.0,0.0,0.0,0.0,0.0,0.19339362678853195,-0.1485762840139999,0.9486153821103692,0.44711996594406556,0.08423622839190009,-0.1665350307906015,-0.04983685668584514,-0.20181285777402114,0.0,0.0,0.0,0.0,0.0,0.0,0.0,0.0,0.0,0.0,0.0,0.0
0.08873419620600241,-0.15801134378621426,1.2117812256089742,0.1888842833867844,0.078004928176108,-0.11006948762007311,-0.05668847422658525,-0.2176991110786891,0.0,0.0,0.0,0.0,0.0,0.0,0.0,0.0,0.0,0.0,0.0,0.0,0.0,-0.40699406848152114,-0.2518587616520329,0.69807161349518,-0.09541857312450672,-0.12556056026480578,-0.11897703803117526,-0.29559920681617646,0.0,0.0,0.0,0.0,0.0,0.0,0.0,0.0,0.0,0.0,0.0,0.0,0.19339362678853195,-0.1485762840139999,0.9486153821103692,0.44711996594406556,0.08423622839190009,-0.1665350307906015,-0.04983685668584514,-0.20181285777402114,0.0,0.0,0.0,0.0,0.0,0.0,0.0,0.0,0.0,0.0,0.0,0.0
0.08873419620600241,-0.15801134378621426,1.2117812256089742,0.1888842833867844,0.078004928176108,-0.11006948762007311,-0.05668847422658525,-0.2176991110786891,0.0,0.0,0.0,0.0,0.0,0.0,0.0,0.0,0.0,0.0,0.0,0.0,0.0,-0.40699406848152114,-0.2518587616520329,0.69807161349518,-0.09541857312450672,-0.12556056026480578,-0.11897703803117526,-0.29559920681617646,0.0,0.0,0.0,0.0,0.0,0.0,0.0,0.0,0.0,0.0,0.0,0.0,0.19339362678853195,-0.1485762840139999,0.9486153821103692,0.44711996594406556,0.08423622839190009,-0.1665350307906015,-0.04983685668584514,-0.20181285777402114,0.0,0.0,0.0,0.0,0.0,0.0,0.0,0.0,0.0,0.0,0.0,0.0
0.7055450722721167,0.5644469393004875,1.2117812256089742,2.7201705262661022,0.4822122832704843,0.5083932412857057,0.4946940600359348,0.36139167415303514,0.0,0.0,0.0,0.0,0.0,0.0,0.0,0.0,0.0,0.0,0.0,0.0,0.0,-0.40699406848152114,-0.2518587616520329,-0.7541211591042821,1.4153755013468503,-0.4394619609268199,0.6066903048243395,-0.29559920681617646,0.0,0.0,0.0,0.0,0.0,0.0,0.0,0.0,0.0,0.0,0.0,0.0,0.6833241479861466,0.6564473080770636,1.9940731698190126,1.7415474068543675,0.5696098305567374,0.43689997075382697,0.5602836152565623,0.30481817822105317,0.0,0.0,0.0,0.0,0.0,0.0,0.0,0.0,0.0,0.0,0.0,0.0
0.7055450722721167,0.5644469393004875,1.2117812256089742,2.7201705262661022,0.4822122832704843,0.5083932412857057,0.4946940600359348,0.36139167415303514,0.0,0.0,0.0,0.0,0.0,0.0,0.0,0.0,0.0,0.0,0.0,0.0,0.0,-0.40699406848152114,-0.2518587616520329,-0.7541211591042821,1.4153755013468503,-0.4394619609268199,0.6066903048243395,-0.29559920681617646,0.0,0.0,0.0,0.0,0.0,0.0,0.0,0.0,0.0,0.0,0.0,0.0,0.6833241479861466,0.6564473080770636,1.9940731698190126,1.7415474068543675,0.5696098305567374,0.43689997075382697,0.5602836152565623,0.30481817822105317,0.0,0.0,0.0,0.0,0.0,0.0,0.0,0.0,0.0,0.0,0.0,0.0
0.7055450722721167,0.5644469393004875,1.2117812256089742,2.7201705262661022,0.4822122832704843,0.5083932412857057,0.4946940600359348,0.36139167415303514,0.0,0.0,0.0,0.0,0.0,0.0,0.0,0.0,0.0,0.0,0.0,0.0,0.0,-0.40699406848152114,-0.2518587616520329,-0.7541211591042821,1.4153755013468503,-0.4394619609268199,0.6066903048243395,-0.29559920681617646,0.0,0.0,0.0,0.0,0.0,0.0,0.0,0.0,0.0,0.0,0.0,0.0,0.6833241479861466,0.6564473080770636,1.9940731698190126,1.7415474068543675,0.5696098305567374,0.43689997075382697,0.5602836152565623,0.30481817822105317,0.0,0.0,0.0,0.0,0.0,0.0,0.0,0.0,0.0,0.0,0.0,0.0
0.7055450722721167,0.5644469393004875,1.2117812256089742,2.7201705262661022,0.4822122832704843,0.5083932412857057,0.4946940600359348,0.36139167415303514,0.0,0.0,0.0,0.0,0.0,0.0,0.0,0.0,0.0,0.0,0.0,0.0,0.0,-0.40699406848152114,-0.2518587616520329,-0.7541211591042821,1.4153755013468503,-0.4394619609268199,0.6066903048243395,-0.29559920681617646,0.0,0.0,0.0,0.0,0.0,0.0,0.0,0.0,0.0,0.0,0.0,0.0,0.6833241479861466,0.6564473080770636,1.9940731698190126,1.7415474068543675,0.5696098305567374,0.43689997075382697,0.5602836152565623,0.30481817822105317,0.0,0.0,0.0,0.0,0.0,0.0,0.0,0.0,0.0,0.0,0.0,0.0
0.7055450722721167,0.5644469393004875,1.2117812256089742,2.7201705262661022,0.4822122832704843,0.5083932412857057,0.4946940600359348,0.36139167415303514,0.0,0.0,0.0,0.0,0.0,0.0,0.0,0.0,0.0,0.0,0.0,0.0,0.0,-0.40699406848152114,-0.2518587616520329,-0.7541211591042821,1.4153755013468503,-0.4394619609268199,0.6066903048243395,-0.29559920681617646,0.0,0.0,0.0,0.0,0.0,0.0,0.0,0.0,0.0,0.0,0.0,0.0,0.6833241479861466,0.6564473080770636,1.9940731698190126,1.7415474068543675,0.5696098305567374,0.43689997075382697,0.5602836152565623,0.30481817822105317,0.0,0.0,0.0,0.0,0.0,0.0,0.0,0.0,0.0,0.0,0.0,0.0
0.7055450722721167,0.5644469393004875,1.2117812256089742,2.7201705262661022,0.4822122832704843,0.5083932412857057,0.4946940600359348,0.36139167415303514,0.0,0.0,0.0,0.0,0.0,0.0,0.0,0.0,0.0,0.0,0.0,0.0,0.0,-0.40699406848152114,-0.2518587616520329,-0.7541211591042821,1.4153755013468503,-0.4394619609268199,0.6066903048243395,-0.29559920681617646,0.0,0.0,0.0,0.0,0.0,0.0,0.0,0.0,0.0,0.0,0.0,0.0,0.6833241479861466,0.6564473080770636,1.9940731698190126,1.7415474068543675,0.5696098305567374,0.43689997075382697,0.5602836152565623,0.30481817822105317,0.0,0.0,0.0,0.0,0.0,0.0,0.0,0.0,0.0,0.0,0.0,0.0
0.7055450722721167,0.5644469393004875,1.2117812256089742,2.7201705262661022,0.4822122832704843,0.5083932412857057,0.4946940600359348,0.36139167415303514,0.0,0.0,0.0,0.0,0.0,0.0,0.0,0.0,0.0,0.0,0.0,0.0,0.0,-0.40699406848152114,-0.2518587616520329,-0.7541211591042821,1.4153755013468503,-0.4394619609268199,0.6066903048243395,-0.29559920681617646,0.0,0.0,0.0,0.0,0.0,0.0,0.0,0.0,0.0,0.0,0.0,0.0,0.6833241479861466,0.6564473080770636,1.9940731698190126,1.7415474068543675,0.5696098305567374,0.43689997075382697,0.5602836152565623,0.30481817822105317,0.0,0.0,0.0,0.0,0.0,0.0,0.0,0.0,0.0,0.0,0.0,0.0
0.7055450722721167,0.5644469393004875,1.2117812256089742,2.7201705262661022,0.4822122832704843,0.5083932412857057,0.4946940600359348,0.36139167415303514,0.0,0.0,0.0,0.0,0.0,0.0,0.0,0.0,0.0,0.0,0.0,0.0,0.0,-0.40699406848152114,-0.2518587616520329,-0.7541211591042821,1.4153755013468503,-0.4394619609268199,0.6066903048243395,-0.29559920681617646,0.0,0.0,0.0,0.0,0.0,0.0,0.0,0.0,0.0,0.0,0.0,0.0,0.6833241479861466,0.6564473080770636,1.9940731698190126,1.7415474068543675,0.5696098305567374,0.43689997075382697,0.5602836152565623,0.30481817822105317,0.0,0.0,0.0,0.0,0.0,0.0,0.0,0.0,0.0,0.0,0.0,0.0
0.7055450722721167,0.5644469393004875,1.2117812256089742,2.7201705262661022,0.4822122832704843,0.5083932412857057,0.4946940600359348,0.36139167415303514,0.0,0.0,0.0,0.0,0.0,0.0,0.0,0.0,0.0,0.0,0.0,0.0,0.0,-0.40699406848152114,-0.2518587616520329,-0.7541211591042821,1.4153755013468503,-0.4394619609268199,0.6066903048243395,-0.29559920681617646,0.0,0.0,0.0,0.0,0.0,0.0,0.0,0.0,0.0,0.0,0.0,0.0,0.6833241479861466,0.6564473080770636,1.9940731698190126,1.7415474068543675,0.5696098305567374,0.43689997075382697,0.5602836152565623,0.30481817822105317,0.0,0.0,0.0,0.0,0.0,0.0,0.0,0.0,0.0,0.0,0.0,0.0
0.3971396342390595,0.5644469393004875,1.4633162942896425,1.7076560291143752,0.7516838533334018,0.5427522817804712,0.39926246756742173,0.3530293523446348,0.0,0.0,0.0,0.0,0.0,0.0,0.0,0.0,0.0,0.0,0.0,0.0,0.0,-0.40699406848152114,-0.2518587616520329,0.69807161349518,-0.09541857312450672,0.5022422410592224,0.2108717541758769,0.09972549185253075,0.0,0.0,0.0,0.0,0.0,0.0,0.0,0.0,0.0,0.0,0.0,0.0,0.43835888738733925,0.8174520264952763,1.1577069396520978,2.4606737629156465,0.6816191233640075,0.6689903559632225,0.3117160155763223,0.580039029260506,0.0,0.0,0.0,0.0,0.0,0.0,0.0,0.0,0.0,0.0,0.0,0.0
0.3971396342390595,0.5644469393004875,1.4633162942896425,1.7076560291143752,0.7516838533334018,0.5427522817804712,0.39926246756742173,0.3530293523446348,0.0,0.0,0.0,0.0,0.0,0.0,0.0,0.0,0.0,0.0,0.0,0.0,0.0,-0.40699406848152114,-0.2518587616520329,0.69807161349518,-0.09541857312450672,0.5022422410592224,0.2108717541758769,0.09972549185253075,0.0,0.0,0.0,0.0,0.0,0.0,0.0,0.0,0.0,0.0,0.0,0.0,0.43835888738733925,0.8174520264952763,1.1577069396520978,2.4606737629156465,0.6816191233640075,0.6689903559632225,0.3117160155763223,0.580039029260506,0.0,0.0,0.0,0.0,0.0,0.0,0.0,0.0,0.0,0.0,0.0,0.0
0.3971396342390595,0.5644469393004875,1.4633162942896425,1.7076560291143752,0.7516838533334018,0.5427522817804712,0.39926246756742173,0.3530293523446348,0.0,0.0,0.0,0.0,0.0,0.0,0.0,0.0,0.0,0.0,0.0,0.0,0.0,-0.40699406848152114,-0.2518587616520329,0.69807161349518,-0.09541857312450672,0.5022422410592224,0.2108717541758769,0.09972549185253075,0.0,0.0,0.0,0.0,0.0,0.0,0.0,0.0,0.0,0.0,0.0,0.0,0.43835888738733925,0.8174520264952763,1.1577069396520978,2.4606737629156465,0.6816191233640075,0.6689903559632225,0.3117160155763223,0.580039029260506,0.0,0.0,0.0,0.0,0.0,0.0,0.0,0.0,0.0,0.0,0.0,0.0
0.3971396342390595,0.5644469393004875,1.4633162942896425,1.7076560291143752,0.7516838533334018,0.5427522817804712,0.39926246756742173,0.3530293523446348,0.0,0.0,0.0,0.0,0.0,0.0,0.0,0.0,0.0,0.0,0.0,0.0,0.0,-0.40699406848152114,-0.2518587616520329,0.69807161349518,-0.09541857312450672,0.5022422410592224,0.2108717541758769,0.09972549185253075,0.0,0.0,0.0,0.0,0.0,0.0,0.0,0.0,0.0,0.0,0.0,0.0,0.43835888738733925,0.8174520264952763,1.1577069396520978,2.4606737629156465,0.6816191233640075,0.6689903559632225,0.3117160155763223,0.580039029260506,0.0,0.0,0.0,0.0,0.0,0.0,0.0,0.0,0.0,0.0,0.0,0.0
0.3971396342390595,0.5644469393004875,1.4633162942896425,1.7076560291143752,0.7516838533334018,0.5427522817804712,0.39926246756742173,0.3530293523446348,0.0,0.0,0.0,0.0,0.0,0.0,0.0,0.0,0.0,0.0,0.0,0.0,0.0,-0.40699406848152114,-0.2518587616520329,0.69807161349518,-0.09541857312450672,0.5022422410592224,0.2108717541758769,0.09972549185253075,0.0,0.0,0.0,0.0,0.0,0.0,0.0,0.0,0.0,0.0,0.0,0.0,0.43835888738733925,0.8174520264952763,1.1577069396520978,2.4606737629156465,0.6816191233640075,0.6689903559632225,0.3117160155763223,0.580039029260506,0.0,0.0,0.0,0.0,0.0,0.0,0.0,0.0,0.0,0.0,0.0,0.0
0.3971396342390595,0.5644469393004875,1.4633162942896425,1.7076560291143752,0.7516838533334018,0.5427522817804712,0.39926246756742173,0.3530293523446348,0.0,0.0,0.0,0.0,0.0,0.0,0.0,0.0,0.0,0.0,0.0,0.0,0.0,-0.40699406848152114,-0.2518587616520329,0.69807161349518,-0.09541857312450672,0.5022422410592224,0.2108717541758769,0.09972549185253075,0.0,0.0,0.0,0.0,0.0,0.0,0.0,0.0,0.0,0.0,0.0,0.0,0.43835888738733925,0.8174520264952763,1.1577069396520978,2.4606737629156465,0.6816191233640075,0.6689903559632225,0.3117160155763223,0.580039029260506,0.0,0.0,0.0,0.0,0.0,0.0,0.0,0.0,0.0,0.0,0.0,0.0
0.3971396342390595,0.5644469393004875,1.4633162942896425,1.7076560291143752,0.7516838533334018,0.5427522817804712,0.39926246756742173,0.3530293523446348,0.0,0.0,0.0,0.0,0.0,0.0,0.0,0.0,0.0,0.0,0.0,0.0,0.0,-0.40699406848152114,-0.2518587616520329,0.69807161349518,-0.09541857312450672,0.5022422410592224,0.2108717541758769,0.09972549185253075,0.0,0.0,0.0,0.0,0.0,0.0,0.0,0.0,0.0,0.0,0.0,0.0,0.43835888738733925,0.8174520264952763,1.1577069396520978,2.4606737629156465,0.6816191233640075,0.6689903559632225,0.3117160155763223,0.580039029260506,0.0,0.0,0.0,0.0,0.0,0.0,0.0,0.0,0.0,0.0,0.0,0.0
0.3971396342390595,0.5644469393004875,1.4633162942896425,1.7076560291143752,0.7516838533334018,0.5427522817804712,0.39926246756742173,0.3530293523446348,0.0,0.0,0.0,0.0,0.0,0.0,0.0,0.0,0.0,0.0,0.0,0.0,0.0,-0.40699406848152114,-0.2518587616520329,0.69807161349518,-0.09541857312450672,0.5022422410592224,0.2108717541758769,0.09972549185253075,0.0,0.0,0.0,0.0,0.0,0.0,0.0,0.0,0.0,0.0,0.0,0.0,0.43835888738733925,0.8174520264952763,1.1577069396520978,2.4606737629156465,0.6816191233640075,0.6689903559632225,0.3117160155763223,0.580039029260506,0.0,0.0,0.0,0.0,0.0,0.0,0.0,0.0,0.0,0.0,0.0,0.0
0.3971396342390595,0.5644469393004875,1.4633162942896425,1.7076560291143752,0.7516838533334018,0.5427522817804712,0.39926246756742173,0.3530293523446348,0.0,0.0,0.0,0.0,0.0,0.0,0.0,0.0,0.0,0.0,0.0,0.0,0.0,-0.40699406848152114,-0.2518587616520329,0.69807161349518,-0.09541857312450672,0.5022422410592224,0.2108717541758769,0.09972549185253075,0.0,0.0,0.0,0.0,0.0,0.0,0.0,0.0,0.0,0.0,0.0,0.0,0.43835888738733925,0.8174520264952763,1.1577069396520978,2.4606737629156465,0.6816191233640075,0.6689903559632225,0.3117160155763223,0.580039029260506,0.0,0.0,0.0,0.0,0.0,0.0,0.0,0.0,0.0,0.0,0.0,0.0
1.322355948338231,1.046085794691622,1.4633162942896425,0.8638939481546025,1.290626993459237,1.1955740511810153,1.3253023648544746,0.9822940684267611,0.0,0.0,0.0,0.0,0.0,0.0,0.0,0.0,0.0,0.0,0.0,0.0,0.0,-0.40699406848152114,-0.2518587616520329,-0.7541211591042821,1.4153755013468503,0.8161436417212367,1.5302669230040855,0.4846469089773246,0.0,0.0,0.0,0.0,0.0,0.0,0.0,0.0,0.0,0.0,0.0,0.0,1.1732546691837613,1.1394614633317017,0.9486153821103692,0.8785957795808329,1.279002018336115,1.2956343960285905,1.3059864142972828,0.9484979645296508,0.0,0.0,0.0,0.0,0.0,0.0,0.0,0.0,0.0,0.0,0.0,0.0
1.322355948338231,1.046085794691622,1.4633162942896425,0.8638939481546025,1.290626993459237,1.1955740511810153,1.3253023648544746,0.9822940684267611,0.0,0.0,0.0,0.0,0.0,0.0,0.0,0.0,0.0,0.0,0.0,0.0,0.0,-0.40699406848152114,-0.2518587616520329,-0.7541211591042821,1.4153755013468503,0.8161436417212367,1.5302669230040855,0.4846469089773246,0.0,0.0,0.0,0.0,0.0,0.0,0.0,0.0,0.0,0.0,0.0,0.0,1.1732546691837613,1.1394614633317017,0.9486153821103692,0.8785957795808329,1.279002018336115,1.2956343960285905,1.3059864142972828,0.9484979645296508,0.0,0.0,0.0,0.0,0.0,0.0,0.0,0.0,0.0,0.0,0.0,0.0
1.322355948338231,1.046085794691622,1.4633162942896425,0.8638939481546025,1.290626993459237,1.1955740511810153,1.3253023648544746,0.9822940684267611,0.0,0.0,0.0,0.0,0.0,0.0,0.0,0.0,0.0,0.0,0.0,0.0,0.0,-0.40699406848152114,-0.2518587616520329,-0.7541211591042821,1.4153755013468503,0.8161436417212367,1.5302669230040855,0.4846469089773246,0.0,0.0,0.0,0.0,0.0,0.0,0.0,0.0,0.0,0.0,0.0,0.0,1.1732546691837613,1.1394614633317017,0.9486153821103692,0.8785957795808329,1.279002018336115,1.2956343960285905,1.3059864142972828,0.9484979645296508,0.0,0.0,0.0,0.0,0.0,0.0,0.0,0.0,0.0,0.0,0.0,0.0
1.322355948338231,1.046085794691622,1.4633162942896425,0.8638939481546025,1.290626993459237,1.1955740511810153,1.3253023648544746,0.9822940684267611,0.0,0.0,0.0,0.0,0.0,0.0,0.0,0.0,0.0,0.0,0.0,0.0,0.0,-0.40699406848152114,-0.2518587616520329,-0.7541211591042821,1.4153755013468503,0.8161436417212367,1.5302669230040855,0.4846469089773246,0.0,0.0,0.0,0.0,0.0,0.0,0.0,0.0,0.0,0.0,0.0,0.0,1.1732546691837613,1.1394614633317017,0.9486153821103692,0.8785957795808329,1.279002018336115,1.2956343960285905,1.3059864142972828,0.9484979645296508,0.0,0.0,0.0,0.0,0.0,0.0,0.0,0.0,0.0,0.0,0.0,0.0
1.322355948338231,1.046085794691622,1.4633162942896425,0.8638939481546025,1.290626993459237,1.1955740511810153,1.3253023648544746,0.9822940684267611,0.0,0.0,0.0,0.0,0.0,0.0,0.0,0.0,0.0,0.0,0.0,0.0,0.0,-0.40699406848152114,-0.2518587616520329,-0.7541211591042821,1.4153755013468503,0.8161436417212367,1.5302669230040855,0.4846469089773246,0.0,0.0,0.0,0.0,0.0,0.0,0.0,0.0,0.0,0.0,0.0,0.0,1.1732546691837613,1.1394614633317017,0.9486153821103692,0.8785957795808329,1.279002018336115,1.2956343960285905,1.3059864142972828,0.9484979645296508,0.0,0.0,0.0,0.0,0.0,0.0,0.0,0.0,0.0,0.0,0.0,0.0
1.322355948338231,1.046085794691622,1.4633162942896425,0.8638939481546025,1.290626993459237,1.1955740511810153,1.3253023648544746,0.9822940684267611,0.0,0.0,0.0,0.0,0.0,0.0,0.0,0.0,0.0,0.0,0.0,0.0,0.0,-0.40699406848152114,-0.2518587616520329,-0.7541211591042821,1.4153755013468503,0.8161436417212367,1.5302669230040855,0.4846469089773246,0.0,0.0,0.0,0.0,0.0,0.0,0.0,0.0,0.0,0.0,0.0,0.0,1.1732546691837613,1.1394614633317017,0.9486153821103692,0.8785957795808329,1.279002018336115,1.2956343960285905,1.3059864142972828,0.9484979645296508,0.0,0.0,0.0,0.0,0.0,0.0,0.0,0.0,0.0,0.0,0.0,0.0
1.322355948338231,1.046085794691622,1.4633162942896425,0.8638939481546025,1.290626993459237,1.1955740511810153,1.3253023648544746,0.9822940684267611,0.0,0.0,0.0,0.0,0.0,0.0,0.0,0.0,0.0,0.0,0.0,0.0,0.0,-0.40699406848152114,-0.2518587616520329,-0.7541211591042821,1.4153755013468503,0.8161436417212367,1.5302669230040855,0.4846469089773246,0.0,0.0,0.0,0.0,0.0,0.0,0.0,0.0,0.0,0.0,0.0,0.0,1.1732546691837613,1.1394614633317017,0.9486153821103692,0.8785957795808329,1.279002018336115,1.2956343960285905,1.3059864142972828,0.9484979645296508,0.0,0.0,0.0,0.0,0.0,0.0,0.0,0.0,0.0,0.0,0.0,0.0
1.322355948338231,1.046085794691622,1.4633162942896425,0.8638939481546025,1.290626993459237,1.1955740511810153,1.3253023648544746,0.9822940684267611,0.0,0.0,0.0,0.0,0.0,0.0,0.0,0.0,0.0,0.0,0.0,0.0,0.0,-0.40699406848152114,-0.2518587616520329,-0.7541211591042821,1.4153755013468503,0.8161436417212367,1.5302669230040855,0.4846469089773246,0.0,0.0,0.0,0.0,0.0,0.0,0.0,0.0,0.0,0.0,0.0,0.0,1.1732546691837613,1.1394614633317017,0.9486153821103692,0.8785957795808329,1.279002018336115,1.2956343960285905,1.3059864142972828,0.9484979645296508,0.0,0.0,0.0,0.0,0.0,0.0,0.0,0.0,0.0,0.0,0.0,0.0
1.322355948338231,1.046085794691622,1.4633162942896425,0.8638939481546025,1.290626993459237,1.1955740511810153,1.3253023648544746,0.9822940684267611,0.0,0.0,0.0,0.0,0.0,0.0,0.0,0.0,0.0,0.0,0.0,0.0,0.0,-0.40699406848152114,-0.2518587616520329,-0.7541211591042821,1.4153755013468503,0.8161436417212367,1.5302669230040855,0.4846469089773246,0.0,0.0,0.0,0.0,0.0,0.0,0.0,0.0,0.0,0.0,0.0,0.0,1.1732546691837613,1.1394614633317017,0.9486153821103692,0.8785957795808329,1.279002018336115,1.2956343960285905,1.3059864142972828,0.9484979645296508,0.0,0.0,0.0,0.0,0.0,0.0,0.0,0.0,0.0,0.0,0.0,0.0
1.322355948338231,1.2869052223871893,1.2117812256089742,0.35763669957873895,1.290626993459237,1.5391644561286704,1.3288368682792344,1.0136527752082625,0.0,0.0,0.0,0.0,0.0,0.0,0.0,0.0,0.0,0.0,0.0,0.0,0.0,-0.40699406848152114,-0.2518587616520329,0.69807161349518,1.4153755013468503,1.1300450423832507,1.9260854736525481,0.40142065662601784,0.0,0.0,0.0,0.0,0.0,0.0,0.0,0.0,0.0,0.0,0.0,0.0,0.9282894085849539,0.8174520264952763,1.1577069396520978,0.159469423519554,0.9429741399143046,1.109962087861074,0.7862541604204171,0.6114928408078719,0.0,0.0,0.0,0.0,0.0,0.0,0.0,0.0,0.0,0.0,0.0,0.0
1.322355948338231,1.2869052223871893,1.2117812256089742,0.35763669957873895,1.290626993459237,1.5391644561286704,1.3288368682792344,1.0136527752082625,0.0,0.0,0.0,0.0,0.0,0.0,0.0,0.0,0.0,0.0,0.0,0.0,0.0,-0.40699406848152114,-0.2518587616520329,0.69807161349518,1.4153755013468503,1.1300450423832507,1.9260854736525481,0.40142065662601784,0.0,0.0,0.0,0.0,0.0,0.0,0.0,0.0,0.0,0.0,0.0,0.0,0.9282894085849539,0.8174520264952763,1.1577069396520978,0.159469423519554,0.9429741399143046,1.109962087861074,0.7862541604204171,0.6114928408078719,0.0,0.0,0.0,0.0,0.0,0.0,0.0,0.0,0.0,0.0,0.0,0.0
1.322355948338231,1.2869052223871893,1.2117812256089742,0.35763669957873895,1.290626993459237,1.5391644561286704,1.3288368682792344,1.0136527752082625,0.0,0.0,0.0,0.0,0.0,0.0,0.0,0.0,0.0,0.0,0.0,0.0,0.0,-0.40699406848152114,-0.2518587616520329,0.69807161349518,1.4153755013468503,1.1300450423832507,1.9260854736525481,0.40142065662601784,0.0,0.0,0.0,0.0,0.0,0.0,0.0,0.0,0.0,0.0,0.0,0.0,0.9282894085849539,0.8174520264952763,1.1577069396520978,0.159469423519554,0.9429741399143046,1.109962087861074,0.7862541604204171,0.6114928408078719,0.0,0.0,0.0,0.0,0.0,0.0,0.0,0.0,0.0,0.0,0.0,0.0
1.322355948338231,1.2869052223871893,1.2117812256089742,0.35763669957873895,1.290626993459237,1.5391644561286704,1.3288368682792344,1.0136527752082625,0.0,0.0,0.0,0.0,0.0,0.0,0.0,0.0,0.0,0.0,0.0,0.0,0.0,-0.40699406848152114,-0.2518587616520329,0.69807161349518,1.4153755013468503,1.1300450423832507,1.9260854736525481,0.40142065662601784,0.0,0.0,0.0,0.0,0.0,0.0,0.0,0.0,0.0,0.0,0.0,0.0,0.9282894085849539,0.8174520264952763,1.1577069396520978,0.159469423519554,0.9429741399143046,1.109962087861074,0.7862541604204171,0.6114928408078719,0.0,0.0,0.0,0.0,0.0,0.0,0.0,0.0,0.0,0.0,0.0,0.0
1.322355948338231,1.2869052223871893,1.2117812256089742,0.35763669957873895,1.290626993459237,1.5391644561286704,1.3288368682792344,1.0136527752082625,0.0,0.0,0.0,0.0,0.0,0.0,0.0,0.0,0.0,0.0,0.0,0.0,0.0,-0.40699406848152114,-0.2518587616520329,0.69807161349518,1.4153755013468503,1.1300450423832507,1.9260854736525481,0.40142065662601784,0.0,0.0,0.0,0.0,0.0,0.0,0.0,0.0,0.0,0.0,0.0,0.0,0.9282894085849539,0.8174520264952763,1.1577069396520978,0.159469423519554,0.9429741399143046,1.109962087861074,0.7862541604204171,0.6114928408078719,0.0,0.0,0.0,0.0,0.0,0.0,0.0,0.0,0.0,0.0,0.0,0.0
1.322355948338231,1.2869052223871893,1.2117812256089742,0.35763669957873895,1.290626993459237,1.5391644561286704,1.3288368682792344,1.0136527752082625,0.0,0.0,0.0,0.0,0.0,0.0,0.0,0.0,0.0,0.0,0.0,0.0,0.0,-0.40699406848152114,-0.2518587616520329,0.69807161349518,1.4153755013468503,1.1300450423832507,1.9260854736525481,0.40142065662601784,0.0,0.0,0.0,0.0,0.0,0.0,0.0,0.0,0.0,0.0,0.0,0.0,0.9282894085849539,0.8174520264952763,1.1577069396520978,0.159469423519554,0.9429741399143046,1.109962087861074,0.7862541604204171,0.6114928408078719,0.0,0.0,0.0,0.0,0.0,0.0,0.0,0.0,0.0,0.0,0.0,0.0
1.322355948338231,1.2869052223871893,1.2117812256089742,0.35763669957873895,1.290626993459237,1.5391644561286704,1.3288368682792344,1.0136527752082625,0.0,0.0,0.0,0.0,0.0,0.0,0.0,0.0,0.0,0.0,0.0,0.0,0.0,-0.40699406848152114,-0.2518587616520329,0.69807161349518,1.4153755013468503,1.1300450423832507,1.9260854736525481,0.40142065662601784,0.0,0.0,0.0,0.0,0.0,0.0,0.0,0.0,0.0,0.0,0.0,0.0,0.9282894085849539,0.8174520264952763,1.1577069396520978,0.159469423519554,0.9429741399143046,1.109962087861074,0.7862541604204171,0.6114928408078719,0.0,0.0,0.0,0.0,0.0,0.0,0.0,0.0,0.0,0.0,0.0,0.0
1.322355948338231,1.2869052223871893,1.2117812256089742,0.35763669957873895,1.290626993459237,1.5391644561286704,1.3288368682792344,1.0136527752082625,0.0,0.0,0.0,0.0,0.0,0.0,0.0,0.0,0.0,0.0,0.0,0.0,0.0,-0.40699406848152114,-0.2518587616520329,0.69807161349518,1.4153755013468503,1.1300450423832507,1.9260854736525481,0.40142065662601784,0.0,0.0,0.0,0.0,0.0,0.0,0.0,0.0,0.0,0.0,0.0,0.0,0.9282894085849539,0.8174520264952763,1.1577069396520978,0.159469423519554,0.9429741399143046,1.109962087861074,0.7862541604204171,0.6114928408078719,0.0,0.0,0.0,0.0,0.0,0.0,0.0,0.0,0.0,0.0,0.0,0.0
1.322355948338231,1.2869052223871893,1.2117812256089742,0.35763669957873895,1.290626993459237,1.5391644561286704,1.3288368682792344,1.0136527752082625,0.0,0.0,0.0,0.0,0.0,0.0,0.0,0.0,0.0,0.0,0.0,0.0,0.0,-0.40699406848152114,-0.2518587616520329,0.69807161349518,1.4153755013468503,1.1300450423832507,1.9260854736525481,0.40142065662601784,0.0,0.0,0.0,0.0,0.0,0.0,0.0,0.0,0.0,0.0,0.0,0.0,0.9282894085849539,0.8174520264952763,1.1577069396520978,0.159469423519554,0.9429741399143046,1.109962087861074,0.7862541604204171,0.6114928408078719,0.0,0.0,0.0,0.0,0.0,0.0,0.0,0.0,0.0,0.0,0.0,0.0
1.9391668244043452,2.009363505473891,1.2117812256089742,0.8638939481546025,2.0092178469603503,1.8827548610763252,2.4316019368042747,1.9355987545844011,0.0,0.0,0.0,0.0,0.0,0.0,0.0,0.0,0.0,0.0,0.0,0.0,0.0,1.7410301818376182,-0.2518587616520329,0.69807161349518,2.926169575818207,1.1300450423832507,3.311450400922167,0.8175519183825517,0.0,0.0,0.0,0.0,0.0,0.0,0.0,0.0,0.0,0.0,0.0,0.0,2.1531157115789905,2.105489773840978,1.5758900547355552,0.8785957795808329,2.1377399298585193,1.9454874746148982,2.3529832735564757,1.9988306001291951,0.0,0.0,0.0,0.0,0.0,0.0,0.0,0.0,0.0,0.0,0.0,0.0
1.9391668244043452,2.009363505473891,1.2117812256089742,0.8638939481546025,2.0092178469603503,1.8827548610763252,2.4316019368042747,1.9355987545844011,0.0,0.0,0.0,0.0,0.0,0.0,0.0,0.0,0.0,0.0,0.0,0.0,0.0,1.7410301818376182,-0.2518587616520329,0.69807161349518,2.926169575818207,1.1300450423832507,3.311450400922167,0.8175519183825517,0.0,0.0,0.0,0.0,0.0,0.0,0.0,0.0,0.0,0.0,0.0,0.0,2.1531157115789905,2.105489773840978,1.5758900547355552,0.8785957795808329,2.1377399298585193,1.9454874746148982,2.3529832735564757,1.9988306001291951,0.0,0.0,0.0,0.0,0.0,0.0,0.0,0.0,0.0,0.0,0.0,0.0
1.9391668244043452,2.009363505473891,1.2117812256089742,0.8638939481546025,2.0092178469603503,1.8827548610763252,2.4316019368042747,1.9355987545844011,0.0,0.0,0.0,0.0,0.0,0.0,0.0,0.0,0.0,0.0,0.0,0.0,0.0,1.7410301818376182,-0.2518587616520329,0.69807161349518,2.926169575818207,1.1300450423832507,3.311450400922167,0.8175519183825517,0.0,0.0,0.0,0.0,0.0,0.0,0.0,0.0,0.0,0.0,0.0,0.0,2.1531157115789905,2.105489773840978,1.5758900547355552,0.8785957795808329,2.1377399298585193,1.9454874746148982,2.3529832735564757,1.9988306001291951,0.0,0.0,0.0,0.0,0.0,0.0,0.0,0.0,0.0,0.0,0.0,0.0
1.9391668244043452,2.009363505473891,1.2117812256089742,0.8638939481546025,2.0092178469603503,1.8827548610763252,2.4316019368042747,1.9355987545844011,0.0,0.0,0.0,0.0,0.0,0.0,0.0,0.0,0.0,0.0,0.0,0.0,0.0,1.7410301818376182,-0.2518587616520329,0.69807161349518,2.926169575818207,1.1300450423832507,3.311450400922167,0.8175519183825517,0.0,0.0,0.0,0.0,0.0,0.0,0.0,0.0,0.0,0.0,0.0,0.0,2.1531157115789905,2.105489773840978,1.5758900547355552,0.8785957795808329,2.1377399298585193,1.9454874746148982,2.3529832735564757,1.9988306001291951,0.0,0.0,0.0,0.0,0.0,0.0,0.0,0.0,0.0,0.0,0.0,0.0
1.9391668244043452,2.009363505473891,1.2117812256089742,0.8638939481546025,2.0092178469603503,1.8827548610763252,2.4316019368042747,1.9355987545844011,0.0,0.0,0.0,0.0,0.0,0.0,0.0,0.0,0.0,0.0,0.0,0.0,0.0,1.7410301818376182,-0.2518587616520329,0.69807161349518,2.926169575818207,1.1300450423832507,3.311450400922167,0.8175519183825517,0.0,0.0,0.0,0.0,0.0,0.0,0.0,0.0,0.0,0.0,0.0,0.0,2.1531157115789905,2.105489773840978,1.5758900547355552,0.8785957795808329,2.1377399298585193,1.9454874746148982,2.3529832735564757,1.9988306001291951,0.0,0.0,0.0,0.0,0.0,0.0,0.0,0.0,0.0,0.0,0.0,0.0
1.9391668244043452,2.009363505473891,1.2117812256089742,0.8638939481546025,2.0092178469603503,1.8827548610763252,2.4316019368042747,1.9355987545844011,0.0,0.0,0.0,0.0,0.0,0.0,0.0,0.0,0.0,0.0,0.0,0.0,0.0,1.7410301818376182,-0.2518587616520329,0.69807161349518,2.926169575818207,1.1300450423832507,3.311450400922167,0.8175519183825517,0.0,0.0,0.0,0.0,0.0,0.0,0.0,0.0,0.0,0.0,0.0,0.0,2.1531157115789905,2.105489773840978,1.5758900547355552,0.8785957795808329,2.1377399298585193,1.9454874746148982,2.3529832735564757,1.9988306001291951,0.0,0.0,0.0,0.0,0.0,0.0,0.0,0.0,0.0,0.0,0.0,0.0
1.9391668244043452,2.009363505473891,1.2117812256089742,0.8638939481546025,2.0092178469603503,1.8827548610763252,2.4316019368042747,1.9355987545844011,0.0,0.0,0.0,0.0,0.0,0.0,0.0,0.0,0.0,0.0,0.0,0.0,0.0,1.7410301818376182,-0.2518587616520329,0.69807161349518,2.926169575818207,1.1300450423832507,3.311450400922167,0.8175519183825517,0.0,0.0,0.0,0.0,0.0,0.0,0.0,0.0,0.0,0.0,0.0,0.0,2.1531157115789905,2.105489773840978,1.5758900547355552,0.8785957795808329,2.1377399298585193,1.9454874746148982,2.3529832735564757,1.9988306001291951,0.0,0.0,0.0,0.0,0.0,0.0,0.0,0.0,0.0,0.0,0.0,0.0
1.9391668244043452,2.009363505473891,1.2117812256089742,0.8638939481546025,2.0092178469603503,1.8827548610763252,2.4316019368042747,1.9355987545844011,0.0,0.0,0.0,0.0,0.0,0.0,0.0,0.0,0.0,0.0,0.0,0.0,0.0,1.7410301818376182,-0.2518587616520329,0.69807161349518,2.926169575818207,1.1300450423832507,3.311450400922167,0.8175519183825517,0.0,0.0,0.0,0.0,0.0,0.0,0.0,0.0,0.0,0.0,0.0,0.0,2.1531157115789905,2.105489773840978,1.5758900547355552,0.8785957795808329,2.1377399298585193,1.9454874746148982,2.3529832735564757,1.9988306001291951,0.0,0.0,0.0,0.0,0.0,0.0,0.0,0.0,0.0,0.0,0.0,0.0
1.9391668244043452,2.009363505473891,1.2117812256089742,0.8638939481546025,2.0092178469603503,1.8827548610763252,2.4316019368042747,1.9355987545844011,0.0,0.0,0.0,0.0,0.0,0.0,0.0,0.0,0.0,0.0,0.0,0.0,0.0,1.7410301818376182,-0.2518587616520329,0.69807161349518,2.926169575818207,1.1300450423832507,3.311450400922167,0.8175519183825517,0.0,0.0,0.0,0.0,0.0,0.0,0.0,0.0,0.0,0.0,0.0,0.0,2.1531157115789905,2.105489773840978,1.5758900547355552,0.8785957795808329,2.1377399298585193,1.9454874746148982,2.3529832735564757,1.9988306001291951,0.0,0.0,0.0,0.0,0.0,0.0,0.0,0.0,0.0,0.0,0.0,0.0
2.2475722624374024,2.97264121625616,1.2117812256089742,0.6951415319626479,2.0990417036479894,3.0166031974035863,2.4457399505033135,3.6394218230459727,0.0,0.0,0.0,0.0,0.0,0.0,0.0,0.0,0.0,0.0,0.0,0.0,0.0,3.8890544321567577,-0.2518587616520329,-0.7541211591042821,1.4153755013468503,4.269059049003392,2.123994748976779,4.833218594333104,0.0,0.0,0.0,0.0,0.0,0.0,0.0,0.0,0.0,0.0,0.0,0.0,2.398080972177798,2.9105133659320415,1.1577069396520978,1.0224210507930886,2.436431377344573,2.989894208057178,2.7647518225217222,3.470419640380963,0.0,0.0,0.0,0.0,0.0,0.0,0.0,0.0,0.0,0.0,0.0,0.0
2.2475722624374024,2.97264121625616,1.2117812256089742,0.6951415319626479,2.0990417036479894,3.0166031974035863,2.4457399505033135,3.6394218230459727,0.0,0.0,0.0,0.0,0.0,0.0,0.0,0.0,0.0,0.0,0.0,0.0,0.0,3.8890544321567577,-0.2518587616520329,-0.7541211591042821,1.4153755013468503,4.269059049003392,2.123994748976779,4.833218594333104,0.0,0.0,0.0,0.0,0.0,0.0,0.0,0.0,0.0,0.0,0.0,0.0,2.398080972177798,2.9105133659320415,1.1577069396520978,1.0224210507930886,2.436431377344573,2.989894208057178,2.7647518225217222,3.470419640380963,0.0,0.0,0.0,0.0,0.0,0.0,0.0,0.0,0.0,0.0,0.0,0.0
2.2475722624374024,2.97264121625616,1.2117812256089742,0.6951415319626479,2.0990417036479894,3.0166031974035863,2.4457399505033135,3.6394218230459727,0.0,0.0,0.0,0.0,0.0,0.0,0.0,0.0,0.0,0.0,0.0,0.0,0.0,3.8890544321567577,-0.2518587616520329,-0.7541211591042821,1.4153755013468503,4.269059049003392,2.123994748976779,4.833218594333104,0.0,0.0,0.0,0.0,0.0,0.0,0.0,0.0,0.0,0.0,0.0,0.0,2.398080972177798,2.9105133659320415,1.1577069396520978,1.0224210507930886,2.436431377344573,2.989894208057178,2.7647518225217222,3.470419640380963,0.0,0.0,0.0,0.0,0.0,0.0,0.0,0.0,0.0,0.0,0.0,0.0
2.2475722624374024,2.97264121625616,1.2117812256089742,0.6951415319626479,2.0990417036479894,3.0166031974035863,2.4457399505033135,3.6394218230459727,0.0,0.0,0.0,0.0,0.0,0.0,0.0,0.0,0.0,0.0,0.0,0.0,0.0,3.8890544321567577,-0.2518587616520329,-0.7541211591042821,1.4153755013468503,4.269059049003392,2.123994748976779,4.833218594333104,0.0,0.0,0.0,0.0,0.0,0.0,0.0,0.0,0.0,0.0,0.0,0.0,2.398080972177798,2.9105133659320415,1.1577069396520978,1.0224210507930886,2.436431377344573,2.989894208057178,2.7647518225217222,3.470419640380963,0.0,0.0,0.0,0.0,0.0,0.0,0.0,0.0,0.0,0.0,0.0,0.0
2.2475722624374024,2.97264121625616,1.2117812256089742,0.6951415319626479,2.0990417036479894,3.0166031974035863,2.4457399505033135,3.6394218230459727,0.0,0.0,0.0,0.0,0.0,0.0,0.0,0.0,0.0,0.0,0.0,0.0,0.0,3.8890544321567577,-0.2518587616520329,-0.7541211591042821,1.4153755013468503,4.269059049003392,2.123994748976779,4.833218594333104,0.0,0.0,0.0,0.0,0.0,0.0,0.0,0.0,0.0,0.0,0.0,0.0,2.398080972177798,2.9105133659320415,1.1577069396520978,1.0224210507930886,2.436431377344573,2.989894208057178,2.7647518225217222,3.470419640380963,0.0,0.0,0.0,0.0,0.0,0.0,0.0,0.0,0.0,0.0,0.0,0.0
2.2475722624374024,2.97264121625616,1.2117812256089742,0.6951415319626479,2.0990417036479894,3.0166031974035863,2.4457399505033135,3.6394218230459727,0.0,0.0,0.0,0.0,0.0,0.0,0.0,0.0,0.0,0.0,0.0,0.0,0.0,3.8890544321567577,-0.2518587616520329,-0.7541211591042821,1.4153755013468503,4.269059049003392,2.123994748976779,4.833218594333104,0.0,0.0,0.0,0.0,0.0,0.0,0.0,0.0,0.0,0.0,0.0,0.0,2.398080972177798,2.9105133659320415,1.1577069396520978,1.0224210507930886,2.436431377344573,2.989894208057178,2.7647518225217222,3.470419640380963,0.0,0.0,0.0,0.0,0.0,0.0,0.0,0.0,0.0,0.0,0.0,0.0
2.2475722624374024,2.97264121625616,1.2117812256089742,0.6951415319626479,2.0990417036479894,3.0166031974035863,2.4457399505033135,3.6394218230459727,0.0,0.0,0.0,0.0,0.0,0.0,0.0,0.0,0.0,0.0,0.0,0.0,0.0,3.8890544321567577,-0.2518587616520329,-0.7541211591042821,1.4153755013468503,4.269059049003392,2.123994748976779,4.833218594333104,0.0,0.0,0.0,0.0,0.0,0.0,0.0,0.0,0.0,0.0,0.0,0.0,2.398080972177798,2.9105133659320415,1.1577069396520978,1.0224210507930886,2.436431377344573,2.989894208057178,2.7647518225217222,3.470419640380963,0.0,0.0,0.0,0.0,0.0,0.0,0.0,0.0,0.0,0.0,0.0,0.0
2.2475722624374024,2.97264121625616,1.2117812256089742,0.6951415319626479,2.0990417036479894,3.0166031974035863,2.4457399505033135,3.6394218230459727,0.0,0.0,0.0,0.0,0.0,0.0,0.0,0.0,0.0,0.0,0.0,0.0,0.0,3.8890544321567577,-0.2518587616520329,-0.7541211591042821,1.4153755013468503,4.269059049003392,2.123994748976779,4.833218594333104,0.0,0.0,0.0,0.0,0.0,0.0,0.0,0.0,0.0,0.0,0.0,0.0,2.398080972177798,2.9105133659320415,1.1577069396520978,1.0224210507930886,2.436431377344573,2.989894208057178,2.7647518225217222,3.470419640380963,0.0,0.0,0.0,0.0,0.0,0.0,0.0,0.0,0.0,0.0,0.0,0.0
2.2475722624374024,2.97264121625616,1.2117812256089742,0.6951415319626479,2.0990417036479894,3.0166031974035863,2.4457399505033135,3.6394218230459727,0.0,0.0,0.0,0.0,0.0,0.0,0.0,0.0,0.0,0.0,0.0,0.0,0.0,3.8890544321567577,-0.2518587616520329,-0.7541211591042821,1.4153755013468503,4.269059049003392,2.123994748976779,4.833218594333104,0.0,0.0,0.0,0.0,0.0,0.0,0.0,0.0,0.0,0.0,0.0,0.0,2.398080972177798,2.9105133659320415,1.1577069396520978,1.0224210507930886,2.436431377344573,2.989894208057178,2.7647518225217222,3.470419640380963,0.0,0.0,0.0,0.0,0.0,0.0,0.0,0.0,0.0,0.0,0.0,0.0
