Age;Gender;Education;Introversion Score;Sensing Score;Thinking Score;Judging Score;Interest;Personality
19~25;Male;0;0~2;3~4;0~5;2~4;Unknown~Technology;INFP
19~25;Male;0;0~2;3~4;0~5;2~4;Unknown~Technology;INFP
19~25;Male;0;0~2;3~4;0~5;2~4;Unknown~Technology;INFP
19~25;Male;0;0~2;3~4;0~5;2~4;Unknown~Technology;INFP
19~25;Male;0;0~2;3~4;0~5;2~4;Unknown~Technology;INFP
19~25;Male;0;0~2;3~4;0~5;2~4;Unknown~Technology;INFP
19~25;Male;0;0~2;3~4;0~5;2~4;Unknown~Technology;INFP
19~25;Male;0;0~2;3~4;0~5;2~4;Unknown~Technology;INFP
19~25;Male;0;0~2;3~4;0~5;2~4;Unknown~Technology;INFP
20~23;Male;0;2~4;1~4;0~3;2~4;Unknown~Technology;INFP
20~23;Male;0;2~4;1~4;0~3;2~4;Unknown~Technology;ENFP
20~23;Male;0;2~4;1~4;0~3;2~4;Unknown~Technology;INFP
20~23;Male;0;2~4;1~4;0~3;2~4;Unknown~Technology;INFP
20~23;Male;0;2~4;1~4;0~3;2~4;Unknown~Technology;INFP
23~25;Male;0;2~4;3~4;4~4;2~3;Unknown~Technology;ENFP
23~25;Male;0;2~4;3~4;4~4;2~3;Unknown~Technology;INFP
23~25;Male;0;2~4;3~4;4~4;2~3;Unknown~Technology;INFP
23~25;Male;0;2~4;3~4;4~4;2~3;Unknown~Technology;INFP
23~25;Male;0;2~4;3~4;4~4;2~3;Unknown~Technology;INFP
20~25;Male;0;0~2;4~5;1~2;2~4;Unknown~Technology;INFP
20~25;Male;0;0~2;4~5;1~2;2~4;Unknown~Technology;INFP
20~25;Male;0;0~2;4~5;1~2;2~4;Unknown~Technology;INFP
20~25;Male;0;0~2;4~5;1~2;2~4;Unknown~Technology;INFP
20~25;Male;0;0~2;4~5;1~2;2~4;Unknown~Technology;INFP
21~25;Male;0;1~2;4~4;2~4;2~4;Unknown~Technology;INFP
21~25;Male;0;1~2;4~4;2~4;2~4;Unknown~Technology;INFP
21~25;Male;0;1~2;4~4;2~4;2~4;Unknown~Technology;INFP
21~25;Male;0;1~2;4~4;2~4;2~4;Unknown~Technology;INFP
21~25;Male;0;1~2;4~4;2~4;2~4;Unknown~Technology;INFP
20~24;Male;0;2~5;4~4;1~2;2~4;Unknown;ENFP
20~24;Male;0;2~5;4~4;1~2;2~4;Unknown;INFP
20~24;Male;0;2~5;4~4;1~2;2~4;Unknown;INFP
20~24;Male;0;2~5;4~4;1~2;2~4;Unknown;ENFP
20~24;Male;0;2~5;4~4;1~2;2~4;Unknown;ENFP
21~25;Male;0;2~4;4~4;3~4;3~4;Unknown~Technology;INFP
21~25;Male;0;2~4;4~4;3~4;3~4;Unknown~Technology;INFP
21~25;Male;0;2~4;4~4;3~4;3~4;Unknown~Technology;INFP
21~25;Male;0;2~4;4~4;3~4;3~4;Unknown~Technology;ENFP
21~25;Male;0;2~4;4~4;3~4;3~4;Unknown~Technology;ENFP
21~24;Male;0;0~0;2~3;2~4;1~4;Others~Sports~Arts;INFP
21~24;Male;0;0~0;2~3;2~4;1~4;Others~Sports~Arts;INFP
21~24;Male;0;0~0;2~3;2~4;1~4;Others~Sports~Arts;INFP
21~24;Male;0;0~0;2~3;2~4;1~4;Others~Sports~Arts;INFP
21~24;Male;0;0~0;2~3;2~4;1~4;Others~Sports~Arts;INFP
21~24;Male;0;0~0;2~3;2~4;1~4;Others~Sports~Arts;INFP
20~25;Male;0;1~4;2~4;1~4;1~4;Others~Sports~Arts;INFP
20~25;Male;0;1~4;2~4;1~4;1~4;Others~Sports~Arts;INFP
20~25;Male;0;1~4;2~4;1~4;1~4;Others~Sports~Arts;INFP
20~25;Male;0;1~4;2~4;1~4;1~4;Others~Sports~Arts;INFP
20~25;Male;0;1~4;2~4;1~4;1~4;Others~Sports~Arts;INFP
20~25;Male;0;1~4;2~4;1~4;1~4;Others~Sports~Arts;INFP
20~25;Male;0;1~4;2~4;1~4;1~4;Others~Sports~Arts;INFP
20~25;Male;0;0~3;4~4;0~3;2~4;Others~Sports~Arts;INFP
20~25;Male;0;0~3;4~4;0~3;2~4;Others~Sports~Arts;INFP
20~25;Male;0;0~3;4~4;0~3;2~4;Others~Sports~Arts;INFP
20~25;Male;0;0~3;4~4;0~3;2~4;Others~Sports~Arts;INFP
20~25;Male;0;0~3;4~4;0~3;2~4;Others~Sports~Arts;INFP
20~25;Male;0;0~3;4~4;0~3;2~4;Others~Sports~Arts;INFP
20~25;Male;0;0~3;4~4;0~3;2~4;Others~Sports~Arts;INFP
21~24;Male;0;3~5;4~4;1~5;2~4;Others~Sports~Arts;ENFP
21~24;Male;0;3~5;4~4;1~5;2~4;Others~Sports~Arts;ENFP
21~24;Male;0;3~5;4~4;1~5;2~4;Others~Sports~Arts;ENFP
21~24;Male;0;3~5;4~4;1~5;2~4;Others~Sports~Arts;INFP
21~24;Male;0;3~5;4~4;1~5;2~4;Others~Sports~Arts;ENFP
21~24;Male;0;3~5;4~4;1~5;2~4;Others~Sports~Arts;INFP
21~24;Male;0;3~5;4~4;1~5;2~4;Others~Sports~Arts;INFP
21~25;Male;0;0~1;3~4;0~3;4~5;Unknown;INFP
21~25;Male;0;0~1;3~4;0~3;4~5;Unknown;INFP
21~25;Male;0;0~1;3~4;0~3;4~5;Unknown;INFP
21~25;Male;0;0~1;3~4;0~3;4~5;Unknown;INFP
21~25;Male;0;0~1;3~4;0~3;4~5;Unknown;INFP
20~25;Male;0;0~2;1~4;3~4;4~5;Unknown;INFP
20~25;Male;0;0~2;1~4;3~4;4~5;Unknown;INFP
20~25;Male;0;0~2;1~4;3~4;4~5;Unknown;INFP
20~25;Male;0;0~2;1~4;3~4;4~5;Unknown;INFP
20~25;Male;0;0~2;1~4;3~4;4~5;Unknown;INFP
22~24;Male;0;2~4;2~4;0~1;4~6;Unknown~Technology;INFJ
22~24;Male;0;2~4;2~4;0~1;4~6;Unknown~Technology;INFP
22~24;Male;0;2~4;2~4;0~1;4~6;Unknown~Technology;INFP
22~24;Male;0;2~4;2~4;0~1;4~6;Unknown~Technology;INFP
22~24;Male;0;2~4;2~4;0~1;4~6;Unknown~Technology;INFP
22~25;Male;0;3~4;2~4;2~5;4~7;Unknown~Technology;INFP
22~25;Male;0;3~4;2~4;2~5;4~7;Unknown~Technology;INFP
22~25;Male;0;3~4;2~4;2~5;4~7;Unknown~Technology;ENFJ
22~25;Male;0;3~4;2~4;2~5;4~7;Unknown~Technology;INFP
22~25;Male;0;3~4;2~4;2~5;4~7;Unknown~Technology;INFP
22~25;Male;0;3~4;2~4;2~5;4~7;Unknown~Technology;INFJ
21~25;Male;0;1~2;4~4;0~2;4~6;Unknown~Technology;INFP
21~25;Male;0;1~2;4~4;0~2;4~6;Unknown~Technology;INFP
21~25;Male;0;1~2;4~4;0~2;4~6;Unknown~Technology;INFJ
21~25;Male;0;1~2;4~4;0~2;4~6;Unknown~Technology;INFP
21~25;Male;0;1~2;4~4;0~2;4~6;Unknown~Technology;INFJ
21~24;Male;0;0~2;4~5;2~4;4~6;Unknown;INFP
21~24;Male;0;0~2;4~5;2~4;4~6;Unknown;INFJ
21~24;Male;0;0~2;4~5;2~4;4~6;Unknown;INFJ
21~24;Male;0;0~2;4~5;2~4;4~6;Unknown;INFJ
21~24;Male;0;0~2;4~5;2~4;4~6;Unknown;INFJ
20~24;Male;0;2~5;4~4;0~2;4~7;Unknown~Technology;ENFP
20~24;Male;0;2~5;4~4;0~2;4~7;Unknown~Technology;INFP
20~24;Male;0;2~5;4~4;0~2;4~7;Unknown~Technology;ENFP
20~24;Male;0;2~5;4~4;0~2;4~7;Unknown~Technology;INFJ
20~24;Male;0;2~5;4~4;0~2;4~7;Unknown~Technology;INFP
20~25;Male;0;2~4;4~5;3~4;4~7;Unknown~Technology;INFP
20~25;Male;0;2~4;4~5;3~4;4~7;Unknown~Technology;INFP
20~25;Male;0;2~4;4~5;3~4;4~7;Unknown~Technology;INFP
20~25;Male;0;2~4;4~5;3~4;4~7;Unknown~Technology;INFP
20~25;Male;0;2~4;4~5;3~4;4~7;Unknown~Technology;INFP
20~25;Male;0;2~4;4~5;3~4;4~7;Unknown~Technology;INFJ
21~25;Male;0;0~2;2~4;1~4;5~6;Others~Sports~Arts;INFJ
21~25;Male;0;0~2;2~4;1~4;5~6;Others~Sports~Arts;INFP
21~25;Male;0;0~2;2~4;1~4;5~6;Others~Sports~Arts;INFP
21~25;Male;0;0~2;2~4;1~4;5~6;Others~Sports~Arts;INFP
21~25;Male;0;0~2;2~4;1~4;5~6;Others~Sports~Arts;INFJ
21~25;Male;0;0~2;2~4;1~4;5~6;Others~Sports~Arts;INFJ
21~25;Male;0;2~4;2~3;1~5;4~6;Others~Sports~Arts;INFP
21~25;Male;0;2~4;2~3;1~5;4~6;Others~Sports~Arts;INFP
21~25;Male;0;2~4;2~3;1~5;4~6;Others~Sports~Arts;ENFP
21~25;Male;0;2~4;2~3;1~5;4~6;Others~Sports~Arts;INFJ
21~25;Male;0;2~4;2~3;1~5;4~6;Others~Sports~Arts;INFP
21~25;Male;0;2~4;2~3;1~5;4~6;Others~Sports~Arts;INFP
19~25;Male;0;0~2;4~5;1~4;4~6;Others~Sports~Arts;INFJ
19~25;Male;0;0~2;4~5;1~4;4~6;Others~Sports~Arts;INFP
19~25;Male;0;0~2;4~5;1~4;4~6;Others~Sports~Arts;INFJ
19~25;Male;0;0~2;4~5;1~4;4~6;Others~Sports~Arts;INFP
19~25;Male;0;0~2;4~5;1~4;4~6;Others~Sports~Arts;INFJ
19~25;Male;0;0~2;4~5;1~4;4~6;Others~Sports~Arts;INFP
21~24;Male;0;2~4;4~5;0~4;4~7;Others~Sports~Arts;INFP
21~24;Male;0;2~4;4~5;0~4;4~7;Others~Sports~Arts;ENFP
21~24;Male;0;2~4;4~5;0~4;4~7;Others~Sports~Arts;ENFJ
21~24;Male;0;2~4;4~5;0~4;4~7;Others~Sports~Arts;INFP
21~24;Male;0;2~4;4~5;0~4;4~7;Others~Sports~Arts;INFP
21~24;Male;0;2~4;4~5;0~4;4~7;Others~Sports~Arts;INFP
19~25;Male;0;0~2;3~4;5~9;1~3;Unknown~Technology~Others;INFP
19~25;Male;0;0~2;3~4;5~9;1~3;Unknown~Technology~Others;INFP
19~25;Male;0;0~2;3~4;5~9;1~3;Unknown~Technology~Others;INFP
19~25;Male;0;0~2;3~4;5~9;1~3;Unknown~Technology~Others;INTP
19~25;Male;0;0~2;3~4;5~9;1~3;Unknown~Technology~Others;INTP
19~24;Male;0;2~5;3~4;6~9;0~3;Unknown~Technology~Others;INTP
19~24;Male;0;2~5;3~4;6~9;0~3;Unknown~Technology~Others;ENTP
19~24;Male;0;2~5;3~4;6~9;0~3;Unknown~Technology~Others;ENTP
19~24;Male;0;2~5;3~4;6~9;0~3;Unknown~Technology~Others;INFP
19~24;Male;0;2~5;3~4;6~9;0~3;Unknown~Technology~Others;INTP
19~24;Male;0;2~5;3~4;6~9;0~3;Unknown~Technology~Others;INTP
22~25;Male;0;0~1;2~4;6~8;3~4;Unknown~Technology~Others;INTP
22~25;Male;0;0~1;2~4;6~8;3~4;Unknown~Technology~Others;INTP
22~25;Male;0;0~1;2~4;6~8;3~4;Unknown~Technology~Others;INTP
22~25;Male;0;0~1;2~4;6~8;3~4;Unknown~Technology~Others;INTP
22~25;Male;0;0~1;2~4;6~8;3~4;Unknown~Technology~Others;INTP
22~25;Male;0;0~1;2~4;6~8;3~4;Unknown~Technology~Others;INTP
21~25;Male;0;2~4;3~4;5~9;3~4;Unknown~Technology;INTP
21~25;Male;0;2~4;3~4;5~9;3~4;Unknown~Technology;INFP
21~25;Male;0;2~4;3~4;5~9;3~4;Unknown~Technology;INFP
21~25;Male;0;2~4;3~4;5~9;3~4;Unknown~Technology;INTP
21~25;Male;0;2~4;3~4;5~9;3~4;Unknown~Technology;INTP
21~25;Male;0;2~4;3~4;5~9;3~4;Unknown~Technology;INTP
21~25;Male;0;0~2;4~4;5~9;0~3;Unknown~Technology~Others;INTP
21~25;Male;0;0~2;4~4;5~9;0~3;Unknown~Technology~Others;INFP
21~25;Male;0;0~2;4~4;5~9;0~3;Unknown~Technology~Others;INTP
21~25;Male;0;0~2;4~4;5~9;0~3;Unknown~Technology~Others;INTP
21~25;Male;0;0~2;4~4;5~9;0~3;Unknown~Technology~Others;INFP
19~22;Male;0;3~4;4~5;6~9;2~2;Unknown~Technology~Others;INTP
19~22;Male;0;3~4;4~5;6~9;2~2;Unknown~Technology~Others;INTP
19~22;Male;0;3~4;4~5;6~9;2~2;Unknown~Technology~Others;ENTP
19~22;Male;0;3~4;4~5;6~9;2~2;Unknown~Technology~Others;INTP
19~22;Male;0;3~4;4~5;6~9;2~2;Unknown~Technology~Others;ENTP
19~22;Male;0;3~4;4~5;6~9;2~2;Unknown~Technology~Others;ENTP
19~24;Male;0;0~3;4~5;5~9;3~4;Unknown~Technology;INTP
19~24;Male;0;0~3;4~5;5~9;3~4;Unknown~Technology;INFP
19~24;Male;0;0~3;4~5;5~9;3~4;Unknown~Technology;INTP
19~24;Male;0;0~3;4~5;5~9;3~4;Unknown~Technology;INTP
19~24;Male;0;0~3;4~5;5~9;3~4;Unknown~Technology;INTP
19~24;Male;0;0~3;4~5;5~9;3~4;Unknown~Technology;INTP
19~25;Male;0;3~5;4~5;5~8;3~4;Unknown~Technology~Others;INTP
19~25;Male;0;3~5;4~5;5~8;3~4;Unknown~Technology~Others;ENTP
19~25;Male;0;3~5;4~5;5~8;3~4;Unknown~Technology~Others;ENFP
19~25;Male;0;3~5;4~5;5~8;3~4;Unknown~Technology~Others;INTP
19~25;Male;0;3~5;4~5;5~8;3~4;Unknown~Technology~Others;ENTP
19~25;Male;0;3~5;4~5;5~8;3~4;Unknown~Technology~Others;INTP
22~25;Male;0;0~4;1~4;5~9;2~3;Sports~Arts;INFP
22~25;Male;0;0~4;1~4;5~9;2~3;Sports~Arts;INTP
22~25;Male;0;0~4;1~4;5~9;2~3;Sports~Arts;INTP
22~25;Male;0;0~4;1~4;5~9;2~3;Sports~Arts;INTP
22~25;Male;0;0~4;1~4;5~9;2~3;Sports~Arts;INTP
18~24;Male;0;1~4;3~4;6~9;4~4;Arts;ENTP
18~24;Male;0;1~4;3~4;6~9;4~4;Arts;INTP
18~24;Male;0;1~4;3~4;6~9;4~4;Arts;INTP
18~24;Male;0;1~4;3~4;6~9;4~4;Arts;INTP
18~24;Male;0;1~4;3~4;6~9;4~4;Arts;ENTP
20~25;Male;0;1~3;4~5;5~9;2~3;Sports~Arts;INTP
20~25;Male;0;1~3;4~5;5~9;2~3;Sports~Arts;INTP
20~25;Male;0;1~3;4~5;5~9;2~3;Sports~Arts;INTP
20~25;Male;0;1~3;4~5;5~9;2~3;Sports~Arts;INTP
20~25;Male;0;1~3;4~5;5~9;2~3;Sports~Arts;ENFP
20~24;Male;0;1~4;4~4;5~7;3~4;Arts;INTP
20~24;Male;0;1~4;4~4;5~7;3~4;Arts;INTP
20~24;Male;0;1~4;4~4;5~7;3~4;Arts;INTP
20~24;Male;0;1~4;4~4;5~7;3~4;Arts;INFP
20~24;Male;0;1~4;4~4;5~7;3~4;Arts;INTP
20~24;Male;0;0~3;2~4;5~9;4~7;Unknown~Technology;INFJ
20~24;Male;0;0~3;2~4;5~9;4~7;Unknown~Technology;INTP
20~24;Male;0;0~3;2~4;5~9;4~7;Unknown~Technology;INFP
20~24;Male;0;0~3;2~4;5~9;4~7;Unknown~Technology;INTP
20~24;Male;0;0~3;2~4;5~9;4~7;Unknown~Technology;INFP
20~24;Male;0;0~3;2~4;5~9;4~7;Unknown~Technology;INTP
20~24;Male;0;0~3;2~4;5~9;4~7;Unknown~Technology;INFJ
20~24;Male;0;0~3;2~4;5~9;4~7;Unknown~Technology;INTP
21~25;Male;0;3~4;0~3;5~9;4~7;Unknown~Technology;INTJ
21~25;Male;0;3~4;0~3;5~9;4~7;Unknown~Technology;INTP
21~25;Male;0;3~4;0~3;5~9;4~7;Unknown~Technology;INTP
21~25;Male;0;3~4;0~3;5~9;4~7;Unknown~Technology;ENFP
21~25;Male;0;3~4;0~3;5~9;4~7;Unknown~Technology;INTJ
21~25;Male;0;3~4;0~3;5~9;4~7;Unknown~Technology;ENTP
21~25;Male;0;3~4;0~3;5~9;4~7;Unknown~Technology;INTJ
21~25;Male;0;3~4;0~3;5~9;4~7;Unknown~Technology;ENTP
21~25;Male;0;3~4;0~3;5~9;4~7;Unknown~Technology;INTJ
20~25;Male;0;0~2;4~4;5~9;5~6;Unknown~Technology;INTP
20~25;Male;0;0~2;4~4;5~9;5~6;Unknown~Technology;INTP
20~25;Male;0;0~2;4~4;5~9;5~6;Unknown~Technology;INTP
20~25;Male;0;0~2;4~4;5~9;5~6;Unknown~Technology;INFJ
20~25;Male;0;0~2;4~4;5~9;5~6;Unknown~Technology;INTJ
20~25;Male;0;0~2;4~4;5~9;5~6;Unknown~Technology;INTP
20~25;Male;0;0~2;4~4;5~9;5~6;Unknown~Technology;INTP
20~25;Male;0;0~2;4~4;5~9;5~6;Unknown~Technology;INTP
19~25;Male;0;3~4;4~5;5~8;4~7;Unknown~Technology;INTP
19~25;Male;0;3~4;4~5;5~8;4~7;Unknown~Technology;INFP
19~25;Male;0;3~4;4~5;5~8;4~7;Unknown~Technology;INFP
19~25;Male;0;3~4;4~5;5~8;4~7;Unknown~Technology;ENFP
19~25;Male;0;3~4;4~5;5~8;4~7;Unknown~Technology;INTP
19~25;Male;0;3~4;4~5;5~8;4~7;Unknown~Technology;INTP
19~25;Male;0;3~4;4~5;5~8;4~7;Unknown~Technology;INFJ
19~25;Male;0;3~4;4~5;5~8;4~7;Unknown~Technology;ENTP
19~25;Male;0;3~4;4~5;5~8;4~7;Unknown~Technology;INFP
20~25;Male;0;0~2;2~3;5~9;5~6;Others~Sports~Arts;INTJ
20~25;Male;0;0~2;2~3;5~9;5~6;Others~Sports~Arts;INTJ
20~25;Male;0;0~2;2~3;5~9;5~6;Others~Sports~Arts;INTJ
20~25;Male;0;0~2;2~3;5~9;5~6;Others~Sports~Arts;INFP
20~25;Male;0;0~2;2~3;5~9;5~6;Others~Sports~Arts;INTP
20~25;Male;0;0~2;2~3;5~9;5~6;Others~Sports~Arts;INTJ
20~25;Male;0;0~2;2~3;5~9;5~6;Others~Sports~Arts;INTJ
20~25;Male;0;0~2;2~3;5~9;5~6;Others~Sports~Arts;INTP
20~25;Male;0;3~4;2~4;5~9;4~6;Others~Sports;ENFP
20~25;Male;0;3~4;2~4;5~9;4~6;Others~Sports;INFJ
20~25;Male;0;3~4;2~4;5~9;4~6;Others~Sports;INTP
20~25;Male;0;3~4;2~4;5~9;4~6;Others~Sports;INTP
20~25;Male;0;3~4;2~4;5~9;4~6;Others~Sports;ENTP
20~25;Male;0;3~4;2~4;5~9;4~6;Others~Sports;INTJ
20~25;Male;0;3~4;2~4;5~9;4~6;Others~Sports;INTP
20~25;Male;0;3~4;2~4;5~9;4~6;Others~Sports;ENTJ
19~25;Male;0;0~2;4~4;5~8;5~6;Others~Sports~Arts;INFP
19~25;Male;0;0~2;4~4;5~8;5~6;Others~Sports~Arts;INTP
19~25;Male;0;0~2;4~4;5~8;5~6;Others~Sports~Arts;INTJ
19~25;Male;0;0~2;4~4;5~8;5~6;Others~Sports~Arts;INTJ
19~25;Male;0;0~2;4~4;5~8;5~6;Others~Sports~Arts;INTJ
19~25;Male;0;0~2;4~4;5~8;5~6;Others~Sports~Arts;INTP
19~25;Male;0;0~2;4~4;5~8;5~6;Others~Sports~Arts;INTP
19~25;Male;0;0~2;4~4;5~8;5~6;Others~Sports~Arts;INTP
20~25;Male;0;2~5;4~5;5~9;4~6;Others~Sports~Arts;INTP
20~25;Male;0;2~5;4~5;5~9;4~6;Others~Sports~Arts;INTP
20~25;Male;0;2~5;4~5;5~9;4~6;Others~Sports~Arts;ENTP
20~25;Male;0;2~5;4~5;5~9;4~6;Others~Sports~Arts;ENTJ
20~25;Male;0;2~5;4~5;5~9;4~6;Others~Sports~Arts;INTJ
20~25;Male;0;2~5;4~5;5~9;4~6;Others~Sports~Arts;ENFP
20~25;Male;0;2~5;4~5;5~9;4~6;Others~Sports~Arts;INFP
20~25;Male;0;2~5;4~5;5~9;4~6;Others~Sports~Arts;INTJ
20~25;Male;0;2~5;4~5;5~9;4~6;Others~Sports~Arts;INTP
20~25;Male;0;1~2;5~6;0~4;2~3;Unknown~Technology;INFP
20~25;Male;0;1~2;5~6;0~4;2~3;Unknown~Technology;INFP
20~25;Male;0;1~2;5~6;0~4;2~3;Unknown~Technology;INFP
20~25;Male;0;1~2;5~6;0~4;2~3;Unknown~Technology;INFP
20~25;Male;0;1~2;5~6;0~4;2~3;Unknown~Technology;INFP
20~25;Male;0;1~2;5~6;0~4;2~3;Unknown~Technology;INFP
20~25;Male;0;1~2;5~6;0~4;2~3;Unknown~Technology;INFP
20~25;Male;0;1~2;5~6;0~4;2~3;Unknown~Technology;INFP
18~25;Male;0;0~2;5~7;0~3;3~4;Unknown~Technology;ISFP
18~25;Male;0;0~2;5~7;0~3;3~4;Unknown~Technology;INFP
18~25;Male;0;0~2;5~7;0~3;3~4;Unknown~Technology;INFP
18~25;Male;0;0~2;5~7;0~3;3~4;Unknown~Technology;INFP
18~25;Male;0;0~2;5~7;0~3;3~4;Unknown~Technology;INFP
18~25;Male;0;0~2;5~7;0~3;3~4;Unknown~Technology;INFP
18~25;Male;0;0~2;5~7;0~3;3~4;Unknown~Technology;INFP
18~25;Male;0;0~2;5~7;0~3;3~4;Unknown~Technology;INFP
18~25;Male;0;0~2;5~7;0~3;3~4;Unknown~Technology;INFP
20~24;Male;0;2~4;5~8;1~4;0~3;Unknown~Technology;INFP
20~24;Male;0;2~4;5~8;1~4;0~3;Unknown~Technology;INFP
20~24;Male;0;2~4;5~8;1~4;0~3;Unknown~Technology;ESFP
20~24;Male;0;2~4;5~8;1~4;0~3;Unknown~Technology;INFP
20~24;Male;0;2~4;5~8;1~4;0~3;Unknown~Technology;INFP
20~24;Male;0;2~4;5~8;1~4;0~3;Unknown~Technology;INFP
20~24;Male;0;2~4;5~8;1~4;0~3;Unknown~Technology;INFP
20~24;Male;0;2~4;5~8;1~4;0~3;Unknown~Technology;INFP
21~25;Male;0;2~5;5~7;0~4;3~4;Unknown~Technology;INFP
21~25;Male;0;2~5;5~7;0~4;3~4;Unknown~Technology;INFP
21~25;Male;0;2~5;5~7;0~4;3~4;Unknown~Technology;INFP
21~25;Male;0;2~5;5~7;0~4;3~4;Unknown~Technology;INFP
21~25;Male;0;2~5;5~7;0~4;3~4;Unknown~Technology;INFP
21~25;Male;0;2~5;5~7;0~4;3~4;Unknown~Technology;INFP
21~25;Male;0;2~5;5~7;0~4;3~4;Unknown~Technology;ISFP
21~25;Male;0;2~5;5~7;0~4;3~4;Unknown~Technology;ENFP
21~25;Male;0;2~5;5~7;0~4;3~4;Unknown~Technology;INFP
20~25;Male;0;0~3;5~7;0~4;1~3;Others~Sports~Arts;INFP
20~25;Male;0;0~3;5~7;0~4;1~3;Others~Sports~Arts;INFP
20~25;Male;0;0~3;5~7;0~4;1~3;Others~Sports~Arts;INFP
20~25;Male;0;0~3;5~7;0~4;1~3;Others~Sports~Arts;INFP
20~25;Male;0;0~3;5~7;0~4;1~3;Others~Sports~Arts;ISFP
20~25;Male;0;0~3;5~7;0~4;1~3;Others~Sports~Arts;INFP
20~25;Male;0;0~3;5~7;0~4;1~3;Others~Sports~Arts;INFP
20~25;Male;0;0~3;5~7;0~4;1~3;Others~Sports~Arts;ISFP
19~25;Male;0;0~3;5~7;0~4;3~4;Others~Sports~Arts;ISFP
19~25;Male;0;0~3;5~7;0~4;3~4;Others~Sports~Arts;INFP
19~25;Male;0;0~3;5~7;0~4;3~4;Others~Sports~Arts;INFP
19~25;Male;0;0~3;5~7;0~4;3~4;Others~Sports~Arts;INFP
19~25;Male;0;0~3;5~7;0~4;3~4;Others~Sports~Arts;INFP
19~25;Male;0;0~3;5~7;0~4;3~4;Others~Sports~Arts;INFP
19~25;Male;0;0~3;5~7;0~4;3~4;Others~Sports~Arts;INFP
19~25;Male;0;0~3;5~7;0~4;3~4;Others~Sports~Arts;ISFP
19~25;Male;0;3~5;5~7;0~4;3~3;Others~Sports~Arts;INFP
19~25;Male;0;3~5;5~7;0~4;3~3;Others~Sports~Arts;INFP
19~25;Male;0;3~5;5~7;0~4;3~3;Others~Sports~Arts;ENFP
19~25;Male;0;3~5;5~7;0~4;3~3;Others~Sports~Arts;INFP
19~25;Male;0;3~5;5~7;0~4;3~3;Others~Sports~Arts;INFP
19~25;Male;0;3~5;5~7;0~4;3~3;Others~Sports~Arts;INFP
19~25;Male;0;3~5;5~7;0~4;3~3;Others~Sports~Arts;INFP
19~25;Male;0;3~5;5~7;0~4;3~3;Others~Sports~Arts;INFP
19~25;Male;0;3~4;5~7;1~4;3~4;Others~Sports~Arts;INFP
19~25;Male;0;3~4;5~7;1~4;3~4;Others~Sports~Arts;ENFP
19~25;Male;0;3~4;5~7;1~4;3~4;Others~Sports~Arts;ISFP
19~25;Male;0;3~4;5~7;1~4;3~4;Others~Sports~Arts;ENFP
19~25;Male;0;3~4;5~7;1~4;3~4;Others~Sports~Arts;ENFP
19~25;Male;0;3~4;5~7;1~4;3~4;Others~Sports~Arts;ENFP
19~25;Male;0;3~4;5~7;1~4;3~4;Others~Sports~Arts;ENFP
19~25;Male;0;3~4;5~7;1~4;3~4;Others~Sports~Arts;INFP
19~25;Male;0;0~2;5~7;0~2;4~5;Unknown~Technology;INFP
19~25;Male;0;0~2;5~7;0~2;4~5;Unknown~Technology;INFP
19~25;Male;0;0~2;5~7;0~2;4~5;Unknown~Technology;INFP
19~25;Male;0;0~2;5~7;0~2;4~5;Unknown~Technology;INFP
19~25;Male;0;0~2;5~7;0~2;4~5;Unknown~Technology;INFP
19~25;Male;0;0~2;5~7;0~2;4~5;Unknown~Technology;INFP
19~25;Male;0;0~2;5~7;0~2;4~5;Unknown~Technology;INFP
19~25;Male;0;0~2;5~7;0~2;4~5;Unknown~Technology;INFP
20~25;Male;0;0~2;5~6;2~4;4~6;Unknown~Technology;INFJ
20~25;Male;0;0~2;5~6;2~4;4~6;Unknown~Technology;INFP
20~25;Male;0;0~2;5~6;2~4;4~6;Unknown~Technology;INFP
20~25;Male;0;0~2;5~6;2~4;4~6;Unknown~Technology;INFP
20~25;Male;0;0~2;5~6;2~4;4~6;Unknown~Technology;INFJ
20~25;Male;0;0~2;5~6;2~4;4~6;Unknown~Technology;INFP
20~25;Male;0;0~2;5~6;2~4;4~6;Unknown~Technology;INFP
20~25;Male;0;0~2;5~6;2~4;4~6;Unknown~Technology;INFP
18~25;Male;0;2~4;5~7;0~1;4~6;Unknown~Technology;INFP
18~25;Male;0;2~4;5~7;0~1;4~6;Unknown~Technology;INFP
18~25;Male;0;2~4;5~7;0~1;4~6;Unknown~Technology;INFP
18~25;Male;0;2~4;5~7;0~1;4~6;Unknown~Technology;INFJ
18~25;Male;0;2~4;5~7;0~1;4~6;Unknown~Technology;ENFP
18~25;Male;0;2~4;5~7;0~1;4~6;Unknown~Technology;INFP
18~25;Male;0;2~4;5~7;0~1;4~6;Unknown~Technology;INFJ
18~25;Male;0;2~4;5~7;0~1;4~6;Unknown~Technology;ISFP
19~25;Male;0;3~5;5~6;2~4;4~6;Unknown~Technology;INFP
19~25;Male;0;3~5;5~6;2~4;4~6;Unknown~Technology;INFP
19~25;Male;0;3~5;5~6;2~4;4~6;Unknown~Technology;INFP
19~25;Male;0;3~5;5~6;2~4;4~6;Unknown~Technology;ISFP
19~25;Male;0;3~5;5~6;2~4;4~6;Unknown~Technology;ENFJ
19~25;Male;0;3~5;5~6;2~4;4~6;Unknown~Technology;ENFJ
19~25;Male;0;3~5;5~6;2~4;4~6;Unknown~Technology;INFP
19~25;Male;0;3~5;5~6;2~4;4~6;Unknown~Technology;INFJ
19~25;Male;0;3~5;5~6;2~4;4~6;Unknown~Technology;INFP
21~25;Male;0;0~2;5~6;0~1;4~6;Others~Sports;INFP
21~25;Male;0;0~2;5~6;0~1;4~6;Others~Sports;INFJ
21~25;Male;0;0~2;5~6;0~1;4~6;Others~Sports;INFP
21~25;Male;0;0~2;5~6;0~1;4~6;Others~Sports;INFJ
21~25;Male;0;0~2;5~6;0~1;4~6;Others~Sports;INFJ
21~25;Male;0;0~2;5~6;0~1;4~6;Others~Sports;INFJ
21~24;Male;0;0~2;5~6;2~4;4~6;Others~Sports;INFP
21~24;Male;0;0~2;5~6;2~4;4~6;Others~Sports;ISFP
21~24;Male;0;0~2;5~6;2~4;4~6;Others~Sports;INFP
21~24;Male;0;0~2;5~6;2~4;4~6;Others~Sports;INFP
21~24;Male;0;0~2;5~6;2~4;4~6;Others~Sports;INFJ
21~24;Male;0;0~2;5~6;2~4;4~6;Others~Sports;INFJ
20~24;Male;0;0~1;5~8;1~4;5~6;Arts;ISFJ
20~24;Male;0;0~1;5~8;1~4;5~6;Arts;ISFP
20~24;Male;0;0~1;5~8;1~4;5~6;Arts;INFJ
20~24;Male;0;0~1;5~8;1~4;5~6;Arts;INFP
20~24;Male;0;0~1;5~8;1~4;5~6;Arts;INFP
20~25;Male;0;4~5;5~6;0~2;5~7;Others~Sports;ENFJ
20~25;Male;0;4~5;5~6;0~2;5~7;Others~Sports;INFJ
20~25;Male;0;4~5;5~6;0~2;5~7;Others~Sports;INFP
20~25;Male;0;4~5;5~6;0~2;5~7;Others~Sports;INFP
20~25;Male;0;4~5;5~6;0~2;5~7;Others~Sports;ENFP
19~25;Male;0;3~5;5~6;2~4;4~6;Others~Sports;INFP
19~25;Male;0;3~5;5~6;2~4;4~6;Others~Sports;INFP
19~25;Male;0;3~5;5~6;2~4;4~6;Others~Sports;INFJ
19~25;Male;0;3~5;5~6;2~4;4~6;Others~Sports;ENFP
19~25;Male;0;3~5;5~6;2~4;4~6;Others~Sports;ENFJ
19~25;Male;0;3~5;5~6;2~4;4~6;Others~Sports;INFP
21~25;Male;0;3~5;5~6;1~4;5~7;Arts;INFJ
21~25;Male;0;3~5;5~6;1~4;5~7;Arts;ENFP
21~25;Male;0;3~5;5~6;1~4;5~7;Arts;ENFJ
21~25;Male;0;3~5;5~6;1~4;5~7;Arts;ENFJ
21~25;Male;0;3~5;5~6;1~4;5~7;Arts;INFJ
21~25;Male;0;3~5;5~6;1~4;5~7;Arts;INFP
20~24;Male;0;0~2;5~5;4~6;2~4;Unknown~Technology~Others;INFP
20~24;Male;0;0~2;5~5;4~6;2~4;Unknown~Technology~Others;INFP
20~24;Male;0;0~2;5~5;4~6;2~4;Unknown~Technology~Others;INFP
20~24;Male;0;0~2;5~5;4~6;2~4;Unknown~Technology~Others;INFP
20~24;Male;0;0~2;5~5;4~6;2~4;Unknown~Technology~Others;INFP
19~24;Male;0;0~1;6~7;4~6;2~4;Unknown~Technology~Others;INTP
19~24;Male;0;0~1;6~7;4~6;2~4;Unknown~Technology~Others;INFP
19~24;Male;0;0~1;6~7;4~6;2~4;Unknown~Technology~Others;INFP
19~24;Male;0;0~1;6~7;4~6;2~4;Unknown~Technology~Others;INFP
19~24;Male;0;0~1;6~7;4~6;2~4;Unknown~Technology~Others;ISFP
20~25;Male;0;2~4;5~5;5~6;2~4;Unknown~Technology~Others;INFP
20~25;Male;0;2~4;5~5;5~6;2~4;Unknown~Technology~Others;INTP
20~25;Male;0;2~4;5~5;5~6;2~4;Unknown~Technology~Others;INFP
20~25;Male;0;2~4;5~5;5~6;2~4;Unknown~Technology~Others;INFP
20~25;Male;0;2~4;5~5;5~6;2~4;Unknown~Technology~Others;INFP
19~24;Male;0;2~4;5~6;5~6;1~4;Unknown~Technology~Others;ISFP
19~24;Male;0;2~4;5~6;5~6;1~4;Unknown~Technology~Others;INFP
19~24;Male;0;2~4;5~6;5~6;1~4;Unknown~Technology~Others;INFP
19~24;Male;0;2~4;5~6;5~6;1~4;Unknown~Technology~Others;ESFP
19~24;Male;0;2~4;5~6;5~6;1~4;Unknown~Technology~Others;INFP
21~24;Male;0;1~1;5~7;6~8;3~3;Unknown;INTP
21~24;Male;0;1~1;5~7;6~8;3~3;Unknown;INTP
21~24;Male;0;1~1;5~7;6~8;3~3;Unknown;ISTP
21~24;Male;0;1~1;5~7;6~8;3~3;Unknown;INTP
21~24;Male;0;1~1;5~7;6~8;3~3;Unknown;INTP
20~25;Male;0;0~1;5~7;7~9;1~4;Technology~Others;INTP
20~25;Male;0;0~1;5~7;7~9;1~4;Technology~Others;INTP
20~25;Male;0;0~1;5~7;7~9;1~4;Technology~Others;INTP
20~25;Male;0;0~1;5~7;7~9;1~4;Technology~Others;INTP
20~25;Male;0;0~1;5~7;7~9;1~4;Technology~Others;INTP
22~24;Male;0;2~4;5~6;7~9;2~4;Unknown~Technology;INTP
22~24;Male;0;2~4;5~6;7~9;2~4;Unknown~Technology;INTP
22~24;Male;0;2~4;5~6;7~9;2~4;Unknown~Technology;ENTP
22~24;Male;0;2~4;5~6;7~9;2~4;Unknown~Technology;ENTP
22~24;Male;0;2~4;5~6;7~9;2~4;Unknown~Technology;INTP
22~24;Male;0;2~4;5~6;7~9;2~4;Unknown~Technology;INTP
19~25;Male;0;3~4;5~6;7~9;3~4;Others;ENTP
19~25;Male;0;3~4;5~6;7~9;3~4;Others;INTP
19~25;Male;0;3~4;5~6;7~9;3~4;Others;INTP
19~25;Male;0;3~4;5~6;7~9;3~4;Others;INTP
19~25;Male;0;3~4;5~6;7~9;3~4;Others;ENTP
20~25;Male;0;0~1;5~6;4~7;3~4;Sports~Arts;ISTP
20~25;Male;0;0~1;5~6;4~7;3~4;Sports~Arts;INFP
20~25;Male;0;0~1;5~6;4~7;3~4;Sports~Arts;INTP
20~25;Male;0;0~1;5~6;4~7;3~4;Sports~Arts;INTP
20~25;Male;0;0~1;5~6;4~7;3~4;Sports~Arts;INTP
20~25;Male;0;0~1;5~6;4~7;3~4;Sports~Arts;INTP
20~24;Male;0;2~4;5~6;5~7;3~4;Sports~Arts;INFP
20~24;Male;0;2~4;5~6;5~7;3~4;Sports~Arts;INFP
20~24;Male;0;2~4;5~6;5~7;3~4;Sports~Arts;INTP
20~24;Male;0;2~4;5~6;5~7;3~4;Sports~Arts;INTP
20~24;Male;0;2~4;5~6;5~7;3~4;Sports~Arts;ENTP
20~24;Male;0;2~4;5~6;5~7;3~4;Sports~Arts;ISTP
19~24;Male;0;0~1;5~6;8~9;2~4;Sports~Arts;INTP
19~24;Male;0;0~1;5~6;8~9;2~4;Sports~Arts;INTP
19~24;Male;0;0~1;5~6;8~9;2~4;Sports~Arts;INTP
19~24;Male;0;0~1;5~6;8~9;2~4;Sports~Arts;INTP
19~24;Male;0;0~1;5~6;8~9;2~4;Sports~Arts;INTP
19~24;Male;0;0~1;5~6;8~9;2~4;Sports~Arts;INTP
20~25;Male;0;2~5;5~7;7~9;1~4;Sports~Arts;ENTP
20~25;Male;0;2~5;5~7;7~9;1~4;Sports~Arts;INTP
20~25;Male;0;2~5;5~7;7~9;1~4;Sports~Arts;INTP
20~25;Male;0;2~5;5~7;7~9;1~4;Sports~Arts;INTP
20~25;Male;0;2~5;5~7;7~9;1~4;Sports~Arts;INTP
20~25;Male;0;2~5;5~7;7~9;1~4;Sports~Arts;ESTP
20~25;Male;0;2~5;5~7;7~9;1~4;Sports~Arts;INTP
20~25;Male;0;0~1;5~7;4~6;4~7;Unknown~Technology;INFJ
20~25;Male;0;0~1;5~7;4~6;4~7;Unknown~Technology;INFJ
20~25;Male;0;0~1;5~7;4~6;4~7;Unknown~Technology;INFP
20~25;Male;0;0~1;5~7;4~6;4~7;Unknown~Technology;ISFP
20~25;Male;0;0~1;5~7;4~6;4~7;Unknown~Technology;INFP
20~25;Male;0;0~1;5~7;4~6;4~7;Unknown~Technology;INFP
20~25;Male;0;0~1;5~7;4~6;4~7;Unknown~Technology;INFP
20~25;Male;0;0~1;5~7;4~6;4~7;Unknown~Technology;INFP
20~25;Male;0;2~5;5~7;4~5;4~6;Unknown~Technology;INFJ
20~25;Male;0;2~5;5~7;4~5;4~6;Unknown~Technology;INFJ
20~25;Male;0;2~5;5~7;4~5;4~6;Unknown~Technology;ISFJ
20~25;Male;0;2~5;5~7;4~5;4~6;Unknown~Technology;INFP
20~25;Male;0;2~5;5~7;4~5;4~6;Unknown~Technology;INFJ
20~25;Male;0;2~5;5~7;4~5;4~6;Unknown~Technology;ENFJ
20~25;Male;0;2~5;5~7;4~5;4~6;Unknown~Technology;INFP
20~25;Male;0;2~5;5~7;4~5;4~6;Unknown~Technology;INFP
20~25;Male;0;2~5;5~7;4~5;4~6;Unknown~Technology;ISFP
19~24;Male;0;0~1;5~7;6~9;4~6;Unknown;INTP
19~24;Male;0;0~1;5~7;6~9;4~6;Unknown;INFP
19~24;Male;0;0~1;5~7;6~9;4~6;Unknown;INTP
19~24;Male;0;0~1;5~7;6~9;4~6;Unknown;INTP
19~24;Male;0;0~1;5~7;6~9;4~6;Unknown;INTP
19~24;Male;0;0~1;5~7;6~9;4~6;Unknown;INTP
19~24;Male;0;0~1;5~7;6~9;4~6;Unknown;INTJ
19~24;Male;0;0~1;5~7;6~9;4~6;Unknown;INTP
19~24;Male;0;0~1;5~7;6~9;4~6;Unknown;INTP
18~24;Male;0;1~5;5~6;6~9;4~6;Unknown~Technology;INTJ
18~24;Male;0;1~5;5~6;6~9;4~6;Unknown~Technology;ESTJ
18~24;Male;0;1~5;5~6;6~9;4~6;Unknown~Technology;INTP
18~24;Male;0;1~5;5~6;6~9;4~6;Unknown~Technology;INTP
18~24;Male;0;1~5;5~6;6~9;4~6;Unknown~Technology;ESTP
18~24;Male;0;1~5;5~6;6~9;4~6;Unknown~Technology;ENTP
18~24;Male;0;1~5;5~6;6~9;4~6;Unknown~Technology;INTP
18~24;Male;0;1~5;5~6;6~9;4~6;Unknown~Technology;INFJ
18~24;Male;0;1~5;5~6;6~9;4~6;Unknown~Technology;INTP
19~25;Male;0;0~1;5~7;4~6;4~5;Others~Sports~Arts;INTP
19~25;Male;0;0~1;5~7;4~6;4~5;Others~Sports~Arts;INFP
19~25;Male;0;0~1;5~7;4~6;4~5;Others~Sports~Arts;ISFP
19~25;Male;0;0~1;5~7;4~6;4~5;Others~Sports~Arts;INFP
19~25;Male;0;0~1;5~7;4~6;4~5;Others~Sports~Arts;INTP
19~25;Male;0;0~1;5~7;4~6;4~5;Others~Sports~Arts;INFP
19~25;Male;0;0~1;5~7;4~6;4~5;Others~Sports~Arts;INFP
19~25;Male;0;0~1;5~7;4~6;4~5;Others~Sports~Arts;INFP
19~25;Male;0;1~4;5~6;5~7;5~7;Others~Sports~Arts;INTJ
19~25;Male;0;1~4;5~6;5~7;5~7;Others~Sports~Arts;INFJ
19~25;Male;0;1~4;5~6;5~7;5~7;Others~Sports~Arts;INFP
19~25;Male;0;1~4;5~6;5~7;5~7;Others~Sports~Arts;INTP
19~25;Male;0;1~4;5~6;5~7;5~7;Others~Sports~Arts;ISFP
19~25;Male;0;1~4;5~6;5~7;5~7;Others~Sports~Arts;ENFJ
19~25;Male;0;1~4;5~6;5~7;5~7;Others~Sports~Arts;INTP
19~25;Male;0;1~4;5~6;5~7;5~7;Others~Sports~Arts;INFP
19~25;Male;0;0~2;5~7;7~9;4~6;Others~Sports~Arts;INTJ
19~25;Male;0;0~2;5~7;7~9;4~6;Others~Sports~Arts;INTJ
19~25;Male;0;0~2;5~7;7~9;4~6;Others~Sports~Arts;INTP
19~25;Male;0;0~2;5~7;7~9;4~6;Others~Sports~Arts;INTP
19~25;Male;0;0~2;5~7;7~9;4~6;Others~Sports~Arts;INTP
19~25;Male;0;0~2;5~7;7~9;4~6;Others~Sports~Arts;INTP
19~25;Male;0;0~2;5~7;7~9;4~6;Others~Sports~Arts;INTP
19~25;Male;0;0~2;5~7;7~9;4~6;Others~Sports~Arts;INTP
21~25;Male;0;2~4;5~6;7~9;4~6;Others~Sports~Arts;INTJ
21~25;Male;0;2~4;5~6;7~9;4~6;Others~Sports~Arts;ESTP
21~25;Male;0;2~4;5~6;7~9;4~6;Others~Sports~Arts;INTP
21~25;Male;0;2~4;5~6;7~9;4~6;Others~Sports~Arts;INTP
21~25;Male;0;2~4;5~6;7~9;4~6;Others~Sports~Arts;ISTJ
21~25;Male;0;2~4;5~6;7~9;4~6;Others~Sports~Arts;INTP
21~25;Male;0;2~4;5~6;7~9;4~6;Others~Sports~Arts;INTP
21~25;Male;0;2~4;5~6;7~9;4~6;Others~Sports~Arts;INTP
19~25;Male;0;5~7;2~5;0~4;1~3;Unknown~Technology;ENFP
19~25;Male;0;5~7;2~5;0~4;1~3;Unknown~Technology;ENFP
19~25;Male;0;5~7;2~5;0~4;1~3;Unknown~Technology;ENFP
19~25;Male;0;5~7;2~5;0~4;1~3;Unknown~Technology;ENFP
19~25;Male;0;5~7;2~5;0~4;1~3;Unknown~Technology;ENFP
19~25;Male;0;5~7;2~5;0~4;1~3;Unknown~Technology;ENFP
19~25;Male;0;5~7;2~5;0~4;1~3;Unknown~Technology;ENFP
19~25;Male;0;5~7;2~5;0~4;1~3;Unknown~Technology;ENFP
20~25;Male;0;5~6;1~4;0~3;3~4;Unknown~Technology;ENFP
20~25;Male;0;5~6;1~4;0~3;3~4;Unknown~Technology;INFP
20~25;Male;0;5~6;1~4;0~3;3~4;Unknown~Technology;ENFP
20~25;Male;0;5~6;1~4;0~3;3~4;Unknown~Technology;ENFP
20~25;Male;0;5~6;1~4;0~3;3~4;Unknown~Technology;ENFP
20~25;Male;0;5~6;1~4;0~3;3~4;Unknown~Technology;ENFP
20~25;Male;0;5~6;1~4;0~3;3~4;Unknown~Technology;INFP
20~25;Male;0;5~6;1~4;0~3;3~4;Unknown~Technology;ENFP
20~25;Male;0;5~6;1~4;0~3;3~4;Unknown~Technology;ENFP
21~25;Male;0;7~9;3~4;0~3;1~3;Unknown~Technology;ENFP
21~25;Male;0;7~9;3~4;0~3;1~3;Unknown~Technology;ENFP
21~25;Male;0;7~9;3~4;0~3;1~3;Unknown~Technology;ENFP
21~25;Male;0;7~9;3~4;0~3;1~3;Unknown~Technology;ENFP
21~25;Male;0;7~9;3~4;0~3;1~3;Unknown~Technology;ENFP
21~25;Male;0;7~9;3~4;0~3;1~3;Unknown~Technology;ENFP
21~25;Male;0;7~9;3~4;0~3;1~3;Unknown~Technology;ENFP
21~25;Male;0;7~9;3~4;0~3;1~3;Unknown~Technology;ENFP
21~25;Male;0;7~9;3~4;0~3;1~3;Unknown~Technology;ENFP
21~25;Male;0;7~9;3~5;0~4;3~4;Unknown~Technology;ENFP
21~25;Male;0;7~9;3~5;0~4;3~4;Unknown~Technology;ENFP
21~25;Male;0;7~9;3~5;0~4;3~4;Unknown~Technology;ENFP
21~25;Male;0;7~9;3~5;0~4;3~4;Unknown~Technology;ENFP
21~25;Male;0;7~9;3~5;0~4;3~4;Unknown~Technology;ENFP
21~25;Male;0;7~9;3~5;0~4;3~4;Unknown~Technology;ENFP
21~25;Male;0;7~9;3~5;0~4;3~4;Unknown~Technology;ENFP
21~25;Male;0;7~9;3~5;0~4;3~4;Unknown~Technology;ENFP
21~25;Male;0;7~9;3~5;0~4;3~4;Unknown~Technology;ENFP
20~25;Male;0;5~7;3~4;0~3;1~3;Sports~Arts;ENFP
20~25;Male;0;5~7;3~4;0~3;1~3;Sports~Arts;INFP
20~25;Male;0;5~7;3~4;0~3;1~3;Sports~Arts;ENFP
20~25;Male;0;5~7;3~4;0~3;1~3;Sports~Arts;ENFP
20~25;Male;0;5~7;3~4;0~3;1~3;Sports~Arts;ENFP
20~25;Male;0;5~7;3~4;0~3;1~3;Sports~Arts;ENFP
20~25;Male;0;5~7;3~4;0~3;1~3;Sports~Arts;ENFP
20~25;Male;0;5~7;2~4;1~4;3~4;Others~Sports~Arts;INFP
20~25;Male;0;5~7;2~4;1~4;3~4;Others~Sports~Arts;ENFP
20~25;Male;0;5~7;2~4;1~4;3~4;Others~Sports~Arts;ENFP
20~25;Male;0;5~7;2~4;1~4;3~4;Others~Sports~Arts;ENFP
20~25;Male;0;5~7;2~4;1~4;3~4;Others~Sports~Arts;ENFP
20~25;Male;0;5~7;2~4;1~4;3~4;Others~Sports~Arts;ENFP
20~25;Male;0;5~7;2~4;1~4;3~4;Others~Sports~Arts;ENFP
20~25;Male;0;5~7;2~4;1~4;3~4;Others~Sports~Arts;ENFP
20~25;Male;0;8~9;1~4;0~4;2~4;Others~Sports;ENFP
20~25;Male;0;8~9;1~4;0~4;2~4;Others~Sports;ENFP
20~25;Male;0;8~9;1~4;0~4;2~4;Others~Sports;ENFP
20~25;Male;0;8~9;1~4;0~4;2~4;Others~Sports;ENFP
20~25;Male;0;8~9;1~4;0~4;2~4;Others~Sports;ENFP
20~25;Male;0;8~9;1~4;0~4;2~4;Others~Sports;ENFP
20~25;Male;0;8~9;1~4;0~4;2~4;Others~Sports;ENFP
20~25;Male;0;8~9;1~4;0~4;2~4;Others~Sports;ENFP
21~24;Male;0;7~9;2~5;0~3;0~4;Arts;ENFP
21~24;Male;0;7~9;2~5;0~3;0~4;Arts;ENFP
21~24;Male;0;7~9;2~5;0~3;0~4;Arts;ENFP
21~24;Male;0;7~9;2~5;0~3;0~4;Arts;ENFP
21~24;Male;0;7~9;2~5;0~3;0~4;Arts;ENFP
21~24;Male;0;7~9;2~5;0~3;0~4;Arts;ENFP
21~24;Male;0;7~9;2~5;0~3;0~4;Arts;ENFP
21~24;Male;0;7~9;2~5;0~3;0~4;Arts;ENFP
22~25;Male;0;5~7;2~4;0~0;5~6;Unknown;ENFJ
22~25;Male;0;5~7;2~4;0~0;5~6;Unknown;ENFP
22~25;Male;0;5~7;2~4;0~0;5~6;Unknown;ENFP
22~25;Male;0;5~7;2~4;0~0;5~6;Unknown;ENFJ
22~25;Male;0;5~7;2~4;0~0;5~6;Unknown;ENFP
20~25;Male;0;5~7;3~4;1~4;5~6;Unknown;ENFJ
20~25;Male;0;5~7;3~4;1~4;5~6;Unknown;ENFJ
20~25;Male;0;5~7;3~4;1~4;5~6;Unknown;ENFP
20~25;Male;0;5~7;3~4;1~4;5~6;Unknown;ENFP
20~25;Male;0;5~7;3~4;1~4;5~6;Unknown;INFP
20~25;Male;0;5~7;3~4;1~4;5~6;Unknown;ENFJ
21~25;Male;0;7~9;2~4;0~1;4~7;Unknown;ENFP
21~25;Male;0;7~9;2~4;0~1;4~7;Unknown;ENFJ
21~25;Male;0;7~9;2~4;0~1;4~7;Unknown;ENFP
21~25;Male;0;7~9;2~4;0~1;4~7;Unknown;ENFP
21~25;Male;0;7~9;2~4;0~1;4~7;Unknown;ENFP
18~25;Male;0;8~9;3~5;1~4;4~6;Unknown;ENFP
18~25;Male;0;8~9;3~5;1~4;4~6;Unknown;ENFJ
18~25;Male;0;8~9;3~5;1~4;4~6;Unknown;ENFJ
18~25;Male;0;8~9;3~5;1~4;4~6;Unknown;ENFP
18~25;Male;0;8~9;3~5;1~4;4~6;Unknown;ENFP
18~25;Male;0;8~9;3~5;1~4;4~6;Unknown;ENFP
21~24;Male;0;5~7;2~4;0~2;5~5;Technology~Others;ENFP
21~24;Male;0;5~7;2~4;0~2;5~5;Technology~Others;ENFP
21~24;Male;0;5~7;2~4;0~2;5~5;Technology~Others;ENFP
21~24;Male;0;5~7;2~4;0~2;5~5;Technology~Others;ENFP
21~24;Male;0;5~7;2~4;0~2;5~5;Technology~Others;ENFP
22~25;Male;0;5~7;3~5;2~4;4~6;Technology~Others;ENFJ
22~25;Male;0;5~7;3~5;2~4;4~6;Technology~Others;INFP
22~25;Male;0;5~7;3~5;2~4;4~6;Technology~Others;ENFP
22~25;Male;0;5~7;3~5;2~4;4~6;Technology~Others;ENFJ
22~25;Male;0;5~7;3~5;2~4;4~6;Technology~Others;ENFJ
20~25;Male;0;7~9;2~4;1~2;4~7;Technology~Others;ENFJ
20~25;Male;0;7~9;2~4;1~2;4~7;Technology~Others;ENFJ
20~25;Male;0;7~9;2~4;1~2;4~7;Technology~Others;ENFP
20~25;Male;0;7~9;2~4;1~2;4~7;Technology~Others;ENFP
20~25;Male;0;7~9;2~4;1~2;4~7;Technology~Others;ENFP
20~24;Male;0;7~9;2~4;3~4;4~6;Technology~Others;ENFP
20~24;Male;0;7~9;2~4;3~4;4~6;Technology~Others;ENFP
20~24;Male;0;7~9;2~4;3~4;4~6;Technology~Others;ENFP
20~24;Male;0;7~9;2~4;3~4;4~6;Technology~Others;ENFP
20~24;Male;0;7~9;2~4;3~4;4~6;Technology~Others;ENFJ
21~23;Male;0;5~7;2~4;0~1;5~7;Arts;ENFP
21~23;Male;0;5~7;2~4;0~1;5~7;Arts;ENFP
21~23;Male;0;5~7;2~4;0~1;5~7;Arts;ENFJ
21~23;Male;0;5~7;2~4;0~1;5~7;Arts;ENFJ
21~23;Male;0;5~7;2~4;0~1;5~7;Arts;ENFP
21~23;Male;0;5~7;2~4;0~1;5~7;Arts;ENFJ
21~23;Male;0;5~7;2~5;1~4;5~6;Arts;ENFP
21~23;Male;0;5~7;2~5;1~4;5~6;Arts;ENFJ
21~23;Male;0;5~7;2~5;1~4;5~6;Arts;ENFP
21~23;Male;0;5~7;2~5;1~4;5~6;Arts;ENFJ
21~23;Male;0;5~7;2~5;1~4;5~6;Arts;ENFP
21~23;Male;0;5~7;2~5;1~4;5~6;Arts;ENFP
19~24;Male;0;7~9;3~5;0~3;4~6;Sports~Arts;ENFP
19~24;Male;0;7~9;3~5;0~3;4~6;Sports~Arts;ENFP
19~24;Male;0;7~9;3~5;0~3;4~6;Sports~Arts;ENFJ
19~24;Male;0;7~9;3~5;0~3;4~6;Sports~Arts;ENFP
19~24;Male;0;7~9;3~5;0~3;4~6;Sports~Arts;ENFP
19~24;Male;0;7~9;3~5;0~3;4~6;Sports~Arts;ENFP
20~25;Male;0;7~9;3~5;3~4;4~6;Sports~Arts;ENFP
20~25;Male;0;7~9;3~5;3~4;4~6;Sports~Arts;ENFP
20~25;Male;0;7~9;3~5;3~4;4~6;Sports~Arts;ENFP
20~25;Male;0;7~9;3~5;3~4;4~6;Sports~Arts;ENFP
20~25;Male;0;7~9;3~5;3~4;4~6;Sports~Arts;ENFJ
20~25;Male;0;7~9;3~5;3~4;4~6;Sports~Arts;ENFJ
20~24;Male;0;5~6;2~4;4~6;2~4;Unknown~Technology;ENTP
20~24;Male;0;5~6;2~4;4~6;2~4;Unknown~Technology;ENFP
20~24;Male;0;5~6;2~4;4~6;2~4;Unknown~Technology;ENFP
20~24;Male;0;5~6;2~4;4~6;2~4;Unknown~Technology;ENFP
20~24;Male;0;5~6;2~4;4~6;2~4;Unknown~Technology;ENFP
20~24;Male;0;5~6;2~4;4~6;2~4;Unknown~Technology;ENTP
20~24;Male;0;5~6;2~4;4~6;2~4;Unknown~Technology;ENFP
22~25;Male;0;7~8;3~5;4~6;1~4;Unknown~Technology;ENFP
22~25;Male;0;7~8;3~5;4~6;1~4;Unknown~Technology;ENFP
22~25;Male;0;7~8;3~5;4~6;1~4;Unknown~Technology;ENFP
22~25;Male;0;7~8;3~5;4~6;1~4;Unknown~Technology;ENFP
22~25;Male;0;7~8;3~5;4~6;1~4;Unknown~Technology;ENFP
22~25;Male;0;7~8;3~5;4~6;1~4;Unknown~Technology;ENFP
22~25;Male;0;7~8;3~5;4~6;1~4;Unknown~Technology;ENFP
19~24;Male;0;5~8;3~4;4~6;2~4;Others;ENFP
19~24;Male;0;5~8;3~4;4~6;2~4;Others;ENFP
19~24;Male;0;5~8;3~4;4~6;2~4;Others;ENFP
19~24;Male;0;5~8;3~4;4~6;2~4;Others;INFP
19~24;Male;0;5~8;3~4;4~6;2~4;Others;ENFP
19~24;Male;0;5~8;3~4;4~6;2~4;Others;ENFP
19~24;Male;0;5~8;3~4;4~6;2~4;Others;ENFP
19~24;Male;0;5~8;3~4;4~6;2~4;Others;ENFP
23~25;Male;0;5~8;2~5;6~9;0~4;Unknown;ENTP
23~25;Male;0;5~8;2~5;6~9;0~4;Unknown;ENTP
23~25;Male;0;5~8;2~5;6~9;0~4;Unknown;ENTP
23~25;Male;0;5~8;2~5;6~9;0~4;Unknown;ENTP
23~25;Male;0;5~8;2~5;6~9;0~4;Unknown;INTP
23~25;Male;0;5~8;2~5;6~9;0~4;Unknown;ENTP
23~25;Male;0;5~8;2~5;6~9;0~4;Unknown;ENTP
20~25;Male;0;8~9;3~4;6~9;0~4;Unknown;ENTP
20~25;Male;0;8~9;3~4;6~9;0~4;Unknown;ENTP
20~25;Male;0;8~9;3~4;6~9;0~4;Unknown;ENTP
20~25;Male;0;8~9;3~4;6~9;0~4;Unknown;ENTP
20~25;Male;0;8~9;3~4;6~9;0~4;Unknown;ENTP
20~25;Male;0;8~9;3~4;6~9;0~4;Unknown;ENTP
20~25;Male;0;8~9;3~4;6~9;0~4;Unknown;ENTP
20~25;Male;0;8~9;3~4;6~9;0~4;Unknown;ENTP
19~25;Male;0;6~9;2~4;6~9;1~4;Technology~Others;ENTP
19~25;Male;0;6~9;2~4;6~9;1~4;Technology~Others;ENTP
19~25;Male;0;6~9;2~4;6~9;1~4;Technology~Others;ENTP
19~25;Male;0;6~9;2~4;6~9;1~4;Technology~Others;ENTP
19~25;Male;0;6~9;2~4;6~9;1~4;Technology~Others;ENTP
19~25;Male;0;6~9;2~4;6~9;1~4;Technology~Others;ENTP
19~25;Male;0;6~9;2~4;6~9;1~4;Technology~Others;ENTP
19~25;Male;0;6~9;2~4;6~9;1~4;Technology~Others;ENTP
20~24;Male;0;6~6;4~4;5~7;3~4;Sports~Arts;ENTP
20~24;Male;0;6~6;4~4;5~7;3~4;Sports~Arts;ENFP
20~24;Male;0;6~6;4~4;5~7;3~4;Sports~Arts;ENTP
20~24;Male;0;6~6;4~4;5~7;3~4;Sports~Arts;ENTP
20~24;Male;0;6~6;4~4;5~7;3~4;Sports~Arts;ENTP
20~25;Male;0;6~8;3~5;5~6;1~4;Sports~Arts;ENFP
20~25;Male;0;6~8;3~5;5~6;1~4;Sports~Arts;ENTP
20~25;Male;0;6~8;3~5;5~6;1~4;Sports~Arts;ENTP
20~25;Male;0;6~8;3~5;5~6;1~4;Sports~Arts;ENTP
20~25;Male;0;6~8;3~5;5~6;1~4;Sports~Arts;ENFP
20~25;Male;0;5~7;3~4;8~9;2~4;Sports~Arts;ENTP
20~25;Male;0;5~7;3~4;8~9;2~4;Sports~Arts;ENTP
20~25;Male;0;5~7;3~4;8~9;2~4;Sports~Arts;ENTP
20~25;Male;0;5~7;3~4;8~9;2~4;Sports~Arts;ENTP
20~25;Male;0;5~7;3~4;8~9;2~4;Sports~Arts;ENTP
20~24;Male;0;8~9;3~5;7~9;1~3;Sports~Arts;ENTP
20~24;Male;0;8~9;3~5;7~9;1~3;Sports~Arts;ENTP
20~24;Male;0;8~9;3~5;7~9;1~3;Sports~Arts;ENTP
20~24;Male;0;8~9;3~5;7~9;1~3;Sports~Arts;ENTP
20~24;Male;0;8~9;3~5;7~9;1~3;Sports~Arts;ENTP
20~24;Male;0;8~9;3~5;7~9;1~3;Sports~Arts;ENTP
21~25;Male;0;5~7;3~5;6~7;4~6;Unknown~Technology;ENFP
21~25;Male;0;5~7;3~5;6~7;4~6;Unknown~Technology;ENTP
21~25;Male;0;5~7;3~5;6~7;4~6;Unknown~Technology;ENFP
21~25;Male;0;5~7;3~5;6~7;4~6;Unknown~Technology;INFP
21~25;Male;0;5~7;3~5;6~7;4~6;Unknown~Technology;ENTJ
21~25;Male;0;5~7;3~5;6~7;4~6;Unknown~Technology;ENTP
21~25;Male;0;5~7;3~5;6~7;4~6;Unknown~Technology;ENTP
21~25;Male;0;5~7;3~5;6~7;4~6;Unknown~Technology;ENTP
21~25;Male;0;5~7;3~5;6~7;4~6;Unknown~Technology;ENTP
20~24;Male;0;8~9;2~4;4~7;4~7;Unknown~Technology;ENFP
20~24;Male;0;8~9;2~4;4~7;4~7;Unknown~Technology;ENTP
20~24;Male;0;8~9;2~4;4~7;4~7;Unknown~Technology;ENFP
20~24;Male;0;8~9;2~4;4~7;4~7;Unknown~Technology;ENTP
20~24;Male;0;8~9;2~4;4~7;4~7;Unknown~Technology;ENFJ
20~24;Male;0;8~9;2~4;4~7;4~7;Unknown~Technology;ENTP
20~24;Male;0;8~9;2~4;4~7;4~7;Unknown~Technology;ENTP
20~24;Male;0;8~9;2~4;4~7;4~7;Unknown~Technology;ENFP
20~24;Male;0;8~9;2~4;4~7;4~7;Unknown~Technology;ENFP
20~24;Male;0;5~7;3~4;7~9;4~6;Unknown~Technology;ENTP
20~24;Male;0;5~7;3~4;7~9;4~6;Unknown~Technology;ENTP
20~24;Male;0;5~7;3~4;7~9;4~6;Unknown~Technology;ENTP
20~24;Male;0;5~7;3~4;7~9;4~6;Unknown~Technology;ENTJ
20~24;Male;0;5~7;3~4;7~9;4~6;Unknown~Technology;ENTP
20~24;Male;0;5~7;3~4;7~9;4~6;Unknown~Technology;ENTP
20~24;Male;0;5~7;3~4;7~9;4~6;Unknown~Technology;ENTP
20~24;Male;0;5~7;3~4;7~9;4~6;Unknown~Technology;ENTP
20~24;Male;0;5~7;3~4;7~9;4~6;Unknown~Technology;ENTP
20~25;Male;0;7~9;2~4;7~8;4~7;Unknown~Technology;ENTJ
20~25;Male;0;7~9;2~4;7~8;4~7;Unknown~Technology;ENTP
20~25;Male;0;7~9;2~4;7~8;4~7;Unknown~Technology;ENTP
20~25;Male;0;7~9;2~4;7~8;4~7;Unknown~Technology;ENTP
20~25;Male;0;7~9;2~4;7~8;4~7;Unknown~Technology;ENTP
22~25;Male;0;8~9;4~5;8~9;4~6;Unknown~Technology;ENTJ
22~25;Male;0;8~9;4~5;8~9;4~6;Unknown~Technology;ENTP
22~25;Male;0;8~9;4~5;8~9;4~6;Unknown~Technology;ENTJ
22~25;Male;0;8~9;4~5;8~9;4~6;Unknown~Technology;ENTP
22~25;Male;0;8~9;4~5;8~9;4~6;Unknown~Technology;ENTP
21~25;Male;0;6~9;3~5;4~6;4~6;Others;ENFP
21~25;Male;0;6~9;3~5;4~6;4~6;Others;ENFJ
21~25;Male;0;6~9;3~5;4~6;4~6;Others;ENFJ
21~25;Male;0;6~9;3~5;4~6;4~6;Others;ENFP
21~25;Male;0;6~9;3~5;4~6;4~6;Others;ENFP
21~25;Male;0;6~9;3~5;4~6;4~6;Others;ENFP
21~25;Male;0;6~9;3~5;4~6;4~6;Others;ENFJ
19~25;Male;0;5~9;2~5;5~7;4~6;Sports~Arts;ENFP
19~25;Male;0;5~9;2~5;5~7;4~6;Sports~Arts;ENFJ
19~25;Male;0;5~9;2~5;5~7;4~6;Sports~Arts;ENTP
19~25;Male;0;5~9;2~5;5~7;4~6;Sports~Arts;INFP
19~25;Male;0;5~9;2~5;5~7;4~6;Sports~Arts;ENFP
19~25;Male;0;5~9;2~5;5~7;4~6;Sports~Arts;ENTJ
19~25;Male;0;5~9;2~5;5~7;4~6;Sports~Arts;INTJ
19~25;Male;0;5~9;2~5;5~7;4~6;Sports~Arts;ENTP
20~25;Male;0;5~9;3~5;7~9;4~5;Others~Sports;ENTP
20~25;Male;0;5~9;3~5;7~9;4~5;Others~Sports;ENTP
20~25;Male;0;5~9;3~5;7~9;4~5;Others~Sports;ENTP
20~25;Male;0;5~9;3~5;7~9;4~5;Others~Sports;ENTJ
20~25;Male;0;5~9;3~5;7~9;4~5;Others~Sports;ENTP
20~25;Male;0;5~9;3~5;7~9;4~5;Others~Sports;ENTP
20~25;Male;0;5~9;3~5;7~9;4~5;Others~Sports;ENTJ
20~25;Male;0;5~9;3~5;7~9;4~5;Others~Sports;ENTP
20~25;Male;0;5~9;2~5;7~9;4~7;Arts;ENTJ
20~25;Male;0;5~9;2~5;7~9;4~7;Arts;ENTJ
20~25;Male;0;5~9;2~5;7~9;4~7;Arts;ENTP
20~25;Male;0;5~9;2~5;7~9;4~7;Arts;ENTP
20~25;Male;0;5~9;2~5;7~9;4~7;Arts;ENTP
20~25;Male;0;5~9;2~5;7~9;4~7;Arts;ENTP
20~25;Male;0;5~9;2~5;7~9;4~7;Arts;ENTJ
20~24;Male;0;5~9;5~7;0~1;1~4;Unknown;INFP
20~24;Male;0;5~9;5~7;0~1;1~4;Unknown;ENFP
20~24;Male;0;5~9;5~7;0~1;1~4;Unknown;ENFP
20~24;Male;0;5~9;5~7;0~1;1~4;Unknown;INFP
20~24;Male;0;5~9;5~7;0~1;1~4;Unknown;ENFP
22~25;Male;0;5~9;5~6;0~2;4~4;Unknown;ESFP
22~25;Male;0;5~9;5~6;0~2;4~4;Unknown;ENFP
22~25;Male;0;5~9;5~6;0~2;4~4;Unknown;ENFP
22~25;Male;0;5~9;5~6;0~2;4~4;Unknown;ENFP
22~25;Male;0;5~9;5~6;0~2;4~4;Unknown;ENFP
22~25;Male;0;5~9;5~6;0~2;4~4;Unknown;ENFP
20~25;Male;0;5~9;5~6;3~4;1~3;Unknown;ENFP
20~25;Male;0;5~9;5~6;3~4;1~3;Unknown;ENFP
20~25;Male;0;5~9;5~6;3~4;1~3;Unknown;ENFP
20~25;Male;0;5~9;5~6;3~4;1~3;Unknown;ENFP
20~25;Male;0;5~9;5~6;3~4;1~3;Unknown;ENFP
19~25;Male;0;5~9;5~6;2~4;3~4;Unknown;ENFP
19~25;Male;0;5~9;5~6;2~4;3~4;Unknown;ENFP
19~25;Male;0;5~9;5~6;2~4;3~4;Unknown;ENFP
19~25;Male;0;5~9;5~6;2~4;3~4;Unknown;ESFP
19~25;Male;0;5~9;5~6;2~4;3~4;Unknown;ESFP
19~25;Male;0;5~9;5~6;2~4;3~4;Unknown;INFP
20~25;Male;0;5~9;5~8;0~1;1~3;Technology~Others;ENFP
20~25;Male;0;5~9;5~8;0~1;1~3;Technology~Others;ENFP
20~25;Male;0;5~9;5~8;0~1;1~3;Technology~Others;ENFP
20~25;Male;0;5~9;5~8;0~1;1~3;Technology~Others;ENFP
20~25;Male;0;5~9;5~8;0~1;1~3;Technology~Others;ENFP
21~25;Male;0;5~9;5~7;0~1;3~4;Technology~Others;ENFP
21~25;Male;0;5~9;5~7;0~1;3~4;Technology~Others;ENFP
21~25;Male;0;5~9;5~7;0~1;3~4;Technology~Others;ENFP
21~25;Male;0;5~9;5~7;0~1;3~4;Technology~Others;ENFP
21~25;Male;0;5~9;5~7;0~1;3~4;Technology~Others;ENFP
21~25;Male;0;5~9;5~7;0~1;3~4;Technology~Others;ENFP
21~24;Male;0;6~9;5~7;2~4;1~3;Technology~Others;ENFP
21~24;Male;0;6~9;5~7;2~4;1~3;Technology~Others;ENFP
21~24;Male;0;6~9;5~7;2~4;1~3;Technology~Others;ENFP
21~24;Male;0;6~9;5~7;2~4;1~3;Technology~Others;ENFP
21~24;Male;0;6~9;5~7;2~4;1~3;Technology~Others;ENFP
21~24;Male;0;6~9;5~7;2~4;1~3;Technology~Others;ESFP
22~25;Male;0;5~9;5~7;1~4;3~4;Technology~Others;ESFP
22~25;Male;0;5~9;5~7;1~4;3~4;Technology~Others;ESFP
22~25;Male;0;5~9;5~7;1~4;3~4;Technology~Others;ENFP
22~25;Male;0;5~9;5~7;1~4;3~4;Technology~Others;ENFP
22~25;Male;0;5~9;5~7;1~4;3~4;Technology~Others;ENFP
22~25;Male;0;5~9;5~7;1~4;3~4;Technology~Others;ENFP
19~25;Male;0;5~9;5~6;0~1;0~4;Sports~Arts;ENFP
19~25;Male;0;5~9;5~6;0~1;0~4;Sports~Arts;ENFP
19~25;Male;0;5~9;5~6;0~1;0~4;Sports~Arts;ENFP
19~25;Male;0;5~9;5~6;0~1;0~4;Sports~Arts;ENFP
19~25;Male;0;5~9;5~6;0~1;0~4;Sports~Arts;ENFP
19~24;Male;0;5~9;5~6;0~2;4~4;Sports~Arts;ENFP
19~24;Male;0;5~9;5~6;0~2;4~4;Sports~Arts;ENFP
19~24;Male;0;5~9;5~6;0~2;4~4;Sports~Arts;ESFP
19~24;Male;0;5~9;5~6;0~2;4~4;Sports~Arts;ENFP
19~24;Male;0;5~9;5~6;0~2;4~4;Sports~Arts;ENFP
20~25;Male;0;6~9;5~6;3~4;0~3;Sports~Arts;ENFP
20~25;Male;0;6~9;5~6;3~4;0~3;Sports~Arts;ENFP
20~25;Male;0;6~9;5~6;3~4;0~3;Sports~Arts;ENFP
20~25;Male;0;6~9;5~6;3~4;0~3;Sports~Arts;ESFP
20~25;Male;0;6~9;5~6;3~4;0~3;Sports~Arts;ENFP
22~25;Male;0;6~9;5~7;2~4;3~4;Sports~Arts;ENFP
22~25;Male;0;6~9;5~7;2~4;3~4;Sports~Arts;ENFP
22~25;Male;0;6~9;5~7;2~4;3~4;Sports~Arts;ENFP
22~25;Male;0;6~9;5~7;2~4;3~4;Sports~Arts;ENFP
22~25;Male;0;6~9;5~7;2~4;3~4;Sports~Arts;ENFP
22~25;Male;0;6~9;5~7;2~4;3~4;Sports~Arts;ESFP
20~25;Male;0;5~6;5~6;0~2;4~6;Unknown~Technology;ENFP
20~25;Male;0;5~6;5~6;0~2;4~6;Unknown~Technology;ENFP
20~25;Male;0;5~6;5~6;0~2;4~6;Unknown~Technology;ENFP
20~25;Male;0;5~6;5~6;0~2;4~6;Unknown~Technology;ENFJ
20~25;Male;0;5~6;5~6;0~2;4~6;Unknown~Technology;ENFP
20~25;Male;0;5~6;5~6;0~2;4~6;Unknown~Technology;ENFP
20~23;Male;0;6~9;5~7;0~2;4~5;Unknown~Technology;ENFP
20~23;Male;0;6~9;5~7;0~2;4~5;Unknown~Technology;ENFP
20~23;Male;0;6~9;5~7;0~2;4~5;Unknown~Technology;ENFP
20~23;Male;0;6~9;5~7;0~2;4~5;Unknown~Technology;ESFP
20~23;Male;0;6~9;5~7;0~2;4~5;Unknown~Technology;ENFP
20~23;Male;0;6~9;5~7;0~2;4~5;Unknown~Technology;ESFP
20~23;Male;0;6~9;5~7;0~2;4~5;Unknown~Technology;ENFP
20~25;Male;0;5~7;5~7;3~4;4~6;Unknown~Technology;ENFP
20~25;Male;0;5~7;5~7;3~4;4~6;Unknown~Technology;ENFP
20~25;Male;0;5~7;5~7;3~4;4~6;Unknown~Technology;ENFP
20~25;Male;0;5~7;5~7;3~4;4~6;Unknown~Technology;ENFP
20~25;Male;0;5~7;5~7;3~4;4~6;Unknown~Technology;ENFJ
20~25;Male;0;5~7;5~7;3~4;4~6;Unknown~Technology;ENFP
20~25;Male;0;5~7;5~7;3~4;4~6;Unknown~Technology;ENFP
20~23;Male;0;7~9;5~7;2~4;5~6;Unknown~Technology;ENFP
20~23;Male;0;7~9;5~7;2~4;5~6;Unknown~Technology;ENFP
20~23;Male;0;7~9;5~7;2~4;5~6;Unknown~Technology;ENFP
20~23;Male;0;7~9;5~7;2~4;5~6;Unknown~Technology;ENFJ
20~23;Male;0;7~9;5~7;2~4;5~6;Unknown~Technology;ENFP
20~23;Male;0;7~9;5~7;2~4;5~6;Unknown~Technology;ENFP
20~23;Male;0;7~9;5~7;2~4;5~6;Unknown~Technology;ENFP
21~24;Male;0;5~9;5~7;0~2;5~6;Others;ENFP
21~24;Male;0;5~9;5~7;0~2;5~6;Others;INFP
21~24;Male;0;5~9;5~7;0~2;5~6;Others;ENFJ
21~24;Male;0;5~9;5~7;0~2;5~6;Others;ENFP
21~24;Male;0;5~9;5~7;0~2;5~6;Others;ENFP
21~24;Male;0;5~9;5~7;0~2;5~6;Others;ENFP
21~24;Male;0;5~9;5~7;0~2;5~6;Others;ENFJ
19~24;Male;0;5~9;5~6;3~4;4~8;Others;ENFP
19~24;Male;0;5~9;5~6;3~4;4~8;Others;ENFJ
19~24;Male;0;5~9;5~6;3~4;4~8;Others;ENFJ
19~24;Male;0;5~9;5~6;3~4;4~8;Others;ENFP
19~24;Male;0;5~9;5~6;3~4;4~8;Others;ENFP
19~24;Male;0;5~9;5~6;3~4;4~8;Others;ENFJ
19~24;Male;0;5~9;5~6;3~4;4~8;Others;ENFJ
19~24;Male;0;5~9;5~6;3~4;4~8;Others;ENFJ
22~25;Male;0;5~7;6~7;0~1;4~5;Sports~Arts;ENFP
22~25;Male;0;5~7;6~7;0~1;4~5;Sports~Arts;ESFP
22~25;Male;0;5~7;6~7;0~1;4~5;Sports~Arts;ENFJ
22~25;Male;0;5~7;6~7;0~1;4~5;Sports~Arts;ESFP
22~25;Male;0;5~7;6~7;0~1;4~5;Sports~Arts;ENFP
22~25;Male;0;5~7;6~7;0~1;4~5;Sports~Arts;ENFJ
19~25;Male;0;7~9;5~7;0~1;5~6;Sports~Arts;ESFJ
19~25;Male;0;7~9;5~7;0~1;5~6;Sports~Arts;ENFJ
19~25;Male;0;7~9;5~7;0~1;5~6;Sports~Arts;ENFP
19~25;Male;0;7~9;5~7;0~1;5~6;Sports~Arts;ESFP
19~25;Male;0;7~9;5~7;0~1;5~6;Sports~Arts;ENFJ
19~25;Male;0;7~9;5~7;0~1;5~6;Sports~Arts;ENFJ
19~25;Male;0;5~7;5~6;2~5;4~6;Sports~Arts;ENFP
19~25;Male;0;5~7;5~6;2~5;4~6;Sports~Arts;ENFP
19~25;Male;0;5~7;5~6;2~5;4~6;Sports~Arts;ENFP
19~25;Male;0;5~7;5~6;2~5;4~6;Sports~Arts;ENFP
19~25;Male;0;5~7;5~6;2~5;4~6;Sports~Arts;ENFJ
19~25;Male;0;5~7;5~6;2~5;4~6;Sports~Arts;ENFP
18~25;Male;0;7~9;5~7;2~4;4~6;Sports~Arts;ENFP
18~25;Male;0;7~9;5~7;2~4;4~6;Sports~Arts;ENFJ
18~25;Male;0;7~9;5~7;2~4;4~6;Sports~Arts;ENFP
18~25;Male;0;7~9;5~7;2~4;4~6;Sports~Arts;ENFP
18~25;Male;0;7~9;5~7;2~4;4~6;Sports~Arts;ENFP
18~25;Male;0;7~9;5~7;2~4;4~6;Sports~Arts;ENFJ
18~25;Male;0;7~9;5~7;2~4;4~6;Sports~Arts;ENFP
19~25;Male;0;5~7;5~7;5~7;2~4;Unknown~Technology;ENTP
19~25;Male;0;5~7;5~7;5~7;2~4;Unknown~Technology;ENTP
19~25;Male;0;5~7;5~7;5~7;2~4;Unknown~Technology;INFP
19~25;Male;0;5~7;5~7;5~7;2~4;Unknown~Technology;ENTP
19~25;Male;0;5~7;5~7;5~7;2~4;Unknown~Technology;ENFP
19~25;Male;0;5~7;5~7;5~7;2~4;Unknown~Technology;ENFP
19~25;Male;0;5~7;5~7;5~7;2~4;Unknown~Technology;ENTP
19~25;Male;0;5~7;5~7;5~7;2~4;Unknown~Technology;ENFP
19~25;Male;0;5~7;5~7;5~7;2~4;Unknown~Technology;ENFP
21~23;Male;0;7~9;5~6;5~7;1~4;Unknown;ENTP
21~23;Male;0;7~9;5~6;5~7;1~4;Unknown;ENTP
21~23;Male;0;7~9;5~6;5~7;1~4;Unknown;ENFP
21~23;Male;0;7~9;5~6;5~7;1~4;Unknown;ENFP
21~23;Male;0;7~9;5~6;5~7;1~4;Unknown;ENFP
19~24;Male;0;7~9;6~8;5~6;2~4;Unknown~Technology;ESTP
19~24;Male;0;7~9;6~8;5~6;2~4;Unknown~Technology;ENFP
19~24;Male;0;7~9;6~8;5~6;2~4;Unknown~Technology;ENFP
19~24;Male;0;7~9;6~8;5~6;2~4;Unknown~Technology;ENFP
19~24;Male;0;7~9;6~8;5~6;2~4;Unknown~Technology;ENFP
20~25;Male;0;5~7;5~6;7~9;2~4;Unknown;ENTP
20~25;Male;0;5~7;5~6;7~9;2~4;Unknown;ENTP
20~25;Male;0;5~7;5~6;7~9;2~4;Unknown;ENTP
20~25;Male;0;5~7;5~6;7~9;2~4;Unknown;ENTP
20~25;Male;0;5~7;5~6;7~9;2~4;Unknown;ENTP
20~25;Male;0;5~7;6~7;7~9;1~4;Unknown~Technology;ENTP
20~25;Male;0;5~7;6~7;7~9;1~4;Unknown~Technology;ENTP
20~25;Male;0;5~7;6~7;7~9;1~4;Unknown~Technology;ENTP
20~25;Male;0;5~7;6~7;7~9;1~4;Unknown~Technology;ENTP
20~25;Male;0;5~7;6~7;7~9;1~4;Unknown~Technology;ESTP
20~25;Male;0;7~9;5~5;7~9;3~4;Unknown~Technology;ENTP
20~25;Male;0;7~9;5~5;7~9;3~4;Unknown~Technology;ENTP
20~25;Male;0;7~9;5~5;7~9;3~4;Unknown~Technology;ENTP
20~25;Male;0;7~9;5~5;7~9;3~4;Unknown~Technology;ENTP
20~25;Male;0;7~9;5~5;7~9;3~4;Unknown~Technology;ENTP
20~25;Male;0;8~9;5~6;7~9;2~3;Unknown;ENTP
20~25;Male;0;8~9;5~6;7~9;2~3;Unknown;ENTP
20~25;Male;0;8~9;5~6;7~9;2~3;Unknown;ESTP
20~25;Male;0;8~9;5~6;7~9;2~3;Unknown;ENTP
20~25;Male;0;8~9;5~6;7~9;2~3;Unknown;ENTP
20~25;Male;0;5~7;5~7;5~6;2~3;Sports~Arts;ENTP
20~25;Male;0;5~7;5~7;5~6;2~3;Sports~Arts;ESTP
20~25;Male;0;5~7;5~7;5~6;2~3;Sports~Arts;ENTP
20~25;Male;0;5~7;5~7;5~6;2~3;Sports~Arts;ENFP
20~25;Male;0;5~7;5~7;5~6;2~3;Sports~Arts;ENFP
20~25;Male;0;5~7;5~7;5~6;2~3;Sports~Arts;ENTP
20~25;Male;0;8~9;5~6;5~6;2~4;Sports~Arts;ENTP
20~25;Male;0;8~9;5~6;5~6;2~4;Sports~Arts;ENFP
20~25;Male;0;8~9;5~6;5~6;2~4;Sports~Arts;ENFP
20~25;Male;0;8~9;5~6;5~6;2~4;Sports~Arts;ENFP
20~25;Male;0;8~9;5~6;5~6;2~4;Sports~Arts;ENFP
20~25;Male;0;8~9;5~6;5~6;2~4;Sports~Arts;ENFP
20~25;Male;0;8~9;5~6;5~6;2~4;Sports~Arts;ENTP
20~25;Male;0;5~7;5~6;7~9;0~4;Sports~Arts;ENTP
20~25;Male;0;5~7;5~6;7~9;0~4;Sports~Arts;ENTP
20~25;Male;0;5~7;5~6;7~9;0~4;Sports~Arts;ENTP
20~25;Male;0;5~7;5~6;7~9;0~4;Sports~Arts;ENTP
20~25;Male;0;5~7;5~6;7~9;0~4;Sports~Arts;ENTP
20~25;Male;0;5~7;5~6;7~9;0~4;Sports~Arts;ENTP
20~25;Male;0;5~7;5~6;7~9;0~4;Sports~Arts;ENTP
19~25;Male;0;8~9;5~6;6~9;1~4;Sports~Arts;ENTP
19~25;Male;0;8~9;5~6;6~9;1~4;Sports~Arts;ENTP
19~25;Male;0;8~9;5~6;6~9;1~4;Sports~Arts;ENTP
19~25;Male;0;8~9;5~6;6~9;1~4;Sports~Arts;ENTP
19~25;Male;0;8~9;5~6;6~9;1~4;Sports~Arts;ENTP
19~25;Male;0;8~9;5~6;6~9;1~4;Sports~Arts;ESTP
19~25;Male;0;8~9;5~6;6~9;1~4;Sports~Arts;ENTP
20~25;Male;0;5~7;5~6;5~7;5~9;Unknown;ENFP
20~25;Male;0;5~7;5~6;5~7;5~9;Unknown;ENTP
20~25;Male;0;5~7;5~6;5~7;5~9;Unknown;ENTP
20~25;Male;0;5~7;5~6;5~7;5~9;Unknown;ENTJ
20~25;Male;0;5~7;5~6;5~7;5~9;Unknown;ENFJ
20~25;Male;0;5~7;5~6;5~7;5~9;Unknown;ENFP
20~25;Male;0;7~9;5~6;5~7;4~6;Unknown;ENFP
20~25;Male;0;7~9;5~6;5~7;4~6;Unknown;ENTP
20~25;Male;0;7~9;5~6;5~7;4~6;Unknown;ENFP
20~25;Male;0;7~9;5~6;5~7;4~6;Unknown;ENTP
20~25;Male;0;7~9;5~6;5~7;4~6;Unknown;ENFJ
20~25;Male;0;7~9;5~6;5~7;4~6;Unknown;ENFP
21~24;Male;0;5~7;5~8;7~9;5~7;Unknown;INTP
21~24;Male;0;5~7;5~8;7~9;5~7;Unknown;ENTP
21~24;Male;0;5~7;5~8;7~9;5~7;Unknown;ENTP
21~24;Male;0;5~7;5~8;7~9;5~7;Unknown;ENTJ
21~24;Male;0;5~7;5~8;7~9;5~7;Unknown;ENTJ
21~24;Male;0;5~7;5~8;7~9;5~7;Unknown;ENTP
21~25;Male;0;8~9;5~6;8~9;4~6;Unknown;ENTP
21~25;Male;0;8~9;5~6;8~9;4~6;Unknown;ENTP
21~25;Male;0;8~9;5~6;8~9;4~6;Unknown;ENTJ
21~25;Male;0;8~9;5~6;8~9;4~6;Unknown;ENTP
21~25;Male;0;8~9;5~6;8~9;4~6;Unknown;ENTP
21~25;Male;0;8~9;5~6;8~9;4~6;Unknown;ENTP
21~25;Male;0;8~9;5~6;8~9;4~6;Unknown;ENTJ
20~24;Male;0;5~9;5~6;5~7;5~7;Technology~Others;ENTP
20~24;Male;0;5~9;5~6;5~7;5~7;Technology~Others;ENFP
20~24;Male;0;5~9;5~6;5~7;5~7;Technology~Others;ENTJ
20~24;Male;0;5~9;5~6;5~7;5~7;Technology~Others;ENFJ
20~24;Male;0;5~9;5~6;5~7;5~7;Technology~Others;ENTJ
20~24;Male;0;5~9;5~6;5~7;5~7;Technology~Others;ENFP
20~24;Male;0;5~9;5~6;5~7;5~7;Technology~Others;ENTP
20~24;Male;0;5~9;5~6;5~7;5~7;Technology~Others;ENFP
20~24;Male;0;5~9;5~6;5~7;5~7;Technology~Others;ENFP
20~25;Male;0;5~8;5~7;7~9;4~6;Technology~Others;ESTP
20~25;Male;0;5~8;5~7;7~9;4~6;Technology~Others;ENTJ
20~25;Male;0;5~8;5~7;7~9;4~6;Technology~Others;ENTP
20~25;Male;0;5~8;5~7;7~9;4~6;Technology~Others;ENTJ
20~25;Male;0;5~8;5~7;7~9;4~6;Technology~Others;ENTP
20~25;Male;0;5~8;5~7;7~9;4~6;Technology~Others;ENTJ
20~25;Male;0;5~8;5~7;7~9;4~6;Technology~Others;ESTP
20~25;Male;0;5~8;5~7;7~9;4~6;Technology~Others;ENTJ
20~25;Male;0;5~8;5~7;7~9;4~6;Technology~Others;ENTP
21~24;Male;0;5~7;5~6;5~8;4~7;Sports~Arts;ESTJ
21~24;Male;0;5~7;5~6;5~8;4~7;Sports~Arts;ENTJ
21~24;Male;0;5~7;5~6;5~8;4~7;Sports~Arts;ENFP
21~24;Male;0;5~7;5~6;5~8;4~7;Sports~Arts;ENTP
21~24;Male;0;5~7;5~6;5~8;4~7;Sports~Arts;ENTP
21~24;Male;0;5~7;5~6;5~8;4~7;Sports~Arts;ENFP
21~25;Male;0;8~9;5~8;5~8;4~5;Sports~Arts;ENTP
21~25;Male;0;8~9;5~8;5~8;4~5;Sports~Arts;ESTP
21~25;Male;0;8~9;5~8;5~8;4~5;Sports~Arts;ENTP
21~25;Male;0;8~9;5~8;5~8;4~5;Sports~Arts;ENFJ
21~25;Male;0;8~9;5~8;5~8;4~5;Sports~Arts;ENFJ
21~25;Male;0;8~9;5~8;5~8;4~5;Sports~Arts;ENFP
20~25;Male;0;5~7;5~6;8~9;4~6;Sports~Arts;ENTP
20~25;Male;0;5~7;5~6;8~9;4~6;Sports~Arts;INTJ
20~25;Male;0;5~7;5~6;8~9;4~6;Sports~Arts;ENTP
20~25;Male;0;5~7;5~6;8~9;4~6;Sports~Arts;ESTJ
20~25;Male;0;5~7;5~6;8~9;4~6;Sports~Arts;ENTJ
20~25;Male;0;5~7;5~6;8~9;4~6;Sports~Arts;ENTJ
19~25;Male;0;7~9;5~6;8~8;5~6;Sports~Arts;ESTJ
19~25;Male;0;7~9;5~6;8~8;5~6;Sports~Arts;ENTJ
19~25;Male;0;7~9;5~6;8~8;5~6;Sports~Arts;ENTP
19~25;Male;0;7~9;5~6;8~8;5~6;Sports~Arts;ENTJ
19~25;Male;0;7~9;5~6;8~8;5~6;Sports~Arts;ENTP
19~25;Male;0;7~9;5~6;8~8;5~6;Sports~Arts;ENTJ
21~25;Male;1;0~1;3~3;0~4;1~4;Unknown~Technology;INFP
21~25;Male;1;0~1;3~3;0~4;1~4;Unknown~Technology;INFP
21~25;Male;1;0~1;3~3;0~4;1~4;Unknown~Technology;INFP
21~25;Male;1;0~1;3~3;0~4;1~4;Unknown~Technology;INFP
21~25;Male;1;0~1;3~3;0~4;1~4;Unknown~Technology;INFP
21~25;Male;1;0~1;3~3;0~4;1~4;Unknown~Technology;INFP
22~25;Male;1;1~4;3~3;0~4;2~4;Unknown~Technology;INFP
22~25;Male;1;1~4;3~3;0~4;2~4;Unknown~Technology;INFP
22~25;Male;1;1~4;3~3;0~4;2~4;Unknown~Technology;ENFP
22~25;Male;1;1~4;3~3;0~4;2~4;Unknown~Technology;INFP
22~25;Male;1;1~4;3~3;0~4;2~4;Unknown~Technology;INFP
22~25;Male;1;1~4;3~3;0~4;2~4;Unknown~Technology;INFP
19~25;Male;1;0~1;4~5;0~1;2~4;Unknown~Technology;INFP
19~25;Male;1;0~1;4~5;0~1;2~4;Unknown~Technology;INFP
19~25;Male;1;0~1;4~5;0~1;2~4;Unknown~Technology;INFP
19~25;Male;1;0~1;4~5;0~1;2~4;Unknown~Technology;INFP
19~25;Male;1;0~1;4~5;0~1;2~4;Unknown~Technology;INFP
19~25;Male;1;0~1;4~5;0~1;2~4;Unknown~Technology;INFP
21~25;Male;1;1~3;3~4;0~3;2~4;Unknown~Technology;ENFP
21~25;Male;1;1~3;3~4;0~3;2~4;Unknown~Technology;INFP
21~25;Male;1;1~3;3~4;0~3;2~4;Unknown~Technology;INFP
21~25;Male;1;1~3;3~4;0~3;2~4;Unknown~Technology;INFP
21~25;Male;1;1~3;3~4;0~3;2~4;Unknown~Technology;INFP
21~25;Male;1;1~3;3~4;0~3;2~4;Unknown~Technology;INFP
21~25;Male;1;1~3;3~4;0~3;2~4;Unknown~Technology;INFP
20~25;Male;1;0~5;1~4;1~4;2~4;Others~Sports~Arts;INFP
20~25;Male;1;0~5;1~4;1~4;2~4;Others~Sports~Arts;INFP
20~25;Male;1;0~5;1~4;1~4;2~4;Others~Sports~Arts;ENFP
20~25;Male;1;0~5;1~4;1~4;2~4;Others~Sports~Arts;ENFP
20~25;Male;1;0~5;1~4;1~4;2~4;Others~Sports~Arts;INFP
20~25;Male;1;0~5;1~4;1~4;2~4;Others~Sports~Arts;INFP
20~25;Male;1;0~5;1~4;1~4;2~4;Others~Sports~Arts;INFP
20~25;Male;1;0~5;1~4;1~4;2~4;Others~Sports~Arts;INFP
20~25;Male;1;0~5;1~4;1~4;2~4;Others~Sports~Arts;INFP
20~25;Male;1;0~2;4~5;0~4;1~4;Others~Sports~Arts;INFP
20~25;Male;1;0~2;4~5;0~4;1~4;Others~Sports~Arts;INFP
20~25;Male;1;0~2;4~5;0~4;1~4;Others~Sports~Arts;INFP
20~25;Male;1;0~2;4~5;0~4;1~4;Others~Sports~Arts;INFP
20~25;Male;1;0~2;4~5;0~4;1~4;Others~Sports~Arts;INFP
20~25;Male;1;2~5;4~5;0~2;3~4;Others~Sports~Arts;INFP
20~25;Male;1;2~5;4~5;0~2;3~4;Others~Sports~Arts;INFP
20~25;Male;1;2~5;4~5;0~2;3~4;Others~Sports~Arts;INFP
20~25;Male;1;2~5;4~5;0~2;3~4;Others~Sports~Arts;ENFP
20~25;Male;1;2~5;4~5;0~2;3~4;Others~Sports~Arts;INFP
22~24;Male;1;0~2;2~4;0~4;5~7;Unknown;INFP
22~24;Male;1;0~2;2~4;0~4;5~7;Unknown;INFP
22~24;Male;1;0~2;2~4;0~4;5~7;Unknown;INFP
22~24;Male;1;0~2;2~4;0~4;5~7;Unknown;INFP
22~24;Male;1;0~2;2~4;0~4;5~7;Unknown;INFP
20~23;Male;1;4~4;3~4;1~4;5~6;Unknown;INFP
20~23;Male;1;4~4;3~4;1~4;5~6;Unknown;ENFP
20~23;Male;1;4~4;3~4;1~4;5~6;Unknown;INFP
20~23;Male;1;4~4;3~4;1~4;5~6;Unknown;INFP
20~23;Male;1;4~4;3~4;1~4;5~6;Unknown;ENFP
20~23;Male;1;4~4;3~4;1~4;5~6;Unknown;INFP
20~25;Male;1;0~0;4~5;0~4;4~6;Unknown;INFP
20~25;Male;1;0~0;4~5;0~4;4~6;Unknown;INFP
20~25;Male;1;0~0;4~5;0~4;4~6;Unknown;INFP
20~25;Male;1;0~0;4~5;0~4;4~6;Unknown;INFP
20~25;Male;1;0~0;4~5;0~4;4~6;Unknown;INFP
20~25;Male;1;2~5;4~4;0~4;4~6;Unknown;INFP
20~25;Male;1;2~5;4~4;0~4;4~6;Unknown;INFP
20~25;Male;1;2~5;4~4;0~4;4~6;Unknown;INFP
20~25;Male;1;2~5;4~4;0~4;4~6;Unknown;INFP
20~25;Male;1;2~5;4~4;0~4;4~6;Unknown;INFP
20~25;Male;1;2~5;4~4;0~4;4~6;Unknown;INFP
20~24;Male;1;0~5;2~4;0~4;4~6;Technology~Others;INFP
20~24;Male;1;0~5;2~4;0~4;4~6;Technology~Others;INFP
20~24;Male;1;0~5;2~4;0~4;4~6;Technology~Others;INFP
20~24;Male;1;0~5;2~4;0~4;4~6;Technology~Others;INFP
20~24;Male;1;0~5;2~4;0~4;4~6;Technology~Others;ENFP
20~24;Male;1;0~5;2~4;0~4;4~6;Technology~Others;INFP
20~24;Male;1;0~5;2~4;0~4;4~6;Technology~Others;INFP
19~25;Male;1;0~4;4~4;0~4;5~6;Technology~Others;INFP
19~25;Male;1;0~4;4~4;0~4;5~6;Technology~Others;INFP
19~25;Male;1;0~4;4~4;0~4;5~6;Technology~Others;INFP
19~25;Male;1;0~4;4~4;0~4;5~6;Technology~Others;INFP
19~25;Male;1;0~4;4~4;0~4;5~6;Technology~Others;ENFP
19~25;Male;1;0~4;4~4;0~4;5~6;Technology~Others;INFP
19~25;Male;1;0~4;4~4;0~4;5~6;Technology~Others;INFP
21~25;Male;1;0~4;1~4;0~3;4~7;Sports~Arts;INFP
21~25;Male;1;0~4;1~4;0~3;4~7;Sports~Arts;INFP
21~25;Male;1;0~4;1~4;0~3;4~7;Sports~Arts;INFP
21~25;Male;1;0~4;1~4;0~3;4~7;Sports~Arts;INFP
21~25;Male;1;0~4;1~4;0~3;4~7;Sports~Arts;INFP
21~25;Male;1;0~4;1~4;0~3;4~7;Sports~Arts;INFP
21~25;Male;1;0~4;1~4;0~3;4~7;Sports~Arts;INFP
21~25;Male;1;0~4;1~4;0~3;4~7;Sports~Arts;INFP
20~23;Male;1;0~5;2~4;5~7;0~4;Unknown~Technology~Others;INTP
20~23;Male;1;0~5;2~4;5~7;0~4;Unknown~Technology~Others;ENFP
20~23;Male;1;0~5;2~4;5~7;0~4;Unknown~Technology~Others;INFP
20~23;Male;1;0~5;2~4;5~7;0~4;Unknown~Technology~Others;INFP
20~23;Male;1;0~5;2~4;5~7;0~4;Unknown~Technology~Others;ENTP
20~23;Male;1;0~5;2~4;5~7;0~4;Unknown~Technology~Others;INTP
20~25;Male;1;0~2;0~3;7~9;0~4;Unknown~Technology~Others;INTP
20~25;Male;1;0~2;0~3;7~9;0~4;Unknown~Technology~Others;INTP
20~25;Male;1;0~2;0~3;7~9;0~4;Unknown~Technology~Others;INTP
20~25;Male;1;0~2;0~3;7~9;0~4;Unknown~Technology~Others;INTP
20~25;Male;1;0~2;0~3;7~9;0~4;Unknown~Technology~Others;INTP
20~25;Male;1;0~2;0~3;7~9;0~4;Unknown~Technology~Others;INTP
20~25;Male;1;0~2;0~3;7~9;0~4;Unknown~Technology~Others;INTP
20~25;Male;1;0~4;4~5;4~6;0~4;Unknown~Technology~Others;ENFP
20~25;Male;1;0~4;4~5;4~6;0~4;Unknown~Technology~Others;INFP
20~25;Male;1;0~4;4~5;4~6;0~4;Unknown~Technology~Others;INTP
20~25;Male;1;0~4;4~5;4~6;0~4;Unknown~Technology~Others;INFP
20~25;Male;1;0~4;4~5;4~6;0~4;Unknown~Technology~Others;INFP
20~25;Male;1;0~4;4~5;4~6;0~4;Unknown~Technology~Others;INFP
20~25;Male;1;0~4;4~4;6~9;2~4;Unknown~Technology~Others;INTP
20~25;Male;1;0~4;4~4;6~9;2~4;Unknown~Technology~Others;INTP
20~25;Male;1;0~4;4~4;6~9;2~4;Unknown~Technology~Others;INTP
20~25;Male;1;0~4;4~4;6~9;2~4;Unknown~Technology~Others;INTP
20~25;Male;1;0~4;4~4;6~9;2~4;Unknown~Technology~Others;ENTP
20~25;Male;1;0~4;4~4;6~9;2~4;Unknown~Technology~Others;INTP
20~25;Male;1;0~4;4~4;6~9;2~4;Unknown~Technology~Others;INTP
20~25;Male;1;0~5;2~4;5~9;2~4;Arts;ENTP
20~25;Male;1;0~5;2~4;5~9;2~4;Arts;INTP
20~25;Male;1;0~5;2~4;5~9;2~4;Arts;INTP
20~25;Male;1;0~5;2~4;5~9;2~4;Arts;INTP
20~25;Male;1;0~5;2~4;5~9;2~4;Arts;INTP
20~25;Male;1;0~5;2~4;5~9;2~4;Arts;INFP
20~25;Male;1;0~5;2~4;5~9;2~4;Arts;INTP
20~25;Male;1;0~5;2~4;5~9;2~4;Arts;INTP
20~25;Male;1;0~5;2~4;5~9;2~4;Arts;INTP
20~25;Male;1;0~4;4~5;4~9;1~4;Sports~Arts;INTP
20~25;Male;1;0~4;4~5;4~9;1~4;Sports~Arts;INTP
20~25;Male;1;0~4;4~5;4~9;1~4;Sports~Arts;ENTP
20~25;Male;1;0~4;4~5;4~9;1~4;Sports~Arts;INTP
20~25;Male;1;0~4;4~5;4~9;1~4;Sports~Arts;INFP
20~25;Male;1;0~4;4~5;4~9;1~4;Sports~Arts;INTP
20~25;Male;1;0~4;4~5;4~9;1~4;Sports~Arts;ENTP
20~25;Male;1;0~4;4~5;4~9;1~4;Sports~Arts;INTP
20~25;Male;1;0~4;4~5;4~9;1~4;Sports~Arts;INFP
22~23;Male;1;0~4;2~4;4~6;4~6;Unknown~Technology;INFP
22~23;Male;1;0~4;2~4;4~6;4~6;Unknown~Technology;INFP
22~23;Male;1;0~4;2~4;4~6;4~6;Unknown~Technology;INTP
22~23;Male;1;0~4;2~4;4~6;4~6;Unknown~Technology;INFP
22~23;Male;1;0~4;2~4;4~6;4~6;Unknown~Technology;INFP
19~25;Male;1;0~5;2~4;7~9;4~6;Unknown~Technology;INTP
19~25;Male;1;0~5;2~4;7~9;4~6;Unknown~Technology;INTP
19~25;Male;1;0~5;2~4;7~9;4~6;Unknown~Technology;INTP
19~25;Male;1;0~5;2~4;7~9;4~6;Unknown~Technology;ENTP
19~25;Male;1;0~5;2~4;7~9;4~6;Unknown~Technology;ENTP
19~25;Male;1;0~5;2~4;7~9;4~6;Unknown~Technology;ENTP
21~25;Male;1;1~4;4~5;5~7;5~5;Unknown~Technology;INTP
21~25;Male;1;1~4;4~5;5~7;5~5;Unknown~Technology;INTP
21~25;Male;1;1~4;4~5;5~7;5~5;Unknown~Technology;INFP
21~25;Male;1;1~4;4~5;5~7;5~5;Unknown~Technology;INFP
21~25;Male;1;1~4;4~5;5~7;5~5;Unknown~Technology;INFP
21~25;Male;1;1~4;4~5;5~7;5~5;Unknown~Technology;ENTP
21~25;Male;1;2~5;4~5;8~9;4~5;Unknown~Technology;INTP
21~25;Male;1;2~5;4~5;8~9;4~5;Unknown~Technology;INTP
21~25;Male;1;2~5;4~5;8~9;4~5;Unknown~Technology;ENTP
21~25;Male;1;2~5;4~5;8~9;4~5;Unknown~Technology;INTP
21~25;Male;1;2~5;4~5;8~9;4~5;Unknown~Technology;INTP
21~25;Male;1;2~5;4~5;8~9;4~5;Unknown~Technology;ENTP
20~25;Male;1;0~4;2~4;4~7;4~6;Others~Sports~Arts;INTP
20~25;Male;1;0~4;2~4;4~7;4~6;Others~Sports~Arts;INTP
20~25;Male;1;0~4;2~4;4~7;4~6;Others~Sports~Arts;INFP
20~25;Male;1;0~4;2~4;4~7;4~6;Others~Sports~Arts;INTP
20~25;Male;1;0~4;2~4;4~7;4~6;Others~Sports~Arts;INFP
20~25;Male;1;1~3;3~4;8~9;5~5;Others~Sports~Arts;INTP
20~25;Male;1;1~3;3~4;8~9;5~5;Others~Sports~Arts;INTP
20~25;Male;1;1~3;3~4;8~9;5~5;Others~Sports~Arts;INTP
20~25;Male;1;1~3;3~4;8~9;5~5;Others~Sports~Arts;INTP
20~25;Male;1;1~3;3~4;8~9;5~5;Others~Sports~Arts;INTP
20~24;Male;1;0~4;4~4;4~7;4~7;Others~Sports~Arts;INTP
20~24;Male;1;0~4;4~4;4~7;4~7;Others~Sports~Arts;INFP
20~24;Male;1;0~4;4~4;4~7;4~7;Others~Sports~Arts;INFP
20~24;Male;1;0~4;4~4;4~7;4~7;Others~Sports~Arts;INTP
20~24;Male;1;0~4;4~4;4~7;4~7;Others~Sports~Arts;ENTP
20~22;Male;1;1~3;4~5;7~9;4~6;Others~Sports~Arts;INTP
20~22;Male;1;1~3;4~5;7~9;4~6;Others~Sports~Arts;INTP
20~22;Male;1;1~3;4~5;7~9;4~6;Others~Sports~Arts;INTP
20~22;Male;1;1~3;4~5;7~9;4~6;Others~Sports~Arts;INTP
20~22;Male;1;1~3;4~5;7~9;4~6;Others~Sports~Arts;INTP
20~22;Male;1;1~3;4~5;7~9;4~6;Others~Sports~Arts;INTP
21~25;Male;1;0~1;5~6;0~1;0~4;Unknown;INFP
21~25;Male;1;0~1;5~6;0~1;0~4;Unknown;INFP
21~25;Male;1;0~1;5~6;0~1;0~4;Unknown;INFP
21~25;Male;1;0~1;5~6;0~1;0~4;Unknown;INFP
21~25;Male;1;0~1;5~6;0~1;0~4;Unknown;INFP
21~25;Male;1;0~1;5~6;2~4;3~4;Unknown;INFP
21~25;Male;1;0~1;5~6;2~4;3~4;Unknown;ISFP
21~25;Male;1;0~1;5~6;2~4;3~4;Unknown;INFP
21~25;Male;1;0~1;5~6;2~4;3~4;Unknown;ISFP
21~25;Male;1;0~1;5~6;2~4;3~4;Unknown;INFP
21~25;Male;1;0~1;5~6;2~4;3~4;Unknown;ISFP
20~23;Male;1;2~4;5~6;0~1;2~4;Unknown;INFP
20~23;Male;1;2~4;5~6;0~1;2~4;Unknown;INFP
20~23;Male;1;2~4;5~6;0~1;2~4;Unknown;INFP
20~23;Male;1;2~4;5~6;0~1;2~4;Unknown;INFP
20~23;Male;1;2~4;5~6;0~1;2~4;Unknown;INFP
21~25;Male;1;2~4;5~7;2~5;2~4;Unknown;INFP
21~25;Male;1;2~4;5~7;2~5;2~4;Unknown;ISFP
21~25;Male;1;2~4;5~7;2~5;2~4;Unknown;ISFP
21~25;Male;1;2~4;5~7;2~5;2~4;Unknown;ENFP
21~25;Male;1;2~4;5~7;2~5;2~4;Unknown;INFP
21~25;Male;1;2~4;5~7;2~5;2~4;Unknown;ISFP
20~24;Male;1;0~2;5~6;0~4;2~4;Technology~Others~Sports;INFP
20~24;Male;1;0~2;5~6;0~4;2~4;Technology~Others~Sports;INFP
20~24;Male;1;0~2;5~6;0~4;2~4;Technology~Others~Sports;INFP
20~24;Male;1;0~2;5~6;0~4;2~4;Technology~Others~Sports;INFP
20~24;Male;1;0~2;5~6;0~4;2~4;Technology~Others~Sports;INFP
20~24;Male;1;0~2;5~6;0~4;2~4;Technology~Others~Sports;INFP
21~25;Male;1;3~5;5~7;1~3;0~4;Technology~Others~Sports;ENFP
21~25;Male;1;3~5;5~7;1~3;0~4;Technology~Others~Sports;INFP
21~25;Male;1;3~5;5~7;1~3;0~4;Technology~Others~Sports;ESFP
21~25;Male;1;3~5;5~7;1~3;0~4;Technology~Others~Sports;INFP
21~25;Male;1;3~5;5~7;1~3;0~4;Technology~Others~Sports;INFP
21~25;Male;1;3~5;5~7;1~3;0~4;Technology~Others~Sports;INFP
21~24;Male;1;0~1;5~7;0~3;1~4;Arts;INFP
21~24;Male;1;0~1;5~7;0~3;1~4;Arts;INFP
21~24;Male;1;0~1;5~7;0~3;1~4;Arts;INFP
21~24;Male;1;0~1;5~7;0~3;1~4;Arts;INFP
21~24;Male;1;0~1;5~7;0~3;1~4;Arts;INFP
22~25;Male;1;2~5;5~6;0~4;0~3;Arts;ENFP
22~25;Male;1;2~5;5~6;0~4;0~3;Arts;INFP
22~25;Male;1;2~5;5~6;0~4;0~3;Arts;INFP
22~25;Male;1;2~5;5~6;0~4;0~3;Arts;ENFP
22~25;Male;1;2~5;5~6;0~4;0~3;Arts;ENFP
19~25;Male;1;1~3;5~7;0~1;4~6;Unknown~Technology;INFP
19~25;Male;1;1~3;5~7;0~1;4~6;Unknown~Technology;INFP
19~25;Male;1;1~3;5~7;0~1;4~6;Unknown~Technology;INFP
19~25;Male;1;1~3;5~7;0~1;4~6;Unknown~Technology;INFP
19~25;Male;1;1~3;5~7;0~1;4~6;Unknown~Technology;INFP
19~25;Male;1;1~3;5~7;0~1;4~6;Unknown~Technology;INFP
22~24;Male;1;0~3;5~6;1~3;5~6;Unknown~Technology;INFP
22~24;Male;1;0~3;5~6;1~3;5~6;Unknown~Technology;INFP
22~24;Male;1;0~3;5~6;1~3;5~6;Unknown~Technology;INFP
22~24;Male;1;0~3;5~6;1~3;5~6;Unknown~Technology;ISFP
22~24;Male;1;0~3;5~6;1~3;5~6;Unknown~Technology;INFP
22~24;Male;1;0~3;5~6;1~3;5~6;Unknown~Technology;INFP
20~25;Male;1;3~4;5~6;0~1;4~5;Unknown~Technology;ENFP
20~25;Male;1;3~4;5~6;0~1;4~5;Unknown~Technology;INFP
20~25;Male;1;3~4;5~6;0~1;4~5;Unknown~Technology;INFP
20~25;Male;1;3~4;5~6;0~1;4~5;Unknown~Technology;INFP
20~25;Male;1;3~4;5~6;0~1;4~5;Unknown~Technology;ENFP
20~25;Male;1;3~4;5~6;0~1;4~5;Unknown~Technology;INFP
20~24;Male;1;3~5;5~7;3~5;5~6;Unknown~Technology;INFP
20~24;Male;1;3~5;5~7;3~5;5~6;Unknown~Technology;INFP
20~24;Male;1;3~5;5~7;3~5;5~6;Unknown~Technology;INFP
20~24;Male;1;3~5;5~7;3~5;5~6;Unknown~Technology;INFP
20~24;Male;1;3~5;5~7;3~5;5~6;Unknown~Technology;ESFP
20~24;Male;1;3~5;5~7;3~5;5~6;Unknown~Technology;ISFP
20~24;Male;1;3~5;5~7;3~5;5~6;Unknown~Technology;INFP
20~25;Male;1;0~2;5~8;0~5;4~6;Others~Sports~Arts;ISFP
20~25;Male;1;0~2;5~8;0~5;4~6;Others~Sports~Arts;INFP
20~25;Male;1;0~2;5~8;0~5;4~6;Others~Sports~Arts;INFP
20~25;Male;1;0~2;5~8;0~5;4~6;Others~Sports~Arts;INFP
20~25;Male;1;0~2;5~8;0~5;4~6;Others~Sports~Arts;INFP
20~25;Male;1;0~2;5~8;0~5;4~6;Others~Sports~Arts;INFP
20~25;Male;1;0~2;5~8;0~5;4~6;Others~Sports~Arts;INFP
20~25;Male;1;0~2;5~8;0~5;4~6;Others~Sports~Arts;INFP
20~25;Male;1;0~2;5~8;0~5;4~6;Others~Sports~Arts;ISFP
19~23;Male;1;2~4;5~6;0~2;5~6;Others~Sports~Arts;INFP
19~23;Male;1;2~4;5~6;0~2;5~6;Others~Sports~Arts;INFP
19~23;Male;1;2~4;5~6;0~2;5~6;Others~Sports~Arts;INFP
19~23;Male;1;2~4;5~6;0~2;5~6;Others~Sports~Arts;ISFP
19~23;Male;1;2~4;5~6;0~2;5~6;Others~Sports~Arts;INFP
19~24;Male;1;2~4;5~6;2~4;5~8;Others~Sports~Arts;ENFP
19~24;Male;1;2~4;5~6;2~4;5~8;Others~Sports~Arts;ISFP
19~24;Male;1;2~4;5~6;2~4;5~8;Others~Sports~Arts;INFP
19~24;Male;1;2~4;5~6;2~4;5~8;Others~Sports~Arts;INFP
19~24;Male;1;2~4;5~6;2~4;5~8;Others~Sports~Arts;INFP
22~25;Male;1;0~1;5~6;5~7;1~4;Unknown;INFP
22~25;Male;1;0~1;5~6;5~7;1~4;Unknown;ISTP
22~25;Male;1;0~1;5~6;5~7;1~4;Unknown;INFP
22~25;Male;1;0~1;5~6;5~7;1~4;Unknown;INFP
22~25;Male;1;0~1;5~6;5~7;1~4;Unknown;INFP
22~25;Male;1;0~1;5~6;5~7;1~4;Unknown;INTP
20~25;Male;1;0~2;5~6;7~9;0~4;Unknown~Technology;INTP
20~25;Male;1;0~2;5~6;7~9;0~4;Unknown~Technology;INTP
20~25;Male;1;0~2;5~6;7~9;0~4;Unknown~Technology;INTP
20~25;Male;1;0~2;5~6;7~9;0~4;Unknown~Technology;INTP
20~25;Male;1;0~2;5~6;7~9;0~4;Unknown~Technology;INTP
20~25;Male;1;0~2;5~6;7~9;0~4;Unknown~Technology;INTP
20~25;Male;1;0~2;5~6;7~9;0~4;Unknown~Technology;INTP
20~23;Male;1;2~4;5~7;5~7;1~4;Unknown~Technology;INTP
20~23;Male;1;2~4;5~7;5~7;1~4;Unknown~Technology;ENTP
20~23;Male;1;2~4;5~7;5~7;1~4;Unknown~Technology;ENFP
20~23;Male;1;2~4;5~7;5~7;1~4;Unknown~Technology;INFP
20~23;Male;1;2~4;5~7;5~7;1~4;Unknown~Technology;INTP
20~23;Male;1;2~4;5~7;5~7;1~4;Unknown~Technology;INTP
21~25;Male;1;2~5;5~7;7~9;2~4;Unknown~Technology;INTP
21~25;Male;1;2~5;5~7;7~9;2~4;Unknown~Technology;ENTP
21~25;Male;1;2~5;5~7;7~9;2~4;Unknown~Technology;INTP
21~25;Male;1;2~5;5~7;7~9;2~4;Unknown~Technology;INTP
21~25;Male;1;2~5;5~7;7~9;2~4;Unknown~Technology;ESTP
21~25;Male;1;2~5;5~7;7~9;2~4;Unknown~Technology;ENTP
21~25;Male;1;2~5;5~7;7~9;2~4;Unknown~Technology;INTP
21~25;Male;1;0~1;5~7;5~9;3~4;Others~Sports~Arts;INTP
21~25;Male;1;0~1;5~7;5~9;3~4;Others~Sports~Arts;INTP
21~25;Male;1;0~1;5~7;5~9;3~4;Others~Sports~Arts;INTP
21~25;Male;1;0~1;5~7;5~9;3~4;Others~Sports~Arts;INTP
21~25;Male;1;0~1;5~7;5~9;3~4;Others~Sports~Arts;INTP
21~25;Male;1;0~1;5~7;5~9;3~4;Others~Sports~Arts;INTP
21~25;Male;1;0~1;5~7;5~9;3~4;Others~Sports~Arts;ISTP
21~25;Male;1;0~1;5~7;5~9;3~4;Others~Sports~Arts;INTP
21~25;Male;1;0~1;5~7;5~9;3~4;Others~Sports~Arts;ISTP
20~25;Male;1;2~5;5~7;5~9;1~4;Others~Sports~Arts;INTP
20~25;Male;1;2~5;5~7;5~9;1~4;Others~Sports~Arts;ESFP
20~25;Male;1;2~5;5~7;5~9;1~4;Others~Sports~Arts;INTP
20~25;Male;1;2~5;5~7;5~9;1~4;Others~Sports~Arts;INTP
20~25;Male;1;2~5;5~7;5~9;1~4;Others~Sports~Arts;INTP
20~25;Male;1;2~5;5~7;5~9;1~4;Others~Sports~Arts;INTP
20~25;Male;1;2~5;5~7;5~9;1~4;Others~Sports~Arts;INTP
20~25;Male;1;2~5;5~7;5~9;1~4;Others~Sports~Arts;ENTP
20~25;Male;1;2~5;5~7;5~9;1~4;Others~Sports~Arts;INTP
22~25;Male;1;0~1;5~7;5~7;5~6;Unknown~Technology;INTP
22~25;Male;1;0~1;5~7;5~7;5~6;Unknown~Technology;ISFP
22~25;Male;1;0~1;5~7;5~7;5~6;Unknown~Technology;INTP
22~25;Male;1;0~1;5~7;5~7;5~6;Unknown~Technology;INFP
22~25;Male;1;0~1;5~7;5~7;5~6;Unknown~Technology;INTP
22~25;Male;1;0~1;5~7;5~7;5~6;Unknown~Technology;INFP
21~25;Male;1;0~1;5~7;7~9;4~6;Unknown~Technology;INTP
21~25;Male;1;0~1;5~7;7~9;4~6;Unknown~Technology;INTP
21~25;Male;1;0~1;5~7;7~9;4~6;Unknown~Technology;ISTP
21~25;Male;1;0~1;5~7;7~9;4~6;Unknown~Technology;INTP
21~25;Male;1;0~1;5~7;7~9;4~6;Unknown~Technology;INTP
21~25;Male;1;0~1;5~7;7~9;4~6;Unknown~Technology;INTP
21~25;Male;1;0~1;5~7;7~9;4~6;Unknown~Technology;INTP
19~24;Male;1;2~4;5~7;5~7;4~7;Unknown~Technology;ISTP
19~24;Male;1;2~4;5~7;5~7;4~7;Unknown~Technology;INTP
19~24;Male;1;2~4;5~7;5~7;4~7;Unknown~Technology;ISFP
19~24;Male;1;2~4;5~7;5~7;4~7;Unknown~Technology;INFP
19~24;Male;1;2~4;5~7;5~7;4~7;Unknown~Technology;INTP
19~24;Male;1;2~4;5~7;5~7;4~7;Unknown~Technology;ENTP
19~24;Male;1;2~4;5~7;5~7;4~7;Unknown~Technology;ENTP
20~25;Male;1;2~5;5~7;7~9;4~7;Unknown~Technology;INTP
20~25;Male;1;2~5;5~7;7~9;4~7;Unknown~Technology;INTP
20~25;Male;1;2~5;5~7;7~9;4~7;Unknown~Technology;ENTP
20~25;Male;1;2~5;5~7;7~9;4~7;Unknown~Technology;ESTP
20~25;Male;1;2~5;5~7;7~9;4~7;Unknown~Technology;ENTP
20~25;Male;1;2~5;5~7;7~9;4~7;Unknown~Technology;INTP
20~25;Male;1;2~5;5~7;7~9;4~7;Unknown~Technology;INTP
19~25;Male;1;0~1;5~6;5~9;5~7;Others~Sports~Arts;INTP
19~25;Male;1;0~1;5~6;5~9;5~7;Others~Sports~Arts;INFP
19~25;Male;1;0~1;5~6;5~9;5~7;Others~Sports~Arts;INTP
19~25;Male;1;0~1;5~6;5~9;5~7;Others~Sports~Arts;INFP
19~25;Male;1;0~1;5~6;5~9;5~7;Others~Sports~Arts;INTP
19~25;Male;1;0~1;5~6;5~9;5~7;Others~Sports~Arts;INTP
19~25;Male;1;0~1;5~6;5~9;5~7;Others~Sports~Arts;INTP
19~25;Male;1;0~1;5~6;5~9;5~7;Others~Sports~Arts;INTP
19~25;Male;1;0~1;5~6;5~9;5~7;Others~Sports~Arts;INTP
22~25;Male;1;1~4;5~7;6~8;4~6;Others~Sports~Arts;INTP
22~25;Male;1;1~4;5~7;6~8;4~6;Others~Sports~Arts;INTP
22~25;Male;1;1~4;5~7;6~8;4~6;Others~Sports~Arts;INTP
22~25;Male;1;1~4;5~7;6~8;4~6;Others~Sports~Arts;INFP
22~25;Male;1;1~4;5~7;6~8;4~6;Others~Sports~Arts;INTP
22~25;Male;1;1~4;5~7;6~8;4~6;Others~Sports~Arts;ISTP
22~25;Male;1;1~4;5~7;6~8;4~6;Others~Sports~Arts;INTP
22~25;Male;1;1~4;5~7;6~8;4~6;Others~Sports~Arts;ISTP
22~25;Male;1;1~4;5~7;6~8;4~6;Others~Sports~Arts;INTP
19~25;Male;1;6~7;3~5;1~2;3~4;Unknown~Technology;ENFP
19~25;Male;1;6~7;3~5;1~2;3~4;Unknown~Technology;ENFP
19~25;Male;1;6~7;3~5;1~2;3~4;Unknown~Technology;ENFP
19~25;Male;1;6~7;3~5;1~2;3~4;Unknown~Technology;ENFP
19~25;Male;1;6~7;3~5;1~2;3~4;Unknown~Technology;ENFP
19~25;Male;1;5~8;2~5;2~3;2~4;Unknown~Technology;ENFP
19~25;Male;1;5~8;2~5;2~3;2~4;Unknown~Technology;ENFP
19~25;Male;1;5~8;2~5;2~3;2~4;Unknown~Technology;ENFP
19~25;Male;1;5~8;2~5;2~3;2~4;Unknown~Technology;ENFP
19~25;Male;1;5~8;2~5;2~3;2~4;Unknown~Technology;ENFP
19~25;Male;1;5~8;2~5;2~3;2~4;Unknown~Technology;ENFP
21~25;Male;1;8~9;3~5;0~2;2~4;Unknown~Technology;ENFP
21~25;Male;1;8~9;3~5;0~2;2~4;Unknown~Technology;ENFP
21~25;Male;1;8~9;3~5;0~2;2~4;Unknown~Technology;ENFP
21~25;Male;1;8~9;3~5;0~2;2~4;Unknown~Technology;ENFP
21~25;Male;1;8~9;3~5;0~2;2~4;Unknown~Technology;ENFP
21~25;Male;1;8~9;3~5;0~2;2~4;Unknown~Technology;ENFP
20~24;Male;1;8~9;3~5;2~4;3~4;Unknown~Technology;ENFP
20~24;Male;1;8~9;3~5;2~4;3~4;Unknown~Technology;ENFP
20~24;Male;1;8~9;3~5;2~4;3~4;Unknown~Technology;ENFP
20~24;Male;1;8~9;3~5;2~4;3~4;Unknown~Technology;ENFP
20~24;Male;1;8~9;3~5;2~4;3~4;Unknown~Technology;ENFP
20~24;Male;1;8~9;3~5;2~4;3~4;Unknown~Technology;ENFP
19~25;Male;1;5~6;3~5;0~3;1~4;Others~Sports;ENFP
19~25;Male;1;5~6;3~5;0~3;1~4;Others~Sports;ENFP
19~25;Male;1;5~6;3~5;0~3;1~4;Others~Sports;ENFP
19~25;Male;1;5~6;3~5;0~3;1~4;Others~Sports;ENFP
19~25;Male;1;5~6;3~5;0~3;1~4;Others~Sports;ENFP
19~25;Male;1;5~6;3~5;0~3;1~4;Others~Sports;ENFP
23~25;Male;1;7~9;3~4;0~3;3~4;Others~Sports;ENFP
23~25;Male;1;7~9;3~4;0~3;3~4;Others~Sports;ENFP
23~25;Male;1;7~9;3~4;0~3;3~4;Others~Sports;ENFP
23~25;Male;1;7~9;3~4;0~3;3~4;Others~Sports;ENFP
23~25;Male;1;7~9;3~4;0~3;3~4;Others~Sports;ENFP
23~25;Male;1;7~9;3~4;0~3;3~4;Others~Sports;ENFP
20~25;Male;1;5~9;3~5;0~4;2~4;Arts;ENFP
20~25;Male;1;5~9;3~5;0~4;2~4;Arts;ENFP
20~25;Male;1;5~9;3~5;0~4;2~4;Arts;ENFP
20~25;Male;1;5~9;3~5;0~4;2~4;Arts;ENFP
20~25;Male;1;5~9;3~5;0~4;2~4;Arts;ENFP
20~25;Male;1;5~9;3~5;0~4;2~4;Arts;ENFP
20~25;Male;1;5~9;3~5;0~4;2~4;Arts;ENFP
20~25;Male;1;5~9;3~5;0~4;2~4;Arts;ENFP
20~25;Male;1;5~9;3~5;0~4;2~4;Arts;ENFP
20~25;Male;1;5~6;3~5;1~4;4~7;Unknown~Technology;INFP
20~25;Male;1;5~6;3~5;1~4;4~7;Unknown~Technology;ENFP
20~25;Male;1;5~6;3~5;1~4;4~7;Unknown~Technology;ENFP
20~25;Male;1;5~6;3~5;1~4;4~7;Unknown~Technology;ENFP
20~25;Male;1;5~6;3~5;1~4;4~7;Unknown~Technology;ENFP
20~25;Male;1;5~6;3~5;1~4;4~7;Unknown~Technology;ENFP
20~25;Male;1;5~6;3~5;1~4;4~7;Unknown~Technology;ENFP
20~25;Male;1;5~6;3~5;1~4;4~7;Unknown~Technology;ENFP
21~25;Male;1;6~9;2~5;0~4;4~6;Unknown~Technology;ENFP
21~25;Male;1;6~9;2~5;0~4;4~6;Unknown~Technology;ENFP
21~25;Male;1;6~9;2~5;0~4;4~6;Unknown~Technology;ENFP
21~25;Male;1;6~9;2~5;0~4;4~6;Unknown~Technology;ENFP
21~25;Male;1;6~9;2~5;0~4;4~6;Unknown~Technology;ENFP
21~25;Male;1;6~9;2~5;0~4;4~6;Unknown~Technology;ENFP
21~25;Male;1;6~9;2~5;0~4;4~6;Unknown~Technology;ENFP
21~25;Male;1;6~9;2~5;0~4;4~6;Unknown~Technology;ENFP
21~25;Male;1;5~9;3~5;0~4;4~6;Others;ENFP
21~25;Male;1;5~9;3~5;0~4;4~6;Others;ENFP
21~25;Male;1;5~9;3~5;0~4;4~6;Others;ENFP
21~25;Male;1;5~9;3~5;0~4;4~6;Others;ENFP
21~25;Male;1;5~9;3~5;0~4;4~6;Others;ENFP
21~25;Male;1;5~9;3~5;0~4;4~6;Others;ENFP
21~25;Male;1;5~9;3~5;0~4;4~6;Others;ENFP
21~24;Male;1;6~7;3~4;0~2;5~7;Sports~Arts;ENFP
21~24;Male;1;6~7;3~4;0~2;5~7;Sports~Arts;ENFP
21~24;Male;1;6~7;3~4;0~2;5~7;Sports~Arts;ENFP
21~24;Male;1;6~7;3~4;0~2;5~7;Sports~Arts;ENFP
21~24;Male;1;6~7;3~4;0~2;5~7;Sports~Arts;ENFP
20~24;Male;1;5~7;3~5;3~4;5~6;Sports~Arts;ENFP
20~24;Male;1;5~7;3~5;3~4;5~6;Sports~Arts;ENFP
20~24;Male;1;5~7;3~5;3~4;5~6;Sports~Arts;ENFP
20~24;Male;1;5~7;3~5;3~4;5~6;Sports~Arts;ENFP
20~24;Male;1;5~7;3~5;3~4;5~6;Sports~Arts;ENFP
21~25;Male;1;7~9;3~4;0~1;5~6;Sports~Arts;ENFP
21~25;Male;1;7~9;3~4;0~1;5~6;Sports~Arts;ENFP
21~25;Male;1;7~9;3~4;0~1;5~6;Sports~Arts;ENFP
21~25;Male;1;7~9;3~4;0~1;5~6;Sports~Arts;ENFP
21~25;Male;1;7~9;3~4;0~1;5~6;Sports~Arts;ENFP
21~25;Male;1;7~9;4~5;2~3;5~6;Sports~Arts;ENFP
21~25;Male;1;7~9;4~5;2~3;5~6;Sports~Arts;ENFP
21~25;Male;1;7~9;4~5;2~3;5~6;Sports~Arts;ENFP
21~25;Male;1;7~9;4~5;2~3;5~6;Sports~Arts;ENFP
21~25;Male;1;7~9;4~5;2~3;5~6;Sports~Arts;ENFP
21~25;Male;1;7~9;4~5;2~3;5~6;Sports~Arts;ENFP
21~24;Male;1;5~7;2~5;4~5;1~4;Unknown~Technology;ENFP
21~24;Male;1;5~7;2~5;4~5;1~4;Unknown~Technology;ENFP
21~24;Male;1;5~7;2~5;4~5;1~4;Unknown~Technology;ENFP
21~24;Male;1;5~7;2~5;4~5;1~4;Unknown~Technology;ENFP
21~24;Male;1;5~7;2~5;4~5;1~4;Unknown~Technology;ENFP
21~24;Male;1;5~7;2~5;4~5;1~4;Unknown~Technology;ENFP
21~25;Male;1;8~9;3~5;4~6;2~4;Unknown~Technology;ENFP
21~25;Male;1;8~9;3~5;4~6;2~4;Unknown~Technology;ENFP
21~25;Male;1;8~9;3~5;4~6;2~4;Unknown~Technology;ENFP
21~25;Male;1;8~9;3~5;4~6;2~4;Unknown~Technology;ENTP
21~25;Male;1;8~9;3~5;4~6;2~4;Unknown~Technology;ENFP
21~25;Male;1;8~9;3~5;4~6;2~4;Unknown~Technology;ENFP
20~25;Male;1;5~8;3~5;7~9;2~3;Unknown;ENTP
20~25;Male;1;5~8;3~5;7~9;2~3;Unknown;ENTP
20~25;Male;1;5~8;3~5;7~9;2~3;Unknown;ENTP
20~25;Male;1;5~8;3~5;7~9;2~3;Unknown;ENTP
20~25;Male;1;5~8;3~5;7~9;2~3;Unknown;ENTP
20~25;Male;1;5~8;3~5;7~9;2~3;Unknown;ENTP
23~25;Male;1;8~9;3~4;7~9;2~4;Unknown;ENTP
23~25;Male;1;8~9;3~4;7~9;2~4;Unknown;ENTP
23~25;Male;1;8~9;3~4;7~9;2~4;Unknown;ENTP
23~25;Male;1;8~9;3~4;7~9;2~4;Unknown;ENTP
23~25;Male;1;8~9;3~4;7~9;2~4;Unknown;ENTP
23~25;Male;1;8~9;3~4;7~9;2~4;Unknown;ENTP
20~24;Male;1;5~8;2~4;4~7;0~4;Others~Sports;ENFP
20~24;Male;1;5~8;2~4;4~7;0~4;Others~Sports;ENTP
20~24;Male;1;5~8;2~4;4~7;0~4;Others~Sports;ENTP
20~24;Male;1;5~8;2~4;4~7;0~4;Others~Sports;ENFP
20~24;Male;1;5~8;2~4;4~7;0~4;Others~Sports;ENFP
23~25;Male;1;5~9;2~4;4~6;3~4;Arts;ENFP
23~25;Male;1;5~9;2~4;4~6;3~4;Arts;ENFP
23~25;Male;1;5~9;2~4;4~6;3~4;Arts;ENFP
23~25;Male;1;5~9;2~4;4~6;3~4;Arts;ENTP
23~25;Male;1;5~9;2~4;4~6;3~4;Arts;ENTP
20~25;Male;1;6~8;3~5;7~9;1~4;Others;ENTP
20~25;Male;1;6~8;3~5;7~9;1~4;Others;ENTP
20~25;Male;1;6~8;3~5;7~9;1~4;Others;ENTP
20~25;Male;1;6~8;3~5;7~9;1~4;Others;ENTP
20~25;Male;1;6~8;3~5;7~9;1~4;Others;ENTP
19~24;Male;1;7~8;4~5;7~9;3~4;Sports~Arts;ENTP
19~24;Male;1;7~8;4~5;7~9;3~4;Sports~Arts;ENTP
19~24;Male;1;7~8;4~5;7~9;3~4;Sports~Arts;ENTP
19~24;Male;1;7~8;4~5;7~9;3~4;Sports~Arts;ENTP
19~24;Male;1;7~8;4~5;7~9;3~4;Sports~Arts;ENTP
21~25;Male;1;5~8;3~4;4~7;4~7;Unknown~Technology;ENFP
21~25;Male;1;5~8;3~4;4~7;4~7;Unknown~Technology;ENTP
21~25;Male;1;5~8;3~4;4~7;4~7;Unknown~Technology;INTP
21~25;Male;1;5~8;3~4;4~7;4~7;Unknown~Technology;ENTP
21~25;Male;1;5~8;3~4;4~7;4~7;Unknown~Technology;ENFP
21~25;Male;1;5~8;3~4;4~7;4~7;Unknown~Technology;ENFP
19~25;Male;1;8~9;3~5;4~6;4~5;Unknown~Technology;ENFP
19~25;Male;1;8~9;3~5;4~6;4~5;Unknown~Technology;ENFP
19~25;Male;1;8~9;3~5;4~6;4~5;Unknown~Technology;ENFP
19~25;Male;1;8~9;3~5;4~6;4~5;Unknown~Technology;ENFP
19~25;Male;1;8~9;3~5;4~6;4~5;Unknown~Technology;ENFP
19~25;Male;1;8~9;3~5;4~6;4~5;Unknown~Technology;ENFP
21~25;Male;1;5~7;3~5;7~9;4~6;Unknown~Technology;ENTP
21~25;Male;1;5~7;3~5;7~9;4~6;Unknown~Technology;ENTP
21~25;Male;1;5~7;3~5;7~9;4~6;Unknown~Technology;ENTP
21~25;Male;1;5~7;3~5;7~9;4~6;Unknown~Technology;ENTP
21~25;Male;1;5~7;3~5;7~9;4~6;Unknown~Technology;ENTP
21~25;Male;1;5~7;3~5;7~9;4~6;Unknown~Technology;ENTP
20~25;Male;1;7~9;3~5;8~9;4~6;Unknown~Technology;ENTP
20~25;Male;1;7~9;3~5;8~9;4~6;Unknown~Technology;ENTP
20~25;Male;1;7~9;3~5;8~9;4~6;Unknown~Technology;ENTP
20~25;Male;1;7~9;3~5;8~9;4~6;Unknown~Technology;ENTP
20~25;Male;1;7~9;3~5;8~9;4~6;Unknown~Technology;ENTP
20~25;Male;1;7~9;3~5;8~9;4~6;Unknown~Technology;ENTP
20~25;Male;1;7~9;3~5;8~9;4~6;Unknown~Technology;ENTP
21~24;Male;1;5~9;2~5;4~6;4~7;Others~Sports~Arts;ENTP
21~24;Male;1;5~9;2~5;4~6;4~7;Others~Sports~Arts;ENFP
21~24;Male;1;5~9;2~5;4~6;4~7;Others~Sports~Arts;ENFP
21~24;Male;1;5~9;2~5;4~6;4~7;Others~Sports~Arts;ENFP
21~24;Male;1;5~9;2~5;4~6;4~7;Others~Sports~Arts;ENFP
21~24;Male;1;5~9;2~5;4~6;4~7;Others~Sports~Arts;ENFP
21~24;Male;1;5~9;2~5;4~6;4~7;Others~Sports~Arts;ENFP
21~24;Male;1;5~9;2~5;4~6;4~7;Others~Sports~Arts;ENFP
21~24;Male;1;5~9;2~5;4~6;4~7;Others~Sports~Arts;ENFP
21~25;Male;1;5~8;2~4;6~8;4~6;Sports~Arts;ENTP
21~25;Male;1;5~8;2~4;6~8;4~6;Sports~Arts;ENTP
21~25;Male;1;5~8;2~4;6~8;4~6;Sports~Arts;ENTP
21~25;Male;1;5~8;2~4;6~8;4~6;Sports~Arts;ENTP
21~25;Male;1;5~8;2~4;6~8;4~6;Sports~Arts;INTP
20~25;Male;1;8~9;4~5;7~8;4~5;Others~Sports~Arts;ENTP
20~25;Male;1;8~9;4~5;7~8;4~5;Others~Sports~Arts;ENTP
20~25;Male;1;8~9;4~5;7~8;4~5;Others~Sports~Arts;ENTP
20~25;Male;1;8~9;4~5;7~8;4~5;Others~Sports~Arts;ENTP
20~25;Male;1;8~9;4~5;7~8;4~5;Others~Sports~Arts;ENTP
20~25;Male;1;5~6;5~7;0~0;2~4;Unknown~Technology;ENFP
20~25;Male;1;5~6;5~7;0~0;2~4;Unknown~Technology;ENFP
20~25;Male;1;5~6;5~7;0~0;2~4;Unknown~Technology;ENFP
20~25;Male;1;5~6;5~7;0~0;2~4;Unknown~Technology;ENFP
20~25;Male;1;5~6;5~7;0~0;2~4;Unknown~Technology;ENFP
20~25;Male;1;5~6;5~7;0~0;2~4;Unknown~Technology;ENFP
20~24;Male;1;6~9;5~6;0~2;2~3;Unknown~Technology;ENFP
20~24;Male;1;6~9;5~6;0~2;2~3;Unknown~Technology;ENFP
20~24;Male;1;6~9;5~6;0~2;2~3;Unknown~Technology;ESFP
20~24;Male;1;6~9;5~6;0~2;2~3;Unknown~Technology;ENFP
20~24;Male;1;6~9;5~6;0~2;2~3;Unknown~Technology;ENFP
20~24;Male;1;6~9;5~6;0~2;2~3;Unknown~Technology;ENFP
21~25;Male;1;5~7;5~6;2~4;2~4;Unknown~Technology;ENFP
21~25;Male;1;5~7;5~6;2~4;2~4;Unknown~Technology;ENFP
21~25;Male;1;5~7;5~6;2~4;2~4;Unknown~Technology;ENFP
21~25;Male;1;5~7;5~6;2~4;2~4;Unknown~Technology;ENFP
21~25;Male;1;5~7;5~6;2~4;2~4;Unknown~Technology;ENFP
21~25;Male;1;5~7;5~6;2~4;2~4;Unknown~Technology;ENFP
20~25;Male;1;7~9;5~6;2~4;1~4;Unknown;ENFP
20~25;Male;1;7~9;5~6;2~4;1~4;Unknown;ENFP
20~25;Male;1;7~9;5~6;2~4;1~4;Unknown;ENFP
20~25;Male;1;7~9;5~6;2~4;1~4;Unknown;ENFP
20~25;Male;1;7~9;5~6;2~4;1~4;Unknown;ENFP
20~25;Male;1;7~9;5~6;2~4;1~4;Unknown;ENFP
20~25;Male;1;7~9;5~6;2~4;1~4;Unknown;ENFP
19~23;Male;1;6~9;5~6;0~2;2~4;Others~Sports;ENFP
19~23;Male;1;6~9;5~6;0~2;2~4;Others~Sports;ENFP
19~23;Male;1;6~9;5~6;0~2;2~4;Others~Sports;ENFP
19~23;Male;1;6~9;5~6;0~2;2~4;Others~Sports;ENFP
19~23;Male;1;6~9;5~6;0~2;2~4;Others~Sports;ENFP
20~24;Male;1;5~9;5~8;3~4;2~4;Others~Sports;ENFP
20~24;Male;1;5~9;5~8;3~4;2~4;Others~Sports;ENFP
20~24;Male;1;5~9;5~8;3~4;2~4;Others~Sports;ESFP
20~24;Male;1;5~9;5~8;3~4;2~4;Others~Sports;ENFP
20~24;Male;1;5~9;5~8;3~4;2~4;Others~Sports;ENFP
20~24;Male;1;5~9;5~8;3~4;2~4;Others~Sports;ENFP
20~24;Male;1;5~9;5~6;0~4;2~4;Arts;ENFP
20~24;Male;1;5~9;5~6;0~4;2~4;Arts;ENFP
20~24;Male;1;5~9;5~6;0~4;2~4;Arts;ENFP
20~24;Male;1;5~9;5~6;0~4;2~4;Arts;ESFP
20~24;Male;1;5~9;5~6;0~4;2~4;Arts;INFP
20~24;Male;1;5~9;5~6;0~4;2~4;Arts;ENFP
20~24;Male;1;5~9;5~6;0~4;2~4;Arts;ENFP
20~24;Male;1;5~9;5~6;0~4;2~4;Arts;ENFP
20~23;Male;1;6~9;5~6;0~2;4~6;Unknown;ENFP
20~23;Male;1;6~9;5~6;0~2;4~6;Unknown;ENFP
20~23;Male;1;6~9;5~6;0~2;4~6;Unknown;ENFP
20~23;Male;1;6~9;5~6;0~2;4~6;Unknown;ENFP
20~23;Male;1;6~9;5~6;0~2;4~6;Unknown;ENFP
20~23;Male;1;6~9;5~6;0~2;4~6;Unknown;ENFP
20~25;Male;1;5~9;5~6;2~4;4~6;Unknown;ENFP
20~25;Male;1;5~9;5~6;2~4;4~6;Unknown;ESFP
20~25;Male;1;5~9;5~6;2~4;4~6;Unknown;ENFP
20~25;Male;1;5~9;5~6;2~4;4~6;Unknown;ENFP
20~25;Male;1;5~9;5~6;2~4;4~6;Unknown;ENFP
20~25;Male;1;5~9;5~6;2~4;4~6;Unknown;ENFP
20~25;Male;1;5~9;5~6;2~4;4~6;Unknown;ENFP
21~25;Male;1;5~9;5~7;0~1;5~6;Technology~Others;ENFP
21~25;Male;1;5~9;5~7;0~1;5~6;Technology~Others;ENFP
21~25;Male;1;5~9;5~7;0~1;5~6;Technology~Others;ENFP
21~25;Male;1;5~9;5~7;0~1;5~6;Technology~Others;ISFP
21~25;Male;1;5~9;5~7;0~1;5~6;Technology~Others;ENFP
21~25;Male;1;5~9;5~7;0~1;5~6;Technology~Others;ENFP
21~25;Male;1;5~9;5~6;2~4;4~6;Technology~Others;INFP
21~25;Male;1;5~9;5~6;2~4;4~6;Technology~Others;ENFP
21~25;Male;1;5~9;5~6;2~4;4~6;Technology~Others;ENFP
21~25;Male;1;5~9;5~6;2~4;4~6;Technology~Others;ENFP
21~25;Male;1;5~9;5~6;2~4;4~6;Technology~Others;ENFP
21~25;Male;1;5~9;5~6;2~4;4~6;Technology~Others;INFP
21~25;Male;1;5~9;5~6;2~4;4~6;Technology~Others;ENFP
20~25;Male;1;5~8;5~7;0~2;4~6;Sports~Arts;ENFP
20~25;Male;1;5~8;5~7;0~2;4~6;Sports~Arts;ENFP
20~25;Male;1;5~8;5~7;0~2;4~6;Sports~Arts;ENFP
20~25;Male;1;5~8;5~7;0~2;4~6;Sports~Arts;ESFP
20~25;Male;1;5~8;5~7;0~2;4~6;Sports~Arts;ENFP
20~25;Male;1;5~8;5~7;0~2;4~6;Sports~Arts;ENFP
20~25;Male;1;5~8;5~7;0~2;4~6;Sports~Arts;ENFP
20~25;Male;1;5~8;5~7;0~2;4~6;Sports~Arts;ENFP
20~25;Male;1;5~8;5~7;0~2;4~6;Sports~Arts;ENFP
20~25;Male;1;5~9;5~6;3~4;4~6;Sports~Arts;ENFP
20~25;Male;1;5~9;5~6;3~4;4~6;Sports~Arts;ENFP
20~25;Male;1;5~9;5~6;3~4;4~6;Sports~Arts;ENFP
20~25;Male;1;5~9;5~6;3~4;4~6;Sports~Arts;ENFP
20~25;Male;1;5~9;5~6;3~4;4~6;Sports~Arts;ENFP
20~25;Male;1;5~9;5~6;3~4;4~6;Sports~Arts;ENFP
20~25;Male;1;5~9;5~6;3~4;4~6;Sports~Arts;ENFP
20~25;Male;1;5~9;5~6;3~4;4~6;Sports~Arts;ENFP
20~25;Male;1;5~9;5~6;3~4;4~6;Sports~Arts;ESFP
21~25;Male;1;5~9;5~6;5~7;1~4;Unknown;ENTP
21~25;Male;1;5~9;5~6;5~7;1~4;Unknown;ESTP
21~25;Male;1;5~9;5~6;5~7;1~4;Unknown;ENTP
21~25;Male;1;5~9;5~6;5~7;1~4;Unknown;ENTP
21~25;Male;1;5~9;5~6;5~7;1~4;Unknown;ENTP
21~25;Male;1;5~9;5~6;5~7;1~4;Unknown;ENFP
21~25;Male;1;5~9;5~6;5~7;1~4;Unknown;ENFP
19~25;Male;1;5~8;5~6;7~9;1~4;Unknown;ENTP
19~25;Male;1;5~8;5~6;7~9;1~4;Unknown;ENTP
19~25;Male;1;5~8;5~6;7~9;1~4;Unknown;ENTP
19~25;Male;1;5~8;5~6;7~9;1~4;Unknown;ENTP
19~25;Male;1;5~8;5~6;7~9;1~4;Unknown;ENTP
19~25;Male;1;5~8;5~6;7~9;1~4;Unknown;ENTP
19~25;Male;1;5~8;5~6;7~9;1~4;Unknown;ENTP
19~25;Male;1;5~8;5~6;7~9;1~4;Unknown;ENTP
20~25;Male;1;5~8;5~7;5~6;1~4;Technology~Others;ENFP
20~25;Male;1;5~8;5~7;5~6;1~4;Technology~Others;ENFP
20~25;Male;1;5~8;5~7;5~6;1~4;Technology~Others;ENFP
20~25;Male;1;5~8;5~7;5~6;1~4;Technology~Others;ESFP
20~25;Male;1;5~8;5~7;5~6;1~4;Technology~Others;ENFP
20~25;Male;1;5~8;5~7;5~6;1~4;Technology~Others;ENTP
18~25;Male;1;5~9;5~7;6~9;3~4;Technology~Others;ENTP
18~25;Male;1;5~9;5~7;6~9;3~4;Technology~Others;ESTP
18~25;Male;1;5~9;5~7;6~9;3~4;Technology~Others;ENTP
18~25;Male;1;5~9;5~7;6~9;3~4;Technology~Others;ENTP
18~25;Male;1;5~9;5~7;6~9;3~4;Technology~Others;ENTP
18~25;Male;1;5~9;5~7;6~9;3~4;Technology~Others;ENTP
21~24;Male;1;5~9;5~7;6~7;1~3;Sports~Arts;ENTP
21~24;Male;1;5~9;5~7;6~7;1~3;Sports~Arts;ENTP
21~24;Male;1;5~9;5~7;6~7;1~3;Sports~Arts;ENTP
21~24;Male;1;5~9;5~7;6~7;1~3;Sports~Arts;ENTP
21~24;Male;1;5~9;5~7;6~7;1~3;Sports~Arts;ENTP
21~24;Male;1;5~9;5~7;6~7;1~3;Sports~Arts;ENTP
21~24;Male;1;5~9;5~7;6~7;1~3;Sports~Arts;ESTP
21~24;Male;1;5~9;5~7;6~7;1~3;Sports~Arts;ENTP
19~25;Male;1;5~9;5~7;7~9;1~4;Sports~Arts;ENTP
19~25;Male;1;5~9;5~7;7~9;1~4;Sports~Arts;ENTP
19~25;Male;1;5~9;5~7;7~9;1~4;Sports~Arts;ENTP
19~25;Male;1;5~9;5~7;7~9;1~4;Sports~Arts;ENTP
19~25;Male;1;5~9;5~7;7~9;1~4;Sports~Arts;ENTP
19~25;Male;1;5~9;5~7;7~9;1~4;Sports~Arts;ENTP
19~25;Male;1;5~9;5~7;7~9;1~4;Sports~Arts;ENTP
19~25;Male;1;5~9;5~7;7~9;1~4;Sports~Arts;ENTP
19~25;Male;1;5~9;5~7;7~9;1~4;Sports~Arts;ENTP
21~25;Male;1;5~6;5~7;4~6;4~7;Unknown~Technology;ESFP
21~25;Male;1;5~6;5~7;4~6;4~7;Unknown~Technology;ENTP
21~25;Male;1;5~6;5~7;4~6;4~7;Unknown~Technology;ESFP
21~25;Male;1;5~6;5~7;4~6;4~7;Unknown~Technology;ESFP
21~25;Male;1;5~6;5~7;4~6;4~7;Unknown~Technology;ENFP
20~25;Male;1;7~9;5~7;5~6;4~5;Unknown~Technology;ENTP
20~25;Male;1;7~9;5~7;5~6;4~5;Unknown~Technology;ENTP
20~25;Male;1;7~9;5~7;5~6;4~5;Unknown~Technology;ENFP
20~25;Male;1;7~9;5~7;5~6;4~5;Unknown~Technology;ESFP
20~25;Male;1;7~9;5~7;5~6;4~5;Unknown~Technology;ENFP
20~25;Male;1;7~9;5~7;5~6;4~5;Unknown~Technology;ENFP
21~25;Male;1;5~7;5~6;7~9;4~5;Unknown~Technology;ENTP
21~25;Male;1;5~7;5~6;7~9;4~5;Unknown~Technology;ENTP
21~25;Male;1;5~7;5~6;7~9;4~5;Unknown~Technology;ESTP
21~25;Male;1;5~7;5~6;7~9;4~5;Unknown~Technology;ENTP
21~25;Male;1;5~7;5~6;7~9;4~5;Unknown~Technology;ENTP
21~25;Male;1;5~7;5~6;7~9;4~5;Unknown~Technology;ENTP
21~25;Male;1;8~9;5~6;7~9;4~6;Unknown;ENTP
21~25;Male;1;8~9;5~6;7~9;4~6;Unknown;ENTP
21~25;Male;1;8~9;5~6;7~9;4~6;Unknown;ESTP
21~25;Male;1;8~9;5~6;7~9;4~6;Unknown;ENTP
21~25;Male;1;8~9;5~6;7~9;4~6;Unknown;ENTP
21~25;Male;1;8~9;5~6;7~9;4~6;Unknown;ENTP
22~24;Male;1;5~9;5~6;5~7;4~7;Sports;ENFP
22~24;Male;1;5~9;5~6;5~7;4~7;Sports;ESFP
22~24;Male;1;5~9;5~6;5~7;4~7;Sports;ENFP
22~24;Male;1;5~9;5~6;5~7;4~7;Sports;ENFP
22~24;Male;1;5~9;5~6;5~7;4~7;Sports;ENTP
20~25;Male;1;6~9;5~6;7~9;4~6;Others~Sports;ENTP
20~25;Male;1;6~9;5~6;7~9;4~6;Others~Sports;ENTP
20~25;Male;1;6~9;5~6;7~9;4~6;Others~Sports;ENTP
20~25;Male;1;6~9;5~6;7~9;4~6;Others~Sports;ENTP
20~25;Male;1;6~9;5~6;7~9;4~6;Others~Sports;ENTP
20~25;Male;1;6~9;5~6;7~9;4~6;Others~Sports;ENTP
20~22;Male;1;5~8;5~5;5~7;4~6;Arts;ENFP
20~22;Male;1;5~8;5~5;5~7;4~6;Arts;ENTP
20~22;Male;1;5~8;5~5;5~7;4~6;Arts;ENTP
20~22;Male;1;5~8;5~5;5~7;4~6;Arts;ENTP
20~22;Male;1;5~8;5~5;5~7;4~6;Arts;ENTP
18~25;Male;1;5~8;5~6;7~8;4~5;Arts;ENTP
18~25;Male;1;5~8;5~6;7~8;4~5;Arts;ENTP
18~25;Male;1;5~8;5~6;7~8;4~5;Arts;ENTP
18~25;Male;1;5~8;5~6;7~8;4~5;Arts;ENTP
18~25;Male;1;5~8;5~6;7~8;4~5;Arts;ENTP
18~25;Male;1;5~8;5~6;7~8;4~5;Arts;ENTP
19~24;Female;0;1~3;2~4;0~2;2~3;Unknown;ENFP
19~24;Female;0;1~3;2~4;0~2;2~3;Unknown;ENFP
19~24;Female;0;1~3;2~4;0~2;2~3;Unknown;INFP
19~24;Female;0;1~3;2~4;0~2;2~3;Unknown;INFP
19~24;Female;0;1~3;2~4;0~2;2~3;Unknown;INFP
21~25;Female;0;4~4;2~4;0~2;1~4;Unknown;ENFP
21~25;Female;0;4~4;2~4;0~2;1~4;Unknown;ENFP
21~25;Female;0;4~4;2~4;0~2;1~4;Unknown;INFP
21~25;Female;0;4~4;2~4;0~2;1~4;Unknown;ENFP
21~25;Female;0;4~4;2~4;0~2;1~4;Unknown;ENFP
21~25;Female;0;0~4;1~4;0~2;2~4;Technology~Others;ENFP
21~25;Female;0;0~4;1~4;0~2;2~4;Technology~Others;INFP
21~25;Female;0;0~4;1~4;0~2;2~4;Technology~Others;INFP
21~25;Female;0;0~4;1~4;0~2;2~4;Technology~Others;INFP
21~25;Female;0;0~4;1~4;0~2;2~4;Technology~Others;INFP
21~25;Female;0;0~4;1~4;0~2;2~4;Technology~Others;INFP
22~24;Female;0;0~1;3~4;3~5;2~4;Unknown~Technology;INFP
22~24;Female;0;0~1;3~4;3~5;2~4;Unknown~Technology;INFP
22~24;Female;0;0~1;3~4;3~5;2~4;Unknown~Technology;INFP
22~24;Female;0;0~1;3~4;3~5;2~4;Unknown~Technology;INFP
22~24;Female;0;0~1;3~4;3~5;2~4;Unknown~Technology;INFP
20~25;Female;0;2~4;3~5;2~3;2~4;Unknown~Technology;INFP
20~25;Female;0;2~4;3~5;2~3;2~4;Unknown~Technology;INFP
20~25;Female;0;2~4;3~5;2~3;2~4;Unknown~Technology;ENFP
20~25;Female;0;2~4;3~5;2~3;2~4;Unknown~Technology;INFP
20~25;Female;0;2~4;3~5;2~3;2~4;Unknown~Technology;INFP
20~25;Female;0;2~4;3~5;2~3;2~4;Unknown~Technology;ENFP
22~25;Female;0;0~3;2~4;3~5;2~3;Others;INFP
22~25;Female;0;0~3;2~4;3~5;2~3;Others;INFP
22~25;Female;0;0~3;2~4;3~5;2~3;Others;INFP
22~25;Female;0;0~3;2~4;3~5;2~3;Others;INFP
22~25;Female;0;0~3;2~4;3~5;2~3;Others;INFP
22~25;Female;0;1~3;2~4;0~2;2~4;Sports~Arts;INFP
22~25;Female;0;1~3;2~4;0~2;2~4;Sports~Arts;INFP
22~25;Female;0;1~3;2~4;0~2;2~4;Sports~Arts;INFP
22~25;Female;0;1~3;2~4;0~2;2~4;Sports~Arts;INFP
22~25;Female;0;1~3;2~4;0~2;2~4;Sports~Arts;ENFP
21~22;Female;0;3~4;3~4;0~2;1~3;Sports~Arts;ENFP
21~22;Female;0;3~4;3~4;0~2;1~3;Sports~Arts;INFP
21~22;Female;0;3~4;3~4;0~2;1~3;Sports~Arts;ENFP
21~22;Female;0;3~4;3~4;0~2;1~3;Sports~Arts;INFP
21~22;Female;0;3~4;3~4;0~2;1~3;Sports~Arts;ENFP
21~25;Female;0;0~1;3~5;3~5;2~4;Arts;INTP
21~25;Female;0;0~1;3~5;3~5;2~4;Arts;INFP
21~25;Female;0;0~1;3~5;3~5;2~4;Arts;INFP
21~25;Female;0;0~1;3~5;3~5;2~4;Arts;INTP
21~25;Female;0;0~1;3~5;3~5;2~4;Arts;INFP
22~25;Female;0;2~3;2~5;2~4;3~4;Sports~Arts;INFP
22~25;Female;0;2~3;2~5;2~4;3~4;Sports~Arts;INFP
22~25;Female;0;2~3;2~5;2~4;3~4;Sports~Arts;ENFP
22~25;Female;0;2~3;2~5;2~4;3~4;Sports~Arts;INFP
22~25;Female;0;2~3;2~5;2~4;3~4;Sports~Arts;INFP
22~25;Female;0;2~3;2~5;2~4;3~4;Sports~Arts;INFP
23~25;Female;0;0~2;1~5;0~3;4~6;Unknown~Technology;INFJ
23~25;Female;0;0~2;1~5;0~3;4~6;Unknown~Technology;INFP
23~25;Female;0;0~2;1~5;0~3;4~6;Unknown~Technology;INFP
23~25;Female;0;0~2;1~5;0~3;4~6;Unknown~Technology;INFJ
23~25;Female;0;0~2;1~5;0~3;4~6;Unknown~Technology;INFJ
23~25;Female;0;0~2;1~5;0~3;4~6;Unknown~Technology;INFP
23~25;Female;0;0~2;1~5;0~3;4~6;Unknown~Technology;INFP
21~25;Female;0;3~4;1~4;1~2;4~6;Unknown~Technology;ENFP
21~25;Female;0;3~4;1~4;1~2;4~6;Unknown~Technology;INFP
21~25;Female;0;3~4;1~4;1~2;4~6;Unknown~Technology;ENFP
21~25;Female;0;3~4;1~4;1~2;4~6;Unknown~Technology;ENFP
21~25;Female;0;3~4;1~4;1~2;4~6;Unknown~Technology;ENFJ
21~25;Female;0;3~4;1~4;1~2;4~6;Unknown~Technology;ENFJ
21~25;Female;0;3~4;1~4;1~2;4~6;Unknown~Technology;ENFP
20~24;Female;0;0~1;2~4;3~4;4~6;Unknown~Technology;INFP
20~24;Female;0;0~1;2~4;3~4;4~6;Unknown~Technology;INFJ
20~24;Female;0;0~1;2~4;3~4;4~6;Unknown~Technology;INFP
20~24;Female;0;0~1;2~4;3~4;4~6;Unknown~Technology;INFP
20~24;Female;0;0~1;2~4;3~4;4~6;Unknown~Technology;INFP
20~24;Female;0;0~1;2~4;3~4;4~6;Unknown~Technology;INFP
20~24;Female;0;0~1;2~4;3~4;4~6;Unknown~Technology;INFP
20~25;Female;0;1~4;2~4;3~5;4~6;Unknown~Technology;INFP
20~25;Female;0;1~4;2~4;3~5;4~6;Unknown~Technology;ENFP
20~25;Female;0;1~4;2~4;3~5;4~6;Unknown~Technology;INFP
20~25;Female;0;1~4;2~4;3~5;4~6;Unknown~Technology;INFP
20~25;Female;0;1~4;2~4;3~5;4~6;Unknown~Technology;INFP
20~25;Female;0;1~4;2~4;3~5;4~6;Unknown~Technology;ENFP
20~25;Female;0;1~4;2~4;3~5;4~6;Unknown~Technology;INFJ
20~25;Female;0;1~4;2~4;3~5;4~6;Unknown~Technology;ENFP
20~25;Female;0;0~4;2~4;0~2;4~6;Others~Sports;INFP
20~25;Female;0;0~4;2~4;0~2;4~6;Others~Sports;INFP
20~25;Female;0;0~4;2~4;0~2;4~6;Others~Sports;INFP
20~25;Female;0;0~4;2~4;0~2;4~6;Others~Sports;INFJ
20~25;Female;0;0~4;2~4;0~2;4~6;Others~Sports;INFJ
20~25;Female;0;0~4;2~4;0~2;4~6;Others~Sports;INFJ
20~25;Female;0;0~4;2~4;0~2;4~6;Others~Sports;ENFP
22~25;Female;0;2~4;2~5;0~2;4~7;Arts;INFJ
22~25;Female;0;2~4;2~5;0~2;4~7;Arts;INFP
22~25;Female;0;2~4;2~5;0~2;4~7;Arts;ENFP
22~25;Female;0;2~4;2~5;0~2;4~7;Arts;ENFP
22~25;Female;0;2~4;2~5;0~2;4~7;Arts;ENFJ
21~25;Female;0;0~4;3~5;2~4;4~6;Others~Sports;ENFJ
21~25;Female;0;0~4;3~5;2~4;4~6;Others~Sports;ENFJ
21~25;Female;0;0~4;3~5;2~4;4~6;Others~Sports;INFP
21~25;Female;0;0~4;3~5;2~4;4~6;Others~Sports;INFJ
21~25;Female;0;0~4;3~5;2~4;4~6;Others~Sports;INFJ
21~25;Female;0;0~4;3~5;2~4;4~6;Others~Sports;INFJ
21~25;Female;0;0~4;3~5;2~4;4~6;Others~Sports;INFP
21~25;Female;0;0~4;2~5;3~4;5~5;Arts;INFP
21~25;Female;0;0~4;2~5;3~4;5~5;Arts;INFP
21~25;Female;0;0~4;2~5;3~4;5~5;Arts;INFP
21~25;Female;0;0~4;2~5;3~4;5~5;Arts;INFP
21~25;Female;0;0~4;2~5;3~4;5~5;Arts;ENTP
20~25;Female;0;0~1;4~4;6~9;1~3;Unknown~Technology;INTP
20~25;Female;0;0~1;4~4;6~9;1~3;Unknown~Technology;INTP
20~25;Female;0;0~1;4~4;6~9;1~3;Unknown~Technology;INTP
20~25;Female;0;0~1;4~4;6~9;1~3;Unknown~Technology;INTP
20~25;Female;0;0~1;4~4;6~9;1~3;Unknown~Technology;INTP
20~24;Female;0;1~3;3~4;6~9;1~3;Unknown~Technology;ENTP
20~24;Female;0;1~3;3~4;6~9;1~3;Unknown~Technology;INTP
20~24;Female;0;1~3;3~4;6~9;1~3;Unknown~Technology;INTP
20~24;Female;0;1~3;3~4;6~9;1~3;Unknown~Technology;INTP
20~24;Female;0;1~3;3~4;6~9;1~3;Unknown~Technology;INTP
22~24;Female;0;0~4;2~4;5~9;0~3;Others;ENTP
22~24;Female;0;0~4;2~4;5~9;0~3;Others;INTP
22~24;Female;0;0~4;2~4;5~9;0~3;Others;INTP
22~24;Female;0;0~4;2~4;5~9;0~3;Others;INTP
22~24;Female;0;0~4;2~4;5~9;0~3;Others;INTP
22~24;Female;0;0~4;2~4;5~9;0~3;Others;INTP
22~24;Female;0;0~4;2~4;5~9;0~3;Others;INTP
22~24;Female;0;0~4;2~4;5~9;0~3;Others;INTP
20~25;Female;0;0~4;1~4;5~9;3~4;Unknown;ENTP
20~25;Female;0;0~4;1~4;5~9;3~4;Unknown;INTP
20~25;Female;0;0~4;1~4;5~9;3~4;Unknown;INTP
20~25;Female;0;0~4;1~4;5~9;3~4;Unknown;INTP
20~25;Female;0;0~4;1~4;5~9;3~4;Unknown;INTP
20~25;Female;0;0~4;1~4;5~9;3~4;Unknown;ENTP
20~25;Female;0;0~4;1~4;5~9;3~4;Unknown;INTP
20~25;Female;0;0~4;1~4;5~9;3~4;Unknown;INTP
20~25;Female;0;0~4;1~4;5~9;3~4;Unknown;INFP
18~25;Female;0;0~1;2~4;5~8;3~4;Others;INFP
18~25;Female;0;0~1;2~4;5~8;3~4;Others;INTP
18~25;Female;0;0~1;2~4;5~8;3~4;Others;INTP
18~25;Female;0;0~1;2~4;5~8;3~4;Others;INTP
18~25;Female;0;0~1;2~4;5~8;3~4;Others;INTP
20~24;Female;0;2~3;1~4;5~9;3~4;Technology~Others;ENTP
20~24;Female;0;2~3;1~4;5~9;3~4;Technology~Others;ENTP
20~24;Female;0;2~3;1~4;5~9;3~4;Technology~Others;INTP
20~24;Female;0;2~3;1~4;5~9;3~4;Technology~Others;INTP
20~24;Female;0;2~3;1~4;5~9;3~4;Technology~Others;ENTP
20~25;Female;0;0~4;2~5;5~9;1~3;Sports~Arts;INTP
20~25;Female;0;0~4;2~5;5~9;1~3;Sports~Arts;INTP
20~25;Female;0;0~4;2~5;5~9;1~3;Sports~Arts;INTP
20~25;Female;0;0~4;2~5;5~9;1~3;Sports~Arts;INTP
20~25;Female;0;0~4;2~5;5~9;1~3;Sports~Arts;ENTP
20~25;Female;0;0~4;2~5;5~9;1~3;Sports~Arts;INTP
20~25;Female;0;0~4;2~5;5~9;1~3;Sports~Arts;INTP
20~25;Female;0;0~4;2~5;5~9;1~3;Sports~Arts;INTP
19~25;Female;0;0~4;2~4;5~8;3~4;Sports~Arts;ENTP
19~25;Female;0;0~4;2~4;5~8;3~4;Sports~Arts;INTP
19~25;Female;0;0~4;2~4;5~8;3~4;Sports~Arts;INTP
19~25;Female;0;0~4;2~4;5~8;3~4;Sports~Arts;INTP
19~25;Female;0;0~4;2~4;5~8;3~4;Sports~Arts;INTP
19~25;Female;0;0~4;2~4;5~8;3~4;Sports~Arts;INTP
19~25;Female;0;0~4;2~4;5~8;3~4;Sports~Arts;ENTP
19~25;Female;0;0~4;2~4;5~8;3~4;Sports~Arts;ENTP
21~24;Female;0;0~2;4~5;6~7;4~6;Unknown;INTP
21~24;Female;0;0~2;4~5;6~7;4~6;Unknown;INTJ
21~24;Female;0;0~2;4~5;6~7;4~6;Unknown;INTJ
21~24;Female;0;0~2;4~5;6~7;4~6;Unknown;INTP
21~24;Female;0;0~2;4~5;6~7;4~6;Unknown;INTJ
21~24;Female;0;0~2;4~5;6~7;4~6;Unknown;INTP
21~24;Female;0;0~2;4~5;6~7;4~6;Unknown;INTJ
21~25;Female;0;0~3;2~5;7~9;4~6;Unknown~Technology;INTP
21~25;Female;0;0~3;2~5;7~9;4~6;Unknown~Technology;INTP
21~25;Female;0;0~3;2~5;7~9;4~6;Unknown~Technology;INTJ
21~25;Female;0;0~3;2~5;7~9;4~6;Unknown~Technology;INTJ
21~25;Female;0;0~3;2~5;7~9;4~6;Unknown~Technology;INTP
21~25;Female;0;0~3;2~5;7~9;4~6;Unknown~Technology;INTP
21~25;Female;0;0~3;2~5;7~9;4~6;Unknown~Technology;INTJ
21~25;Female;0;0~3;2~5;7~9;4~6;Unknown~Technology;INTP
21~25;Female;0;3~4;1~4;5~7;4~5;Unknown~Technology;ENTP
21~25;Female;0;3~4;1~4;5~7;4~5;Unknown~Technology;ENTP
21~25;Female;0;3~4;1~4;5~7;4~5;Unknown~Technology;INTP
21~25;Female;0;3~4;1~4;5~7;4~5;Unknown~Technology;ENTP
21~25;Female;0;3~4;1~4;5~7;4~5;Unknown~Technology;INTP
21~25;Female;0;3~4;1~4;5~7;4~5;Unknown~Technology;ENFP
21~25;Female;0;3~4;1~4;5~7;4~5;Unknown~Technology;INTP
21~25;Female;0;3~4;1~4;5~7;4~5;Unknown~Technology;ENTP
20~25;Female;0;3~4;3~5;7~9;4~7;Unknown~Technology;INTJ
20~25;Female;0;3~4;3~5;7~9;4~7;Unknown~Technology;ENTJ
20~25;Female;0;3~4;3~5;7~9;4~7;Unknown~Technology;ENTP
20~25;Female;0;3~4;3~5;7~9;4~7;Unknown~Technology;ENTJ
20~25;Female;0;3~4;3~5;7~9;4~7;Unknown~Technology;ENTJ
20~25;Female;0;3~4;3~5;7~9;4~7;Unknown~Technology;INTP
20~25;Female;0;3~4;3~5;7~9;4~7;Unknown~Technology;ENTP
20~25;Female;0;3~4;3~5;7~9;4~7;Unknown~Technology;ENTP
20~23;Female;0;0~2;3~4;5~8;4~6;Others;INTP
20~23;Female;0;0~2;3~4;5~8;4~6;Others;INTP
20~23;Female;0;0~2;3~4;5~8;4~6;Others;INTP
20~23;Female;0;0~2;3~4;5~8;4~6;Others;INTJ
20~23;Female;0;0~2;3~4;5~8;4~6;Others;INTJ
20~25;Female;0;2~4;3~4;5~9;5~6;Others;ENTJ
20~25;Female;0;2~4;3~4;5~9;5~6;Others;ENTP
20~25;Female;0;2~4;3~4;5~9;5~6;Others;INTJ
20~25;Female;0;2~4;3~4;5~9;5~6;Others;INTP
20~25;Female;0;2~4;3~4;5~9;5~6;Others;INTJ
20~25;Female;0;2~4;3~4;5~9;5~6;Others;ENTP
18~23;Female;0;0~1;3~4;5~9;5~6;Sports~Arts;INFJ
18~23;Female;0;0~1;3~4;5~9;5~6;Sports~Arts;INTJ
18~23;Female;0;0~1;3~4;5~9;5~6;Sports~Arts;INTP
18~23;Female;0;0~1;3~4;5~9;5~6;Sports~Arts;INTP
18~23;Female;0;0~1;3~4;5~9;5~6;Sports~Arts;INTJ
21~24;Female;0;2~4;3~4;5~9;4~6;Sports~Arts;ENTJ
21~24;Female;0;2~4;3~4;5~9;4~6;Sports~Arts;INTP
21~24;Female;0;2~4;3~4;5~9;4~6;Sports~Arts;ENTP
21~24;Female;0;2~4;3~4;5~9;4~6;Sports~Arts;INTP
21~24;Female;0;2~4;3~4;5~9;4~6;Sports~Arts;INTJ
21~24;Female;0;2~4;3~4;5~9;4~6;Sports~Arts;INTP
20~25;Female;0;0~1;5~6;0~2;2~4;Unknown~Technology;ISFP
20~25;Female;0;0~1;5~6;0~2;2~4;Unknown~Technology;ISFP
20~25;Female;0;0~1;5~6;0~2;2~4;Unknown~Technology;INFP
20~25;Female;0;0~1;5~6;0~2;2~4;Unknown~Technology;INFP
20~25;Female;0;0~1;5~6;0~2;2~4;Unknown~Technology;INFP
20~25;Female;0;0~1;5~6;0~2;2~4;Unknown~Technology;INFP
19~24;Female;0;1~4;5~7;0~2;3~4;Unknown~Technology;INFP
19~24;Female;0;1~4;5~7;0~2;3~4;Unknown~Technology;INFP
19~24;Female;0;1~4;5~7;0~2;3~4;Unknown~Technology;INFP
19~24;Female;0;1~4;5~7;0~2;3~4;Unknown~Technology;INFP
19~24;Female;0;1~4;5~7;0~2;3~4;Unknown~Technology;ENFP
19~24;Female;0;1~4;5~7;0~2;3~4;Unknown~Technology;INFP
19~24;Female;0;1~4;5~7;0~2;3~4;Unknown~Technology;ESFP
21~25;Female;0;0~2;5~6;3~5;0~4;Unknown~Technology;ISFP
21~25;Female;0;0~2;5~6;3~5;0~4;Unknown~Technology;INFP
21~25;Female;0;0~2;5~6;3~5;0~4;Unknown~Technology;INFP
21~25;Female;0;0~2;5~6;3~5;0~4;Unknown~Technology;INFP
21~25;Female;0;0~2;5~6;3~5;0~4;Unknown~Technology;INFP
21~25;Female;0;0~2;5~6;3~5;0~4;Unknown~Technology;INFP
21~25;Female;0;0~2;5~6;3~5;0~4;Unknown~Technology;ISFP
19~24;Female;0;2~4;5~7;3~4;2~4;Unknown~Technology;ISFP
19~24;Female;0;2~4;5~7;3~4;2~4;Unknown~Technology;INFP
19~24;Female;0;2~4;5~7;3~4;2~4;Unknown~Technology;ENFP
19~24;Female;0;2~4;5~7;3~4;2~4;Unknown~Technology;ESFP
19~24;Female;0;2~4;5~7;3~4;2~4;Unknown~Technology;INFP
19~24;Female;0;2~4;5~7;3~4;2~4;Unknown~Technology;ENFP
19~24;Female;0;2~4;5~7;3~4;2~4;Unknown~Technology;ENFP
20~25;Female;0;1~4;5~6;0~1;1~4;Others;ENFP
20~25;Female;0;1~4;5~6;0~1;1~4;Others;ISFP
20~25;Female;0;1~4;5~6;0~1;1~4;Others;INFP
20~25;Female;0;1~4;5~6;0~1;1~4;Others;ENFP
20~25;Female;0;1~4;5~6;0~1;1~4;Others;INFP
20~25;Female;0;1~4;5~6;0~1;1~4;Others;INFP
20~25;Female;0;0~4;5~7;0~2;1~4;Sports~Arts;INFP
20~25;Female;0;0~4;5~7;0~2;1~4;Sports~Arts;INFP
20~25;Female;0;0~4;5~7;0~2;1~4;Sports~Arts;ENFP
20~25;Female;0;0~4;5~7;0~2;1~4;Sports~Arts;ENFP
20~25;Female;0;0~4;5~7;0~2;1~4;Sports~Arts;INFP
20~25;Female;0;0~4;5~7;0~2;1~4;Sports~Arts;INFP
20~25;Female;0;0~4;5~7;0~2;1~4;Sports~Arts;INFP
20~25;Female;0;0~4;5~7;3~5;2~4;Others~Sports;INFP
20~25;Female;0;0~4;5~7;3~5;2~4;Others~Sports;INFP
20~25;Female;0;0~4;5~7;3~5;2~4;Others~Sports;ENFP
20~25;Female;0;0~4;5~7;3~5;2~4;Others~Sports;INFP
20~25;Female;0;0~4;5~7;3~5;2~4;Others~Sports;ENFP
20~25;Female;0;0~4;5~7;3~5;2~4;Others~Sports;INFP
21~25;Female;0;0~4;5~6;2~4;3~4;Arts;INTP
21~25;Female;0;0~4;5~6;2~4;3~4;Arts;INTP
21~25;Female;0;0~4;5~6;2~4;3~4;Arts;INFP
21~25;Female;0;0~4;5~6;2~4;3~4;Arts;ENFP
21~25;Female;0;0~4;5~6;2~4;3~4;Arts;ENFP
21~25;Female;0;0~4;5~6;2~4;3~4;Arts;INFP
21~25;Female;0;0~4;5~6;2~4;3~4;Arts;INFP
20~25;Female;0;0~2;5~6;0~2;4~7;Unknown;INFP
20~25;Female;0;0~2;5~6;0~2;4~7;Unknown;INFJ
20~25;Female;0;0~2;5~6;0~2;4~7;Unknown;INFP
20~25;Female;0;0~2;5~6;0~2;4~7;Unknown;INFP
20~25;Female;0;0~2;5~6;0~2;4~7;Unknown;INFJ
20~25;Female;0;0~2;5~6;0~2;4~7;Unknown;INFP
20~25;Female;0;0~2;5~6;0~2;4~7;Unknown;INFP
18~24;Female;0;2~4;5~7;1~3;4~5;Unknown;INFP
18~24;Female;0;2~4;5~7;1~3;4~5;Unknown;ISFP
18~24;Female;0;2~4;5~7;1~3;4~5;Unknown;ENFP
18~24;Female;0;2~4;5~7;1~3;4~5;Unknown;ENFP
18~24;Female;0;2~4;5~7;1~3;4~5;Unknown;ENFP
18~24;Female;0;2~4;5~7;1~3;4~5;Unknown;INFP
18~24;Female;0;2~4;5~7;1~3;4~5;Unknown;INFP
20~24;Female;0;1~2;5~7;3~4;4~6;Unknown;ISFP
20~24;Female;0;1~2;5~7;3~4;4~6;Unknown;INFJ
20~24;Female;0;1~2;5~7;3~4;4~6;Unknown;INFP
20~24;Female;0;1~2;5~7;3~4;4~6;Unknown;INFP
20~24;Female;0;1~2;5~7;3~4;4~6;Unknown;INFP
20~24;Female;0;1~2;5~7;3~4;4~6;Unknown;INFP
20~24;Female;0;1~2;5~7;3~4;4~6;Unknown;INFP
21~25;Female;0;2~4;5~7;3~4;4~6;Unknown;ENFJ
21~25;Female;0;2~4;5~7;3~4;4~6;Unknown;ENFP
21~25;Female;0;2~4;5~7;3~4;4~6;Unknown;ISFP
21~25;Female;0;2~4;5~7;3~4;4~6;Unknown;INFP
21~25;Female;0;2~4;5~7;3~4;4~6;Unknown;ESFJ
21~25;Female;0;2~4;5~7;3~4;4~6;Unknown;ISFP
21~25;Female;0;2~4;5~7;3~4;4~6;Unknown;ISFP
20~24;Female;0;0~2;5~6;0~2;4~6;Technology~Others;INFP
20~24;Female;0;0~2;5~6;0~2;4~6;Technology~Others;ENFP
20~24;Female;0;0~2;5~6;0~2;4~6;Technology~Others;INFP
20~24;Female;0;0~2;5~6;0~2;4~6;Technology~Others;INFP
20~24;Female;0;0~2;5~6;0~2;4~6;Technology~Others;INFJ
20~24;Female;0;0~2;5~6;0~2;4~6;Technology~Others;INFP
18~22;Female;0;0~3;5~6;3~5;4~6;Technology~Others;INFJ
18~22;Female;0;0~3;5~6;3~5;4~6;Technology~Others;ENFP
18~22;Female;0;0~3;5~6;3~5;4~6;Technology~Others;INFP
18~22;Female;0;0~3;5~6;3~5;4~6;Technology~Others;ENFJ
18~22;Female;0;0~3;5~6;3~5;4~6;Technology~Others;INFP
18~22;Female;0;0~3;5~6;3~5;4~6;Technology~Others;ENFP
22~25;Female;0;0~4;5~7;0~2;4~5;Arts;ISFP
22~25;Female;0;0~4;5~7;0~2;4~5;Arts;INFP
22~25;Female;0;0~4;5~7;0~2;4~5;Arts;INFP
22~25;Female;0;0~4;5~7;0~2;4~5;Arts;ENFP
22~25;Female;0;0~4;5~7;0~2;4~5;Arts;INFP
22~25;Female;0;0~4;5~7;0~2;4~5;Arts;INFP
19~25;Female;0;1~4;5~7;3~5;4~6;Sports~Arts;ENFP
19~25;Female;0;1~4;5~7;3~5;4~6;Sports~Arts;ENFP
19~25;Female;0;1~4;5~7;3~5;4~6;Sports~Arts;INFP
19~25;Female;0;1~4;5~7;3~5;4~6;Sports~Arts;ISFP
19~25;Female;0;1~4;5~7;3~5;4~6;Sports~Arts;INTJ
19~25;Female;0;1~4;5~7;3~5;4~6;Sports~Arts;INTP
19~25;Female;0;1~4;5~7;3~5;4~6;Sports~Arts;ESFP
19~25;Female;0;0~1;5~6;5~7;2~4;Unknown~Technology;INTP
19~25;Female;0;0~1;5~6;5~7;2~4;Unknown~Technology;INTP
19~25;Female;0;0~1;5~6;5~7;2~4;Unknown~Technology;INTP
19~25;Female;0;0~1;5~6;5~7;2~4;Unknown~Technology;INTP
19~25;Female;0;0~1;5~6;5~7;2~4;Unknown~Technology;INTP
19~25;Female;0;0~1;5~6;5~7;2~4;Unknown~Technology;INFP
19~25;Female;0;0~1;5~6;7~9;3~4;Unknown~Technology;INTP
19~25;Female;0;0~1;5~6;7~9;3~4;Unknown~Technology;INTP
19~25;Female;0;0~1;5~6;7~9;3~4;Unknown~Technology;INTP
19~25;Female;0;0~1;5~6;7~9;3~4;Unknown~Technology;INTP
19~25;Female;0;0~1;5~6;7~9;3~4;Unknown~Technology;INTP
19~25;Female;0;0~1;5~6;7~9;3~4;Unknown~Technology;INTP
19~25;Female;0;0~1;5~6;7~9;3~4;Unknown~Technology;INTP
20~23;Female;0;1~4;5~6;6~7;1~4;Unknown~Technology;INTP
20~23;Female;0;1~4;5~6;6~7;1~4;Unknown~Technology;ENTP
20~23;Female;0;1~4;5~6;6~7;1~4;Unknown~Technology;ENTP
20~23;Female;0;1~4;5~6;6~7;1~4;Unknown~Technology;ENTP
20~23;Female;0;1~4;5~6;6~7;1~4;Unknown~Technology;ENTP
20~23;Female;0;1~4;5~6;6~7;1~4;Unknown~Technology;ENTP
20~23;Female;0;1~4;5~6;6~7;1~4;Unknown~Technology;INTP
21~25;Female;0;2~4;5~6;8~9;1~4;Unknown~Technology;ENTP
21~25;Female;0;2~4;5~6;8~9;1~4;Unknown~Technology;ENTP
21~25;Female;0;2~4;5~6;8~9;1~4;Unknown~Technology;ENTP
21~25;Female;0;2~4;5~6;8~9;1~4;Unknown~Technology;ENTP
21~25;Female;0;2~4;5~6;8~9;1~4;Unknown~Technology;INTP
21~25;Female;0;2~4;5~6;8~9;1~4;Unknown~Technology;INTP
21~25;Female;0;2~4;5~6;8~9;1~4;Unknown~Technology;ENTP
20~25;Female;0;0~2;5~8;6~9;2~4;Others~Sports;INTP
20~25;Female;0;0~2;5~8;6~9;2~4;Others~Sports;ENTP
20~25;Female;0;0~2;5~8;6~9;2~4;Others~Sports;INTP
20~25;Female;0;0~2;5~8;6~9;2~4;Others~Sports;ENTP
20~25;Female;0;0~2;5~8;6~9;2~4;Others~Sports;INTP
20~25;Female;0;0~2;5~8;6~9;2~4;Others~Sports;ISTP
20~25;Female;0;0~2;5~8;6~9;2~4;Others~Sports;INTP
20~25;Female;0;0~2;5~8;6~9;2~4;Others~Sports;ISTP
20~25;Female;0;2~4;5~6;5~9;1~4;Others~Sports;INTP
20~25;Female;0;2~4;5~6;5~9;1~4;Others~Sports;ENTP
20~25;Female;0;2~4;5~6;5~9;1~4;Others~Sports;ENTP
20~25;Female;0;2~4;5~6;5~9;1~4;Others~Sports;INTP
20~25;Female;0;2~4;5~6;5~9;1~4;Others~Sports;ENTP
20~25;Female;0;2~4;5~6;5~9;1~4;Others~Sports;ISTP
20~25;Female;0;2~4;5~6;5~9;1~4;Others~Sports;ENTP
20~25;Female;0;2~4;5~6;5~9;1~4;Others~Sports;ENTP
19~25;Female;0;0~1;5~6;8~9;2~4;Arts;ISTP
19~25;Female;0;0~1;5~6;8~9;2~4;Arts;INTP
19~25;Female;0;0~1;5~6;8~9;2~4;Arts;INTP
19~25;Female;0;0~1;5~6;8~9;2~4;Arts;ISTP
19~25;Female;0;0~1;5~6;8~9;2~4;Arts;INTP
20~23;Female;0;1~4;5~6;5~9;2~4;Arts;ENTP
20~23;Female;0;1~4;5~6;5~9;2~4;Arts;INTP
20~23;Female;0;1~4;5~6;5~9;2~4;Arts;INTP
20~23;Female;0;1~4;5~6;5~9;2~4;Arts;ENTP
20~23;Female;0;1~4;5~6;5~9;2~4;Arts;INTP
20~25;Female;0;0~2;5~7;5~6;5~8;Unknown~Technology;INTJ
20~25;Female;0;0~2;5~7;5~6;5~8;Unknown~Technology;INTJ
20~25;Female;0;0~2;5~7;5~6;5~8;Unknown~Technology;INTJ
20~25;Female;0;0~2;5~7;5~6;5~8;Unknown~Technology;INTP
20~25;Female;0;0~2;5~7;5~6;5~8;Unknown~Technology;INTJ
20~25;Female;0;0~2;5~7;5~6;5~8;Unknown~Technology;INTP
20~25;Female;0;0~2;5~7;5~6;5~8;Unknown~Technology;INTP
20~25;Female;0;0~2;5~6;6~9;4~6;Unknown~Technology;INTP
20~25;Female;0;0~2;5~6;6~9;4~6;Unknown~Technology;INTJ
20~25;Female;0;0~2;5~6;6~9;4~6;Unknown~Technology;INTP
20~25;Female;0;0~2;5~6;6~9;4~6;Unknown~Technology;ENTP
20~25;Female;0;0~2;5~6;6~9;4~6;Unknown~Technology;INTP
20~25;Female;0;0~2;5~6;6~9;4~6;Unknown~Technology;INTP
20~25;Female;0;0~2;5~6;6~9;4~6;Unknown~Technology;INTP
20~25;Female;0;0~2;5~6;6~9;4~6;Unknown~Technology;ENTJ
20~25;Female;0;2~4;5~7;5~7;4~8;Unknown~Technology;ENTP
20~25;Female;0;2~4;5~7;5~7;4~8;Unknown~Technology;INTJ
20~25;Female;0;2~4;5~7;5~7;4~8;Unknown~Technology;INTP
20~25;Female;0;2~4;5~7;5~7;4~8;Unknown~Technology;ENTP
20~25;Female;0;2~4;5~7;5~7;4~8;Unknown~Technology;INTJ
20~25;Female;0;2~4;5~7;5~7;4~8;Unknown~Technology;ESTP
20~25;Female;0;2~4;5~7;5~7;4~8;Unknown~Technology;INTP
20~25;Female;0;2~4;5~7;5~7;4~8;Unknown~Technology;ESTP
21~24;Female;0;3~4;5~8;7~9;5~6;Unknown~Technology;ENTP
21~24;Female;0;3~4;5~8;7~9;5~6;Unknown~Technology;ENTJ
21~24;Female;0;3~4;5~8;7~9;5~6;Unknown~Technology;INTP
21~24;Female;0;3~4;5~8;7~9;5~6;Unknown~Technology;ENTP
21~24;Female;0;3~4;5~8;7~9;5~6;Unknown~Technology;ENTJ
21~24;Female;0;3~4;5~8;7~9;5~6;Unknown~Technology;ESTP
21~24;Female;0;3~4;5~8;7~9;5~6;Unknown~Technology;ENTP
21~24;Female;0;3~4;5~8;7~9;5~6;Unknown~Technology;INTP
21~25;Female;0;0~1;5~6;5~7;5~6;Others~Sports;INTJ
21~25;Female;0;0~1;5~6;5~7;5~6;Others~Sports;INTJ
21~25;Female;0;0~1;5~6;5~7;5~6;Others~Sports;INTJ
21~25;Female;0;0~1;5~6;5~7;5~6;Others~Sports;ISTJ
21~25;Female;0;0~1;5~6;5~7;5~6;Others~Sports;INTP
18~25;Female;0;0~1;5~6;7~9;5~6;Others~Sports~Arts;INTJ
18~25;Female;0;0~1;5~6;7~9;5~6;Others~Sports~Arts;INTP
18~25;Female;0;0~1;5~6;7~9;5~6;Others~Sports~Arts;INTP
18~25;Female;0;0~1;5~6;7~9;5~6;Others~Sports~Arts;INTJ
18~25;Female;0;0~1;5~6;7~9;5~6;Others~Sports~Arts;INTJ
18~25;Female;0;0~1;5~6;7~9;5~6;Others~Sports~Arts;INTJ
22~25;Female;0;1~4;5~6;5~8;4~6;Others;ENTP
22~25;Female;0;1~4;5~6;5~8;4~6;Others;ENTJ
22~25;Female;0;1~4;5~6;5~8;4~6;Others;INTP
22~25;Female;0;1~4;5~6;5~8;4~6;Others;INTP
22~25;Female;0;1~4;5~6;5~8;4~6;Others;INTP
22~24;Female;0;2~4;5~7;5~9;4~7;Sports~Arts;INTJ
22~24;Female;0;2~4;5~7;5~9;4~7;Sports~Arts;ENTJ
22~24;Female;0;2~4;5~7;5~9;4~7;Sports~Arts;ENTP
22~24;Female;0;2~4;5~7;5~9;4~7;Sports~Arts;INTJ
22~24;Female;0;2~4;5~7;5~9;4~7;Sports~Arts;INTP
22~24;Female;0;2~4;5~7;5~9;4~7;Sports~Arts;ENTJ
19~25;Female;0;6~7;3~4;0~4;2~3;Unknown~Technology;ENFP
19~25;Female;0;6~7;3~4;0~4;2~3;Unknown~Technology;ENFP
19~25;Female;0;6~7;3~4;0~4;2~3;Unknown~Technology;ENFP
19~25;Female;0;6~7;3~4;0~4;2~3;Unknown~Technology;ENFP
19~25;Female;0;6~7;3~4;0~4;2~3;Unknown~Technology;ENFP
19~25;Female;0;6~7;3~4;0~4;2~3;Unknown~Technology;ENFP
19~25;Female;0;6~7;3~4;0~4;2~3;Unknown~Technology;ENFP
19~25;Female;0;5~7;2~5;0~3;3~4;Unknown~Technology;ENFP
19~25;Female;0;5~7;2~5;0~3;3~4;Unknown~Technology;ENFP
19~25;Female;0;5~7;2~5;0~3;3~4;Unknown~Technology;ENFP
19~25;Female;0;5~7;2~5;0~3;3~4;Unknown~Technology;ENFP
19~25;Female;0;5~7;2~5;0~3;3~4;Unknown~Technology;ENFP
19~25;Female;0;5~7;2~5;0~3;3~4;Unknown~Technology;ENFP
19~25;Female;0;5~7;2~5;0~3;3~4;Unknown~Technology;ENFP
21~25;Female;0;8~9;3~5;0~3;0~3;Unknown;ENFP
21~25;Female;0;8~9;3~5;0~3;0~3;Unknown;ENFP
21~25;Female;0;8~9;3~5;0~3;0~3;Unknown;ENFP
21~25;Female;0;8~9;3~5;0~3;0~3;Unknown;ENFP
21~25;Female;0;8~9;3~5;0~3;0~3;Unknown;ENFP
21~25;Female;0;8~9;3~5;0~3;0~3;Unknown;ENFP
21~25;Female;0;8~9;3~5;0~3;0~3;Unknown;ENFP
20~24;Female;0;7~9;3~5;0~3;4~4;Unknown~Technology;ENFP
20~24;Female;0;7~9;3~5;0~3;4~4;Unknown~Technology;ENFP
20~24;Female;0;7~9;3~5;0~3;4~4;Unknown~Technology;ENFP
20~24;Female;0;7~9;3~5;0~3;4~4;Unknown~Technology;ENFP
20~24;Female;0;7~9;3~5;0~3;4~4;Unknown~Technology;ENFP
20~24;Female;0;7~9;3~5;0~3;4~4;Unknown~Technology;ENFP
20~24;Female;0;7~9;3~5;0~3;4~4;Unknown~Technology;ENFP
20~24;Female;0;7~9;3~5;0~3;4~4;Unknown~Technology;ENFP
19~25;Female;0;5~6;3~5;0~3;3~4;Others~Sports;ENFP
19~25;Female;0;5~6;3~5;0~3;3~4;Others~Sports;ENFP
19~25;Female;0;5~6;3~5;0~3;3~4;Others~Sports;ENFP
19~25;Female;0;5~6;3~5;0~3;3~4;Others~Sports;ENFP
19~25;Female;0;5~6;3~5;0~3;3~4;Others~Sports;ENFP
19~25;Female;0;5~6;3~5;0~3;3~4;Others~Sports;ENFP
24~25;Female;0;5~7;2~5;0~4;3~4;Arts;ENFP
24~25;Female;0;5~7;2~5;0~4;3~4;Arts;ENFP
24~25;Female;0;5~7;2~5;0~4;3~4;Arts;ENFP
24~25;Female;0;5~7;2~5;0~4;3~4;Arts;ENFP
24~25;Female;0;5~7;2~5;0~4;3~4;Arts;ENFP
24~25;Female;0;5~7;2~5;0~4;3~4;Arts;ENFP
21~23;Female;0;7~9;2~5;0~3;1~3;Sports~Arts;ENFP
21~23;Female;0;7~9;2~5;0~3;1~3;Sports~Arts;ENFP
21~23;Female;0;7~9;2~5;0~3;1~3;Sports~Arts;ENFP
21~23;Female;0;7~9;2~5;0~3;1~3;Sports~Arts;ENFP
21~23;Female;0;7~9;2~5;0~3;1~3;Sports~Arts;ENFP
21~23;Female;0;7~9;2~5;0~3;1~3;Sports~Arts;ENFP
22~24;Female;0;7~9;3~4;0~3;3~4;Sports~Arts;ENFP
22~24;Female;0;7~9;3~4;0~3;3~4;Sports~Arts;ENFP
22~24;Female;0;7~9;3~4;0~3;3~4;Sports~Arts;ENFP
22~24;Female;0;7~9;3~4;0~3;3~4;Sports~Arts;ENFP
22~24;Female;0;7~9;3~4;0~3;3~4;Sports~Arts;ENFP
22~24;Female;0;7~9;3~4;0~3;3~4;Sports~Arts;ENFP
20~23;Female;0;5~7;3~5;0~1;5~6;Unknown~Technology;ENFP
20~23;Female;0;5~7;3~5;0~1;5~6;Unknown~Technology;ENFP
20~23;Female;0;5~7;3~5;0~1;5~6;Unknown~Technology;ENFP
20~23;Female;0;5~7;3~5;0~1;5~6;Unknown~Technology;ENFJ
20~23;Female;0;5~7;3~5;0~1;5~6;Unknown~Technology;ENFP
20~23;Female;0;5~7;3~5;0~1;5~6;Unknown~Technology;ENFP
20~23;Female;0;5~7;3~5;0~1;5~6;Unknown~Technology;ENFP
20~25;Female;0;5~7;3~5;1~4;5~7;Unknown~Technology;ENFP
20~25;Female;0;5~7;3~5;1~4;5~7;Unknown~Technology;ENFJ
20~25;Female;0;5~7;3~5;1~4;5~7;Unknown~Technology;ENFJ
20~25;Female;0;5~7;3~5;1~4;5~7;Unknown~Technology;ENFP
20~25;Female;0;5~7;3~5;1~4;5~7;Unknown~Technology;ENFJ
20~25;Female;0;5~7;3~5;1~4;5~7;Unknown~Technology;ENFJ
20~25;Female;0;5~7;3~5;1~4;5~7;Unknown~Technology;ENFJ
21~25;Female;0;7~9;2~4;0~1;4~6;Unknown;ENFP
21~25;Female;0;7~9;2~4;0~1;4~6;Unknown;ENFJ
21~25;Female;0;7~9;2~4;0~1;4~6;Unknown;ENFJ
21~25;Female;0;7~9;2~4;0~1;4~6;Unknown;ENFP
21~25;Female;0;7~9;2~4;0~1;4~6;Unknown;ENFP
21~25;Female;0;7~9;2~4;0~1;4~6;Unknown;ENFP
21~25;Female;0;7~9;2~4;0~1;4~6;Unknown;ENFP
21~25;Female;0;7~9;3~4;1~3;4~6;Unknown~Technology;ENFJ
21~25;Female;0;7~9;3~4;1~3;4~6;Unknown~Technology;ENFJ
21~25;Female;0;7~9;3~4;1~3;4~6;Unknown~Technology;ENFJ
21~25;Female;0;7~9;3~4;1~3;4~6;Unknown~Technology;ENFJ
21~25;Female;0;7~9;3~4;1~3;4~6;Unknown~Technology;ENFJ
21~25;Female;0;7~9;3~4;1~3;4~6;Unknown~Technology;ENFP
21~25;Female;0;7~9;3~4;1~3;4~6;Unknown~Technology;ENFP
20~25;Female;0;5~7;3~5;0~1;5~7;Others~Sports~Arts;ENFP
20~25;Female;0;5~7;3~5;0~1;5~7;Others~Sports~Arts;ENFP
20~25;Female;0;5~7;3~5;0~1;5~7;Others~Sports~Arts;ENFJ
20~25;Female;0;5~7;3~5;0~1;5~7;Others~Sports~Arts;ENFJ
20~25;Female;0;5~7;3~5;0~1;5~7;Others~Sports~Arts;ENFJ
20~25;Female;0;5~7;3~5;0~1;5~7;Others~Sports~Arts;ENFP
22~25;Female;0;5~8;1~5;2~3;4~6;Sports~Arts;ENFJ
22~25;Female;0;5~8;1~5;2~3;4~6;Sports~Arts;ENFJ
22~25;Female;0;5~8;1~5;2~3;4~6;Sports~Arts;ENFJ
22~25;Female;0;5~8;1~5;2~3;4~6;Sports~Arts;ENFP
22~25;Female;0;5~8;1~5;2~3;4~6;Sports~Arts;ENFP
22~25;Female;0;5~8;1~5;2~3;4~6;Sports~Arts;ENFP
21~24;Female;0;8~9;3~5;0~4;4~7;Others~Sports;ENFJ
21~24;Female;0;8~9;3~5;0~4;4~7;Others~Sports;ENFJ
21~24;Female;0;8~9;3~5;0~4;4~7;Others~Sports;ENFJ
21~24;Female;0;8~9;3~5;0~4;4~7;Others~Sports;ENFP
21~24;Female;0;8~9;3~5;0~4;4~7;Others~Sports;ENFJ
21~24;Female;0;8~9;3~5;0~4;4~7;Others~Sports;ENFJ
21~25;Female;0;8~9;4~5;0~3;4~6;Arts;ENFP
21~25;Female;0;8~9;4~5;0~3;4~6;Arts;ENFP
21~25;Female;0;8~9;4~5;0~3;4~6;Arts;ENFP
21~25;Female;0;8~9;4~5;0~3;4~6;Arts;ENFP
21~25;Female;0;8~9;4~5;0~3;4~6;Arts;ENFJ
21~25;Female;0;8~9;4~5;0~3;4~6;Arts;ENFP
21~25;Female;0;8~9;4~5;0~3;4~6;Arts;ENFP
22~24;Female;0;4~6;3~5;5~7;0~4;Unknown~Technology;ENTP
22~24;Female;0;4~6;3~5;5~7;0~4;Unknown~Technology;ENTP
22~24;Female;0;4~6;3~5;5~7;0~4;Unknown~Technology;ENTP
22~24;Female;0;4~6;3~5;5~7;0~4;Unknown~Technology;ENFP
22~24;Female;0;4~6;3~5;5~7;0~4;Unknown~Technology;ENTP
22~24;Female;0;4~6;3~5;5~7;0~4;Unknown~Technology;ENTP
22~24;Female;0;4~6;3~5;5~7;0~4;Unknown~Technology;ENTP
22~24;Female;0;4~6;3~5;5~7;0~4;Unknown~Technology;ENFP
21~25;Female;0;6~9;1~4;4~6;1~4;Unknown~Technology;ENTP
21~25;Female;0;6~9;1~4;4~6;1~4;Unknown~Technology;ENTP
21~25;Female;0;6~9;1~4;4~6;1~4;Unknown~Technology;ENTP
21~25;Female;0;6~9;1~4;4~6;1~4;Unknown~Technology;ENTP
21~25;Female;0;6~9;1~4;4~6;1~4;Unknown~Technology;ENFP
21~25;Female;0;6~9;1~4;4~6;1~4;Unknown~Technology;ENTP
21~25;Female;0;6~9;1~4;4~6;1~4;Unknown~Technology;ENFP
21~25;Female;0;6~9;1~4;4~6;1~4;Unknown~Technology;ENFP
19~24;Female;0;4~7;3~5;7~9;0~4;Unknown~Technology;ENTP
19~24;Female;0;4~7;3~5;7~9;0~4;Unknown~Technology;ENTP
19~24;Female;0;4~7;3~5;7~9;0~4;Unknown~Technology;ENTP
19~24;Female;0;4~7;3~5;7~9;0~4;Unknown~Technology;ENTP
19~24;Female;0;4~7;3~5;7~9;0~4;Unknown~Technology;ENTP
19~24;Female;0;4~7;3~5;7~9;0~4;Unknown~Technology;ENTP
19~24;Female;0;4~7;3~5;7~9;0~4;Unknown~Technology;ENTP
19~24;Female;0;4~7;3~5;7~9;0~4;Unknown~Technology;ENTP
21~23;Female;0;8~9;3~5;7~9;0~4;Unknown~Technology;ENTP
21~23;Female;0;8~9;3~5;7~9;0~4;Unknown~Technology;ENTP
21~23;Female;0;8~9;3~5;7~9;0~4;Unknown~Technology;ENTP
21~23;Female;0;8~9;3~5;7~9;0~4;Unknown~Technology;ENTP
21~23;Female;0;8~9;3~5;7~9;0~4;Unknown~Technology;ENTP
21~23;Female;0;8~9;3~5;7~9;0~4;Unknown~Technology;ENTP
21~23;Female;0;8~9;3~5;7~9;0~4;Unknown~Technology;ENTP
21~23;Female;0;8~9;3~5;7~9;0~4;Unknown~Technology;ENTP
19~23;Female;0;5~6;3~4;4~6;3~4;Others~Sports~Arts;ENFP
19~23;Female;0;5~6;3~4;4~6;3~4;Others~Sports~Arts;ENTP
19~23;Female;0;5~6;3~4;4~6;3~4;Others~Sports~Arts;ENFP
19~23;Female;0;5~6;3~4;4~6;3~4;Others~Sports~Arts;ENTP
19~23;Female;0;5~6;3~4;4~6;3~4;Others~Sports~Arts;ENTP
21~24;Female;0;7~9;3~5;4~5;0~4;Others~Sports~Arts;ENFP
21~24;Female;0;7~9;3~5;4~5;0~4;Others~Sports~Arts;ENTP
21~24;Female;0;7~9;3~5;4~5;0~4;Others~Sports~Arts;ENFP
21~24;Female;0;7~9;3~5;4~5;0~4;Others~Sports~Arts;ENTP
21~24;Female;0;7~9;3~5;4~5;0~4;Others~Sports~Arts;ENTP
20~25;Female;0;5~8;2~5;6~9;2~3;Sports~Arts;ENTP
20~25;Female;0;5~8;2~5;6~9;2~3;Sports~Arts;ENTP
20~25;Female;0;5~8;2~5;6~9;2~3;Sports~Arts;ENTP
20~25;Female;0;5~8;2~5;6~9;2~3;Sports~Arts;ENTP
20~25;Female;0;5~8;2~5;6~9;2~3;Sports~Arts;ENTP
21~25;Female;0;8~9;3~4;6~9;2~4;Others~Sports~Arts;ENTP
21~25;Female;0;8~9;3~4;6~9;2~4;Others~Sports~Arts;ENTP
21~25;Female;0;8~9;3~4;6~9;2~4;Others~Sports~Arts;ENTP
21~25;Female;0;8~9;3~4;6~9;2~4;Others~Sports~Arts;ENTP
21~25;Female;0;8~9;3~4;6~9;2~4;Others~Sports~Arts;ENTP
21~25;Female;0;8~9;3~4;6~9;2~4;Others~Sports~Arts;ENTP
22~25;Female;0;5~7;3~5;5~7;4~5;Unknown~Technology;ENTP
22~25;Female;0;5~7;3~5;5~7;4~5;Unknown~Technology;ENTP
22~25;Female;0;5~7;3~5;5~7;4~5;Unknown~Technology;ENTP
22~25;Female;0;5~7;3~5;5~7;4~5;Unknown~Technology;ENTP
22~25;Female;0;5~7;3~5;5~7;4~5;Unknown~Technology;ENTP
22~25;Female;0;5~7;3~5;5~7;4~5;Unknown~Technology;ENTP
22~25;Female;0;5~7;3~5;5~7;4~5;Unknown~Technology;ENTP
20~25;Female;0;7~9;3~5;4~7;4~6;Unknown~Technology;ENFP
20~25;Female;0;7~9;3~5;4~7;4~6;Unknown~Technology;ENTP
20~25;Female;0;7~9;3~5;4~7;4~6;Unknown~Technology;ENTJ
20~25;Female;0;7~9;3~5;4~7;4~6;Unknown~Technology;ENFP
20~25;Female;0;7~9;3~5;4~7;4~6;Unknown~Technology;ENTJ
20~25;Female;0;7~9;3~5;4~7;4~6;Unknown~Technology;ENTP
20~25;Female;0;7~9;3~5;4~7;4~6;Unknown~Technology;ENTP
20~25;Female;0;7~9;3~5;4~7;4~6;Unknown~Technology;ENTP
22~24;Female;0;5~6;3~5;7~9;4~6;Unknown~Technology;ENTJ
22~24;Female;0;5~6;3~5;7~9;4~6;Unknown~Technology;ENTP
22~24;Female;0;5~6;3~5;7~9;4~6;Unknown~Technology;ENTP
22~24;Female;0;5~6;3~5;7~9;4~6;Unknown~Technology;ENTP
22~24;Female;0;5~6;3~5;7~9;4~6;Unknown~Technology;ENTP
22~24;Female;0;5~6;3~5;7~9;4~6;Unknown~Technology;ENTJ
22~24;Female;0;5~6;3~5;7~9;4~6;Unknown~Technology;ENTJ
22~24;Female;0;5~6;3~5;7~9;4~6;Unknown~Technology;ENTP
20~25;Female;0;7~9;3~4;7~9;4~7;Unknown~Technology;ENTP
20~25;Female;0;7~9;3~4;7~9;4~7;Unknown~Technology;ENTJ
20~25;Female;0;7~9;3~4;7~9;4~7;Unknown~Technology;ENTP
20~25;Female;0;7~9;3~4;7~9;4~7;Unknown~Technology;ENTP
20~25;Female;0;7~9;3~4;7~9;4~7;Unknown~Technology;ENTJ
20~25;Female;0;7~9;3~4;7~9;4~7;Unknown~Technology;ENTP
20~25;Female;0;7~9;3~4;7~9;4~7;Unknown~Technology;ENTP
20~25;Female;0;7~9;3~4;7~9;4~7;Unknown~Technology;ENTP
21~24;Female;0;5~7;3~5;4~6;4~6;Others~Sports;ENFP
21~24;Female;0;5~7;3~5;4~6;4~6;Others~Sports;ENTP
21~24;Female;0;5~7;3~5;4~6;4~6;Others~Sports;ENTP
21~24;Female;0;5~7;3~5;4~6;4~6;Others~Sports;ENFP
21~24;Female;0;5~7;3~5;4~6;4~6;Others~Sports;ENFJ
20~23;Female;0;7~8;3~5;4~6;4~6;Others~Sports~Arts;ENFP
20~23;Female;0;7~8;3~5;4~6;4~6;Others~Sports~Arts;ENFP
20~23;Female;0;7~8;3~5;4~6;4~6;Others~Sports~Arts;ENFP
20~23;Female;0;7~8;3~5;4~6;4~6;Others~Sports~Arts;ENTJ
20~23;Female;0;7~8;3~5;4~6;4~6;Others~Sports~Arts;ENTP
20~23;Female;0;7~8;3~5;4~6;4~6;Others~Sports~Arts;ENTP
18~25;Female;0;4~6;4~5;6~9;5~7;Others~Sports~Arts;ENTJ
18~25;Female;0;4~6;4~5;6~9;5~7;Others~Sports~Arts;ENTJ
18~25;Female;0;4~6;4~5;6~9;5~7;Others~Sports~Arts;ENTJ
18~25;Female;0;4~6;4~5;6~9;5~7;Others~Sports~Arts;ENTJ
18~25;Female;0;4~6;4~5;6~9;5~7;Others~Sports~Arts;ENTP
21~25;Female;0;6~9;2~4;6~8;4~8;Others~Sports~Arts;ENTJ
21~25;Female;0;6~9;2~4;6~8;4~8;Others~Sports~Arts;ENTP
21~25;Female;0;6~9;2~4;6~8;4~8;Others~Sports~Arts;ENTJ
21~25;Female;0;6~9;2~4;6~8;4~8;Others~Sports~Arts;ENTJ
21~25;Female;0;6~9;2~4;6~8;4~8;Others~Sports~Arts;ENTP
21~25;Female;0;6~9;2~4;6~8;4~8;Others~Sports~Arts;ENTJ
20~25;Female;0;5~7;5~6;0~2;1~4;Unknown~Technology;ENFP
20~25;Female;0;5~7;5~6;0~2;1~4;Unknown~Technology;ENFP
20~25;Female;0;5~7;5~6;0~2;1~4;Unknown~Technology;ENFP
20~25;Female;0;5~7;5~6;0~2;1~4;Unknown~Technology;ENFP
20~25;Female;0;5~7;5~6;0~2;1~4;Unknown~Technology;ENFP
20~25;Female;0;5~7;5~6;0~2;1~4;Unknown~Technology;ENFP
22~25;Female;0;4~7;5~7;3~5;2~4;Unknown~Technology;ENFP
22~25;Female;0;4~7;5~7;3~5;2~4;Unknown~Technology;ENFP
22~25;Female;0;4~7;5~7;3~5;2~4;Unknown~Technology;ESFP
22~25;Female;0;4~7;5~7;3~5;2~4;Unknown~Technology;ENFP
22~25;Female;0;4~7;5~7;3~5;2~4;Unknown~Technology;ENFP
22~25;Female;0;4~7;5~7;3~5;2~4;Unknown~Technology;ENFP
22~25;Female;0;4~7;5~7;3~5;2~4;Unknown~Technology;ENFP
20~25;Female;0;8~9;5~6;0~2;1~4;Unknown~Technology;ENFP
20~25;Female;0;8~9;5~6;0~2;1~4;Unknown~Technology;ENFP
20~25;Female;0;8~9;5~6;0~2;1~4;Unknown~Technology;ENFP
20~25;Female;0;8~9;5~6;0~2;1~4;Unknown~Technology;ENFP
20~25;Female;0;8~9;5~6;0~2;1~4;Unknown~Technology;ENFP
20~25;Female;0;8~9;5~6;0~2;1~4;Unknown~Technology;ENFP
20~25;Female;0;8~9;5~6;0~2;1~4;Unknown~Technology;ENFP
21~25;Female;0;8~9;5~7;2~4;2~4;Unknown~Technology;ENFP
21~25;Female;0;8~9;5~7;2~4;2~4;Unknown~Technology;ENFP
21~25;Female;0;8~9;5~7;2~4;2~4;Unknown~Technology;ENFP
21~25;Female;0;8~9;5~7;2~4;2~4;Unknown~Technology;ENFP
21~25;Female;0;8~9;5~7;2~4;2~4;Unknown~Technology;ENFP
21~25;Female;0;8~9;5~7;2~4;2~4;Unknown~Technology;ENFP
21~25;Female;0;8~9;5~7;2~4;2~4;Unknown~Technology;ENFP
21~25;Female;0;5~6;5~6;0~3;3~4;Others~Sports~Arts;ENFP
21~25;Female;0;5~6;5~6;0~3;3~4;Others~Sports~Arts;ENFP
21~25;Female;0;5~6;5~6;0~3;3~4;Others~Sports~Arts;ESFP
21~25;Female;0;5~6;5~6;0~3;3~4;Others~Sports~Arts;ENFP
21~25;Female;0;5~6;5~6;0~3;3~4;Others~Sports~Arts;ENFP
21~25;Female;0;5~6;5~6;0~3;3~4;Others~Sports~Arts;ENFP
20~25;Female;0;5~6;5~7;3~5;1~4;Arts;ENFP
20~25;Female;0;5~6;5~7;3~5;1~4;Arts;ENFP
20~25;Female;0;5~6;5~7;3~5;1~4;Arts;ENFP
20~25;Female;0;5~6;5~7;3~5;1~4;Arts;ENFP
20~25;Female;0;5~6;5~7;3~5;1~4;Arts;ENTP
20~25;Female;0;5~6;5~7;3~5;1~4;Arts;ENFP
20~25;Female;0;5~6;5~7;3~5;1~4;Arts;ENFP
19~24;Female;0;7~9;5~6;0~2;1~4;Others~Sports~Arts;ENFP
19~24;Female;0;7~9;5~6;0~2;1~4;Others~Sports~Arts;ENFP
19~24;Female;0;7~9;5~6;0~2;1~4;Others~Sports~Arts;ENFP
19~24;Female;0;7~9;5~6;0~2;1~4;Others~Sports~Arts;ENFP
19~24;Female;0;7~9;5~6;0~2;1~4;Others~Sports~Arts;ENFP
19~24;Female;0;7~9;5~6;0~2;1~4;Others~Sports~Arts;ENFP
18~25;Female;0;7~9;5~7;2~4;2~4;Others~Sports~Arts;ENFP
18~25;Female;0;7~9;5~7;2~4;2~4;Others~Sports~Arts;ENFP
18~25;Female;0;7~9;5~7;2~4;2~4;Others~Sports~Arts;ENFP
18~25;Female;0;7~9;5~7;2~4;2~4;Others~Sports~Arts;ENFP
18~25;Female;0;7~9;5~7;2~4;2~4;Others~Sports~Arts;ENTP
18~25;Female;0;7~9;5~7;2~4;2~4;Others~Sports~Arts;ENFP
18~25;Female;0;7~9;5~7;2~4;2~4;Others~Sports~Arts;ENFP
21~25;Female;0;5~7;5~6;0~1;4~6;Unknown~Technology;ENFP
21~25;Female;0;5~7;5~6;0~1;4~6;Unknown~Technology;ENFP
21~25;Female;0;5~7;5~6;0~1;4~6;Unknown~Technology;ENFJ
21~25;Female;0;5~7;5~6;0~1;4~6;Unknown~Technology;ENFP
21~25;Female;0;5~7;5~6;0~1;4~6;Unknown~Technology;ENFP
21~25;Female;0;5~7;5~6;0~1;4~6;Unknown~Technology;ESFJ
21~25;Female;0;5~7;5~6;0~1;4~6;Unknown~Technology;ENFP
20~25;Female;0;6~8;5~7;2~4;4~6;Unknown~Technology;ENFJ
20~25;Female;0;6~8;5~7;2~4;4~6;Unknown~Technology;ENFJ
20~25;Female;0;6~8;5~7;2~4;4~6;Unknown~Technology;ENFP
20~25;Female;0;6~8;5~7;2~4;4~6;Unknown~Technology;ENFP
20~25;Female;0;6~8;5~7;2~4;4~6;Unknown~Technology;ENFP
20~25;Female;0;6~8;5~7;2~4;4~6;Unknown~Technology;ENFP
20~25;Female;0;6~8;5~7;2~4;4~6;Unknown~Technology;ENFP
20~23;Female;0;8~9;5~8;0~1;4~6;Unknown~Technology;ENFJ
20~23;Female;0;8~9;5~8;0~1;4~6;Unknown~Technology;ENFP
20~23;Female;0;8~9;5~8;0~1;4~6;Unknown~Technology;ENFP
20~23;Female;0;8~9;5~8;0~1;4~6;Unknown~Technology;ESFP
20~23;Female;0;8~9;5~8;0~1;4~6;Unknown~Technology;ENFJ
20~23;Female;0;8~9;5~8;0~1;4~6;Unknown~Technology;ENFP
20~23;Female;0;8~9;5~8;0~1;4~6;Unknown~Technology;ENFP
19~25;Female;0;8~9;5~7;2~4;4~7;Unknown~Technology;ESFJ
19~25;Female;0;8~9;5~7;2~4;4~7;Unknown~Technology;ENFP
19~25;Female;0;8~9;5~7;2~4;4~7;Unknown~Technology;ENFP
19~25;Female;0;8~9;5~7;2~4;4~7;Unknown~Technology;ENFJ
19~25;Female;0;8~9;5~7;2~4;4~7;Unknown~Technology;ENFP
19~25;Female;0;8~9;5~7;2~4;4~7;Unknown~Technology;ENFP
19~25;Female;0;8~9;5~7;2~4;4~7;Unknown~Technology;ESFP
21~25;Female;0;5~7;5~7;0~0;4~6;Others~Sports;ENFP
21~25;Female;0;5~7;5~7;0~0;4~6;Others~Sports;ESFP
21~25;Female;0;5~7;5~7;0~0;4~6;Others~Sports;ENFJ
21~25;Female;0;5~7;5~7;0~0;4~6;Others~Sports;ENFJ
21~25;Female;0;5~7;5~7;0~0;4~6;Others~Sports;ENFJ
21~25;Female;0;5~7;5~7;0~0;4~6;Others~Sports;ENFJ
20~25;Female;0;5~7;5~6;1~3;5~5;Others~Sports~Arts;ENFP
20~25;Female;0;5~7;5~6;1~3;5~5;Others~Sports~Arts;ENFP
20~25;Female;0;5~7;5~6;1~3;5~5;Others~Sports~Arts;ENFP
20~25;Female;0;5~7;5~6;1~3;5~5;Others~Sports~Arts;ENFP
20~25;Female;0;5~7;5~6;1~3;5~5;Others~Sports~Arts;ENFJ
20~25;Female;0;5~7;5~6;1~3;5~5;Others~Sports~Arts;ENFJ
20~22;Female;0;7~9;5~6;0~1;4~6;Others~Sports~Arts;ENFJ
20~22;Female;0;7~9;5~6;0~1;4~6;Others~Sports~Arts;ENFJ
20~22;Female;0;7~9;5~6;0~1;4~6;Others~Sports~Arts;ENFP
20~22;Female;0;7~9;5~6;0~1;4~6;Others~Sports~Arts;ENFP
20~22;Female;0;7~9;5~6;0~1;4~6;Others~Sports~Arts;ENFP
20~22;Female;0;7~9;5~6;0~1;4~6;Others~Sports~Arts;ENFP
20~24;Female;0;7~9;5~7;1~4;4~7;Others~Sports~Arts;ENFP
20~24;Female;0;7~9;5~7;1~4;4~7;Others~Sports~Arts;ENFJ
20~24;Female;0;7~9;5~7;1~4;4~7;Others~Sports~Arts;ENFP
20~24;Female;0;7~9;5~7;1~4;4~7;Others~Sports~Arts;ENFP
20~24;Female;0;7~9;5~7;1~4;4~7;Others~Sports~Arts;ENFP
20~24;Female;0;7~9;5~7;1~4;4~7;Others~Sports~Arts;ENFJ
20~24;Female;0;7~9;5~7;1~4;4~7;Others~Sports~Arts;ENFP
20~24;Female;0;5~6;5~7;5~7;2~4;Unknown~Technology;ENTP
20~24;Female;0;5~6;5~7;5~7;2~4;Unknown~Technology;ENTP
20~24;Female;0;5~6;5~7;5~7;2~4;Unknown~Technology;ENTP
20~24;Female;0;5~6;5~7;5~7;2~4;Unknown~Technology;ENTP
20~24;Female;0;5~6;5~7;5~7;2~4;Unknown~Technology;ENTP
20~24;Female;0;5~6;5~7;5~7;2~4;Unknown~Technology;ENFP
22~25;Female;0;5~6;5~6;8~9;1~3;Unknown~Technology;ENTP
22~25;Female;0;5~6;5~6;8~9;1~3;Unknown~Technology;ENTP
22~25;Female;0;5~6;5~6;8~9;1~3;Unknown~Technology;ENTP
22~25;Female;0;5~6;5~6;8~9;1~3;Unknown~Technology;ENTP
22~25;Female;0;5~6;5~6;8~9;1~3;Unknown~Technology;ESTP
22~25;Female;0;5~6;5~6;8~9;1~3;Unknown~Technology;ENTP
22~25;Female;0;5~6;5~6;8~9;1~3;Unknown~Technology;ENTP
20~25;Female;0;6~9;5~6;5~6;3~4;Unknown~Technology;ENTP
20~25;Female;0;6~9;5~6;5~6;3~4;Unknown~Technology;ENFP
20~25;Female;0;6~9;5~6;5~6;3~4;Unknown~Technology;ENTP
20~25;Female;0;6~9;5~6;5~6;3~4;Unknown~Technology;ENTP
20~25;Female;0;6~9;5~6;5~6;3~4;Unknown~Technology;ENTP
20~25;Female;0;6~9;5~6;5~6;3~4;Unknown~Technology;ENTP
19~25;Female;0;7~9;5~6;7~9;2~4;Unknown~Technology;ESTP
19~25;Female;0;7~9;5~6;7~9;2~4;Unknown~Technology;ENTP
19~25;Female;0;7~9;5~6;7~9;2~4;Unknown~Technology;ESTP
19~25;Female;0;7~9;5~6;7~9;2~4;Unknown~Technology;ENTP
19~25;Female;0;7~9;5~6;7~9;2~4;Unknown~Technology;ENTP
19~25;Female;0;7~9;5~6;7~9;2~4;Unknown~Technology;ENTP
19~25;Female;0;7~9;5~6;7~9;2~4;Unknown~Technology;ENTP
20~23;Female;0;5~7;5~6;6~9;1~4;Others~Sports;ENTP
20~23;Female;0;5~7;5~6;6~9;1~4;Others~Sports;ENTP
20~23;Female;0;5~7;5~6;6~9;1~4;Others~Sports;ENTP
20~23;Female;0;5~7;5~6;6~9;1~4;Others~Sports;ENTP
20~23;Female;0;5~7;5~6;6~9;1~4;Others~Sports;ENTP
20~23;Female;0;5~7;5~6;6~9;1~4;Others~Sports;ESTP
20~25;Female;0;5~7;5~6;5~9;2~4;Arts;ESTP
20~25;Female;0;5~7;5~6;5~9;2~4;Arts;ENTP
20~25;Female;0;5~7;5~6;5~9;2~4;Arts;ENTP
20~25;Female;0;5~7;5~6;5~9;2~4;Arts;ENTP
20~25;Female;0;5~7;5~6;5~9;2~4;Arts;ENTP
20~25;Female;0;5~7;5~6;5~9;2~4;Arts;ENTP
20~25;Female;0;5~7;5~6;5~9;2~4;Arts;ENTP
20~25;Female;0;7~9;5~6;5~9;3~4;Others~Sports;ENFP
20~25;Female;0;7~9;5~6;5~9;3~4;Others~Sports;ENTP
20~25;Female;0;7~9;5~6;5~9;3~4;Others~Sports;ESFP
20~25;Female;0;7~9;5~6;5~9;3~4;Others~Sports;ENTP
20~25;Female;0;7~9;5~6;5~9;3~4;Others~Sports;ENTP
20~25;Female;0;7~9;5~6;5~9;3~4;Others~Sports;ENTP
20~25;Female;0;7~9;5~6;5~9;3~4;Others~Sports;ENTP
22~24;Female;0;7~9;5~7;5~8;2~4;Arts;ENTP
22~24;Female;0;7~9;5~7;5~8;2~4;Arts;ENTP
22~24;Female;0;7~9;5~7;5~8;2~4;Arts;ENTP
22~24;Female;0;7~9;5~7;5~8;2~4;Arts;ENTP
22~24;Female;0;7~9;5~7;5~8;2~4;Arts;ENTP
22~24;Female;0;7~9;5~7;5~8;2~4;Arts;ENTP
22~24;Female;0;7~9;5~7;5~8;2~4;Arts;ENTP
20~25;Female;0;5~7;5~6;5~6;6~6;Unknown;ENFJ
20~25;Female;0;5~7;5~6;5~6;6~6;Unknown;ENTJ
20~25;Female;0;5~7;5~6;5~6;6~6;Unknown;ENTJ
20~25;Female;0;5~7;5~6;5~6;6~6;Unknown;ENTJ
20~25;Female;0;5~7;5~6;5~6;6~6;Unknown;ENTJ
23~25;Female;0;5~7;5~6;8~9;4~7;Unknown;ENTJ
23~25;Female;0;5~7;5~6;8~9;4~7;Unknown;ENTJ
23~25;Female;0;5~7;5~6;8~9;4~7;Unknown;ENTP
23~25;Female;0;5~7;5~6;8~9;4~7;Unknown;ENTP
23~25;Female;0;5~7;5~6;8~9;4~7;Unknown;ENTP
19~25;Female;0;5~7;5~7;5~9;4~7;Technology~Others;ENTP
19~25;Female;0;5~7;5~7;5~9;4~7;Technology~Others;ENTP
19~25;Female;0;5~7;5~7;5~9;4~7;Technology~Others;ENTP
19~25;Female;0;5~7;5~7;5~9;4~7;Technology~Others;ENTP
19~25;Female;0;5~7;5~7;5~9;4~7;Technology~Others;ESTP
19~25;Female;0;5~7;5~7;5~9;4~7;Technology~Others;ENTP
19~25;Female;0;5~7;5~7;5~9;4~7;Technology~Others;ENTJ
19~25;Female;0;5~7;5~7;5~9;4~7;Technology~Others;ENTP
20~24;Female;0;7~9;5~6;5~9;4~7;Unknown;ENTP
20~24;Female;0;7~9;5~6;5~9;4~7;Unknown;ENTP
20~24;Female;0;7~9;5~6;5~9;4~7;Unknown;ESTJ
20~24;Female;0;7~9;5~6;5~9;4~7;Unknown;ENTP
20~24;Female;0;7~9;5~6;5~9;4~7;Unknown;ENTP
20~24;Female;0;7~9;5~6;5~9;4~7;Unknown;ENTJ
20~24;Female;0;7~9;5~6;5~9;4~7;Unknown;ENTP
20~24;Female;0;7~9;5~6;5~9;4~7;Unknown;ENTP
20~24;Female;0;7~9;5~6;5~9;4~7;Unknown;ENTP
18~25;Female;0;8~9;5~6;5~7;4~6;Technology~Others;ESTP
18~25;Female;0;8~9;5~6;5~7;4~6;Technology~Others;ENTJ
18~25;Female;0;8~9;5~6;5~7;4~6;Technology~Others;ENTP
18~25;Female;0;8~9;5~6;5~7;4~6;Technology~Others;ENFP
18~25;Female;0;8~9;5~6;5~7;4~6;Technology~Others;ENTP
22~25;Female;0;7~9;5~6;8~9;5~7;Technology~Others;ESTJ
22~25;Female;0;7~9;5~6;8~9;5~7;Technology~Others;ESTP
22~25;Female;0;7~9;5~6;8~9;5~7;Technology~Others;ENTJ
22~25;Female;0;7~9;5~6;8~9;5~7;Technology~Others;ENTP
22~25;Female;0;7~9;5~6;8~9;5~7;Technology~Others;ENTJ
20~23;Female;0;5~7;5~6;6~8;4~7;Sports~Arts;ENTP
20~23;Female;0;5~7;5~6;6~8;4~7;Sports~Arts;ENTJ
20~23;Female;0;5~7;5~6;6~8;4~7;Sports~Arts;ENTP
20~23;Female;0;5~7;5~6;6~8;4~7;Sports~Arts;ENTP
20~23;Female;0;5~7;5~6;6~8;4~7;Sports~Arts;ENTP
20~23;Female;0;5~7;5~6;6~8;4~7;Sports~Arts;ENTJ
20~23;Female;0;5~7;5~6;6~8;4~7;Sports~Arts;ENTJ
20~23;Female;0;5~7;5~6;6~8;4~7;Sports~Arts;ENTJ
20~24;Female;0;7~9;5~7;5~9;4~6;Sports~Arts;ENTJ
20~24;Female;0;7~9;5~7;5~9;4~6;Sports~Arts;ENTP
20~24;Female;0;7~9;5~7;5~9;4~6;Sports~Arts;ESFP
20~24;Female;0;7~9;5~7;5~9;4~6;Sports~Arts;ENTP
20~24;Female;0;7~9;5~7;5~9;4~6;Sports~Arts;ENTP
20~24;Female;0;7~9;5~7;5~9;4~6;Sports~Arts;ENTP
20~24;Female;0;7~9;5~7;5~9;4~6;Sports~Arts;ENTP
20~24;Female;0;7~9;5~7;5~9;4~6;Sports~Arts;ENFJ
20~24;Female;0;7~9;5~7;5~9;4~6;Sports~Arts;ENTP
20~25;Female;1;0~0;3~5;0~1;2~4;Unknown~Technology;INFP
20~25;Female;1;0~0;3~5;0~1;2~4;Unknown~Technology;INFP
20~25;Female;1;0~0;3~5;0~1;2~4;Unknown~Technology;INFP
20~25;Female;1;0~0;3~5;0~1;2~4;Unknown~Technology;INFP
20~25;Female;1;0~0;3~5;0~1;2~4;Unknown~Technology;INFP
22~24;Female;1;1~3;1~4;0~1;0~4;Unknown~Technology~Others;INFP
22~24;Female;1;1~3;1~4;0~1;0~4;Unknown~Technology~Others;INFP
22~24;Female;1;1~3;1~4;0~1;0~4;Unknown~Technology~Others;INFP
22~24;Female;1;1~3;1~4;0~1;0~4;Unknown~Technology~Others;INFP
22~24;Female;1;1~3;1~4;0~1;0~4;Unknown~Technology~Others;INFP
21~25;Female;1;0~2;3~4;2~5;2~4;Unknown;INFP
21~25;Female;1;0~2;3~4;2~5;2~4;Unknown;INFP
21~25;Female;1;0~2;3~4;2~5;2~4;Unknown;INFP
21~25;Female;1;0~2;3~4;2~5;2~4;Unknown;INFP
21~25;Female;1;0~2;3~4;2~5;2~4;Unknown;INFP
21~24;Female;1;2~4;3~5;2~4;2~3;Unknown~Technology~Others;ENFP
21~24;Female;1;2~4;3~5;2~4;2~3;Unknown~Technology~Others;ENFP
21~24;Female;1;2~4;3~5;2~4;2~3;Unknown~Technology~Others;INFP
21~24;Female;1;2~4;3~5;2~4;2~3;Unknown~Technology~Others;INFP
21~24;Female;1;2~4;3~5;2~4;2~3;Unknown~Technology~Others;INFP
20~24;Female;1;1~4;3~5;0~2;1~4;Sports~Arts;INFP
20~24;Female;1;1~4;3~5;0~2;1~4;Sports~Arts;ENFP
20~24;Female;1;1~4;3~5;0~2;1~4;Sports~Arts;INFP
20~24;Female;1;1~4;3~5;0~2;1~4;Sports~Arts;INFP
20~24;Female;1;1~4;3~5;0~2;1~4;Sports~Arts;INFP
20~24;Female;1;1~4;3~5;0~2;1~4;Sports~Arts;INFP
20~24;Female;1;1~4;3~5;0~2;1~4;Sports~Arts;ENFP
20~24;Female;1;1~4;3~5;0~2;1~4;Sports~Arts;INFP
19~25;Female;1;0~4;2~4;2~4;1~4;Sports~Arts;INFP
19~25;Female;1;0~4;2~4;2~4;1~4;Sports~Arts;INFP
19~25;Female;1;0~4;2~4;2~4;1~4;Sports~Arts;ENFP
19~25;Female;1;0~4;2~4;2~4;1~4;Sports~Arts;INFP
19~25;Female;1;0~4;2~4;2~4;1~4;Sports~Arts;ENFP
19~25;Female;1;0~4;2~4;2~4;1~4;Sports~Arts;INFP
19~25;Female;1;0~4;2~4;2~4;1~4;Sports~Arts;INFP
19~25;Female;1;0~4;2~4;2~4;1~4;Sports~Arts;INFP
19~25;Female;1;0~4;2~4;2~4;1~4;Sports~Arts;INFP
19~25;Female;1;0~3;2~5;0~1;4~6;Unknown;INFP
19~25;Female;1;0~3;2~5;0~1;4~6;Unknown;INFP
19~25;Female;1;0~3;2~5;0~1;4~6;Unknown;INFP
19~25;Female;1;0~3;2~5;0~1;4~6;Unknown;INFP
19~25;Female;1;0~3;2~5;0~1;4~6;Unknown;INFP
21~25;Female;1;3~4;3~5;0~1;4~5;Unknown~Technology;ENFP
21~25;Female;1;3~4;3~5;0~1;4~5;Unknown~Technology;INFP
21~25;Female;1;3~4;3~5;0~1;4~5;Unknown~Technology;ENFP
21~25;Female;1;3~4;3~5;0~1;4~5;Unknown~Technology;ENFP
21~25;Female;1;3~4;3~5;0~1;4~5;Unknown~Technology;ENFP
20~25;Female;1;0~2;2~5;1~4;4~6;Unknown~Technology;INFP
20~25;Female;1;0~2;2~5;1~4;4~6;Unknown~Technology;INFP
20~25;Female;1;0~2;2~5;1~4;4~6;Unknown~Technology;INFP
20~25;Female;1;0~2;2~5;1~4;4~6;Unknown~Technology;ENFP
20~25;Female;1;0~2;2~5;1~4;4~6;Unknown~Technology;INFP
20~24;Female;1;2~4;4~5;1~3;5~7;Unknown~Technology;INFP
20~24;Female;1;2~4;4~5;1~3;5~7;Unknown~Technology;ENFP
20~24;Female;1;2~4;4~5;1~3;5~7;Unknown~Technology;ENFP
20~24;Female;1;2~4;4~5;1~3;5~7;Unknown~Technology;INFP
20~24;Female;1;2~4;4~5;1~3;5~7;Unknown~Technology;INFP
19~25;Female;1;0~4;1~5;0~2;4~6;Others~Sports~Arts;INFP
19~25;Female;1;0~4;1~5;0~2;4~6;Others~Sports~Arts;INFP
19~25;Female;1;0~4;1~5;0~2;4~6;Others~Sports~Arts;ENFP
19~25;Female;1;0~4;1~5;0~2;4~6;Others~Sports~Arts;ENFP
19~25;Female;1;0~4;1~5;0~2;4~6;Others~Sports~Arts;INFP
19~25;Female;1;0~4;1~5;0~2;4~6;Others~Sports~Arts;INFP
19~25;Female;1;0~4;1~5;0~2;4~6;Others~Sports~Arts;INFP
19~25;Female;1;0~4;1~5;0~2;4~6;Others~Sports~Arts;INFP
21~25;Female;1;0~3;2~5;2~4;4~6;Others~Sports~Arts;INFP
21~25;Female;1;0~3;2~5;2~4;4~6;Others~Sports~Arts;INFP
21~25;Female;1;0~3;2~5;2~4;4~6;Others~Sports~Arts;INFP
21~25;Female;1;0~3;2~5;2~4;4~6;Others~Sports~Arts;INFP
21~25;Female;1;0~3;2~5;2~4;4~6;Others~Sports~Arts;INFP
21~25;Female;1;0~3;2~5;2~4;4~6;Others~Sports~Arts;INTP
21~25;Female;1;0~3;2~5;2~4;4~6;Others~Sports~Arts;INTP
21~25;Female;1;0~3;2~5;2~4;4~6;Others~Sports~Arts;INFP
21~25;Female;1;0~3;2~5;2~4;4~6;Others~Sports~Arts;INFP
21~24;Female;1;0~2;2~5;5~8;1~4;Unknown~Technology;INFP
21~24;Female;1;0~2;2~5;5~8;1~4;Unknown~Technology;INTP
21~24;Female;1;0~2;2~5;5~8;1~4;Unknown~Technology;INTP
21~24;Female;1;0~2;2~5;5~8;1~4;Unknown~Technology;INFP
21~24;Female;1;0~2;2~5;5~8;1~4;Unknown~Technology;INTP
21~23;Female;1;2~3;4~5;5~7;3~4;Unknown;INTP
21~23;Female;1;2~3;4~5;5~7;3~4;Unknown;ENFP
21~23;Female;1;2~3;4~5;5~7;3~4;Unknown;INTP
21~23;Female;1;2~3;4~5;5~7;3~4;Unknown;INTP
21~23;Female;1;2~3;4~5;5~7;3~4;Unknown;ENTP
19~25;Female;1;1~1;3~4;8~9;2~4;Unknown~Technology;INTP
19~25;Female;1;1~1;3~4;8~9;2~4;Unknown~Technology;INTP
19~25;Female;1;1~1;3~4;8~9;2~4;Unknown~Technology;INTP
19~25;Female;1;1~1;3~4;8~9;2~4;Unknown~Technology;INTP
19~25;Female;1;1~1;3~4;8~9;2~4;Unknown~Technology;INTP
20~25;Female;1;2~4;4~4;8~9;2~4;Unknown~Technology;ENTP
20~25;Female;1;2~4;4~4;8~9;2~4;Unknown~Technology;INTP
20~25;Female;1;2~4;4~4;8~9;2~4;Unknown~Technology;INTP
20~25;Female;1;2~4;4~4;8~9;2~4;Unknown~Technology;INTP
20~25;Female;1;2~4;4~4;8~9;2~4;Unknown~Technology;ENTP
21~24;Female;1;3~4;3~4;6~7;2~4;Others~Sports;INTP
21~24;Female;1;3~4;3~4;6~7;2~4;Others~Sports;INTP
21~24;Female;1;3~4;3~4;6~7;2~4;Others~Sports;ENTP
21~24;Female;1;3~4;3~4;6~7;2~4;Others~Sports;INTP
21~24;Female;1;3~4;3~4;6~7;2~4;Others~Sports;ENTP
22~25;Female;1;0~4;3~5;7~9;2~4;Others~Sports;ENTP
22~25;Female;1;0~4;3~5;7~9;2~4;Others~Sports;ENTP
22~25;Female;1;0~4;3~5;7~9;2~4;Others~Sports;INTP
22~25;Female;1;0~4;3~5;7~9;2~4;Others~Sports;INTP
22~25;Female;1;0~4;3~5;7~9;2~4;Others~Sports;INTP
20~25;Female;1;0~4;3~5;5~7;2~4;Arts;ENTP
20~25;Female;1;0~4;3~5;5~7;2~4;Arts;ENTP
20~25;Female;1;0~4;3~5;5~7;2~4;Arts;INTP
20~25;Female;1;0~4;3~5;5~7;2~4;Arts;INTP
20~25;Female;1;0~4;3~5;5~7;2~4;Arts;INTP
20~25;Female;1;0~4;3~5;5~7;2~4;Arts;ENTP
20~25;Female;1;0~4;3~5;5~7;2~4;Arts;INTP
19~25;Female;1;0~4;3~5;5~7;4~7;Unknown;ENTP
19~25;Female;1;0~4;3~5;5~7;4~7;Unknown;INTP
19~25;Female;1;0~4;3~5;5~7;4~7;Unknown;INFP
19~25;Female;1;0~4;3~5;5~7;4~7;Unknown;INTP
19~25;Female;1;0~4;3~5;5~7;4~7;Unknown;ENTP
19~25;Female;1;0~4;3~5;5~7;4~7;Unknown;ENTP
19~25;Female;1;0~4;3~5;5~7;4~7;Unknown;INTP
19~25;Female;1;0~4;3~5;5~7;4~7;Unknown;INTP
19~25;Female;1;0~4;3~5;5~7;4~7;Unknown;INFP
20~24;Female;1;0~2;3~5;8~9;5~5;Unknown;INTP
20~24;Female;1;0~2;3~5;8~9;5~5;Unknown;INTP
20~24;Female;1;0~2;3~5;8~9;5~5;Unknown;INTP
20~24;Female;1;0~2;3~5;8~9;5~5;Unknown;INTP
20~24;Female;1;0~2;3~5;8~9;5~5;Unknown;INTP
19~25;Female;1;3~4;3~4;8~9;4~6;Unknown;ENTP
19~25;Female;1;3~4;3~4;8~9;4~6;Unknown;ENTP
19~25;Female;1;3~4;3~4;8~9;4~6;Unknown;ENTP
19~25;Female;1;3~4;3~4;8~9;4~6;Unknown;ENTP
19~25;Female;1;3~4;3~4;8~9;4~6;Unknown;INTP
22~25;Female;1;0~4;2~5;5~7;4~6;Technology~Others;INTP
22~25;Female;1;0~4;2~5;5~7;4~6;Technology~Others;INTP
22~25;Female;1;0~4;2~5;5~7;4~6;Technology~Others;ENTP
22~25;Female;1;0~4;2~5;5~7;4~6;Technology~Others;ENTP
22~25;Female;1;0~4;2~5;5~7;4~6;Technology~Others;ENTP
22~25;Female;1;0~4;2~5;5~7;4~6;Technology~Others;INTP
20~25;Female;1;0~3;4~5;7~9;4~7;Technology~Others;INTP
20~25;Female;1;0~3;4~5;7~9;4~7;Technology~Others;INTP
20~25;Female;1;0~3;4~5;7~9;4~7;Technology~Others;INTP
20~25;Female;1;0~3;4~5;7~9;4~7;Technology~Others;INTP
20~25;Female;1;0~3;4~5;7~9;4~7;Technology~Others;INTP
20~25;Female;1;0~3;4~5;7~9;4~7;Technology~Others;INTP
19~24;Female;1;1~4;3~5;6~9;4~6;Sports~Arts;INTP
19~24;Female;1;1~4;3~5;6~9;4~6;Sports~Arts;INTP
19~24;Female;1;1~4;3~5;6~9;4~6;Sports~Arts;INTP
19~24;Female;1;1~4;3~5;6~9;4~6;Sports~Arts;ENTP
19~24;Female;1;1~4;3~5;6~9;4~6;Sports~Arts;INTP
19~24;Female;1;1~4;3~5;6~9;4~6;Sports~Arts;INTP
19~24;Female;1;1~4;3~5;6~9;4~6;Sports~Arts;INTP
20~23;Female;1;0~1;5~6;0~3;1~4;Unknown;INFP
20~23;Female;1;0~1;5~6;0~3;1~4;Unknown;INFP
20~23;Female;1;0~1;5~6;0~3;1~4;Unknown;INFP
20~23;Female;1;0~1;5~6;0~3;1~4;Unknown;INFP
20~23;Female;1;0~1;5~6;0~3;1~4;Unknown;INFP
20~23;Female;1;0~1;5~6;0~3;1~4;Unknown;INFP
20~23;Female;1;0~1;5~6;0~3;1~4;Unknown;INFP
20~23;Female;1;0~1;5~6;0~3;1~4;Unknown;INFP
20~23;Female;1;0~1;5~6;0~3;1~4;Unknown;INFP
19~24;Female;1;2~4;5~6;0~4;1~4;Unknown;INFP
19~24;Female;1;2~4;5~6;0~4;1~4;Unknown;INFP
19~24;Female;1;2~4;5~6;0~4;1~4;Unknown;ENFP
19~24;Female;1;2~4;5~6;0~4;1~4;Unknown;ENFP
19~24;Female;1;2~4;5~6;0~4;1~4;Unknown;INFP
19~24;Female;1;2~4;5~6;0~4;1~4;Unknown;INFP
19~24;Female;1;2~4;5~6;0~4;1~4;Unknown;INFP
19~24;Female;1;2~4;5~6;0~4;1~4;Unknown;ISFP
19~24;Female;1;2~4;5~6;0~4;1~4;Unknown;ENFP
19~25;Female;1;1~4;5~7;0~4;1~4;Technology~Others;INFP
19~25;Female;1;1~4;5~7;0~4;1~4;Technology~Others;INFP
19~25;Female;1;1~4;5~7;0~4;1~4;Technology~Others;ENFP
19~25;Female;1;1~4;5~7;0~4;1~4;Technology~Others;INFP
19~25;Female;1;1~4;5~7;0~4;1~4;Technology~Others;INFP
19~25;Female;1;1~4;5~7;0~4;1~4;Technology~Others;INFP
19~25;Female;1;1~4;5~7;0~4;1~4;Technology~Others;ISFP
19~25;Female;1;1~4;5~7;0~4;1~4;Technology~Others;INFP
19~25;Female;1;1~4;5~7;0~4;1~4;Technology~Others;ENFP
21~24;Female;1;0~1;5~6;0~3;2~4;Sports~Arts;INFP
21~24;Female;1;0~1;5~6;0~3;2~4;Sports~Arts;INFP
21~24;Female;1;0~1;5~6;0~3;2~4;Sports~Arts;INFP
21~24;Female;1;0~1;5~6;0~3;2~4;Sports~Arts;INFP
21~24;Female;1;0~1;5~6;0~3;2~4;Sports~Arts;INFP
22~25;Female;1;2~4;5~6;0~2;2~4;Sports~Arts;ENFP
22~25;Female;1;2~4;5~6;0~2;2~4;Sports~Arts;INFP
22~25;Female;1;2~4;5~6;0~2;2~4;Sports~Arts;INFP
22~25;Female;1;2~4;5~6;0~2;2~4;Sports~Arts;ISFP
22~25;Female;1;2~4;5~6;0~2;2~4;Sports~Arts;INFP
20~25;Female;1;0~1;5~7;1~4;5~6;Unknown;ISFP
20~25;Female;1;0~1;5~7;1~4;5~6;Unknown;INFP
20~25;Female;1;0~1;5~7;1~4;5~6;Unknown;INFP
20~25;Female;1;0~1;5~7;1~4;5~6;Unknown;ISFP
20~25;Female;1;0~1;5~7;1~4;5~6;Unknown;INFP
20~25;Female;1;0~1;5~7;1~4;5~6;Unknown;INFP
21~25;Female;1;2~4;5~7;1~3;4~6;Unknown;ENFP
21~25;Female;1;2~4;5~7;1~3;4~6;Unknown;INFP
21~25;Female;1;2~4;5~7;1~3;4~6;Unknown;INFP
21~25;Female;1;2~4;5~7;1~3;4~6;Unknown;ENFP
21~25;Female;1;2~4;5~7;1~3;4~6;Unknown;ENFP
21~25;Female;1;2~4;5~7;1~3;4~6;Unknown;ISFP
20~24;Female;1;0~4;5~6;0~3;4~5;Technology~Others;INFP
20~24;Female;1;0~4;5~6;0~3;4~5;Technology~Others;ENFP
20~24;Female;1;0~4;5~6;0~3;4~5;Technology~Others;ENFP
20~24;Female;1;0~4;5~6;0~3;4~5;Technology~Others;INFP
20~24;Female;1;0~4;5~6;0~3;4~5;Technology~Others;ENFP
20~24;Female;1;0~4;5~6;0~3;4~5;Technology~Others;INFP
20~24;Female;1;0~4;5~6;0~3;4~5;Technology~Others;INFP
19~25;Female;1;0~2;5~7;0~3;4~7;Sports~Arts;ISFP
19~25;Female;1;0~2;5~7;0~3;4~7;Sports~Arts;INFP
19~25;Female;1;0~2;5~7;0~3;4~7;Sports~Arts;INFP
19~25;Female;1;0~2;5~7;0~3;4~7;Sports~Arts;ENFP
19~25;Female;1;0~2;5~7;0~3;4~7;Sports~Arts;INFP
19~25;Female;1;0~2;5~7;0~3;4~7;Sports~Arts;ISFP
19~25;Female;1;0~2;5~7;0~3;4~7;Sports~Arts;INFP
19~25;Female;1;0~2;5~7;0~3;4~7;Sports~Arts;INFP
19~25;Female;1;0~2;5~7;0~3;4~7;Sports~Arts;INFP
20~25;Female;1;2~4;5~6;0~4;4~6;Sports~Arts;INFP
20~25;Female;1;2~4;5~6;0~4;4~6;Sports~Arts;ENFP
20~25;Female;1;2~4;5~6;0~4;4~6;Sports~Arts;ENFP
20~25;Female;1;2~4;5~6;0~4;4~6;Sports~Arts;INFP
20~25;Female;1;2~4;5~6;0~4;4~6;Sports~Arts;INFP
20~25;Female;1;2~4;5~6;0~4;4~6;Sports~Arts;ENFP
20~25;Female;1;2~4;5~6;0~4;4~6;Sports~Arts;ENFP
20~25;Female;1;2~4;5~6;0~4;4~6;Sports~Arts;ENFP
20~25;Female;1;2~4;5~6;0~4;4~6;Sports~Arts;INFP
20~25;Female;1;0~4;5~7;4~6;2~3;Unknown~Technology;ISFP
20~25;Female;1;0~4;5~7;4~6;2~3;Unknown~Technology;ENTP
20~25;Female;1;0~4;5~7;4~6;2~3;Unknown~Technology;INFP
20~25;Female;1;0~4;5~7;4~6;2~3;Unknown~Technology;ENFP
20~25;Female;1;0~4;5~7;4~6;2~3;Unknown~Technology;INFP
20~25;Female;1;0~4;5~7;4~6;2~3;Unknown~Technology;ENTP
20~25;Female;1;0~4;5~7;4~6;2~3;Unknown~Technology;INTP
20~25;Female;1;0~4;5~7;4~6;2~3;Unknown~Technology;ISTP
20~25;Female;1;0~4;5~7;4~6;2~3;Unknown~Technology;ENFP
20~25;Female;1;0~4;5~7;6~9;0~4;Unknown~Technology;INTP
20~25;Female;1;0~4;5~7;6~9;0~4;Unknown~Technology;ISTP
20~25;Female;1;0~4;5~7;6~9;0~4;Unknown~Technology;ISTP
20~25;Female;1;0~4;5~7;6~9;0~4;Unknown~Technology;INTP
20~25;Female;1;0~4;5~7;6~9;0~4;Unknown~Technology;ENTP
20~25;Female;1;0~4;5~7;6~9;0~4;Unknown~Technology;INTP
20~25;Female;1;0~4;5~7;6~9;0~4;Unknown~Technology;ENTP
20~25;Female;1;0~4;5~7;6~9;0~4;Unknown~Technology;INTP
20~25;Female;1;0~4;5~7;6~9;0~4;Unknown~Technology;INTP
19~25;Female;1;0~4;5~7;4~5;2~4;Others~Sports~Arts;ENTP
19~25;Female;1;0~4;5~7;4~5;2~4;Others~Sports~Arts;INTP
19~25;Female;1;0~4;5~7;4~5;2~4;Others~Sports~Arts;INFP
19~25;Female;1;0~4;5~7;4~5;2~4;Others~Sports~Arts;INFP
19~25;Female;1;0~4;5~7;4~5;2~4;Others~Sports~Arts;ENFP
19~25;Female;1;0~4;5~7;4~5;2~4;Others~Sports~Arts;ENTP
19~25;Female;1;0~4;5~7;4~5;2~4;Others~Sports~Arts;INTP
19~25;Female;1;0~4;5~7;4~5;2~4;Others~Sports~Arts;INTP
19~25;Female;1;0~4;5~7;4~5;2~4;Others~Sports~Arts;INTP
20~25;Female;1;0~1;5~7;6~8;0~3;Others~Sports~Arts;INTP
20~25;Female;1;0~1;5~7;6~8;0~3;Others~Sports~Arts;INTP
20~25;Female;1;0~1;5~7;6~8;0~3;Others~Sports~Arts;INTP
20~25;Female;1;0~1;5~7;6~8;0~3;Others~Sports~Arts;INTP
20~25;Female;1;0~1;5~7;6~8;0~3;Others~Sports~Arts;INTP
20~25;Female;1;1~4;5~6;6~9;3~4;Others~Sports~Arts;INTP
20~25;Female;1;1~4;5~6;6~9;3~4;Others~Sports~Arts;INTP
20~25;Female;1;1~4;5~6;6~9;3~4;Others~Sports~Arts;ENTP
20~25;Female;1;1~4;5~6;6~9;3~4;Others~Sports~Arts;ENTP
20~25;Female;1;1~4;5~6;6~9;3~4;Others~Sports~Arts;ESTP
19~25;Female;1;0~4;5~7;4~6;4~6;Unknown;INFP
19~25;Female;1;0~4;5~7;4~6;4~6;Unknown;INTP
19~25;Female;1;0~4;5~7;4~6;4~6;Unknown;INFP
19~25;Female;1;0~4;5~7;4~6;4~6;Unknown;INTP
19~25;Female;1;0~4;5~7;4~6;4~6;Unknown;INTP
19~25;Female;1;0~4;5~7;4~6;4~6;Unknown;INTP
19~25;Female;1;0~4;5~7;4~6;4~6;Unknown;INFP
19~25;Female;1;0~4;5~7;4~6;4~6;Unknown;INFP
19~25;Female;1;0~4;5~7;4~6;4~6;Unknown;INFP
20~24;Female;1;0~2;5~7;7~9;4~7;Unknown;INTP
20~24;Female;1;0~2;5~7;7~9;4~7;Unknown;INTP
20~24;Female;1;0~2;5~7;7~9;4~7;Unknown;INTP
20~24;Female;1;0~2;5~7;7~9;4~7;Unknown;INTP
20~24;Female;1;0~2;5~7;7~9;4~7;Unknown;ISTP
22~24;Female;1;2~4;5~6;6~9;4~6;Unknown;INTP
22~24;Female;1;2~4;5~6;6~9;4~6;Unknown;INTP
22~24;Female;1;2~4;5~6;6~9;4~6;Unknown;INTP
22~24;Female;1;2~4;5~6;6~9;4~6;Unknown;ISTP
22~24;Female;1;2~4;5~6;6~9;4~6;Unknown;ENTP
19~25;Female;1;0~3;5~7;4~6;4~6;Others;INTP
19~25;Female;1;0~3;5~7;4~6;4~6;Others;ESFP
19~25;Female;1;0~3;5~7;4~6;4~6;Others;INFP
19~25;Female;1;0~3;5~7;4~6;4~6;Others;INTP
19~25;Female;1;0~3;5~7;4~6;4~6;Others;INTP
19~25;Female;1;0~3;5~7;4~6;4~6;Others;INTP
20~25;Female;1;0~4;5~6;6~9;4~7;Technology~Others;INTP
20~25;Female;1;0~4;5~6;6~9;4~7;Technology~Others;INTP
20~25;Female;1;0~4;5~6;6~9;4~7;Technology~Others;ISTP
20~25;Female;1;0~4;5~6;6~9;4~7;Technology~Others;INTP
20~25;Female;1;0~4;5~6;6~9;4~7;Technology~Others;ENTP
20~25;Female;1;0~4;5~6;6~9;4~7;Technology~Others;ENTP
20~25;Female;1;0~4;5~6;6~9;4~7;Technology~Others;INTP
20~25;Female;1;0~4;5~6;6~9;4~5;Sports~Arts;INTP
20~25;Female;1;0~4;5~6;6~9;4~5;Sports~Arts;INTP
20~25;Female;1;0~4;5~6;6~9;4~5;Sports~Arts;ISTP
20~25;Female;1;0~4;5~6;6~9;4~5;Sports~Arts;ISTP
20~25;Female;1;0~4;5~6;6~9;4~5;Sports~Arts;ENTP
20~25;Female;1;0~4;5~6;6~9;4~5;Sports~Arts;INTP
20~25;Female;1;5~7;3~4;0~4;2~5;Unknown~Technology;ENFP
20~25;Female;1;5~7;3~4;0~4;2~5;Unknown~Technology;ENFP
20~25;Female;1;5~7;3~4;0~4;2~5;Unknown~Technology;ENFP
20~25;Female;1;5~7;3~4;0~4;2~5;Unknown~Technology;ENFP
20~25;Female;1;5~7;3~4;0~4;2~5;Unknown~Technology;ENFP
19~25;Female;1;8~9;3~4;0~4;2~4;Unknown~Technology;ENFP
19~25;Female;1;8~9;3~4;0~4;2~4;Unknown~Technology;ENFP
19~25;Female;1;8~9;3~4;0~4;2~4;Unknown~Technology;ENFP
19~25;Female;1;8~9;3~4;0~4;2~4;Unknown~Technology;ENFP
19~25;Female;1;8~9;3~4;0~4;2~4;Unknown~Technology;ENFP
20~25;Female;1;5~6;4~5;0~4;1~4;Unknown~Technology;ENFP
20~25;Female;1;5~6;4~5;0~4;1~4;Unknown~Technology;ENFP
20~25;Female;1;5~6;4~5;0~4;1~4;Unknown~Technology;ENFP
20~25;Female;1;5~6;4~5;0~4;1~4;Unknown~Technology;ENFP
20~25;Female;1;5~6;4~5;0~4;1~4;Unknown~Technology;ENFP
22~23;Female;1;6~9;4~4;0~4;1~5;Unknown~Technology;ENFP
22~23;Female;1;6~9;4~4;0~4;1~5;Unknown~Technology;ENFP
22~23;Female;1;6~9;4~4;0~4;1~5;Unknown~Technology;ENFP
22~23;Female;1;6~9;4~4;0~4;1~5;Unknown~Technology;ENFP
22~23;Female;1;6~9;4~4;0~4;1~5;Unknown~Technology;ENFP
21~25;Female;1;6~9;2~4;1~5;3~4;Others~Sports~Arts;ENFP
21~25;Female;1;6~9;2~4;1~5;3~4;Others~Sports~Arts;ENFP
21~25;Female;1;6~9;2~4;1~5;3~4;Others~Sports~Arts;ENFP
21~25;Female;1;6~9;2~4;1~5;3~4;Others~Sports~Arts;ENFP
21~25;Female;1;6~9;2~4;1~5;3~4;Others~Sports~Arts;ENFP
21~25;Female;1;6~9;2~4;1~5;3~4;Others~Sports~Arts;ENFP
21~25;Female;1;6~9;2~4;1~5;3~4;Others~Sports~Arts;ENFP
21~25;Female;1;6~9;2~4;1~5;3~4;Others~Sports~Arts;ENFP
20~24;Female;1;5~9;4~5;0~3;0~4;Others~Sports~Arts;ENFP
20~24;Female;1;5~9;4~5;0~3;0~4;Others~Sports~Arts;ENFP
20~24;Female;1;5~9;4~5;0~3;0~4;Others~Sports~Arts;ENFP
20~24;Female;1;5~9;4~5;0~3;0~4;Others~Sports~Arts;ENFP
20~24;Female;1;5~9;4~5;0~3;0~4;Others~Sports~Arts;ENFP
20~24;Female;1;5~9;4~5;0~3;0~4;Others~Sports~Arts;ENFP
20~24;Female;1;5~9;4~5;0~3;0~4;Others~Sports~Arts;ENFP
20~24;Female;1;5~9;4~5;0~3;0~4;Others~Sports~Arts;ENFP
20~24;Female;1;5~9;4~5;0~3;0~4;Others~Sports~Arts;ENFP
21~25;Female;1;4~9;3~4;0~4;5~6;Unknown;ENFP
21~25;Female;1;4~9;3~4;0~4;5~6;Unknown;ENFP
21~25;Female;1;4~9;3~4;0~4;5~6;Unknown;ENFP
21~25;Female;1;4~9;3~4;0~4;5~6;Unknown;ENFP
21~25;Female;1;4~9;3~4;0~4;5~6;Unknown;ENFP
21~25;Female;1;4~9;3~4;0~4;5~6;Unknown;ENFP
21~25;Female;1;4~9;3~4;0~4;5~6;Unknown;ENFP
21~25;Female;1;4~9;3~4;0~4;5~6;Unknown;ENFP
21~25;Female;1;4~9;3~4;0~4;5~6;Unknown;ENFP
22~25;Female;1;5~7;4~5;1~4;5~6;Unknown;ENFP
22~25;Female;1;5~7;4~5;1~4;5~6;Unknown;ENFP
22~25;Female;1;5~7;4~5;1~4;5~6;Unknown;ENFP
22~25;Female;1;5~7;4~5;1~4;5~6;Unknown;ENFP
22~25;Female;1;5~7;4~5;1~4;5~6;Unknown;ENFP
21~24;Female;1;7~9;4~5;0~4;5~6;Unknown;ENFP
21~24;Female;1;7~9;4~5;0~4;5~6;Unknown;ENFP
21~24;Female;1;7~9;4~5;0~4;5~6;Unknown;ENFP
21~24;Female;1;7~9;4~5;0~4;5~6;Unknown;ENFP
21~24;Female;1;7~9;4~5;0~4;5~6;Unknown;ENFP
19~23;Female;1;4~8;2~4;0~5;5~6;Technology~Others~Sports;ENFP
19~23;Female;1;4~8;2~4;0~5;5~6;Technology~Others~Sports;ENFP
19~23;Female;1;4~8;2~4;0~5;5~6;Technology~Others~Sports;ENFP
19~23;Female;1;4~8;2~4;0~5;5~6;Technology~Others~Sports;ENFP
19~23;Female;1;4~8;2~4;0~5;5~6;Technology~Others~Sports;ENFP
19~23;Female;1;4~8;2~4;0~5;5~6;Technology~Others~Sports;ENFP
22~25;Female;1;5~8;4~5;0~5;5~6;Technology~Others~Sports;ENFP
22~25;Female;1;5~8;4~5;0~5;5~6;Technology~Others~Sports;ENFP
22~25;Female;1;5~8;4~5;0~5;5~6;Technology~Others~Sports;ENFP
22~25;Female;1;5~8;4~5;0~5;5~6;Technology~Others~Sports;ENFP
22~25;Female;1;5~8;4~5;0~5;5~6;Technology~Others~Sports;ENFP
22~25;Female;1;5~8;4~5;0~5;5~6;Technology~Others~Sports;ENFP
22~25;Female;1;5~8;4~5;0~5;5~6;Technology~Others~Sports;ENFP
19~24;Female;1;5~9;3~4;0~5;5~6;Arts;ENTP
19~24;Female;1;5~9;3~4;0~5;5~6;Arts;ENFP
19~24;Female;1;5~9;3~4;0~5;5~6;Arts;ENFP
19~24;Female;1;5~9;3~4;0~5;5~6;Arts;ENTP
19~24;Female;1;5~9;3~4;0~5;5~6;Arts;ENFP
20~25;Female;1;5~9;3~4;5~8;2~4;Unknown~Technology;ENTP
20~25;Female;1;5~9;3~4;5~8;2~4;Unknown~Technology;ENTP
20~25;Female;1;5~9;3~4;5~8;2~4;Unknown~Technology;ENTP
20~25;Female;1;5~9;3~4;5~8;2~4;Unknown~Technology;ENTP
20~25;Female;1;5~9;3~4;5~8;2~4;Unknown~Technology;ENFP
20~25;Female;1;5~9;3~4;5~8;2~4;Unknown~Technology;ENFP
20~25;Female;1;5~9;3~4;5~8;2~4;Unknown~Technology;ENTP
20~25;Female;1;5~9;3~4;5~8;2~4;Unknown~Technology;ENTP
20~25;Female;1;5~9;3~4;5~8;2~4;Unknown~Technology;ENTP
21~24;Female;1;5~7;4~4;5~9;1~4;Unknown~Technology;ENTP
21~24;Female;1;5~7;4~4;5~9;1~4;Unknown~Technology;ENTP
21~24;Female;1;5~7;4~4;5~9;1~4;Unknown~Technology;ENTP
21~24;Female;1;5~7;4~4;5~9;1~4;Unknown~Technology;ENTP
21~24;Female;1;5~7;4~4;5~9;1~4;Unknown~Technology;ENTP
22~25;Female;1;7~9;4~5;5~8;2~3;Unknown~Technology;ENTP
22~25;Female;1;7~9;4~5;5~8;2~3;Unknown~Technology;ENTP
22~25;Female;1;7~9;4~5;5~8;2~3;Unknown~Technology;ENTP
22~25;Female;1;7~9;4~5;5~8;2~3;Unknown~Technology;ENTP
22~25;Female;1;7~9;4~5;5~8;2~3;Unknown~Technology;ENTP
20~24;Female;1;4~9;3~4;5~9;2~4;Others~Sports~Arts;ENTP
20~24;Female;1;4~9;3~4;5~9;2~4;Others~Sports~Arts;ENTP
20~24;Female;1;4~9;3~4;5~9;2~4;Others~Sports~Arts;ENTP
20~24;Female;1;4~9;3~4;5~9;2~4;Others~Sports~Arts;ENTP
20~24;Female;1;4~9;3~4;5~9;2~4;Others~Sports~Arts;ENTP
20~24;Female;1;4~9;3~4;5~9;2~4;Others~Sports~Arts;ENTP
20~24;Female;1;4~9;3~4;5~9;2~4;Others~Sports~Arts;ENTP
20~24;Female;1;4~9;3~4;5~9;2~4;Others~Sports~Arts;ENFP
20~24;Female;1;4~9;3~4;5~9;2~4;Others~Sports~Arts;ENTP
20~25;Female;1;5~9;4~5;5~9;0~4;Others~Sports~Arts;ENTP
20~25;Female;1;5~9;4~5;5~9;0~4;Others~Sports~Arts;ENTP
20~25;Female;1;5~9;4~5;5~9;0~4;Others~Sports~Arts;ENTP
20~25;Female;1;5~9;4~5;5~9;0~4;Others~Sports~Arts;ENTP
20~25;Female;1;5~9;4~5;5~9;0~4;Others~Sports~Arts;ENTP
20~25;Female;1;5~9;4~5;5~9;0~4;Others~Sports~Arts;ENTP
20~25;Female;1;5~9;4~5;5~9;0~4;Others~Sports~Arts;ENTP
20~25;Female;1;5~9;4~5;5~9;0~4;Others~Sports~Arts;ENTP
20~25;Female;1;5~9;4~5;5~9;0~4;Others~Sports~Arts;ENTP
21~24;Female;1;5~9;2~4;6~9;4~6;Unknown~Technology;ENTP
21~24;Female;1;5~9;2~4;6~9;4~6;Unknown~Technology;ENTP
21~24;Female;1;5~9;2~4;6~9;4~6;Unknown~Technology;ENTP
21~24;Female;1;5~9;2~4;6~9;4~6;Unknown~Technology;ENTP
21~24;Female;1;5~9;2~4;6~9;4~6;Unknown~Technology;ENTP
21~24;Female;1;5~9;2~4;6~9;4~6;Unknown~Technology;ENTP
21~24;Female;1;5~9;2~4;6~9;4~6;Unknown~Technology;ENTP
21~24;Female;1;5~9;2~4;6~9;4~6;Unknown~Technology;ENTP
21~24;Female;1;5~9;2~4;6~9;4~6;Unknown~Technology;ENTP
18~25;Female;1;6~7;4~5;5~9;4~6;Unknown~Technology;ENTP
18~25;Female;1;6~7;4~5;5~9;4~6;Unknown~Technology;ENTP
18~25;Female;1;6~7;4~5;5~9;4~6;Unknown~Technology;ENTP
18~25;Female;1;6~7;4~5;5~9;4~6;Unknown~Technology;ENTP
18~25;Female;1;6~7;4~5;5~9;4~6;Unknown~Technology;ENTP
20~25;Female;1;7~9;4~5;7~8;4~7;Unknown~Technology;ENTP
20~25;Female;1;7~9;4~5;7~8;4~7;Unknown~Technology;ENTP
20~25;Female;1;7~9;4~5;7~8;4~7;Unknown~Technology;ENTP
20~25;Female;1;7~9;4~5;7~8;4~7;Unknown~Technology;ENTP
20~25;Female;1;7~9;4~5;7~8;4~7;Unknown~Technology;ENTP
19~25;Female;1;6~9;0~4;5~9;4~6;Others~Sports~Arts;ENTP
19~25;Female;1;6~9;0~4;5~9;4~6;Others~Sports~Arts;ENTP
19~25;Female;1;6~9;0~4;5~9;4~6;Others~Sports~Arts;ENTP
19~25;Female;1;6~9;0~4;5~9;4~6;Others~Sports~Arts;ENTP
19~25;Female;1;6~9;0~4;5~9;4~6;Others~Sports~Arts;ENTP
19~25;Female;1;6~9;0~4;5~9;4~6;Others~Sports~Arts;ENTP
19~25;Female;1;6~9;0~4;5~9;4~6;Others~Sports~Arts;ENTP
19~25;Female;1;6~9;0~4;5~9;4~6;Others~Sports~Arts;ENTP
19~25;Female;1;6~9;0~4;5~9;4~6;Others~Sports~Arts;ENTP
22~25;Female;1;4~8;4~5;6~9;5~7;Others~Sports~Arts;ENTP
22~25;Female;1;4~8;4~5;6~9;5~7;Others~Sports~Arts;ENTP
22~25;Female;1;4~8;4~5;6~9;5~7;Others~Sports~Arts;ENTP
22~25;Female;1;4~8;4~5;6~9;5~7;Others~Sports~Arts;ENTP
22~25;Female;1;4~8;4~5;6~9;5~7;Others~Sports~Arts;ENTP
20~24;Female;1;8~9;4~4;5~9;4~5;Others~Sports~Arts;ENTP
20~24;Female;1;8~9;4~4;5~9;4~5;Others~Sports~Arts;ENTP
20~24;Female;1;8~9;4~4;5~9;4~5;Others~Sports~Arts;ENTP
20~24;Female;1;8~9;4~4;5~9;4~5;Others~Sports~Arts;ENTP
20~24;Female;1;8~9;4~4;5~9;4~5;Others~Sports~Arts;ENTP
20~24;Female;1;5~7;5~7;0~4;1~4;Unknown;ENFP
20~24;Female;1;5~7;5~7;0~4;1~4;Unknown;ENFP
20~24;Female;1;5~7;5~7;0~4;1~4;Unknown;ESFP
20~24;Female;1;5~7;5~7;0~4;1~4;Unknown;ENFP
20~24;Female;1;5~7;5~7;0~4;1~4;Unknown;ESFP
20~24;Female;1;5~7;5~7;0~4;1~4;Unknown;ENFP
20~24;Female;1;5~7;5~7;0~4;1~4;Unknown;ENFP
20~24;Female;1;5~7;5~7;0~4;1~4;Unknown;ENFP
20~24;Female;1;5~7;5~7;0~4;1~4;Unknown;ENFP
20~24;Female;1;7~9;5~6;0~1;2~4;Unknown;ENFP
20~24;Female;1;7~9;5~6;0~1;2~4;Unknown;ENFP
20~24;Female;1;7~9;5~6;0~1;2~4;Unknown;ENFP
20~24;Female;1;7~9;5~6;0~1;2~4;Unknown;ENFP
20~24;Female;1;7~9;5~6;0~1;2~4;Unknown;ENFP
20~23;Female;1;7~9;5~6;1~3;1~4;Unknown;ENFP
20~23;Female;1;7~9;5~6;1~3;1~4;Unknown;ENFP
20~23;Female;1;7~9;5~6;1~3;1~4;Unknown;ENFP
20~23;Female;1;7~9;5~6;1~3;1~4;Unknown;ENFP
20~23;Female;1;7~9;5~6;1~3;1~4;Unknown;ENFP
19~25;Female;1;5~9;5~6;0~3;2~4;Technology~Others;ENFP
19~25;Female;1;5~9;5~6;0~3;2~4;Technology~Others;ENFP
19~25;Female;1;5~9;5~6;0~3;2~4;Technology~Others;ENFP
19~25;Female;1;5~9;5~6;0~3;2~4;Technology~Others;ENFP
19~25;Female;1;5~9;5~6;0~3;2~4;Technology~Others;ENFP
19~25;Female;1;5~9;5~6;0~3;2~4;Technology~Others;ENFP
19~25;Female;1;5~9;5~6;0~3;2~4;Technology~Others;ESFP
19~25;Female;1;5~9;5~6;0~3;2~4;Technology~Others;ESFP
19~25;Female;1;5~9;5~6;0~3;2~4;Technology~Others;ENFP
19~25;Female;1;5~9;5~6;0~4;2~4;Sports~Arts;ENFP
19~25;Female;1;5~9;5~6;0~4;2~4;Sports~Arts;ENFP
19~25;Female;1;5~9;5~6;0~4;2~4;Sports~Arts;ENFP
19~25;Female;1;5~9;5~6;0~4;2~4;Sports~Arts;ENFP
19~25;Female;1;5~9;5~6;0~4;2~4;Sports~Arts;ENFP
19~25;Female;1;5~9;5~6;0~4;2~4;Sports~Arts;ENFP
19~25;Female;1;5~9;5~6;0~4;2~4;Sports~Arts;ENFP
19~25;Female;1;5~9;5~6;0~4;2~4;Sports~Arts;ENFP
19~25;Female;1;5~9;5~6;0~4;2~4;Sports~Arts;ENFP
21~25;Female;1;5~7;5~7;0~2;5~6;Unknown~Technology~Others;ENFP
21~25;Female;1;5~7;5~7;0~2;5~6;Unknown~Technology~Others;ENFP
21~25;Female;1;5~7;5~7;0~2;5~6;Unknown~Technology~Others;ENFP
21~25;Female;1;5~7;5~7;0~2;5~6;Unknown~Technology~Others;ESFP
21~25;Female;1;5~7;5~7;0~2;5~6;Unknown~Technology~Others;ENFP
21~25;Female;1;5~7;5~7;0~2;5~6;Unknown~Technology~Others;ENFP
20~24;Female;1;5~7;5~5;2~4;5~6;Unknown~Technology~Others;ENFP
20~24;Female;1;5~7;5~5;2~4;5~6;Unknown~Technology~Others;ENFP
20~24;Female;1;5~7;5~5;2~4;5~6;Unknown~Technology~Others;ENFP
20~24;Female;1;5~7;5~5;2~4;5~6;Unknown~Technology~Others;ENFP
20~24;Female;1;5~7;5~5;2~4;5~6;Unknown~Technology~Others;ENFP
20~24;Female;1;5~7;5~5;2~4;5~6;Unknown~Technology~Others;ENFP
20~25;Female;1;8~9;5~7;1~4;4~7;Unknown;ENFP
20~25;Female;1;8~9;5~7;1~4;4~7;Unknown;ENFP
20~25;Female;1;8~9;5~7;1~4;4~7;Unknown;ENFP
20~25;Female;1;8~9;5~7;1~4;4~7;Unknown;ENFP
20~25;Female;1;8~9;5~7;1~4;4~7;Unknown;ESFP
20~25;Female;1;8~9;5~7;1~4;4~7;Unknown;ENFP
20~25;Female;1;8~9;5~7;0~3;4~6;Others;ENFP
20~25;Female;1;8~9;5~7;0~3;4~6;Others;ENFP
20~25;Female;1;8~9;5~7;0~3;4~6;Others;ENFP
20~25;Female;1;8~9;5~7;0~3;4~6;Others;ENFP
20~25;Female;1;8~9;5~7;0~3;4~6;Others;ENFP
20~25;Female;1;8~9;5~7;0~3;4~6;Others;ENFP
20~25;Female;1;8~9;5~7;0~3;4~6;Others;ENFP
19~25;Female;1;5~7;5~6;0~4;4~7;Sports~Arts;ENFP
19~25;Female;1;5~7;5~6;0~4;4~7;Sports~Arts;ENFP
19~25;Female;1;5~7;5~6;0~4;4~7;Sports~Arts;ENFP
19~25;Female;1;5~7;5~6;0~4;4~7;Sports~Arts;ENFP
19~25;Female;1;5~7;5~6;0~4;4~7;Sports~Arts;ENFP
19~25;Female;1;5~7;5~6;0~4;4~7;Sports~Arts;ENFP
21~25;Female;1;7~9;5~8;0~3;5~7;Sports~Arts;ENFP
21~25;Female;1;7~9;5~8;0~3;5~7;Sports~Arts;ENFP
21~25;Female;1;7~9;5~8;0~3;5~7;Sports~Arts;ENFP
21~25;Female;1;7~9;5~8;0~3;5~7;Sports~Arts;ENFP
21~25;Female;1;7~9;5~8;0~3;5~7;Sports~Arts;ENFP
21~25;Female;1;7~9;5~8;0~3;5~7;Sports~Arts;ENFP
19~25;Female;1;5~8;5~6;4~6;2~4;Unknown~Technology;ENTP
19~25;Female;1;5~8;5~6;4~6;2~4;Unknown~Technology;ENFP
19~25;Female;1;5~8;5~6;4~6;2~4;Unknown~Technology;ENFP
19~25;Female;1;5~8;5~6;4~6;2~4;Unknown~Technology;ENTP
19~25;Female;1;5~8;5~6;4~6;2~4;Unknown~Technology;ESTP
19~25;Female;1;5~8;5~6;4~6;2~4;Unknown~Technology;ENFP
19~25;Female;1;5~8;5~6;4~6;2~4;Unknown~Technology;ENTP
19~25;Female;1;5~8;5~6;4~6;2~4;Unknown~Technology;ENFP
19~25;Female;1;5~8;5~6;4~6;2~4;Unknown~Technology;ESTP
23~25;Female;1;5~6;5~7;6~9;1~4;Unknown~Technology;ENTP
23~25;Female;1;5~6;5~7;6~9;1~4;Unknown~Technology;ESTP
23~25;Female;1;5~6;5~7;6~9;1~4;Unknown~Technology;ENTP
23~25;Female;1;5~6;5~7;6~9;1~4;Unknown~Technology;ENTP
23~25;Female;1;5~6;5~7;6~9;1~4;Unknown~Technology;ESTP
20~25;Female;1;7~9;5~5;6~9;3~4;Unknown~Technology;ENTP
20~25;Female;1;7~9;5~5;6~9;3~4;Unknown~Technology;ENTP
20~25;Female;1;7~9;5~5;6~9;3~4;Unknown~Technology;ENTP
20~25;Female;1;7~9;5~5;6~9;3~4;Unknown~Technology;ENTP
20~25;Female;1;7~9;5~5;6~9;3~4;Unknown~Technology;ENTP
20~25;Female;1;6~9;5~7;4~6;1~4;Others~Sports~Arts;ENFP
20~25;Female;1;6~9;5~7;4~6;1~4;Others~Sports~Arts;ENTP
20~25;Female;1;6~9;5~7;4~6;1~4;Others~Sports~Arts;ESTP
20~25;Female;1;6~9;5~7;4~6;1~4;Others~Sports~Arts;ESTP
20~25;Female;1;6~9;5~7;4~6;1~4;Others~Sports~Arts;ENFP
20~25;Female;1;6~9;5~7;4~6;1~4;Others~Sports~Arts;ENTP
20~25;Female;1;6~9;5~7;4~6;1~4;Others~Sports~Arts;ENTP
20~25;Female;1;6~9;5~7;4~6;1~4;Others~Sports~Arts;ENFP
20~25;Female;1;6~9;5~7;4~6;1~4;Others~Sports~Arts;ENFP
20~25;Female;1;5~9;5~6;7~9;0~4;Others~Sports~Arts;ENTP
20~25;Female;1;5~9;5~6;7~9;0~4;Others~Sports~Arts;ENTP
20~25;Female;1;5~9;5~6;7~9;0~4;Others~Sports~Arts;ENTP
20~25;Female;1;5~9;5~6;7~9;0~4;Others~Sports~Arts;ENTP
20~25;Female;1;5~9;5~6;7~9;0~4;Others~Sports~Arts;ENTP
20~25;Female;1;5~9;5~6;7~9;0~4;Others~Sports~Arts;ESTP
20~25;Female;1;5~9;5~6;7~9;0~4;Others~Sports~Arts;ESTP
20~25;Female;1;5~9;5~6;7~9;0~4;Others~Sports~Arts;ENTP
20~25;Female;1;5~9;5~6;7~9;0~4;Others~Sports~Arts;ENTP
20~24;Female;1;4~6;5~6;4~7;4~6;Unknown~Technology;ENFP
20~24;Female;1;4~6;5~6;4~7;4~6;Unknown~Technology;ENTP
20~24;Female;1;4~6;5~6;4~7;4~6;Unknown~Technology;ENFP
20~24;Female;1;4~6;5~6;4~7;4~6;Unknown~Technology;ENFP
20~24;Female;1;4~6;5~6;4~7;4~6;Unknown~Technology;ESTP
20~25;Female;1;6~9;5~6;5~7;5~6;Unknown;ENFP
20~25;Female;1;6~9;5~6;5~7;5~6;Unknown;ENTP
20~25;Female;1;6~9;5~6;5~7;5~6;Unknown;ENTP
20~25;Female;1;6~9;5~6;5~7;5~6;Unknown;ENTP
20~25;Female;1;6~9;5~6;5~7;5~6;Unknown;ENTP
22~25;Female;1;5~7;5~7;8~9;4~6;Unknown~Technology;ENTP
22~25;Female;1;5~7;5~7;8~9;4~6;Unknown~Technology;ENTP
22~25;Female;1;5~7;5~7;8~9;4~6;Unknown~Technology;ENTP
22~25;Female;1;5~7;5~7;8~9;4~6;Unknown~Technology;ESTP
22~25;Female;1;5~7;5~7;8~9;4~6;Unknown~Technology;ENTP
21~25;Female;1;7~9;5~6;8~9;4~6;Unknown;ENTP
21~25;Female;1;7~9;5~6;8~9;4~6;Unknown;ENTP
21~25;Female;1;7~9;5~6;8~9;4~6;Unknown;ENTP
21~25;Female;1;7~9;5~6;8~9;4~6;Unknown;ENTP
21~25;Female;1;7~9;5~6;8~9;4~6;Unknown;ENTP
21~25;Female;1;5~9;5~7;4~7;4~6;Others~Sports~Arts;ENTP
21~25;Female;1;5~9;5~7;4~7;4~6;Others~Sports~Arts;ENFP
21~25;Female;1;5~9;5~7;4~7;4~6;Others~Sports~Arts;ENTP
21~25;Female;1;5~9;5~7;4~7;4~6;Others~Sports~Arts;ESTP
21~25;Female;1;5~9;5~7;4~7;4~6;Others~Sports~Arts;ENTP
21~25;Female;1;5~9;5~7;4~7;4~6;Others~Sports~Arts;ENFP
21~25;Female;1;5~9;5~7;4~7;4~6;Others~Sports~Arts;ENTP
21~25;Female;1;5~9;5~7;4~7;4~6;Others~Sports~Arts;ENTP
21~25;Female;1;5~9;5~7;4~7;4~6;Others~Sports~Arts;ENTP
20~25;Female;1;5~9;5~7;7~9;4~6;Others~Sports~Arts;ENTP
20~25;Female;1;5~9;5~7;7~9;4~6;Others~Sports~Arts;ENTP
20~25;Female;1;5~9;5~7;7~9;4~6;Others~Sports~Arts;ENTP
20~25;Female;1;5~9;5~7;7~9;4~6;Others~Sports~Arts;ENTP
20~25;Female;1;5~9;5~7;7~9;4~6;Others~Sports~Arts;ESTP
20~25;Female;1;5~9;5~7;7~9;4~6;Others~Sports~Arts;ENTP
20~25;Female;1;5~9;5~7;7~9;4~6;Others~Sports~Arts;ENTP
20~25;Female;1;5~9;5~7;7~9;4~6;Others~Sports~Arts;ENTP
20~25;Female;1;5~9;5~7;7~9;4~6;Others~Sports~Arts;ENTP
26~28;Male;0;2~3;2~4;2~4;3~4;Unknown~Technology~Others;INFP
26~28;Male;0;2~3;2~4;2~4;3~4;Unknown~Technology~Others;INFP
26~28;Male;0;2~3;2~4;2~4;3~4;Unknown~Technology~Others;INFP
26~28;Male;0;2~3;2~4;2~4;3~4;Unknown~Technology~Others;INFP
26~28;Male;0;2~3;2~4;2~4;3~4;Unknown~Technology~Others;INFP
26~29;Male;0;3~4;3~3;0~3;2~4;Unknown~Technology~Others;INFP
26~29;Male;0;3~4;3~3;0~3;2~4;Unknown~Technology~Others;INFP
26~29;Male;0;3~4;3~3;0~3;2~4;Unknown~Technology~Others;INFP
26~29;Male;0;3~4;3~3;0~3;2~4;Unknown~Technology~Others;ENFP
26~29;Male;0;3~4;3~3;0~3;2~4;Unknown~Technology~Others;INFP
26~29;Male;0;0~2;4~4;1~4;2~4;Unknown~Technology~Others;INFP
26~29;Male;0;0~2;4~4;1~4;2~4;Unknown~Technology~Others;INFP
26~29;Male;0;0~2;4~4;1~4;2~4;Unknown~Technology~Others;INFP
26~29;Male;0;0~2;4~4;1~4;2~4;Unknown~Technology~Others;INFP
26~29;Male;0;0~2;4~4;1~4;2~4;Unknown~Technology~Others;INFP
26~29;Male;0;2~4;4~5;0~4;1~4;Unknown~Technology~Others;INFP
26~29;Male;0;2~4;4~5;0~4;1~4;Unknown~Technology~Others;INFP
26~29;Male;0;2~4;4~5;0~4;1~4;Unknown~Technology~Others;INFP
26~29;Male;0;2~4;4~5;0~4;1~4;Unknown~Technology~Others;INFP
26~29;Male;0;2~4;4~5;0~4;1~4;Unknown~Technology~Others;INFP
26~29;Male;0;2~4;4~5;0~4;1~4;Unknown~Technology~Others;ENFP
30~39;Male;0;0~4;0~4;0~3;1~4;Unknown~Technology~Others;INFP
30~39;Male;0;0~4;0~4;0~3;1~4;Unknown~Technology~Others;INFP
30~39;Male;0;0~4;0~4;0~3;1~4;Unknown~Technology~Others;INFP
30~39;Male;0;0~4;0~4;0~3;1~4;Unknown~Technology~Others;INFP
30~39;Male;0;0~4;0~4;0~3;1~4;Unknown~Technology~Others;INFP
30~39;Male;0;0~4;0~4;0~3;1~4;Unknown~Technology~Others;INFP
30~39;Male;0;0~4;0~4;0~3;1~4;Unknown~Technology~Others;INFP
30~39;Male;0;0~4;0~4;0~3;1~4;Unknown~Technology~Others;INFP
30~36;Male;0;0~4;4~5;0~4;2~4;Unknown~Technology~Others;INFP
30~36;Male;0;0~4;4~5;0~4;2~4;Unknown~Technology~Others;INFP
30~36;Male;0;0~4;4~5;0~4;2~4;Unknown~Technology~Others;INFP
30~36;Male;0;0~4;4~5;0~4;2~4;Unknown~Technology~Others;INFP
30~36;Male;0;0~4;4~5;0~4;2~4;Unknown~Technology~Others;INFP
30~36;Male;0;0~4;4~5;0~4;2~4;Unknown~Technology~Others;INFP
30~36;Male;0;0~4;4~5;0~4;2~4;Unknown~Technology~Others;INFP
30~36;Male;0;0~4;4~5;0~4;2~4;Unknown~Technology~Others;INFP
26~30;Male;0;0~5;2~4;0~4;1~4;Sports~Arts;INFP
26~30;Male;0;0~5;2~4;0~4;1~4;Sports~Arts;ENFP
26~30;Male;0;0~5;2~4;0~4;1~4;Sports~Arts;INFP
26~30;Male;0;0~5;2~4;0~4;1~4;Sports~Arts;INFP
26~30;Male;0;0~5;2~4;0~4;1~4;Sports~Arts;ENFP
26~30;Male;0;0~5;2~4;0~4;1~4;Sports~Arts;ENFP
26~30;Male;0;0~4;4~4;1~4;2~4;Sports~Arts;INFP
26~30;Male;0;0~4;4~4;1~4;2~4;Sports~Arts;INFP
26~30;Male;0;0~4;4~4;1~4;2~4;Sports~Arts;INFP
26~30;Male;0;0~4;4~4;1~4;2~4;Sports~Arts;INFP
26~30;Male;0;0~4;4~4;1~4;2~4;Sports~Arts;INFP
26~30;Male;0;0~4;4~4;1~4;2~4;Sports~Arts;INFP
31~37;Male;0;1~3;3~4;0~4;2~4;Sports~Arts;INFP
31~37;Male;0;1~3;3~4;0~4;2~4;Sports~Arts;INFP
31~37;Male;0;1~3;3~4;0~4;2~4;Sports~Arts;INFP
31~37;Male;0;1~3;3~4;0~4;2~4;Sports~Arts;INFP
31~37;Male;0;1~3;3~4;0~4;2~4;Sports~Arts;INFP
31~37;Male;0;1~3;3~4;0~4;2~4;Sports~Arts;INFP
32~41;Male;0;0~4;4~5;0~3;1~4;Sports~Arts;INFP
32~41;Male;0;0~4;4~5;0~3;1~4;Sports~Arts;INFP
32~41;Male;0;0~4;4~5;0~3;1~4;Sports~Arts;INFP
32~41;Male;0;0~4;4~5;0~3;1~4;Sports~Arts;INFP
32~41;Male;0;0~4;4~5;0~3;1~4;Sports~Arts;INFP
32~41;Male;0;0~4;4~5;0~3;1~4;Sports~Arts;ENFP
26~29;Male;0;0~1;3~4;1~3;4~5;Unknown~Technology;INFP
26~29;Male;0;0~1;3~4;1~3;4~5;Unknown~Technology;INFP
26~29;Male;0;0~1;3~4;1~3;4~5;Unknown~Technology;INFP
26~29;Male;0;0~1;3~4;1~3;4~5;Unknown~Technology;INFP
26~29;Male;0;0~1;3~4;1~3;4~5;Unknown~Technology;INFP
26~29;Male;0;3~4;2~4;0~4;4~6;Unknown;ENFP
26~29;Male;0;3~4;2~4;0~4;4~6;Unknown;ENFJ
26~29;Male;0;3~4;2~4;0~4;4~6;Unknown;INFP
26~29;Male;0;3~4;2~4;0~4;4~6;Unknown;ENFP
26~29;Male;0;3~4;2~4;0~4;4~6;Unknown;INFP
27~29;Male;0;0~3;4~5;0~4;4~6;Unknown~Technology;INFP
27~29;Male;0;0~3;4~5;0~4;4~6;Unknown~Technology;INFP
27~29;Male;0;0~3;4~5;0~4;4~6;Unknown~Technology;INFP
27~29;Male;0;0~3;4~5;0~4;4~6;Unknown~Technology;INFJ
27~29;Male;0;0~3;4~5;0~4;4~6;Unknown~Technology;INFP
27~29;Male;0;3~4;4~5;0~3;5~6;Unknown~Technology;ENFJ
27~29;Male;0;3~4;4~5;0~3;5~6;Unknown~Technology;INFP
27~29;Male;0;3~4;4~5;0~3;5~6;Unknown~Technology;INFP
27~29;Male;0;3~4;4~5;0~3;5~6;Unknown~Technology;ENFJ
27~29;Male;0;3~4;4~5;0~3;5~6;Unknown~Technology;INFP
27~29;Male;0;3~4;4~5;0~3;5~6;Unknown~Technology;INFP
30~43;Male;0;0~5;2~4;1~4;4~6;Unknown~Technology;INFP
30~43;Male;0;0~5;2~4;1~4;4~6;Unknown~Technology;INFP
30~43;Male;0;0~5;2~4;1~4;4~6;Unknown~Technology;INFP
30~43;Male;0;0~5;2~4;1~4;4~6;Unknown~Technology;INFJ
30~43;Male;0;0~5;2~4;1~4;4~6;Unknown~Technology;INFJ
30~43;Male;0;0~5;2~4;1~4;4~6;Unknown~Technology;INFP
30~43;Male;0;0~5;2~4;1~4;4~6;Unknown~Technology;INFP
31~44;Male;0;0~4;4~5;0~3;4~6;Unknown~Technology;INFP
31~44;Male;0;0~4;4~5;0~3;4~6;Unknown~Technology;INFP
31~44;Male;0;0~4;4~5;0~3;4~6;Unknown~Technology;INFP
31~44;Male;0;0~4;4~5;0~3;4~6;Unknown~Technology;INFP
31~44;Male;0;0~4;4~5;0~3;4~6;Unknown~Technology;INFJ
31~44;Male;0;0~4;4~5;0~3;4~6;Unknown~Technology;INFP
31~44;Male;0;0~4;4~5;0~3;4~6;Unknown~Technology;INFP
31~44;Male;0;0~4;4~5;0~3;4~6;Unknown~Technology;ENFP
26~31;Male;0;0~3;1~4;1~4;4~5;Others~Sports~Arts;INFJ
26~31;Male;0;0~3;1~4;1~4;4~5;Others~Sports~Arts;INFP
26~31;Male;0;0~3;1~4;1~4;4~5;Others~Sports~Arts;INFP
26~31;Male;0;0~3;1~4;1~4;4~5;Others~Sports~Arts;INFP
26~31;Male;0;0~3;1~4;1~4;4~5;Others~Sports~Arts;INFP
26~31;Male;0;0~3;1~4;1~4;4~5;Others~Sports~Arts;INFP
26~31;Male;0;0~3;1~4;1~4;4~5;Others~Sports~Arts;INFJ
26~29;Male;0;0~4;4~4;0~4;4~6;Others~Sports~Arts;ENFJ
26~29;Male;0;0~4;4~4;0~4;4~6;Others~Sports~Arts;INFJ
26~29;Male;0;0~4;4~4;0~4;4~6;Others~Sports~Arts;INFP
26~29;Male;0;0~4;4~4;0~4;4~6;Others~Sports~Arts;INFP
26~29;Male;0;0~4;4~4;0~4;4~6;Others~Sports~Arts;INFJ
26~29;Male;0;0~4;4~4;0~4;4~6;Others~Sports~Arts;INFP
26~29;Male;0;0~4;4~4;0~4;4~6;Others~Sports~Arts;INFP
32~36;Male;0;0~4;3~3;0~3;4~7;Others~Sports~Arts;INFP
32~36;Male;0;0~4;3~3;0~3;4~7;Others~Sports~Arts;INFJ
32~36;Male;0;0~4;3~3;0~3;4~7;Others~Sports~Arts;INFP
32~36;Male;0;0~4;3~3;0~3;4~7;Others~Sports~Arts;INFP
32~36;Male;0;0~4;3~3;0~3;4~7;Others~Sports~Arts;INFP
32~36;Male;0;0~4;3~3;0~3;4~7;Others~Sports~Arts;INFJ
33~40;Male;0;1~4;4~5;0~3;4~6;Others~Sports~Arts;INFJ
33~40;Male;0;1~4;4~5;0~3;4~6;Others~Sports~Arts;ENFP
33~40;Male;0;1~4;4~5;0~3;4~6;Others~Sports~Arts;INFP
33~40;Male;0;1~4;4~5;0~3;4~6;Others~Sports~Arts;INFJ
33~40;Male;0;1~4;4~5;0~3;4~6;Others~Sports~Arts;INFP
33~40;Male;0;1~4;4~5;0~3;4~6;Others~Sports~Arts;INFJ
27~29;Male;0;0~0;3~4;5~9;1~4;Unknown~Technology;INFP
27~29;Male;0;0~0;3~4;5~9;1~4;Unknown~Technology;INTP
27~29;Male;0;0~0;3~4;5~9;1~4;Unknown~Technology;INTP
27~29;Male;0;0~0;3~4;5~9;1~4;Unknown~Technology;INFP
27~29;Male;0;0~0;3~4;5~9;1~4;Unknown~Technology;INTP
26~29;Male;0;1~5;3~4;5~9;1~4;Unknown~Technology;INTP
26~29;Male;0;1~5;3~4;5~9;1~4;Unknown~Technology;INTP
26~29;Male;0;1~5;3~4;5~9;1~4;Unknown~Technology;ENFP
26~29;Male;0;1~5;3~4;5~9;1~4;Unknown~Technology;INTP
26~29;Male;0;1~5;3~4;5~9;1~4;Unknown~Technology;INTP
26~29;Male;0;0~3;4~5;5~8;0~4;Unknown~Technology;INFP
26~29;Male;0;0~3;4~5;5~8;0~4;Unknown~Technology;INTP
26~29;Male;0;0~3;4~5;5~8;0~4;Unknown~Technology;INFP
26~29;Male;0;0~3;4~5;5~8;0~4;Unknown~Technology;INTP
26~29;Male;0;0~3;4~5;5~8;0~4;Unknown~Technology;INTP
26~29;Male;0;3~4;4~4;5~9;3~4;Unknown~Technology;INTP
26~29;Male;0;3~4;4~4;5~9;3~4;Unknown~Technology;ENTP
26~29;Male;0;3~4;4~4;5~9;3~4;Unknown~Technology;INFP
26~29;Male;0;3~4;4~4;5~9;3~4;Unknown~Technology;INFP
26~29;Male;0;3~4;4~4;5~9;3~4;Unknown~Technology;ENTP
30~32;Male;0;0~4;3~4;5~9;1~4;Unknown~Technology;INTP
30~32;Male;0;0~4;3~4;5~9;1~4;Unknown~Technology;INTP
30~32;Male;0;0~4;3~4;5~9;1~4;Unknown~Technology;INTP
30~32;Male;0;0~4;3~4;5~9;1~4;Unknown~Technology;INFP
30~32;Male;0;0~4;3~4;5~9;1~4;Unknown~Technology;INTP
30~32;Male;0;0~4;3~4;5~9;1~4;Unknown~Technology;INTP
30~32;Male;0;0~4;3~4;5~9;1~4;Unknown~Technology;ENFP
30~32;Male;0;0~4;3~4;5~9;1~4;Unknown~Technology;INTP
34~48;Male;0;0~4;3~5;5~9;1~4;Unknown~Technology;INTP
34~48;Male;0;0~4;3~5;5~9;1~4;Unknown~Technology;INFP
34~48;Male;0;0~4;3~5;5~9;1~4;Unknown~Technology;INTP
34~48;Male;0;0~4;3~5;5~9;1~4;Unknown~Technology;INTP
34~48;Male;0;0~4;3~5;5~9;1~4;Unknown~Technology;INTP
34~48;Male;0;0~4;3~5;5~9;1~4;Unknown~Technology;INFP
26~28;Male;0;0~5;2~4;5~9;2~4;Others~Sports~Arts;INTP
26~28;Male;0;0~5;2~4;5~9;2~4;Others~Sports~Arts;INFP
26~28;Male;0;0~5;2~4;5~9;2~4;Others~Sports~Arts;ENTP
26~28;Male;0;0~5;2~4;5~9;2~4;Others~Sports~Arts;INTP
26~28;Male;0;0~5;2~4;5~9;2~4;Others~Sports~Arts;INTP
26~28;Male;0;0~5;2~4;5~9;2~4;Others~Sports~Arts;INTP
26~28;Male;0;0~5;2~4;5~9;2~4;Others~Sports~Arts;INTP
26~28;Male;0;0~4;4~5;5~9;1~4;Others~Sports~Arts;INTP
26~28;Male;0;0~4;4~5;5~9;1~4;Others~Sports~Arts;INTP
26~28;Male;0;0~4;4~5;5~9;1~4;Others~Sports~Arts;INTP
26~28;Male;0;0~4;4~5;5~9;1~4;Others~Sports~Arts;INTP
26~28;Male;0;0~4;4~5;5~9;1~4;Others~Sports~Arts;INTP
26~28;Male;0;0~4;4~5;5~9;1~4;Others~Sports~Arts;INTP
26~28;Male;0;0~4;4~5;5~9;1~4;Others~Sports~Arts;INFP
26~28;Male;0;0~4;4~5;5~9;1~4;Others~Sports~Arts;INTP
30~38;Male;0;0~3;2~4;5~9;3~4;Others~Sports~Arts;INTP
30~38;Male;0;0~3;2~4;5~9;3~4;Others~Sports~Arts;INFP
30~38;Male;0;0~3;2~4;5~9;3~4;Others~Sports~Arts;INTP
30~38;Male;0;0~3;2~4;5~9;3~4;Others~Sports~Arts;INFP
30~38;Male;0;0~3;2~4;5~9;3~4;Others~Sports~Arts;INFP
30~38;Male;0;0~3;2~4;5~9;3~4;Others~Sports~Arts;INTP
29~35;Male;0;0~4;4~5;5~9;2~4;Others~Sports~Arts;ENTP
29~35;Male;0;0~4;4~5;5~9;2~4;Others~Sports~Arts;INTP
29~35;Male;0;0~4;4~5;5~9;2~4;Others~Sports~Arts;INFP
29~35;Male;0;0~4;4~5;5~9;2~4;Others~Sports~Arts;INTP
29~35;Male;0;0~4;4~5;5~9;2~4;Others~Sports~Arts;INTP
29~35;Male;0;0~4;4~5;5~9;2~4;Others~Sports~Arts;INTP
29~35;Male;0;0~4;4~5;5~9;2~4;Others~Sports~Arts;INFP
28~30;Male;0;0~1;2~4;5~9;4~5;Unknown~Technology;INFP
28~30;Male;0;0~1;2~4;5~9;4~5;Unknown~Technology;INFP
28~30;Male;0;0~1;2~4;5~9;4~5;Unknown~Technology;INTP
28~30;Male;0;0~1;2~4;5~9;4~5;Unknown~Technology;INTP
28~30;Male;0;0~1;2~4;5~9;4~5;Unknown~Technology;INTP
26~30;Male;0;1~4;3~3;5~9;4~8;Unknown~Technology;INTP
26~30;Male;0;1~4;3~3;5~9;4~8;Unknown~Technology;ENTJ
26~30;Male;0;1~4;3~3;5~9;4~8;Unknown~Technology;INFP
26~30;Male;0;1~4;3~3;5~9;4~8;Unknown~Technology;ENTP
26~30;Male;0;1~4;3~3;5~9;4~8;Unknown~Technology;INTJ
26~30;Male;0;1~4;3~3;5~9;4~8;Unknown~Technology;INTP
26~30;Male;0;0~1;4~5;5~9;4~6;Unknown;INTP
26~30;Male;0;0~1;4~5;5~9;4~6;Unknown;INTP
26~30;Male;0;0~1;4~5;5~9;4~6;Unknown;INTJ
26~30;Male;0;0~1;4~5;5~9;4~6;Unknown;INFJ
26~30;Male;0;0~1;4~5;5~9;4~6;Unknown;INFJ
26~30;Male;0;1~4;4~4;6~9;4~7;Unknown~Technology;INTJ
26~30;Male;0;1~4;4~4;6~9;4~7;Unknown~Technology;INTP
26~30;Male;0;1~4;4~4;6~9;4~7;Unknown~Technology;INTP
26~30;Male;0;1~4;4~4;6~9;4~7;Unknown~Technology;INTP
26~30;Male;0;1~4;4~4;6~9;4~7;Unknown~Technology;INTP
26~30;Male;0;1~4;4~4;6~9;4~7;Unknown~Technology;INTJ
31~35;Male;0;0~4;2~4;5~9;4~5;Unknown~Technology;INFP
31~35;Male;0;0~4;2~4;5~9;4~5;Unknown~Technology;INTP
31~35;Male;0;0~4;2~4;5~9;4~5;Unknown~Technology;INTP
31~35;Male;0;0~4;2~4;5~9;4~5;Unknown~Technology;ENTP
31~35;Male;0;0~4;2~4;5~9;4~5;Unknown~Technology;ENTP
31~35;Male;0;0~4;2~4;5~9;4~5;Unknown~Technology;INTP
31~35;Male;0;0~4;2~4;5~9;4~5;Unknown~Technology;INTP
31~41;Male;0;0~4;4~5;5~9;4~7;Unknown~Technology;INFP
31~41;Male;0;0~4;4~5;5~9;4~7;Unknown~Technology;INTJ
31~41;Male;0;0~4;4~5;5~9;4~7;Unknown~Technology;INFP
31~41;Male;0;0~4;4~5;5~9;4~7;Unknown~Technology;INFP
31~41;Male;0;0~4;4~5;5~9;4~7;Unknown~Technology;INTJ
31~41;Male;0;0~4;4~5;5~9;4~7;Unknown~Technology;INFP
31~41;Male;0;0~4;4~5;5~9;4~7;Unknown~Technology;INTP
31~41;Male;0;0~4;4~5;5~9;4~7;Unknown~Technology;INFJ
26~30;Male;0;0~4;2~4;5~9;4~7;Others~Sports~Arts;INTP
26~30;Male;0;0~4;2~4;5~9;4~7;Others~Sports~Arts;INTP
26~30;Male;0;0~4;2~4;5~9;4~7;Others~Sports~Arts;INTP
26~30;Male;0;0~4;2~4;5~9;4~7;Others~Sports~Arts;INTJ
26~30;Male;0;0~4;2~4;5~9;4~7;Others~Sports~Arts;INTJ
26~30;Male;0;0~4;2~4;5~9;4~7;Others~Sports~Arts;INFJ
26~30;Male;0;0~4;2~4;5~9;4~7;Others~Sports~Arts;INTP
26~30;Male;0;0~5;4~5;4~9;4~5;Others~Sports~Arts;INTP
26~30;Male;0;0~5;4~5;4~9;4~5;Others~Sports~Arts;ENFP
26~30;Male;0;0~5;4~5;4~9;4~5;Others~Sports~Arts;INFP
26~30;Male;0;0~5;4~5;4~9;4~5;Others~Sports~Arts;INTJ
26~30;Male;0;0~5;4~5;4~9;4~5;Others~Sports~Arts;INTP
26~30;Male;0;0~5;4~5;4~9;4~5;Others~Sports~Arts;INFP
26~30;Male;0;0~5;4~5;4~9;4~5;Others~Sports~Arts;INTJ
26~30;Male;0;0~5;4~5;4~9;4~5;Others~Sports~Arts;ENTP
31~40;Male;0;0~3;3~4;5~9;4~7;Others~Sports~Arts;INTP
31~40;Male;0;0~3;3~4;5~9;4~7;Others~Sports~Arts;INTP
31~40;Male;0;0~3;3~4;5~9;4~7;Others~Sports~Arts;INFP
31~40;Male;0;0~3;3~4;5~9;4~7;Others~Sports~Arts;ENTP
31~40;Male;0;0~3;3~4;5~9;4~7;Others~Sports~Arts;INTJ
31~41;Male;0;2~4;4~5;6~9;5~6;Others~Sports~Arts;ENTJ
31~41;Male;0;2~4;4~5;6~9;5~6;Others~Sports~Arts;INTJ
31~41;Male;0;2~4;4~5;6~9;5~6;Others~Sports~Arts;INTJ
31~41;Male;0;2~4;4~5;6~9;5~6;Others~Sports~Arts;INTJ
31~41;Male;0;2~4;4~5;6~9;5~6;Others~Sports~Arts;ENFJ
26~30;Male;0;0~2;5~6;1~2;3~4;Unknown~Technology~Others;INFP
26~30;Male;0;0~2;5~6;1~2;3~4;Unknown~Technology~Others;INFP
26~30;Male;0;0~2;5~6;1~2;3~4;Unknown~Technology~Others;ISFP
26~30;Male;0;0~2;5~6;1~2;3~4;Unknown~Technology~Others;INFP
26~30;Male;0;0~2;5~6;1~2;3~4;Unknown~Technology~Others;ISFP
26~30;Male;0;0~2;5~6;1~2;3~4;Unknown~Technology~Others;INFP
29~30;Male;0;0~2;5~6;2~4;2~4;Unknown~Technology~Others;INFP
29~30;Male;0;0~2;5~6;2~4;2~4;Unknown~Technology~Others;INFP
29~30;Male;0;0~2;5~6;2~4;2~4;Unknown~Technology~Others;INFP
29~30;Male;0;0~2;5~6;2~4;2~4;Unknown~Technology~Others;INFP
29~30;Male;0;0~2;5~6;2~4;2~4;Unknown~Technology~Others;INFP
29~30;Male;0;0~2;5~6;2~4;2~4;Unknown~Technology~Others;ISFP
26~30;Male;0;2~4;5~6;0~3;1~4;Unknown~Technology;ENFP
26~30;Male;0;2~4;5~6;0~3;1~4;Unknown~Technology;ISFP
26~30;Male;0;2~4;5~6;0~3;1~4;Unknown~Technology;INFP
26~30;Male;0;2~4;5~6;0~3;1~4;Unknown~Technology;ISFP
26~30;Male;0;2~4;5~6;0~3;1~4;Unknown~Technology;INFP
26~30;Male;0;2~4;5~6;0~3;1~4;Unknown~Technology;ISFP
26~30;Male;0;2~4;5~6;0~3;1~4;Unknown~Technology;INFP
26~29;Male;0;2~4;5~7;0~4;2~4;Others;ISFP
26~29;Male;0;2~4;5~7;0~4;2~4;Others;INFP
26~29;Male;0;2~4;5~7;0~4;2~4;Others;ISFP
26~29;Male;0;2~4;5~7;0~4;2~4;Others;ISFP
26~29;Male;0;2~4;5~7;0~4;2~4;Others;ISFP
26~29;Male;0;2~4;5~7;0~4;2~4;Others;ISFP
32~42;Male;0;0~2;5~6;0~4;1~4;Unknown~Technology~Others;ISFP
32~42;Male;0;0~2;5~6;0~4;1~4;Unknown~Technology~Others;INFP
32~42;Male;0;0~2;5~6;0~4;1~4;Unknown~Technology~Others;ISFP
32~42;Male;0;0~2;5~6;0~4;1~4;Unknown~Technology~Others;INFP
32~42;Male;0;0~2;5~6;0~4;1~4;Unknown~Technology~Others;ISFP
32~42;Male;0;0~2;5~6;0~4;1~4;Unknown~Technology~Others;INFP
32~42;Male;0;0~2;5~6;0~4;1~4;Unknown~Technology~Others;ISFP
31~37;Male;0;3~5;5~8;0~3;2~4;Unknown~Technology~Others;ENFP
31~37;Male;0;3~5;5~8;0~3;2~4;Unknown~Technology~Others;INFP
31~37;Male;0;3~5;5~8;0~3;2~4;Unknown~Technology~Others;ESFP
31~37;Male;0;3~5;5~8;0~3;2~4;Unknown~Technology~Others;INFP
31~37;Male;0;3~5;5~8;0~3;2~4;Unknown~Technology~Others;ENFP
31~37;Male;0;3~5;5~8;0~3;2~4;Unknown~Technology~Others;ISFP
31~37;Male;0;3~5;5~8;0~3;2~4;Unknown~Technology~Others;INFP
26~29;Male;0;1~2;5~7;0~4;2~4;Sports~Arts;ISFP
26~29;Male;0;1~2;5~7;0~4;2~4;Sports~Arts;ISFP
26~29;Male;0;1~2;5~7;0~4;2~4;Sports~Arts;INFP
26~29;Male;0;1~2;5~7;0~4;2~4;Sports~Arts;INFP
26~29;Male;0;1~2;5~7;0~4;2~4;Sports~Arts;INFP
26~29;Male;0;1~2;5~7;0~4;2~4;Sports~Arts;INFP
26~29;Male;0;3~5;5~6;1~4;2~4;Sports~Arts;INFP
26~29;Male;0;3~5;5~6;1~4;2~4;Sports~Arts;INFP
26~29;Male;0;3~5;5~6;1~4;2~4;Sports~Arts;ISFP
26~29;Male;0;3~5;5~6;1~4;2~4;Sports~Arts;INFP
26~29;Male;0;3~5;5~6;1~4;2~4;Sports~Arts;INFP
26~29;Male;0;3~5;5~6;1~4;2~4;Sports~Arts;INFP
32~36;Male;0;0~3;5~6;1~3;2~4;Sports~Arts;INFP
32~36;Male;0;0~3;5~6;1~3;2~4;Sports~Arts;INFP
32~36;Male;0;0~3;5~6;1~3;2~4;Sports~Arts;INFP
32~36;Male;0;0~3;5~6;1~3;2~4;Sports~Arts;ISFP
32~36;Male;0;0~3;5~6;1~3;2~4;Sports~Arts;INFP
30~38;Male;0;4~5;5~6;0~3;2~4;Sports~Arts;ENFP
30~38;Male;0;4~5;5~6;0~3;2~4;Sports~Arts;INFP
30~38;Male;0;4~5;5~6;0~3;2~4;Sports~Arts;ENFP
30~38;Male;0;4~5;5~6;0~3;2~4;Sports~Arts;ESFP
30~38;Male;0;4~5;5~6;0~3;2~4;Sports~Arts;INFP
30~38;Male;0;4~5;5~6;0~3;2~4;Sports~Arts;INFP
26~27;Male;0;0~3;5~6;0~4;4~7;Unknown~Technology;INFJ
26~27;Male;0;0~3;5~6;0~4;4~7;Unknown~Technology;INFJ
26~27;Male;0;0~3;5~6;0~4;4~7;Unknown~Technology;ISFP
26~27;Male;0;0~3;5~6;0~4;4~7;Unknown~Technology;INFJ
26~27;Male;0;0~3;5~6;0~4;4~7;Unknown~Technology;ISFP
26~27;Male;0;0~3;5~6;0~4;4~7;Unknown~Technology;ISFJ
26~27;Male;0;0~3;5~6;0~4;4~7;Unknown~Technology;ISFP
26~27;Male;0;0~3;5~6;0~4;4~7;Unknown~Technology;ISFP
26~27;Male;0;0~3;5~6;0~4;4~7;Unknown~Technology;INFP
26~27;Male;0;3~4;5~7;0~4;4~6;Unknown~Technology;INFP
26~27;Male;0;3~4;5~7;0~4;4~6;Unknown~Technology;ISFP
26~27;Male;0;3~4;5~7;0~4;4~6;Unknown~Technology;ESFP
26~27;Male;0;3~4;5~7;0~4;4~6;Unknown~Technology;INFJ
26~27;Male;0;3~4;5~7;0~4;4~6;Unknown~Technology;ESFP
26~27;Male;0;3~4;5~7;0~4;4~6;Unknown~Technology;ESFP
26~27;Male;0;3~4;5~7;0~4;4~6;Unknown~Technology;ESFP
26~27;Male;0;3~4;5~7;0~4;4~6;Unknown~Technology;ISFP
26~27;Male;0;3~4;5~7;0~4;4~6;Unknown~Technology;ESFP
29~35;Male;0;0~1;5~7;0~4;4~6;Unknown~Technology;ISFJ
29~35;Male;0;0~1;5~7;0~4;4~6;Unknown~Technology;INFP
29~35;Male;0;0~1;5~7;0~4;4~6;Unknown~Technology;INFJ
29~35;Male;0;0~1;5~7;0~4;4~6;Unknown~Technology;INFJ
29~35;Male;0;0~1;5~7;0~4;4~6;Unknown~Technology;ISFP
29~35;Male;0;0~1;5~7;0~4;4~6;Unknown~Technology;INFP
28~36;Male;0;2~4;5~8;1~4;4~6;Unknown~Technology;INFP
28~36;Male;0;2~4;5~8;1~4;4~6;Unknown~Technology;ISFP
28~36;Male;0;2~4;5~8;1~4;4~6;Unknown~Technology;ENFP
28~36;Male;0;2~4;5~8;1~4;4~6;Unknown~Technology;ISFP
28~36;Male;0;2~4;5~8;1~4;4~6;Unknown~Technology;INFJ
28~36;Male;0;2~4;5~8;1~4;4~6;Unknown~Technology;ISFP
28~36;Male;0;2~4;5~8;1~4;4~6;Unknown~Technology;ESFP
26~30;Male;0;0~2;5~6;0~1;5~5;Others~Sports~Arts;ISFP
26~30;Male;0;0~2;5~6;0~1;5~5;Others~Sports~Arts;ISFP
26~30;Male;0;0~2;5~6;0~1;5~5;Others~Sports~Arts;INFP
26~30;Male;0;0~2;5~6;0~1;5~5;Others~Sports~Arts;INFP
26~30;Male;0;0~2;5~6;0~1;5~5;Others~Sports~Arts;ISFP
26~30;Male;0;0~1;5~6;2~4;4~6;Others~Sports~Arts;INFJ
26~30;Male;0;0~1;5~6;2~4;4~6;Others~Sports~Arts;ISFP
26~30;Male;0;0~1;5~6;2~4;4~6;Others~Sports~Arts;ISFJ
26~30;Male;0;0~1;5~6;2~4;4~6;Others~Sports~Arts;ISFJ
26~30;Male;0;0~1;5~6;2~4;4~6;Others~Sports~Arts;INFJ
27~30;Male;0;2~5;5~7;0~4;5~5;Others~Sports;INFP
27~30;Male;0;2~5;5~7;0~4;5~5;Others~Sports;ISFJ
27~30;Male;0;2~5;5~7;0~4;5~5;Others~Sports;ENFP
27~30;Male;0;2~5;5~7;0~4;5~5;Others~Sports;INFJ
27~30;Male;0;2~5;5~7;0~4;5~5;Others~Sports;ENFP
26~30;Male;0;3~4;5~6;0~3;5~6;Arts;ENFP
26~30;Male;0;3~4;5~6;0~3;5~6;Arts;INFP
26~30;Male;0;3~4;5~6;0~3;5~6;Arts;ESFJ
26~30;Male;0;3~4;5~6;0~3;5~6;Arts;ENFJ
26~30;Male;0;3~4;5~6;0~3;5~6;Arts;ISFJ
31~45;Male;0;0~1;5~7;0~4;4~7;Sports~Arts;INFP
31~45;Male;0;0~1;5~7;0~4;4~7;Sports~Arts;INFP
31~45;Male;0;0~1;5~7;0~4;4~7;Sports~Arts;INFP
31~45;Male;0;0~1;5~7;0~4;4~7;Sports~Arts;ISFJ
31~45;Male;0;0~1;5~7;0~4;4~7;Sports~Arts;INFJ
32~42;Male;0;2~5;5~7;0~3;4~5;Others~Sports~Arts;ISFJ
32~42;Male;0;2~5;5~7;0~3;4~5;Others~Sports~Arts;ISFP
32~42;Male;0;2~5;5~7;0~3;4~5;Others~Sports~Arts;INFP
32~42;Male;0;2~5;5~7;0~3;4~5;Others~Sports~Arts;INFP
32~42;Male;0;2~5;5~7;0~3;4~5;Others~Sports~Arts;ISFJ
32~42;Male;0;2~5;5~7;0~3;4~5;Others~Sports~Arts;INFJ
26~28;Male;0;0~2;5~6;5~8;2~3;Unknown~Technology;INFP
26~28;Male;0;0~2;5~6;5~8;2~3;Unknown~Technology;INTP
26~28;Male;0;0~2;5~6;5~8;2~3;Unknown~Technology;ISTP
26~28;Male;0;0~2;5~6;5~8;2~3;Unknown~Technology;INFP
26~28;Male;0;0~2;5~6;5~8;2~3;Unknown~Technology;ISTP
26~29;Male;0;0~2;5~6;6~8;3~4;Unknown~Technology;INTP
26~29;Male;0;0~2;5~6;6~8;3~4;Unknown~Technology;ISTP
26~29;Male;0;0~2;5~6;6~8;3~4;Unknown~Technology;INTP
26~29;Male;0;0~2;5~6;6~8;3~4;Unknown~Technology;INTP
26~29;Male;0;0~2;5~6;6~8;3~4;Unknown~Technology;INTP
27~29;Male;0;3~4;5~6;5~9;0~2;Unknown~Technology;ISFP
27~29;Male;0;3~4;5~6;5~9;0~2;Unknown~Technology;INTP
27~29;Male;0;3~4;5~6;5~9;0~2;Unknown~Technology;INTP
27~29;Male;0;3~4;5~6;5~9;0~2;Unknown~Technology;ENTP
27~29;Male;0;3~4;5~6;5~9;0~2;Unknown~Technology;ISFP
26~29;Male;0;3~4;5~7;5~9;3~4;Unknown~Technology;ESFP
26~29;Male;0;3~4;5~7;5~9;3~4;Unknown~Technology;ENFP
26~29;Male;0;3~4;5~7;5~9;3~4;Unknown~Technology;ISFP
26~29;Male;0;3~4;5~7;5~9;3~4;Unknown~Technology;ESTP
26~29;Male;0;3~4;5~7;5~9;3~4;Unknown~Technology;INTP
26~29;Male;0;3~4;5~7;5~9;3~4;Unknown~Technology;INTP
30~32;Male;0;0~3;5~6;5~9;0~4;Unknown~Technology;ISFP
30~32;Male;0;0~3;5~6;5~9;0~4;Unknown~Technology;INTP
30~32;Male;0;0~3;5~6;5~9;0~4;Unknown~Technology;INTP
30~32;Male;0;0~3;5~6;5~9;0~4;Unknown~Technology;INTP
30~32;Male;0;0~3;5~6;5~9;0~4;Unknown~Technology;INTP
30~32;Male;0;0~3;5~6;5~9;0~4;Unknown~Technology;INTP
30~32;Male;0;0~3;5~6;5~9;0~4;Unknown~Technology;ISFP
30~32;Male;0;0~3;5~6;5~9;0~4;Unknown~Technology;INTP
33~49;Male;0;0~4;5~6;5~8;2~4;Unknown~Technology;INTP
33~49;Male;0;0~4;5~6;5~8;2~4;Unknown~Technology;INFP
33~49;Male;0;0~4;5~6;5~8;2~4;Unknown~Technology;INTP
33~49;Male;0;0~4;5~6;5~8;2~4;Unknown~Technology;ESTP
33~49;Male;0;0~4;5~6;5~8;2~4;Unknown~Technology;INTP
33~49;Male;0;0~4;5~6;5~8;2~4;Unknown~Technology;ISTP
33~49;Male;0;0~4;5~6;5~8;2~4;Unknown~Technology;ISFP
33~49;Male;0;0~4;5~6;5~8;2~4;Unknown~Technology;INTP
27~30;Male;0;0~2;5~7;5~9;2~4;Others~Sports~Arts;ISTP
27~30;Male;0;0~2;5~7;5~9;2~4;Others~Sports~Arts;INTP
27~30;Male;0;0~2;5~7;5~9;2~4;Others~Sports~Arts;INTP
27~30;Male;0;0~2;5~7;5~9;2~4;Others~Sports~Arts;INTP
27~30;Male;0;0~2;5~7;5~9;2~4;Others~Sports~Arts;INTP
27~30;Male;0;0~2;5~7;5~9;2~4;Others~Sports~Arts;INTP
28~30;Male;0;2~4;5~6;5~9;2~4;Others~Sports~Arts;INTP
28~30;Male;0;2~4;5~6;5~9;2~4;Others~Sports~Arts;ENFP
28~30;Male;0;2~4;5~6;5~9;2~4;Others~Sports~Arts;INFP
28~30;Male;0;2~4;5~6;5~9;2~4;Others~Sports~Arts;INFP
28~30;Male;0;2~4;5~6;5~9;2~4;Others~Sports~Arts;ESTP
28~30;Male;0;2~4;5~6;5~9;2~4;Others~Sports~Arts;INTP
28~30;Male;0;2~4;5~6;5~9;2~4;Others~Sports~Arts;INTP
31~43;Male;0;0~1;5~6;6~9;2~4;Others~Sports~Arts;INTP
31~43;Male;0;0~1;5~6;6~9;2~4;Others~Sports~Arts;INTP
31~43;Male;0;0~1;5~6;6~9;2~4;Others~Sports~Arts;ISTP
31~43;Male;0;0~1;5~6;6~9;2~4;Others~Sports~Arts;INTP
31~43;Male;0;0~1;5~6;6~9;2~4;Others~Sports~Arts;ISTP
31~43;Male;0;0~1;5~6;6~9;2~4;Others~Sports~Arts;INTP
31~44;Male;0;1~4;5~6;5~9;1~4;Others~Sports~Arts;INTP
31~44;Male;0;1~4;5~6;5~9;1~4;Others~Sports~Arts;ISTP
31~44;Male;0;1~4;5~6;5~9;1~4;Others~Sports~Arts;INTP
31~44;Male;0;1~4;5~6;5~9;1~4;Others~Sports~Arts;INTP
31~44;Male;0;1~4;5~6;5~9;1~4;Others~Sports~Arts;ENTP
31~44;Male;0;1~4;5~6;5~9;1~4;Others~Sports~Arts;INTP
26~29;Male;0;0~1;5~6;5~8;4~6;Unknown;INTP
26~29;Male;0;0~1;5~6;5~8;4~6;Unknown;ISFJ
26~29;Male;0;0~1;5~6;5~8;4~6;Unknown;INTJ
26~29;Male;0;0~1;5~6;5~8;4~6;Unknown;INTJ
26~29;Male;0;0~1;5~6;5~8;4~6;Unknown;INFP
26~28;Male;0;1~1;5~6;5~9;4~5;Technology~Others;ISFP
26~28;Male;0;1~1;5~6;5~9;4~5;Technology~Others;ISFP
26~28;Male;0;1~1;5~6;5~9;4~5;Technology~Others;INTP
26~28;Male;0;1~1;5~6;5~9;4~5;Technology~Others;ISFP
26~28;Male;0;1~1;5~6;5~9;4~5;Technology~Others;INTP
26~30;Male;0;2~4;5~5;5~6;4~6;Technology~Others;INFP
26~30;Male;0;2~4;5~5;5~6;4~6;Technology~Others;ENFP
26~30;Male;0;2~4;5~5;5~6;4~6;Technology~Others;INTP
26~30;Male;0;2~4;5~5;5~6;4~6;Technology~Others;INFJ
26~30;Male;0;2~4;5~5;5~6;4~6;Technology~Others;INFJ
26~30;Male;0;1~4;5~6;8~9;5~7;Unknown~Technology;INTJ
26~30;Male;0;1~4;5~6;8~9;5~7;Unknown~Technology;INTP
26~30;Male;0;1~4;5~6;8~9;5~7;Unknown~Technology;INTJ
26~30;Male;0;1~4;5~6;8~9;5~7;Unknown~Technology;ESTJ
26~30;Male;0;1~4;5~6;8~9;5~7;Unknown~Technology;ISTP
31~37;Male;0;0~2;5~5;5~8;4~5;Unknown;INTP
31~37;Male;0;0~2;5~5;5~8;4~5;Unknown;INTP
31~37;Male;0;0~2;5~5;5~8;4~5;Unknown;INFP
31~37;Male;0;0~2;5~5;5~8;4~5;Unknown;INTP
31~37;Male;0;0~2;5~5;5~8;4~5;Unknown;INTP
32~39;Male;0;0~2;5~6;5~8;4~6;Technology~Others;INTJ
32~39;Male;0;0~2;5~6;5~8;4~6;Technology~Others;ISTP
32~39;Male;0;0~2;5~6;5~8;4~6;Technology~Others;INFP
32~39;Male;0;0~2;5~6;5~8;4~6;Technology~Others;ISTP
32~39;Male;0;0~2;5~6;5~8;4~6;Technology~Others;ISFP
31~39;Male;0;2~4;5~6;5~6;4~6;Unknown~Technology~Others;ESFP
31~39;Male;0;2~4;5~6;5~6;4~6;Unknown~Technology~Others;ENFP
31~39;Male;0;2~4;5~6;5~6;4~6;Unknown~Technology~Others;ISFP
31~39;Male;0;2~4;5~6;5~6;4~6;Unknown~Technology~Others;ISTJ
31~39;Male;0;2~4;5~6;5~6;4~6;Unknown~Technology~Others;ISFP
31~41;Male;0;3~4;5~7;7~9;5~7;Unknown~Technology~Others;ISTJ
31~41;Male;0;3~4;5~7;7~9;5~7;Unknown~Technology~Others;ESTJ
31~41;Male;0;3~4;5~7;7~9;5~7;Unknown~Technology~Others;ENTP
31~41;Male;0;3~4;5~7;7~9;5~7;Unknown~Technology~Others;ENTP
31~41;Male;0;3~4;5~7;7~9;5~7;Unknown~Technology~Others;ISTJ
31~41;Male;0;3~4;5~7;7~9;5~7;Unknown~Technology~Others;INTP
26~28;Male;0;0~1;5~6;5~9;4~6;Sports~Arts;ISFJ
26~28;Male;0;0~1;5~6;5~9;4~6;Sports~Arts;INTP
26~28;Male;0;0~1;5~6;5~9;4~6;Sports~Arts;INTP
26~28;Male;0;0~1;5~6;5~9;4~6;Sports~Arts;INTJ
26~28;Male;0;0~1;5~6;5~9;4~6;Sports~Arts;INTJ
26~28;Male;0;2~4;5~6;5~9;4~6;Sports~Arts;INTJ
26~28;Male;0;2~4;5~6;5~9;4~6;Sports~Arts;ISFJ
26~28;Male;0;2~4;5~6;5~9;4~6;Sports~Arts;INTJ
26~28;Male;0;2~4;5~6;5~9;4~6;Sports~Arts;INTP
26~28;Male;0;2~4;5~6;5~9;4~6;Sports~Arts;INTJ
26~28;Male;0;2~4;5~6;5~9;4~6;Sports~Arts;INTP
29~36;Male;0;0~1;5~6;5~9;4~6;Sports~Arts;INTJ
29~36;Male;0;0~1;5~6;5~9;4~6;Sports~Arts;INTP
29~36;Male;0;0~1;5~6;5~9;4~6;Sports~Arts;INTP
29~36;Male;0;0~1;5~6;5~9;4~6;Sports~Arts;ISFJ
29~36;Male;0;0~1;5~6;5~9;4~6;Sports~Arts;INFJ
30~44;Male;0;1~4;5~6;5~9;4~6;Sports~Arts;ISTJ
30~44;Male;0;1~4;5~6;5~9;4~6;Sports~Arts;INFP
30~44;Male;0;1~4;5~6;5~9;4~6;Sports~Arts;INTP
30~44;Male;0;1~4;5~6;5~9;4~6;Sports~Arts;ENTP
30~44;Male;0;1~4;5~6;5~9;4~6;Sports~Arts;INTJ
26~28;Male;0;6~8;2~4;0~4;2~3;Unknown;ENFP
26~28;Male;0;6~8;2~4;0~4;2~3;Unknown;ENFP
26~28;Male;0;6~8;2~4;0~4;2~3;Unknown;ENFP
26~28;Male;0;6~8;2~4;0~4;2~3;Unknown;ENFP
26~28;Male;0;6~8;2~4;0~4;2~3;Unknown;ENFP
26~28;Male;0;6~8;2~4;0~4;2~3;Unknown;ENFP
26~28;Male;0;6~8;2~4;0~4;2~3;Unknown;ENFP
26~28;Male;0;6~8;2~4;0~4;2~3;Unknown;ENFP
26~28;Male;0;6~8;2~4;0~4;2~3;Unknown;ENFP
26~28;Male;0;5~7;3~4;0~4;2~4;Technology~Others;ENFP
26~28;Male;0;5~7;3~4;0~4;2~4;Technology~Others;ENFP
26~28;Male;0;5~7;3~4;0~4;2~4;Technology~Others;ENFP
26~28;Male;0;5~7;3~4;0~4;2~4;Technology~Others;ENFP
26~28;Male;0;5~7;3~4;0~4;2~4;Technology~Others;ENFP
26~28;Male;0;7~8;2~4;1~4;1~4;Technology~Others;ENFP
26~28;Male;0;7~8;2~4;1~4;1~4;Technology~Others;ENFP
26~28;Male;0;7~8;2~4;1~4;1~4;Technology~Others;ENFP
26~28;Male;0;7~8;2~4;1~4;1~4;Technology~Others;ENFP
26~28;Male;0;7~8;2~4;1~4;1~4;Technology~Others;ENFP
29~30;Male;0;5~9;3~5;0~4;2~4;Unknown;INFP
29~30;Male;0;5~9;3~5;0~4;2~4;Unknown;ENFP
29~30;Male;0;5~9;3~5;0~4;2~4;Unknown;ENFP
29~30;Male;0;5~9;3~5;0~4;2~4;Unknown;ENFP
29~30;Male;0;5~9;3~5;0~4;2~4;Unknown;ENFP
29~30;Male;0;5~9;3~5;0~4;2~4;Unknown;ENFP
29~30;Male;0;5~9;3~5;0~4;2~4;Unknown;ENFP
29~30;Male;0;5~8;2~4;0~4;0~4;Technology~Others;ENFP
29~30;Male;0;5~8;2~4;0~4;0~4;Technology~Others;ENFP
29~30;Male;0;5~8;2~4;0~4;0~4;Technology~Others;ENFP
29~30;Male;0;5~8;2~4;0~4;0~4;Technology~Others;ENFP
29~30;Male;0;5~8;2~4;0~4;0~4;Technology~Others;ENFP
31~47;Male;0;5~9;1~5;0~4;1~4;Unknown~Technology~Others;ENFP
31~47;Male;0;5~9;1~5;0~4;1~4;Unknown~Technology~Others;ENFP
31~47;Male;0;5~9;1~5;0~4;1~4;Unknown~Technology~Others;ENFP
31~47;Male;0;5~9;1~5;0~4;1~4;Unknown~Technology~Others;ENFP
31~47;Male;0;5~9;1~5;0~4;1~4;Unknown~Technology~Others;ENFP
31~47;Male;0;5~9;1~5;0~4;1~4;Unknown~Technology~Others;ENFP
31~47;Male;0;5~9;1~5;0~4;1~4;Unknown~Technology~Others;INFP
31~47;Male;0;5~9;1~5;0~4;1~4;Unknown~Technology~Others;ENFP
28~30;Male;0;5~6;2~5;0~4;0~4;Sports~Arts;ENFP
28~30;Male;0;5~6;2~5;0~4;0~4;Sports~Arts;ENFP
28~30;Male;0;5~6;2~5;0~4;0~4;Sports~Arts;ENFP
28~30;Male;0;5~6;2~5;0~4;0~4;Sports~Arts;ENFP
28~30;Male;0;5~6;2~5;0~4;0~4;Sports~Arts;ENFP
26~29;Male;0;6~9;2~5;1~3;3~4;Sports~Arts;ENFP
26~29;Male;0;6~9;2~5;1~3;3~4;Sports~Arts;ENFP
26~29;Male;0;6~9;2~5;1~3;3~4;Sports~Arts;ENFP
26~29;Male;0;6~9;2~5;1~3;3~4;Sports~Arts;ENFP
26~29;Male;0;6~9;2~5;1~3;3~4;Sports~Arts;ENFP
26~29;Male;0;6~9;2~5;1~3;3~4;Sports~Arts;ENFP
31~37;Male;0;5~7;1~4;1~3;2~4;Arts;ENFP
31~37;Male;0;5~7;1~4;1~3;2~4;Arts;ENFP
31~37;Male;0;5~7;1~4;1~3;2~4;Arts;ENFP
31~37;Male;0;5~7;1~4;1~3;2~4;Arts;ENFP
31~37;Male;0;5~7;1~4;1~3;2~4;Arts;ENFP
31~37;Male;0;5~7;1~4;1~3;2~4;Arts;ENFP
34~43;Male;0;8~9;3~4;0~4;3~4;Sports~Arts;ENFP
34~43;Male;0;8~9;3~4;0~4;3~4;Sports~Arts;ENFP
34~43;Male;0;8~9;3~4;0~4;3~4;Sports~Arts;ENFP
34~43;Male;0;8~9;3~4;0~4;3~4;Sports~Arts;ENFP
34~43;Male;0;8~9;3~4;0~4;3~4;Sports~Arts;ENFP
34~43;Male;0;8~9;3~4;0~4;3~4;Sports~Arts;ENFP
26~28;Male;0;5~5;2~5;0~4;4~6;Unknown~Technology;ENFP
26~28;Male;0;5~5;2~5;0~4;4~6;Unknown~Technology;ENFP
26~28;Male;0;5~5;2~5;0~4;4~6;Unknown~Technology;ENFJ
26~28;Male;0;5~5;2~5;0~4;4~6;Unknown~Technology;ENFJ
26~28;Male;0;5~5;2~5;0~4;4~6;Unknown~Technology;ENFJ
26~28;Male;0;5~5;2~5;0~4;4~6;Unknown~Technology;ENFP
26~28;Male;0;5~5;2~5;0~4;4~6;Unknown~Technology;ENFP
26~28;Male;0;5~5;2~5;0~4;4~6;Unknown~Technology;ENFP
26~28;Male;0;5~5;2~5;0~4;4~6;Unknown~Technology;ENFP
26~28;Male;0;6~9;3~5;0~4;4~6;Unknown~Technology;ENFP
26~28;Male;0;6~9;3~5;0~4;4~6;Unknown~Technology;ENFP
26~28;Male;0;6~9;3~5;0~4;4~6;Unknown~Technology;ENFP
26~28;Male;0;6~9;3~5;0~4;4~6;Unknown~Technology;ENFP
26~28;Male;0;6~9;3~5;0~4;4~6;Unknown~Technology;ENFP
26~28;Male;0;6~9;3~5;0~4;4~6;Unknown~Technology;ENFP
26~28;Male;0;6~9;3~5;0~4;4~6;Unknown~Technology;ENFP
26~28;Male;0;6~9;3~5;0~4;4~6;Unknown~Technology;ENFP
26~28;Male;0;6~9;3~5;0~4;4~6;Unknown~Technology;ENFJ
29~33;Male;0;5~9;1~5;0~4;4~7;Unknown~Technology;ENFJ
29~33;Male;0;5~9;1~5;0~4;4~7;Unknown~Technology;ENFP
29~33;Male;0;5~9;1~5;0~4;4~7;Unknown~Technology;ENFJ
29~33;Male;0;5~9;1~5;0~4;4~7;Unknown~Technology;ENFP
29~33;Male;0;5~9;1~5;0~4;4~7;Unknown~Technology;ENFJ
29~33;Male;0;5~9;1~5;0~4;4~7;Unknown~Technology;ENFP
29~33;Male;0;5~9;1~5;0~4;4~7;Unknown~Technology;ENFJ
29~33;Male;0;5~9;1~5;0~4;4~7;Unknown~Technology;ENFP
29~33;Male;0;5~9;1~5;0~4;4~7;Unknown~Technology;ENFP
35~48;Male;0;6~9;3~4;0~4;4~7;Unknown~Technology;ENFJ
35~48;Male;0;6~9;3~4;0~4;4~7;Unknown~Technology;ENFP
35~48;Male;0;6~9;3~4;0~4;4~7;Unknown~Technology;ENFP
35~48;Male;0;6~9;3~4;0~4;4~7;Unknown~Technology;ENFP
35~48;Male;0;6~9;3~4;0~4;4~7;Unknown~Technology;ENFJ
35~48;Male;0;6~9;3~4;0~4;4~7;Unknown~Technology;ENFJ
35~48;Male;0;6~9;3~4;0~4;4~7;Unknown~Technology;ENFP
26~29;Male;0;6~8;3~4;1~3;4~7;Others~Sports;ENFP
26~29;Male;0;6~8;3~4;1~3;4~7;Others~Sports;ENFP
26~29;Male;0;6~8;3~4;1~3;4~7;Others~Sports;ENFJ
26~29;Male;0;6~8;3~4;1~3;4~7;Others~Sports;ENFJ
26~29;Male;0;6~8;3~4;1~3;4~7;Others~Sports;ENFJ
26~30;Male;0;8~9;3~4;0~4;4~6;Others~Sports;ENFP
26~30;Male;0;8~9;3~4;0~4;4~6;Others~Sports;ENFJ
26~30;Male;0;8~9;3~4;0~4;4~6;Others~Sports;ENFP
26~30;Male;0;8~9;3~4;0~4;4~6;Others~Sports;ENFJ
26~30;Male;0;8~9;3~4;0~4;4~6;Others~Sports;ENFP
26~30;Male;0;6~9;1~5;0~3;4~6;Arts;ENFP
26~30;Male;0;6~9;1~5;0~3;4~6;Arts;ENFJ
26~30;Male;0;6~9;1~5;0~3;4~6;Arts;ENFP
26~30;Male;0;6~9;1~5;0~3;4~6;Arts;ENFP
26~30;Male;0;6~9;1~5;0~3;4~6;Arts;ENFP
26~30;Male;0;6~9;1~5;0~3;4~6;Arts;ENFP
31~33;Male;0;5~9;4~5;0~4;4~5;Others~Sports~Arts;ENFP
31~33;Male;0;5~9;4~5;0~4;4~5;Others~Sports~Arts;ENFP
31~33;Male;0;5~9;4~5;0~4;4~5;Others~Sports~Arts;ENFP
31~33;Male;0;5~9;4~5;0~4;4~5;Others~Sports~Arts;ENFP
31~33;Male;0;5~9;4~5;0~4;4~5;Others~Sports~Arts;ENFP
31~33;Male;0;5~9;4~5;0~4;4~5;Others~Sports~Arts;ENFP
35~48;Male;0;5~9;2~4;0~4;4~7;Others~Sports~Arts;ENFJ
35~48;Male;0;5~9;2~4;0~4;4~7;Others~Sports~Arts;ENFP
35~48;Male;0;5~9;2~4;0~4;4~7;Others~Sports~Arts;ENFJ
35~48;Male;0;5~9;2~4;0~4;4~7;Others~Sports~Arts;ENFJ
35~48;Male;0;5~9;2~4;0~4;4~7;Others~Sports~Arts;ENFP
35~48;Male;0;5~9;2~4;0~4;4~7;Others~Sports~Arts;ENFP
26~29;Male;0;7~9;2~4;4~7;1~3;Unknown~Technology;ENFP
26~29;Male;0;7~9;2~4;4~7;1~3;Unknown~Technology;ENTP
26~29;Male;0;7~9;2~4;4~7;1~3;Unknown~Technology;ENFP
26~29;Male;0;7~9;2~4;4~7;1~3;Unknown~Technology;ENTP
26~29;Male;0;7~9;2~4;4~7;1~3;Unknown~Technology;ENFP
27~29;Male;0;6~9;2~5;4~7;3~4;Unknown~Technology;ENTP
27~29;Male;0;6~9;2~5;4~7;3~4;Unknown~Technology;ENTP
27~29;Male;0;6~9;2~5;4~7;3~4;Unknown~Technology;ENFP
27~29;Male;0;6~9;2~5;4~7;3~4;Unknown~Technology;ENFP
27~29;Male;0;6~9;2~5;4~7;3~4;Unknown~Technology;ENFP
27~29;Male;0;6~9;2~5;4~7;3~4;Unknown~Technology;ENFP
26~27;Male;0;5~7;2~4;7~9;1~3;Unknown~Technology;ENTP
26~27;Male;0;5~7;2~4;7~9;1~3;Unknown~Technology;ENTP
26~27;Male;0;5~7;2~4;7~9;1~3;Unknown~Technology;ENTP
26~27;Male;0;5~7;2~4;7~9;1~3;Unknown~Technology;ENTP
26~27;Male;0;5~7;2~4;7~9;1~3;Unknown~Technology;ENTP
26~27;Male;0;5~7;2~4;7~9;1~3;Unknown~Technology;ENTP
26~29;Male;0;5~9;3~5;7~9;3~4;Unknown~Technology;ENTP
26~29;Male;0;5~9;3~5;7~9;3~4;Unknown~Technology;ENTP
26~29;Male;0;5~9;3~5;7~9;3~4;Unknown~Technology;ENTP
26~29;Male;0;5~9;3~5;7~9;3~4;Unknown~Technology;ENTP
26~29;Male;0;5~9;3~5;7~9;3~4;Unknown~Technology;ENTP
26~29;Male;0;5~9;3~5;7~9;3~4;Unknown~Technology;ENTP
30~32;Male;0;5~9;2~4;5~9;2~4;Unknown~Technology;ENFP
30~32;Male;0;5~9;2~4;5~9;2~4;Unknown~Technology;ENFP
30~32;Male;0;5~9;2~4;5~9;2~4;Unknown~Technology;ENTP
30~32;Male;0;5~9;2~4;5~9;2~4;Unknown~Technology;INFP
30~32;Male;0;5~9;2~4;5~9;2~4;Unknown~Technology;ENTP
30~32;Male;0;5~9;2~4;5~9;2~4;Unknown~Technology;ENTP
30~32;Male;0;5~9;2~4;5~9;2~4;Unknown~Technology;ENTP
30~32;Male;0;5~9;2~4;5~9;2~4;Unknown~Technology;ENTP
33~47;Male;0;5~9;2~5;5~9;2~4;Unknown~Technology;ENTP
33~47;Male;0;5~9;2~5;5~9;2~4;Unknown~Technology;ENTP
33~47;Male;0;5~9;2~5;5~9;2~4;Unknown~Technology;ENTP
33~47;Male;0;5~9;2~5;5~9;2~4;Unknown~Technology;ENTP
33~47;Male;0;5~9;2~5;5~9;2~4;Unknown~Technology;ENTP
33~47;Male;0;5~9;2~5;5~9;2~4;Unknown~Technology;ENFP
33~47;Male;0;5~9;2~5;5~9;2~4;Unknown~Technology;ENFP
33~47;Male;0;5~9;2~5;5~9;2~4;Unknown~Technology;ENTP
33~47;Male;0;5~9;2~5;5~9;2~4;Unknown~Technology;ENFP
26~28;Male;0;5~9;3~4;5~7;2~4;Others~Sports;ENFP
26~28;Male;0;5~9;3~4;5~7;2~4;Others~Sports;ENTP
26~28;Male;0;5~9;3~4;5~7;2~4;Others~Sports;ENFP
26~28;Male;0;5~9;3~4;5~7;2~4;Others~Sports;ENFP
26~28;Male;0;5~9;3~4;5~7;2~4;Others~Sports;ENTP
26~28;Male;0;6~9;3~4;7~9;1~4;Others~Sports~Arts;ENTP
26~28;Male;0;6~9;3~4;7~9;1~4;Others~Sports~Arts;ENTP
26~28;Male;0;6~9;3~4;7~9;1~4;Others~Sports~Arts;ENTP
26~28;Male;0;6~9;3~4;7~9;1~4;Others~Sports~Arts;ENTP
26~28;Male;0;6~9;3~4;7~9;1~4;Others~Sports~Arts;ENTP
26~28;Male;0;6~9;3~4;7~9;1~4;Others~Sports~Arts;ENTP
29~38;Male;0;6~8;2~5;5~7;0~4;Others~Sports~Arts;ENTP
29~38;Male;0;6~8;2~5;5~7;0~4;Others~Sports~Arts;ENTP
29~38;Male;0;6~8;2~5;5~7;0~4;Others~Sports~Arts;ENTP
29~38;Male;0;6~8;2~5;5~7;0~4;Others~Sports~Arts;ENFP
29~38;Male;0;6~8;2~5;5~7;0~4;Others~Sports~Arts;ENFP
32~36;Male;0;5~8;2~5;8~9;2~4;Others~Sports~Arts;ENTP
32~36;Male;0;5~8;2~5;8~9;2~4;Others~Sports~Arts;ENTP
32~36;Male;0;5~8;2~5;8~9;2~4;Others~Sports~Arts;ENTP
32~36;Male;0;5~8;2~5;8~9;2~4;Others~Sports~Arts;ENTP
32~36;Male;0;5~8;2~5;8~9;2~4;Others~Sports~Arts;ENTP
32~36;Male;0;5~8;2~5;8~9;2~4;Others~Sports~Arts;ENTP
26~30;Male;0;6~9;3~5;4~7;5~6;Unknown~Technology;ENTJ
26~30;Male;0;6~9;3~5;4~7;5~6;Unknown~Technology;ENFP
26~30;Male;0;6~9;3~5;4~7;5~6;Unknown~Technology;ENFP
26~30;Male;0;6~9;3~5;4~7;5~6;Unknown~Technology;ENFJ
26~30;Male;0;6~9;3~5;4~7;5~6;Unknown~Technology;ENFP
26~30;Male;0;6~9;3~5;4~7;5~6;Unknown~Technology;ENFP
26~30;Male;0;6~9;3~5;4~7;5~6;Unknown~Technology;ENFP
26~30;Male;0;6~9;3~5;4~7;5~6;Unknown~Technology;ENTP
26~30;Male;0;6~9;3~5;4~7;5~6;Unknown~Technology;ENTP
26~30;Male;0;5~9;2~5;7~9;4~6;Unknown~Technology;INTP
26~30;Male;0;5~9;2~5;7~9;4~6;Unknown~Technology;INTJ
26~30;Male;0;5~9;2~5;7~9;4~6;Unknown~Technology;ENTP
26~30;Male;0;5~9;2~5;7~9;4~6;Unknown~Technology;ENTJ
26~30;Male;0;5~9;2~5;7~9;4~6;Unknown~Technology;INTP
26~30;Male;0;5~9;2~5;7~9;4~6;Unknown~Technology;ENTJ
26~30;Male;0;5~9;2~5;7~9;4~6;Unknown~Technology;ENTP
26~30;Male;0;5~9;2~5;7~9;4~6;Unknown~Technology;ENTJ
26~30;Male;0;5~9;2~5;7~9;4~6;Unknown~Technology;ENTJ
31~37;Male;0;5~9;4~5;4~6;4~7;Unknown~Technology;ENFP
31~37;Male;0;5~9;4~5;4~6;4~7;Unknown~Technology;ENFP
31~37;Male;0;5~9;4~5;4~6;4~7;Unknown~Technology;ENFJ
31~37;Male;0;5~9;4~5;4~6;4~7;Unknown~Technology;ENTP
31~37;Male;0;5~9;4~5;4~6;4~7;Unknown~Technology;ENFJ
31~37;Male;0;5~9;4~5;4~6;4~7;Unknown~Technology;ENTJ
31~37;Male;0;5~9;4~5;4~6;4~7;Unknown~Technology;ENFP
31~37;Male;0;5~9;4~5;4~6;4~7;Unknown~Technology;ENFP
31~38;Male;0;5~9;3~4;7~9;5~7;Unknown~Technology;ENTP
31~38;Male;0;5~9;3~4;7~9;5~7;Unknown~Technology;ENTP
31~38;Male;0;5~9;3~4;7~9;5~7;Unknown~Technology;ENTP
31~38;Male;0;5~9;3~4;7~9;5~7;Unknown~Technology;ENTJ
31~38;Male;0;5~9;3~4;7~9;5~7;Unknown~Technology;ENTP
31~38;Male;0;5~9;3~4;7~9;5~7;Unknown~Technology;ENTP
31~38;Male;0;5~9;3~4;7~9;5~7;Unknown~Technology;ENTP
31~38;Male;0;5~9;3~4;7~9;5~7;Unknown~Technology;ENTP
27~32;Male;0;5~9;2~4;5~7;4~5;Others~Sports~Arts;ENFP
27~32;Male;0;5~9;2~4;5~7;4~5;Others~Sports~Arts;ENFJ
27~32;Male;0;5~9;2~4;5~7;4~5;Others~Sports~Arts;ENTP
27~32;Male;0;5~9;2~4;5~7;4~5;Others~Sports~Arts;ENTP
27~32;Male;0;5~9;2~4;5~7;4~5;Others~Sports~Arts;ENTP
27~32;Male;0;5~9;2~4;5~7;4~5;Others~Sports~Arts;ENFP
27~32;Male;0;5~9;2~4;5~7;4~5;Others~Sports~Arts;ENFP
27~32;Male;0;5~9;3~5;7~8;4~8;Others~Sports~Arts;ENTP
27~32;Male;0;5~9;3~5;7~8;4~8;Others~Sports~Arts;ENTP
27~32;Male;0;5~9;3~5;7~8;4~8;Others~Sports~Arts;ENTJ
27~32;Male;0;5~9;3~5;7~8;4~8;Others~Sports~Arts;ENTJ
27~32;Male;0;5~9;3~5;7~8;4~8;Others~Sports~Arts;ENTJ
27~32;Male;0;5~9;3~5;7~8;4~8;Others~Sports~Arts;ENTJ
27~32;Male;0;5~9;3~5;7~8;4~8;Others~Sports~Arts;INTP
27~32;Male;0;5~9;3~5;7~8;4~8;Others~Sports~Arts;ENTJ
33~47;Male;0;5~9;2~4;4~6;4~6;Others~Sports~Arts;ENTP
33~47;Male;0;5~9;2~4;4~6;4~6;Others~Sports~Arts;ENFP
33~47;Male;0;5~9;2~4;4~6;4~6;Others~Sports~Arts;ENTP
33~47;Male;0;5~9;2~4;4~6;4~6;Others~Sports~Arts;ENFJ
33~47;Male;0;5~9;2~4;4~6;4~6;Others~Sports~Arts;INTP
33~47;Male;0;5~9;2~4;4~6;4~6;Others~Sports~Arts;ENTP
33~36;Male;0;5~9;3~5;8~9;4~6;Others~Sports~Arts;ENTP
33~36;Male;0;5~9;3~5;8~9;4~6;Others~Sports~Arts;ENTP
33~36;Male;0;5~9;3~5;8~9;4~6;Others~Sports~Arts;ENTP
33~36;Male;0;5~9;3~5;8~9;4~6;Others~Sports~Arts;ENTJ
33~36;Male;0;5~9;3~5;8~9;4~6;Others~Sports~Arts;ENTP
33~36;Male;0;5~9;3~5;8~9;4~6;Others~Sports~Arts;ENTP
33~36;Male;0;5~9;3~5;8~9;4~6;Others~Sports~Arts;ENTJ
26~31;Male;0;5~9;5~6;0~4;0~3;Unknown~Technology;ENFP
26~31;Male;0;5~9;5~6;0~4;0~3;Unknown~Technology;ENFP
26~31;Male;0;5~9;5~6;0~4;0~3;Unknown~Technology;ENFP
26~31;Male;0;5~9;5~6;0~4;0~3;Unknown~Technology;ENFP
26~31;Male;0;5~9;5~6;0~4;0~3;Unknown~Technology;ENFP
26~31;Male;0;5~9;5~6;0~4;0~3;Unknown~Technology;ENFP
26~31;Male;0;5~9;5~6;0~4;0~3;Unknown~Technology;ENFP
26~31;Male;0;5~9;5~6;0~4;0~3;Unknown~Technology;ENFP
26~31;Male;0;5~9;5~6;0~4;0~3;Unknown~Technology;ENFP
27~30;Male;0;5~7;5~7;1~4;4~4;Unknown~Technology;ENFP
27~30;Male;0;5~7;5~7;1~4;4~4;Unknown~Technology;ESFP
27~30;Male;0;5~7;5~7;1~4;4~4;Unknown~Technology;ESFP
27~30;Male;0;5~7;5~7;1~4;4~4;Unknown~Technology;ENFP
27~30;Male;0;5~7;5~7;1~4;4~4;Unknown~Technology;ENFP
28~31;Male;0;7~9;5~6;0~4;4~4;Unknown;ENFP
28~31;Male;0;7~9;5~6;0~4;4~4;Unknown;ENFP
28~31;Male;0;7~9;5~6;0~4;4~4;Unknown;ESFP
28~31;Male;0;7~9;5~6;0~4;4~4;Unknown;ENFP
28~31;Male;0;7~9;5~6;0~4;4~4;Unknown;ENFP
32~40;Male;0;6~9;5~7;1~4;1~3;Unknown~Technology;ESFP
32~40;Male;0;6~9;5~7;1~4;1~3;Unknown~Technology;ESFP
32~40;Male;0;6~9;5~7;1~4;1~3;Unknown~Technology;ESFP
32~40;Male;0;6~9;5~7;1~4;1~3;Unknown~Technology;ESFP
32~40;Male;0;6~9;5~7;1~4;1~3;Unknown~Technology;ENFP
32~40;Male;0;6~9;5~7;1~4;1~3;Unknown~Technology;ENFP
32~40;Male;0;6~9;5~7;1~4;1~3;Unknown~Technology;ENFP
32~40;Male;0;6~9;5~7;1~4;1~3;Unknown~Technology;ESFP
32~42;Male;0;6~9;5~6;0~4;4~4;Unknown;ESFP
32~42;Male;0;6~9;5~6;0~4;4~4;Unknown;ESFP
32~42;Male;0;6~9;5~6;0~4;4~4;Unknown;ENFP
32~42;Male;0;6~9;5~6;0~4;4~4;Unknown;ESFP
32~42;Male;0;6~9;5~6;0~4;4~4;Unknown;ENFP
32~42;Male;0;6~9;5~6;0~4;4~4;Unknown;ENFP
32~42;Male;0;6~9;5~6;0~4;4~4;Unknown;ESFP
32~42;Male;0;6~9;5~6;0~4;4~4;Unknown;ENFP
32~42;Male;0;6~9;5~6;0~4;4~4;Unknown;ENFP
26~29;Male;0;6~9;5~7;0~4;1~3;Others~Sports~Arts;ESFP
26~29;Male;0;6~9;5~7;0~4;1~3;Others~Sports~Arts;ESFP
26~29;Male;0;6~9;5~7;0~4;1~3;Others~Sports~Arts;ENFP
26~29;Male;0;6~9;5~7;0~4;1~3;Others~Sports~Arts;ENFP
26~29;Male;0;6~9;5~7;0~4;1~3;Others~Sports~Arts;ESFP
26~29;Male;0;6~9;5~7;0~4;1~3;Others~Sports~Arts;ESFP
26~29;Male;0;6~9;5~7;0~4;1~3;Others~Sports~Arts;ENFP
26~29;Male;0;5~9;5~7;0~3;3~4;Others~Sports~Arts;ENFP
26~29;Male;0;5~9;5~7;0~3;3~4;Others~Sports~Arts;ENFP
26~29;Male;0;5~9;5~7;0~3;3~4;Others~Sports~Arts;ISFP
26~29;Male;0;5~9;5~7;0~3;3~4;Others~Sports~Arts;ENFP
26~29;Male;0;5~9;5~7;0~3;3~4;Others~Sports~Arts;ENFP
26~29;Male;0;5~9;5~7;0~3;3~4;Others~Sports~Arts;ESFP
26~29;Male;0;5~9;5~7;0~3;3~4;Others~Sports~Arts;ENFP
26~29;Male;0;5~9;5~7;0~3;3~4;Others~Sports~Arts;ENFP
30~39;Male;0;5~8;5~6;1~3;2~3;Others~Sports~Arts;INFP
30~39;Male;0;5~8;5~6;1~3;2~3;Others~Sports~Arts;ENFP
30~39;Male;0;5~8;5~6;1~3;2~3;Others~Sports~Arts;ENFP
30~39;Male;0;5~8;5~6;1~3;2~3;Others~Sports~Arts;ENFP
30~39;Male;0;5~8;5~6;1~3;2~3;Others~Sports~Arts;ESFP
30~41;Male;0;5~9;5~7;0~4;3~4;Others~Sports~Arts;ESFP
30~41;Male;0;5~9;5~7;0~4;3~4;Others~Sports~Arts;ESFP
30~41;Male;0;5~9;5~7;0~4;3~4;Others~Sports~Arts;ENFP
30~41;Male;0;5~9;5~7;0~4;3~4;Others~Sports~Arts;ESFP
30~41;Male;0;5~9;5~7;0~4;3~4;Others~Sports~Arts;INFP
30~41;Male;0;5~9;5~7;0~4;3~4;Others~Sports~Arts;ESFP
26~28;Male;0;5~6;5~6;0~4;5~7;Unknown;ENFP
26~28;Male;0;5~6;5~6;0~4;5~7;Unknown;ENFP
26~28;Male;0;5~6;5~6;0~4;5~7;Unknown;ENFP
26~28;Male;0;5~6;5~6;0~4;5~7;Unknown;ENFJ
26~28;Male;0;5~6;5~6;0~4;5~7;Unknown;ENFP
26~28;Male;0;5~6;5~6;0~4;5~7;Unknown;ESFJ
26~28;Male;0;5~6;5~6;0~4;5~7;Unknown;ISFJ
26~28;Male;0;5~6;5~6;0~4;5~7;Unknown;ENFJ
26~28;Male;0;7~9;5~6;0~4;4~6;Unknown;ENFP
26~28;Male;0;7~9;5~6;0~4;4~6;Unknown;ENFP
26~28;Male;0;7~9;5~6;0~4;4~6;Unknown;ESFJ
26~28;Male;0;7~9;5~6;0~4;4~6;Unknown;ENFP
26~28;Male;0;7~9;5~6;0~4;4~6;Unknown;ENFP
26~28;Male;0;7~9;5~6;0~4;4~6;Unknown;ENFP
26~28;Male;0;7~9;5~6;0~4;4~6;Unknown;ESFP
26~28;Male;0;7~9;5~6;0~4;4~6;Unknown;ENFP
30~39;Male;0;5~7;5~7;1~4;4~6;Unknown;ESFP
30~39;Male;0;5~7;5~7;1~4;4~6;Unknown;ENFP
30~39;Male;0;5~7;5~7;1~4;4~6;Unknown;INFP
30~39;Male;0;5~7;5~7;1~4;4~6;Unknown;ENFP
30~39;Male;0;5~7;5~7;1~4;4~6;Unknown;ESFP
30~39;Male;0;5~7;5~7;1~4;4~6;Unknown;ESFP
30~39;Male;0;5~7;5~7;1~4;4~6;Unknown;ENFP
30~39;Male;0;5~7;5~7;1~4;4~6;Unknown;ESFJ
29~40;Male;0;7~9;5~7;0~4;4~6;Unknown;ESFP
29~40;Male;0;7~9;5~7;0~4;4~6;Unknown;ESFJ
29~40;Male;0;7~9;5~7;0~4;4~6;Unknown;ESFP
29~40;Male;0;7~9;5~7;0~4;4~6;Unknown;ENFP
29~40;Male;0;7~9;5~7;0~4;4~6;Unknown;ENFP
29~40;Male;0;7~9;5~7;0~4;4~6;Unknown;ENFP
29~40;Male;0;7~9;5~7;0~4;4~6;Unknown;ENFP
29~40;Male;0;7~9;5~7;0~4;4~6;Unknown;ENFP
26~30;Male;0;5~7;5~7;0~3;4~7;Technology~Others~Sports;ENFP
26~30;Male;0;5~7;5~7;0~3;4~7;Technology~Others~Sports;ENFJ
26~30;Male;0;5~7;5~7;0~3;4~7;Technology~Others~Sports;ENFP
26~30;Male;0;5~7;5~7;0~3;4~7;Technology~Others~Sports;ESFJ
26~30;Male;0;5~7;5~7;0~3;4~7;Technology~Others~Sports;ESFP
26~30;Male;0;5~7;5~7;0~3;4~7;Technology~Others~Sports;ESFJ
26~30;Male;0;7~9;5~7;0~3;5~6;Technology~Others~Sports;ESFP
26~30;Male;0;7~9;5~7;0~3;5~6;Technology~Others~Sports;ENFP
26~30;Male;0;7~9;5~7;0~3;5~6;Technology~Others~Sports;ESFP
26~30;Male;0;7~9;5~7;0~3;5~6;Technology~Others~Sports;ENFJ
26~30;Male;0;7~9;5~7;0~3;5~6;Technology~Others~Sports;ESFP
26~30;Male;0;7~9;5~7;0~3;5~6;Technology~Others~Sports;ENFJ
26~30;Male;0;7~9;5~7;0~3;5~6;Technology~Others~Sports;ESFP
31~40;Male;0;6~9;5~7;0~3;4~7;Technology~Others~Sports;ENFJ
31~40;Male;0;6~9;5~7;0~3;4~7;Technology~Others~Sports;ESFP
31~40;Male;0;6~9;5~7;0~3;4~7;Technology~Others~Sports;ENFJ
31~40;Male;0;6~9;5~7;0~3;4~7;Technology~Others~Sports;ENFJ
31~40;Male;0;6~9;5~7;0~3;4~7;Technology~Others~Sports;ENFP
31~40;Male;0;6~9;5~7;0~3;4~7;Technology~Others~Sports;ENFJ
31~40;Male;0;6~9;5~7;0~3;4~7;Technology~Others~Sports;ENFP
26~27;Male;0;5~9;5~6;0~3;4~8;Arts;ENFJ
26~27;Male;0;5~9;5~6;0~3;4~8;Arts;ENFP
26~27;Male;0;5~9;5~6;0~3;4~8;Arts;ESFP
26~27;Male;0;5~9;5~6;0~3;4~8;Arts;ENFP
26~27;Male;0;5~9;5~6;0~3;4~8;Arts;ENFP
28~34;Male;0;5~9;5~7;1~4;4~6;Arts;ESFP
28~34;Male;0;5~9;5~7;1~4;4~6;Arts;ENFP
28~34;Male;0;5~9;5~7;1~4;4~6;Arts;ENFJ
28~34;Male;0;5~9;5~7;1~4;4~6;Arts;ISFP
28~34;Male;0;5~9;5~7;1~4;4~6;Arts;ENFP
26~29;Male;0;5~9;5~7;4~6;2~4;Unknown~Technology;ENFP
26~29;Male;0;5~9;5~7;4~6;2~4;Unknown~Technology;ESFP
26~29;Male;0;5~9;5~7;4~6;2~4;Unknown~Technology;ENFP
26~29;Male;0;5~9;5~7;4~6;2~4;Unknown~Technology;ENFP
26~29;Male;0;5~9;5~7;4~6;2~4;Unknown~Technology;ENFP
26~29;Male;0;5~9;5~7;4~6;2~4;Unknown~Technology;ESFP
26~29;Male;0;5~9;5~7;4~6;2~4;Unknown~Technology;ESFP
26~29;Male;0;5~9;5~7;4~6;2~4;Unknown~Technology;ENFP
26~29;Male;0;5~9;5~7;4~6;2~4;Unknown~Technology;ENFP
26~29;Male;0;5~9;5~7;6~9;3~4;Unknown~Technology;ENTP
26~29;Male;0;5~9;5~7;6~9;3~4;Unknown~Technology;ENTP
26~29;Male;0;5~9;5~7;6~9;3~4;Unknown~Technology;ENTP
26~29;Male;0;5~9;5~7;6~9;3~4;Unknown~Technology;ESTP
26~29;Male;0;5~9;5~7;6~9;3~4;Unknown~Technology;ESTP
26~29;Male;0;5~9;5~7;6~9;3~4;Unknown~Technology;ENTP
26~29;Male;0;5~9;5~7;6~9;3~4;Unknown~Technology;ENTP
26~29;Male;0;5~9;5~7;6~9;3~4;Unknown~Technology;ENTP
26~29;Male;0;5~9;5~7;6~9;3~4;Unknown~Technology;ISTP
31~38;Male;0;5~9;5~7;4~7;3~4;Unknown;ESTP
31~38;Male;0;5~9;5~7;4~7;3~4;Unknown;ENFP
31~38;Male;0;5~9;5~7;4~7;3~4;Unknown;ENFP
31~38;Male;0;5~9;5~7;4~7;3~4;Unknown;ESTP
31~38;Male;0;5~9;5~7;4~7;3~4;Unknown;ESFP
31~38;Male;0;5~9;5~7;4~7;3~4;Unknown;ENFP
31~38;Male;0;5~9;5~7;4~7;3~4;Unknown;ENTP
30~38;Male;0;6~8;5~7;8~9;2~4;Unknown~Technology;ESTP
30~38;Male;0;6~8;5~7;8~9;2~4;Unknown~Technology;ESTP
30~38;Male;0;6~8;5~7;8~9;2~4;Unknown~Technology;ENTP
30~38;Male;0;6~8;5~7;8~9;2~4;Unknown~Technology;ENTP
30~38;Male;0;6~8;5~7;8~9;2~4;Unknown~Technology;ENTP
30~38;Male;0;6~8;5~7;8~9;2~4;Unknown~Technology;ENTP
30~38;Male;0;6~8;5~7;8~9;2~4;Unknown~Technology;ESTP
30~38;Male;0;6~8;5~7;8~9;2~4;Unknown~Technology;ENTP
26~31;Male;0;6~9;5~6;4~5;1~4;Others~Sports~Arts;ENFP
26~31;Male;0;6~9;5~6;4~5;1~4;Others~Sports~Arts;ENTP
26~31;Male;0;6~9;5~6;4~5;1~4;Others~Sports~Arts;ENFP
26~31;Male;0;6~9;5~6;4~5;1~4;Others~Sports~Arts;ENFP
26~31;Male;0;6~9;5~6;4~5;1~4;Others~Sports~Arts;ENFP
26~31;Male;0;6~9;5~6;4~5;1~4;Others~Sports~Arts;ESTP
26~31;Male;0;6~9;5~6;4~5;1~4;Others~Sports~Arts;ENFP
26~31;Male;0;6~9;5~7;6~8;2~4;Others~Sports~Arts;ENTP
26~31;Male;0;6~9;5~7;6~8;2~4;Others~Sports~Arts;ENFP
26~31;Male;0;6~9;5~7;6~8;2~4;Others~Sports~Arts;ENTP
26~31;Male;0;6~9;5~7;6~8;2~4;Others~Sports~Arts;ENTP
26~31;Male;0;6~9;5~7;6~8;2~4;Others~Sports~Arts;ENTP
26~31;Male;0;6~9;5~7;6~8;2~4;Others~Sports~Arts;ENTP
26~31;Male;0;6~9;5~7;6~8;2~4;Others~Sports~Arts;ESTP
26~31;Male;0;6~9;5~7;6~8;2~4;Others~Sports~Arts;ENTP
32~38;Male;0;6~8;5~6;4~5;1~4;Others~Sports~Arts;ENFP
32~38;Male;0;6~8;5~6;4~5;1~4;Others~Sports~Arts;ENFP
32~38;Male;0;6~8;5~6;4~5;1~4;Others~Sports~Arts;ENFP
32~38;Male;0;6~8;5~6;4~5;1~4;Others~Sports~Arts;ENFP
32~38;Male;0;6~8;5~6;4~5;1~4;Others~Sports~Arts;ESFP
32~38;Male;0;6~8;5~6;4~5;1~4;Others~Sports~Arts;ENFP
32~38;Male;0;6~8;5~6;4~5;1~4;Others~Sports~Arts;ESFP
33~40;Male;0;7~9;5~6;5~9;0~4;Others~Sports~Arts;ENTP
33~40;Male;0;7~9;5~6;5~9;0~4;Others~Sports~Arts;ENTP
33~40;Male;0;7~9;5~6;5~9;0~4;Others~Sports~Arts;ESFP
33~40;Male;0;7~9;5~6;5~9;0~4;Others~Sports~Arts;ESTP
33~40;Male;0;7~9;5~6;5~9;0~4;Others~Sports~Arts;ESTP
33~40;Male;0;7~9;5~6;5~9;0~4;Others~Sports~Arts;ESTP
33~40;Male;0;7~9;5~6;5~9;0~4;Others~Sports~Arts;ESTP
26~29;Male;0;6~7;5~5;4~7;5~6;Unknown;ENFP
26~29;Male;0;6~7;5~5;4~7;5~6;Unknown;ENFJ
26~29;Male;0;6~7;5~5;4~7;5~6;Unknown;ENTP
26~29;Male;0;6~7;5~5;4~7;5~6;Unknown;ENFP
26~29;Male;0;6~7;5~5;4~7;5~6;Unknown;ENFP
26~29;Male;0;8~9;5~6;5~7;5~6;Unknown~Technology;ESTP
26~29;Male;0;8~9;5~6;5~7;5~6;Unknown~Technology;ESTJ
26~29;Male;0;8~9;5~6;5~7;5~6;Unknown~Technology;ENTP
26~29;Male;0;8~9;5~6;5~7;5~6;Unknown~Technology;ENFP
26~29;Male;0;8~9;5~6;5~7;5~6;Unknown~Technology;ESTP
26~29;Male;0;8~9;5~6;5~7;5~6;Unknown~Technology;ESTP
26~29;Male;0;5~6;5~7;8~9;4~5;Unknown~Technology;ESTP
26~29;Male;0;5~6;5~7;8~9;4~5;Unknown~Technology;INTP
26~29;Male;0;5~6;5~7;8~9;4~5;Unknown~Technology;ENTP
26~29;Male;0;5~6;5~7;8~9;4~5;Unknown~Technology;ENTP
26~29;Male;0;5~6;5~7;8~9;4~5;Unknown~Technology;ENTP
26~29;Male;0;5~6;5~7;8~9;4~5;Unknown~Technology;ENTP
26~29;Male;0;6~9;5~6;8~9;5~7;Unknown~Technology;ENTP
26~29;Male;0;6~9;5~6;8~9;5~7;Unknown~Technology;ENTP
26~29;Male;0;6~9;5~6;8~9;5~7;Unknown~Technology;ENTP
26~29;Male;0;6~9;5~6;8~9;5~7;Unknown~Technology;ENTJ
26~29;Male;0;6~9;5~6;8~9;5~7;Unknown~Technology;ENTP
26~29;Male;0;6~9;5~6;8~9;5~7;Unknown~Technology;ENTP
30~44;Male;0;5~9;5~6;5~7;4~7;Unknown~Technology;ESTP
30~44;Male;0;5~9;5~6;5~7;4~7;Unknown~Technology;ESFP
30~44;Male;0;5~9;5~6;5~7;4~7;Unknown~Technology;ESTP
30~44;Male;0;5~9;5~6;5~7;4~7;Unknown~Technology;ENFP
30~44;Male;0;5~9;5~6;5~7;4~7;Unknown~Technology;ESFJ
30~44;Male;0;5~9;5~6;5~7;4~7;Unknown~Technology;ENFP
30~44;Male;0;5~9;5~6;5~7;4~7;Unknown~Technology;ENTP
30~44;Male;0;5~9;5~6;5~7;4~7;Unknown~Technology;ENFP
30~44;Male;0;5~9;5~6;5~7;4~7;Unknown~Technology;ENTP
30~41;Male;0;5~7;5~6;7~9;5~8;Unknown~Technology;ISTP
30~41;Male;0;5~7;5~6;7~9;5~8;Unknown~Technology;ESTJ
30~41;Male;0;5~7;5~6;7~9;5~8;Unknown~Technology;ESTP
30~41;Male;0;5~7;5~6;7~9;5~8;Unknown~Technology;ENTP
30~41;Male;0;5~7;5~6;7~9;5~8;Unknown~Technology;ENTJ
32~42;Male;0;7~9;5~6;8~9;5~6;Unknown~Technology;ESTP
32~42;Male;0;7~9;5~6;8~9;5~6;Unknown~Technology;ENTJ
32~42;Male;0;7~9;5~6;8~9;5~6;Unknown~Technology;ENTP
32~42;Male;0;7~9;5~6;8~9;5~6;Unknown~Technology;ESTJ
32~42;Male;0;7~9;5~6;8~9;5~6;Unknown~Technology;ENTJ
26~28;Male;0;5~9;5~6;5~6;5~6;Others~Sports~Arts;ENFJ
26~28;Male;0;5~9;5~6;5~6;5~6;Others~Sports~Arts;ENFP
26~28;Male;0;5~9;5~6;5~6;5~6;Others~Sports~Arts;ESFP
26~28;Male;0;5~9;5~6;5~6;5~6;Others~Sports~Arts;ENTJ
26~28;Male;0;5~9;5~6;5~6;5~6;Others~Sports~Arts;ENFP
26~28;Male;0;5~9;5~6;5~6;5~6;Others~Sports~Arts;ENFP
26~28;Male;0;6~9;5~7;7~9;5~7;Others~Sports~Arts;ENTJ
26~28;Male;0;6~9;5~7;7~9;5~7;Others~Sports~Arts;ESTP
26~28;Male;0;6~9;5~7;7~9;5~7;Others~Sports~Arts;ENTJ
26~28;Male;0;6~9;5~7;7~9;5~7;Others~Sports~Arts;ENTJ
26~28;Male;0;6~9;5~7;7~9;5~7;Others~Sports~Arts;ENTP
26~28;Male;0;6~9;5~7;7~9;5~7;Others~Sports~Arts;ESTP
29~42;Male;0;5~9;5~7;5~9;5~7;Others~Sports~Arts;ENTP
29~42;Male;0;5~9;5~7;5~9;5~7;Others~Sports~Arts;ENTP
29~42;Male;0;5~9;5~7;5~9;5~7;Others~Sports~Arts;ENTP
29~42;Male;0;5~9;5~7;5~9;5~7;Others~Sports~Arts;ENTP
29~42;Male;0;5~9;5~7;5~9;5~7;Others~Sports~Arts;ESTJ
29~42;Male;0;5~9;5~7;5~9;5~7;Others~Sports~Arts;ENTP
29~42;Male;0;5~9;5~7;5~9;5~7;Others~Sports~Arts;ESTJ
29~42;Male;0;5~9;5~7;5~9;5~7;Others~Sports~Arts;ENFP
26~30;Male;1;0~4;3~4;0~4;2~3;Unknown~Technology;INFP
26~30;Male;1;0~4;3~4;0~4;2~3;Unknown~Technology;INFP
26~30;Male;1;0~4;3~4;0~4;2~3;Unknown~Technology;INFP
26~30;Male;1;0~4;3~4;0~4;2~3;Unknown~Technology;INFP
26~30;Male;1;0~4;3~4;0~4;2~3;Unknown~Technology;INFP
26~30;Male;1;0~4;3~4;0~4;2~3;Unknown~Technology;INFP
26~30;Male;1;0~4;3~4;0~4;2~3;Unknown~Technology;INFP
26~30;Male;1;0~4;2~5;1~4;3~4;Unknown~Technology;INFP
26~30;Male;1;0~4;2~5;1~4;3~4;Unknown~Technology;INFP
26~30;Male;1;0~4;2~5;1~4;3~4;Unknown~Technology;INFP
26~30;Male;1;0~4;2~5;1~4;3~4;Unknown~Technology;INFP
26~30;Male;1;0~4;2~5;1~4;3~4;Unknown~Technology;INFP
26~30;Male;1;0~4;2~5;1~4;3~4;Unknown~Technology;INFP
26~30;Male;1;0~4;2~5;1~4;3~4;Unknown~Technology;INFP
31~34;Male;1;0~3;1~4;0~4;2~3;Unknown;INFP
31~34;Male;1;0~3;1~4;0~4;2~3;Unknown;INFP
31~34;Male;1;0~3;1~4;0~4;2~3;Unknown;INFP
31~34;Male;1;0~3;1~4;0~4;2~3;Unknown;INFP
31~34;Male;1;0~3;1~4;0~4;2~3;Unknown;INFP
31~35;Male;1;0~4;3~4;0~3;3~4;Unknown~Technology;INFP
31~35;Male;1;0~4;3~4;0~3;3~4;Unknown~Technology;INFP
31~35;Male;1;0~4;3~4;0~3;3~4;Unknown~Technology;INFP
31~35;Male;1;0~4;3~4;0~3;3~4;Unknown~Technology;INFP
31~35;Male;1;0~4;3~4;0~3;3~4;Unknown~Technology;INFP
31~35;Male;1;0~4;3~4;0~3;3~4;Unknown~Technology;INFP
26~27;Male;1;0~4;4~4;1~4;1~3;Others~Sports~Arts;INFP
26~27;Male;1;0~4;4~4;1~4;1~3;Others~Sports~Arts;INFP
26~27;Male;1;0~4;4~4;1~4;1~3;Others~Sports~Arts;ENFP
26~27;Male;1;0~4;4~4;1~4;1~3;Others~Sports~Arts;ENFP
26~27;Male;1;0~4;4~4;1~4;1~3;Others~Sports~Arts;INFP
26~27;Male;1;0~3;3~4;0~3;3~4;Sports~Arts;INFP
26~27;Male;1;0~3;3~4;0~3;3~4;Sports~Arts;INFP
26~27;Male;1;0~3;3~4;0~3;3~4;Sports~Arts;INFP
26~27;Male;1;0~3;3~4;0~3;3~4;Sports~Arts;INFP
26~27;Male;1;0~3;3~4;0~3;3~4;Sports~Arts;INFP
28~35;Male;1;0~4;3~4;0~4;0~3;Others~Sports~Arts;INFP
28~35;Male;1;0~4;3~4;0~4;0~3;Others~Sports~Arts;INFP
28~35;Male;1;0~4;3~4;0~4;0~3;Others~Sports~Arts;INFP
28~35;Male;1;0~4;3~4;0~4;0~3;Others~Sports~Arts;INFP
28~35;Male;1;0~4;3~4;0~4;0~3;Others~Sports~Arts;INFP
28~38;Male;1;0~3;4~5;0~3;3~4;Others~Sports~Arts;INFP
28~38;Male;1;0~3;4~5;0~3;3~4;Others~Sports~Arts;INFP
28~38;Male;1;0~3;4~5;0~3;3~4;Others~Sports~Arts;INFP
28~38;Male;1;0~3;4~5;0~3;3~4;Others~Sports~Arts;INFP
28~38;Male;1;0~3;4~5;0~3;3~4;Others~Sports~Arts;INFP
28~38;Male;1;0~3;4~5;0~3;3~4;Others~Sports~Arts;INFP
26~28;Male;1;0~4;2~4;0~4;5~7;Unknown~Technology;INFP
26~28;Male;1;0~4;2~4;0~4;5~7;Unknown~Technology;INFP
26~28;Male;1;0~4;2~4;0~4;5~7;Unknown~Technology;INFP
26~28;Male;1;0~4;2~4;0~4;5~7;Unknown~Technology;INFP
26~28;Male;1;0~4;2~4;0~4;5~7;Unknown~Technology;INFP
26~28;Male;1;0~4;2~4;0~4;5~7;Unknown~Technology;INFP
26~28;Male;1;0~4;2~4;0~4;5~7;Unknown~Technology;INFP
26~28;Male;1;1~3;4~5;0~3;5~6;Unknown~Technology;INFP
26~28;Male;1;1~3;4~5;0~3;5~6;Unknown~Technology;INFP
26~28;Male;1;1~3;4~5;0~3;5~6;Unknown~Technology;INFP
26~28;Male;1;1~3;4~5;0~3;5~6;Unknown~Technology;INFP
26~28;Male;1;1~3;4~5;0~3;5~6;Unknown~Technology;INFP
26~28;Male;1;1~3;4~5;0~3;5~6;Unknown~Technology;INFP
26~28;Male;1;1~3;4~5;0~3;5~6;Unknown~Technology;INFP
29~37;Male;1;0~4;2~3;0~4;4~6;Unknown~Technology;INFP
29~37;Male;1;0~4;2~3;0~4;4~6;Unknown~Technology;INFP
29~37;Male;1;0~4;2~3;0~4;4~6;Unknown~Technology;INFP
29~37;Male;1;0~4;2~3;0~4;4~6;Unknown~Technology;INFP
29~37;Male;1;0~4;2~3;0~4;4~6;Unknown~Technology;ENFP
29~38;Male;1;0~4;4~5;0~3;5~5;Unknown~Technology;ENFP
29~38;Male;1;0~4;4~5;0~3;5~5;Unknown~Technology;INFP
29~38;Male;1;0~4;4~5;0~3;5~5;Unknown~Technology;INFP
29~38;Male;1;0~4;4~5;0~3;5~5;Unknown~Technology;ENFP
29~38;Male;1;0~4;4~5;0~3;5~5;Unknown~Technology;INFP
26~28;Male;1;0~3;3~3;0~3;4~6;Others~Sports~Arts;INFP
26~28;Male;1;0~3;3~3;0~3;4~6;Others~Sports~Arts;INFP
26~28;Male;1;0~3;3~3;0~3;4~6;Others~Sports~Arts;INFP
26~28;Male;1;0~3;3~3;0~3;4~6;Others~Sports~Arts;INFP
26~28;Male;1;0~3;3~3;0~3;4~6;Others~Sports~Arts;INFP
27~29;Male;1;0~4;4~5;0~4;5~6;Others~Sports~Arts;INFP
27~29;Male;1;0~4;4~5;0~4;5~6;Others~Sports~Arts;INFP
27~29;Male;1;0~4;4~5;0~4;5~6;Others~Sports~Arts;ENFP
27~29;Male;1;0~4;4~5;0~4;5~6;Others~Sports~Arts;INFP
27~29;Male;1;0~4;4~5;0~4;5~6;Others~Sports~Arts;INFP
27~29;Male;1;0~4;4~5;0~4;5~6;Others~Sports~Arts;INFP
31~40;Male;1;2~4;3~4;0~4;4~6;Sports~Arts;INFP
31~40;Male;1;2~4;3~4;0~4;4~6;Sports~Arts;INFP
31~40;Male;1;2~4;3~4;0~4;4~6;Sports~Arts;INFP
31~40;Male;1;2~4;3~4;0~4;4~6;Sports~Arts;INFP
31~40;Male;1;2~4;3~4;0~4;4~6;Sports~Arts;INFP
31~40;Male;1;2~4;3~4;0~4;4~6;Sports~Arts;INFP
30~42;Male;1;0~4;4~5;0~3;5~6;Others~Sports~Arts;INFP
30~42;Male;1;0~4;4~5;0~3;5~6;Others~Sports~Arts;INFP
30~42;Male;1;0~4;4~5;0~3;5~6;Others~Sports~Arts;INFP
30~42;Male;1;0~4;4~5;0~3;5~6;Others~Sports~Arts;INFP
30~42;Male;1;0~4;4~5;0~3;5~6;Others~Sports~Arts;INFP
30~42;Male;1;0~4;4~5;0~3;5~6;Others~Sports~Arts;ENFP
26~28;Male;1;0~4;3~4;5~6;2~4;Unknown;INFP
26~28;Male;1;0~4;3~4;5~6;2~4;Unknown;INFP
26~28;Male;1;0~4;3~4;5~6;2~4;Unknown;INFP
26~28;Male;1;0~4;3~4;5~6;2~4;Unknown;INFP
26~28;Male;1;0~4;3~4;5~6;2~4;Unknown;ENTP
26~28;Male;1;0~4;3~4;5~6;2~4;Unknown;INFP
26~28;Male;1;0~3;3~5;7~9;1~4;Unknown~Technology;INTP
26~28;Male;1;0~3;3~5;7~9;1~4;Unknown~Technology;INTP
26~28;Male;1;0~3;3~5;7~9;1~4;Unknown~Technology;INTP
26~28;Male;1;0~3;3~5;7~9;1~4;Unknown~Technology;INTP
26~28;Male;1;0~3;3~5;7~9;1~4;Unknown~Technology;INTP
26~28;Male;1;0~3;3~5;7~9;1~4;Unknown~Technology;INTP
26~28;Male;1;0~3;3~5;7~9;1~4;Unknown~Technology;INTP
30~33;Male;1;1~3;2~4;4~6;3~4;Unknown;INFP
30~33;Male;1;1~3;2~4;4~6;3~4;Unknown;INFP
30~33;Male;1;1~3;2~4;4~6;3~4;Unknown;INFP
30~33;Male;1;1~3;2~4;4~6;3~4;Unknown;INTP
30~33;Male;1;1~3;2~4;4~6;3~4;Unknown;INFP
29~42;Male;1;0~4;4~4;6~9;2~4;Unknown~Technology;INTP
29~42;Male;1;0~4;4~4;6~9;2~4;Unknown~Technology;INTP
29~42;Male;1;0~4;4~4;6~9;2~4;Unknown~Technology;ENTP
29~42;Male;1;0~4;4~4;6~9;2~4;Unknown~Technology;INTP
29~42;Male;1;0~4;4~4;6~9;2~4;Unknown~Technology;INTP
29~42;Male;1;0~4;4~4;6~9;2~4;Unknown~Technology;INTP
26~29;Male;1;0~4;4~4;6~7;2~4;Others~Sports~Arts;INTP
26~29;Male;1;0~4;4~4;6~7;2~4;Others~Sports~Arts;INTP
26~29;Male;1;0~4;4~4;6~7;2~4;Others~Sports~Arts;INTP
26~29;Male;1;0~4;4~4;6~7;2~4;Others~Sports~Arts;INFP
26~29;Male;1;0~4;4~4;6~7;2~4;Others~Sports~Arts;INTP
26~29;Male;1;0~4;4~4;6~7;2~4;Others~Sports~Arts;INTP
26~29;Male;1;0~4;4~4;6~7;2~4;Others~Sports~Arts;INTP
26~29;Male;1;0~3;2~4;7~9;1~4;Others~Sports~Arts;INTP
26~29;Male;1;0~3;2~4;7~9;1~4;Others~Sports~Arts;INTP
26~29;Male;1;0~3;2~4;7~9;1~4;Others~Sports~Arts;INTP
26~29;Male;1;0~3;2~4;7~9;1~4;Others~Sports~Arts;INTP
26~29;Male;1;0~3;2~4;7~9;1~4;Others~Sports~Arts;INTP
26~29;Male;1;0~3;2~4;7~9;1~4;Others~Sports~Arts;INTP
26~29;Male;1;0~3;2~4;7~9;1~4;Others~Sports~Arts;INTP
30~37;Male;1;0~4;2~5;5~9;1~4;Others~Sports~Arts;INFP
30~37;Male;1;0~4;2~5;5~9;1~4;Others~Sports~Arts;INTP
30~37;Male;1;0~4;2~5;5~9;1~4;Others~Sports~Arts;INTP
30~37;Male;1;0~4;2~5;5~9;1~4;Others~Sports~Arts;INFP
30~37;Male;1;0~4;2~5;5~9;1~4;Others~Sports~Arts;INTP
30~37;Male;1;0~4;2~5;5~9;1~4;Others~Sports~Arts;ENTP
30~37;Male;1;0~4;2~5;5~9;1~4;Others~Sports~Arts;INTP
30~37;Male;1;0~4;2~5;5~9;1~4;Others~Sports~Arts;ENTP
26~28;Male;1;2~4;3~5;4~6;4~7;Unknown~Technology;INFP
26~28;Male;1;2~4;3~5;4~6;4~7;Unknown~Technology;INFP
26~28;Male;1;2~4;3~5;4~6;4~7;Unknown~Technology;ENFP
26~28;Male;1;2~4;3~5;4~6;4~7;Unknown~Technology;ENTP
26~28;Male;1;2~4;3~5;4~6;4~7;Unknown~Technology;INTP
26~28;Male;1;2~4;3~5;4~6;4~7;Unknown~Technology;INFP
26~28;Male;1;2~4;3~5;4~6;4~7;Unknown~Technology;INFP
26~27;Male;1;0~2;2~4;7~9;4~6;Unknown~Technology;INTP
26~27;Male;1;0~2;2~4;7~9;4~6;Unknown~Technology;INTP
26~27;Male;1;0~2;2~4;7~9;4~6;Unknown~Technology;INTP
26~27;Male;1;0~2;2~4;7~9;4~6;Unknown~Technology;INTP
26~27;Male;1;0~2;2~4;7~9;4~6;Unknown~Technology;INTP
26~27;Male;1;0~2;2~4;7~9;4~6;Unknown~Technology;INTP
26~27;Male;1;0~2;2~4;7~9;4~6;Unknown~Technology;INTP
30~39;Male;1;0~4;2~5;5~6;5~7;Unknown~Technology;ENFP
30~39;Male;1;0~4;2~5;5~6;5~7;Unknown~Technology;INFP
30~39;Male;1;0~4;2~5;5~6;5~7;Unknown~Technology;INFP
30~39;Male;1;0~4;2~5;5~6;5~7;Unknown~Technology;INFP
30~39;Male;1;0~4;2~5;5~6;5~7;Unknown~Technology;INFP
30~39;Male;1;0~4;2~5;5~6;5~7;Unknown~Technology;INFP
30~39;Male;1;0~4;2~5;5~6;5~7;Unknown~Technology;INFP
29~37;Male;1;0~4;1~5;7~9;5~7;Unknown~Technology;INTP
29~37;Male;1;0~4;1~5;7~9;5~7;Unknown~Technology;INTP
29~37;Male;1;0~4;1~5;7~9;5~7;Unknown~Technology;INTP
29~37;Male;1;0~4;1~5;7~9;5~7;Unknown~Technology;INTP
29~37;Male;1;0~4;1~5;7~9;5~7;Unknown~Technology;INTP
29~37;Male;1;0~4;1~5;7~9;5~7;Unknown~Technology;INTP
29~37;Male;1;0~4;1~5;7~9;5~7;Unknown~Technology;INTP
28~30;Male;1;1~2;2~4;5~7;5~7;Others~Sports~Arts;INTP
28~30;Male;1;1~2;2~4;5~7;5~7;Others~Sports~Arts;INTP
28~30;Male;1;1~2;2~4;5~7;5~7;Others~Sports~Arts;INFP
28~30;Male;1;1~2;2~4;5~7;5~7;Others~Sports~Arts;INTP
28~30;Male;1;1~2;2~4;5~7;5~7;Others~Sports~Arts;INFP
26~30;Male;1;0~4;2~4;7~9;5~6;Others~Sports~Arts;INTP
26~30;Male;1;0~4;2~4;7~9;5~6;Others~Sports~Arts;INTP
26~30;Male;1;0~4;2~4;7~9;5~6;Others~Sports~Arts;INTP
26~30;Male;1;0~4;2~4;7~9;5~6;Others~Sports~Arts;INTP
26~30;Male;1;0~4;2~4;7~9;5~6;Others~Sports~Arts;INTP
26~30;Male;1;0~4;2~4;7~9;5~6;Others~Sports~Arts;ENTP
32~40;Male;1;0~4;3~5;4~9;4~6;Others~Sports~Arts;INTP
32~40;Male;1;0~4;3~5;4~9;4~6;Others~Sports~Arts;INTP
32~40;Male;1;0~4;3~5;4~9;4~6;Others~Sports~Arts;ENFP
32~40;Male;1;0~4;3~5;4~9;4~6;Others~Sports~Arts;INTP
32~40;Male;1;0~4;3~5;4~9;4~6;Others~Sports~Arts;INFP
32~40;Male;1;0~4;3~5;4~9;4~6;Others~Sports~Arts;INFP
32~40;Male;1;0~4;3~5;4~9;4~6;Others~Sports~Arts;ENTP
32~40;Male;1;0~4;3~5;4~9;4~6;Others~Sports~Arts;INTP
27~29;Male;1;0~4;5~6;0~4;2~3;Unknown~Technology;ISFP
27~29;Male;1;0~4;5~6;0~4;2~3;Unknown~Technology;ISFP
27~29;Male;1;0~4;5~6;0~4;2~3;Unknown~Technology;INFP
27~29;Male;1;0~4;5~6;0~4;2~3;Unknown~Technology;INFP
27~29;Male;1;0~4;5~6;0~4;2~3;Unknown~Technology;INFP
27~30;Male;1;1~4;5~7;0~4;2~3;Others;INFP
27~30;Male;1;1~4;5~7;0~4;2~3;Others;ISFP
27~30;Male;1;1~4;5~7;0~4;2~3;Others;INFP
27~30;Male;1;1~4;5~7;0~4;2~3;Others;INFP
27~30;Male;1;1~4;5~7;0~4;2~3;Others;INFP
26~30;Male;1;0~2;5~6;0~4;4~4;Unknown~Technology~Others;INFP
26~30;Male;1;0~2;5~6;0~4;4~4;Unknown~Technology~Others;INFP
26~30;Male;1;0~2;5~6;0~4;4~4;Unknown~Technology~Others;INFP
26~30;Male;1;0~2;5~6;0~4;4~4;Unknown~Technology~Others;INFP
26~30;Male;1;0~2;5~6;0~4;4~4;Unknown~Technology~Others;INFP
26~30;Male;1;2~3;5~7;1~4;3~4;Unknown~Technology;INFP
26~30;Male;1;2~3;5~7;1~4;3~4;Unknown~Technology;INFP
26~30;Male;1;2~3;5~7;1~4;3~4;Unknown~Technology;ISFP
26~30;Male;1;2~3;5~7;1~4;3~4;Unknown~Technology;INFP
26~30;Male;1;2~3;5~7;1~4;3~4;Unknown~Technology;ISFP
32~39;Male;1;0~2;5~7;0~3;3~3;Unknown~Technology~Others;INFP
32~39;Male;1;0~2;5~7;0~3;3~3;Unknown~Technology~Others;ISFP
32~39;Male;1;0~2;5~7;0~3;3~3;Unknown~Technology~Others;INFP
32~39;Male;1;0~2;5~7;0~3;3~3;Unknown~Technology~Others;ISFP
32~39;Male;1;0~2;5~7;0~3;3~3;Unknown~Technology~Others;INFP
32~39;Male;1;0~2;5~7;0~3;3~3;Unknown~Technology~Others;INFP
31~42;Male;1;1~4;6~6;0~3;3~4;Unknown~Technology~Others;ESFP
31~42;Male;1;1~4;6~6;0~3;3~4;Unknown~Technology~Others;ISFP
31~42;Male;1;1~4;6~6;0~3;3~4;Unknown~Technology~Others;ISFP
31~42;Male;1;1~4;6~6;0~3;3~4;Unknown~Technology~Others;ESFP
31~42;Male;1;1~4;6~6;0~3;3~4;Unknown~Technology~Others;ISFP
31~42;Male;1;1~4;6~6;0~3;3~4;Unknown~Technology~Others;ESFP
26~30;Male;1;0~3;5~6;0~4;0~4;Sports~Arts;INFP
26~30;Male;1;0~3;5~6;0~4;0~4;Sports~Arts;ISFP
26~30;Male;1;0~3;5~6;0~4;0~4;Sports~Arts;ENFP
26~30;Male;1;0~3;5~6;0~4;0~4;Sports~Arts;INFP
26~30;Male;1;0~3;5~6;0~4;0~4;Sports~Arts;INFP
26~30;Male;1;0~3;5~6;0~4;0~4;Sports~Arts;ISFP
26~30;Male;1;0~3;5~6;0~4;0~4;Sports~Arts;ISFP
26~30;Male;1;0~3;5~6;0~4;0~4;Sports~Arts;INFP
26~30;Male;1;0~3;5~6;0~4;0~4;Sports~Arts;INFP
32~42;Male;1;0~4;5~5;2~4;1~3;Sports~Arts;ENFP
32~42;Male;1;0~4;5~5;2~4;1~3;Sports~Arts;INFP
32~42;Male;1;0~4;5~5;2~4;1~3;Sports~Arts;ENFP
32~42;Male;1;0~4;5~5;2~4;1~3;Sports~Arts;INFP
32~42;Male;1;0~4;5~5;2~4;1~3;Sports~Arts;INFP
26~28;Male;1;0~2;5~7;1~3;4~6;Unknown~Technology;INFP
26~28;Male;1;0~2;5~7;1~3;4~6;Unknown~Technology;ISFP
26~28;Male;1;0~2;5~7;1~3;4~6;Unknown~Technology;ISFP
26~28;Male;1;0~2;5~7;1~3;4~6;Unknown~Technology;INFP
26~28;Male;1;0~2;5~7;1~3;4~6;Unknown~Technology;INFP
26~28;Male;1;0~2;5~7;1~3;4~6;Unknown~Technology;ISFP
26~30;Male;1;3~4;5~6;1~4;4~6;Unknown~Technology;ISFP
26~30;Male;1;3~4;5~6;1~4;4~6;Unknown~Technology;INFP
26~30;Male;1;3~4;5~6;1~4;4~6;Unknown~Technology;INFP
26~30;Male;1;3~4;5~6;1~4;4~6;Unknown~Technology;INFP
26~30;Male;1;3~4;5~6;1~4;4~6;Unknown~Technology;INFP
26~30;Male;1;3~4;5~6;1~4;4~6;Unknown~Technology;INFP
31~41;Male;1;0~3;5~7;0~4;5~7;Unknown~Technology;ISFP
31~41;Male;1;0~3;5~7;0~4;5~7;Unknown~Technology;INFP
31~41;Male;1;0~3;5~7;0~4;5~7;Unknown~Technology;INFP
31~41;Male;1;0~3;5~7;0~4;5~7;Unknown~Technology;INFP
31~41;Male;1;0~3;5~7;0~4;5~7;Unknown~Technology;INFP
31~41;Male;1;0~3;5~7;0~4;5~7;Unknown~Technology;INFP
33~39;Male;1;3~4;5~6;0~4;4~7;Unknown~Technology;INFP
33~39;Male;1;3~4;5~6;0~4;4~7;Unknown~Technology;INFP
33~39;Male;1;3~4;5~6;0~4;4~7;Unknown~Technology;ESFP
33~39;Male;1;3~4;5~6;0~4;4~7;Unknown~Technology;ENFP
33~39;Male;1;3~4;5~6;0~4;4~7;Unknown~Technology;INFP
33~39;Male;1;3~4;5~6;0~4;4~7;Unknown~Technology;INFP
26~29;Male;1;0~4;5~6;0~4;4~7;Others~Sports;INFP
26~29;Male;1;0~4;5~6;0~4;4~7;Others~Sports;INFP
26~29;Male;1;0~4;5~6;0~4;4~7;Others~Sports;ESFP
26~29;Male;1;0~4;5~6;0~4;4~7;Others~Sports;INFP
26~29;Male;1;0~4;5~6;0~4;4~7;Others~Sports;INFP
26~29;Male;1;0~4;5~6;0~4;4~7;Others~Sports;INFP
26~29;Male;1;0~4;5~6;0~4;4~7;Others~Sports;INFP
26~29;Male;1;0~4;5~7;1~4;4~5;Arts;ENFP
26~29;Male;1;0~4;5~7;1~4;4~5;Arts;ISFP
26~29;Male;1;0~4;5~7;1~4;4~5;Arts;ISFP
26~29;Male;1;0~4;5~7;1~4;4~5;Arts;ESFP
26~29;Male;1;0~4;5~7;1~4;4~5;Arts;INFP
32~35;Male;1;0~4;5~8;0~3;5~6;Others~Sports;INFP
32~35;Male;1;0~4;5~8;0~3;5~6;Others~Sports;ISFP
32~35;Male;1;0~4;5~8;0~3;5~6;Others~Sports;INFP
32~35;Male;1;0~4;5~8;0~3;5~6;Others~Sports;ESFP
32~35;Male;1;0~4;5~8;0~3;5~6;Others~Sports;INFP
32~35;Male;1;0~4;5~8;0~3;5~6;Others~Sports;ISFP
30~31;Male;1;0~4;5~7;0~4;4~6;Arts;ENFP
30~31;Male;1;0~4;5~7;0~4;4~6;Arts;INFP
30~31;Male;1;0~4;5~7;0~4;4~6;Arts;ISFP
30~31;Male;1;0~4;5~7;0~4;4~6;Arts;INFP
30~31;Male;1;0~4;5~7;0~4;4~6;Arts;ENFP
26~29;Male;1;0~4;5~7;5~7;1~4;Unknown~Technology;ISTP
26~29;Male;1;0~4;5~7;5~7;1~4;Unknown~Technology;ESFP
26~29;Male;1;0~4;5~7;5~7;1~4;Unknown~Technology;INTP
26~29;Male;1;0~4;5~7;5~7;1~4;Unknown~Technology;INTP
26~29;Male;1;0~4;5~7;5~7;1~4;Unknown~Technology;INTP
26~29;Male;1;0~4;5~7;5~7;1~4;Unknown~Technology;INTP
26~29;Male;1;0~4;5~7;5~7;1~4;Unknown~Technology;INTP
26~29;Male;1;0~4;5~7;7~9;1~4;Unknown~Technology;INTP
26~29;Male;1;0~4;5~7;7~9;1~4;Unknown~Technology;ISTP
26~29;Male;1;0~4;5~7;7~9;1~4;Unknown~Technology;ISTP
26~29;Male;1;0~4;5~7;7~9;1~4;Unknown~Technology;INTP
26~29;Male;1;0~4;5~7;7~9;1~4;Unknown~Technology;ISTP
26~29;Male;1;0~4;5~7;7~9;1~4;Unknown~Technology;ENTP
26~29;Male;1;0~4;5~7;7~9;1~4;Unknown~Technology;INTP
26~29;Male;1;0~4;5~7;7~9;1~4;Unknown~Technology;INTP
30~32;Male;1;0~4;5~7;6~7;2~3;Unknown~Technology;INTP
30~32;Male;1;0~4;5~7;6~7;2~3;Unknown~Technology;ISTP
30~32;Male;1;0~4;5~7;6~7;2~3;Unknown~Technology;ISTP
30~32;Male;1;0~4;5~7;6~7;2~3;Unknown~Technology;ENTP
30~32;Male;1;0~4;5~7;6~7;2~3;Unknown~Technology;ENTP
31~37;Male;1;0~1;5~7;8~9;2~4;Unknown~Technology;INTP
31~37;Male;1;0~1;5~7;8~9;2~4;Unknown~Technology;INTP
31~37;Male;1;0~1;5~7;8~9;2~4;Unknown~Technology;INTP
31~37;Male;1;0~1;5~7;8~9;2~4;Unknown~Technology;ISTP
31~37;Male;1;0~1;5~7;8~9;2~4;Unknown~Technology;INTP
26~29;Male;1;0~4;5~6;5~7;2~4;Others~Sports~Arts;ENTP
26~29;Male;1;0~4;5~6;5~7;2~4;Others~Sports~Arts;INTP
26~29;Male;1;0~4;5~6;5~7;2~4;Others~Sports~Arts;INFP
26~29;Male;1;0~4;5~6;5~7;2~4;Others~Sports~Arts;ISTP
26~29;Male;1;0~4;5~6;5~7;2~4;Others~Sports~Arts;ISTP
26~30;Male;1;0~4;5~6;7~9;0~4;Others~Sports~Arts;INTP
26~30;Male;1;0~4;5~6;7~9;0~4;Others~Sports~Arts;INTP
26~30;Male;1;0~4;5~6;7~9;0~4;Others~Sports~Arts;INTP
26~30;Male;1;0~4;5~6;7~9;0~4;Others~Sports~Arts;ENTP
26~30;Male;1;0~4;5~6;7~9;0~4;Others~Sports~Arts;INTP
26~30;Male;1;0~4;5~6;7~9;0~4;Others~Sports~Arts;ISTP
31~36;Male;1;1~4;5~6;6~7;3~4;Others~Sports~Arts;INTP
31~36;Male;1;1~4;5~6;6~7;3~4;Others~Sports~Arts;INFP
31~36;Male;1;1~4;5~6;6~7;3~4;Others~Sports~Arts;INTP
31~36;Male;1;1~4;5~6;6~7;3~4;Others~Sports~Arts;ISTP
31~36;Male;1;1~4;5~6;6~7;3~4;Others~Sports~Arts;ISFP
31~43;Male;1;0~4;5~7;7~9;3~4;Others~Sports~Arts;INTP
31~43;Male;1;0~4;5~7;7~9;3~4;Others~Sports~Arts;ENTP
31~43;Male;1;0~4;5~7;7~9;3~4;Others~Sports~Arts;INTP
31~43;Male;1;0~4;5~7;7~9;3~4;Others~Sports~Arts;INTP
31~43;Male;1;0~4;5~7;7~9;3~4;Others~Sports~Arts;ISTP
31~43;Male;1;0~4;5~7;7~9;3~4;Others~Sports~Arts;ISTP
26~30;Male;1;0~4;5~7;5~6;4~8;Unknown~Technology;INFP
26~30;Male;1;0~4;5~7;5~6;4~8;Unknown~Technology;INFP
26~30;Male;1;0~4;5~7;5~6;4~8;Unknown~Technology;ESFP
26~30;Male;1;0~4;5~7;5~6;4~8;Unknown~Technology;INFP
26~30;Male;1;0~4;5~7;5~6;4~8;Unknown~Technology;INTP
26~30;Male;1;0~4;5~7;5~6;4~8;Unknown~Technology;ENFP
26~30;Male;1;0~4;5~7;5~6;4~8;Unknown~Technology;ISFP
26~30;Male;1;0~4;5~6;7~9;4~7;Unknown~Technology;INTP
26~30;Male;1;0~4;5~6;7~9;4~7;Unknown~Technology;INTP
26~30;Male;1;0~4;5~6;7~9;4~7;Unknown~Technology;INTP
26~30;Male;1;0~4;5~6;7~9;4~7;Unknown~Technology;INTP
26~30;Male;1;0~4;5~6;7~9;4~7;Unknown~Technology;ISTP
26~30;Male;1;0~4;5~6;7~9;4~7;Unknown~Technology;INTP
26~30;Male;1;0~4;5~6;7~9;4~7;Unknown~Technology;ISTP
26~30;Male;1;0~4;5~6;7~9;4~7;Unknown~Technology;INTP
31~42;Male;1;0~4;5~6;4~8;4~6;Unknown~Technology;ENTP
31~42;Male;1;0~4;5~6;4~8;4~6;Unknown~Technology;ISTP
31~42;Male;1;0~4;5~6;4~8;4~6;Unknown~Technology;INFP
31~42;Male;1;0~4;5~6;4~8;4~6;Unknown~Technology;INTP
31~42;Male;1;0~4;5~6;4~8;4~6;Unknown~Technology;INTP
31~42;Male;1;0~4;5~6;4~8;4~6;Unknown~Technology;INFP
31~42;Male;1;0~4;5~6;4~8;4~6;Unknown~Technology;INTP
31~42;Male;1;0~4;5~6;4~8;4~6;Unknown~Technology;ISTP
31~42;Male;1;0~4;5~6;4~8;4~6;Unknown~Technology;ISTP
26~28;Male;1;0~4;5~6;5~7;4~5;Others~Sports~Arts;INFP
26~28;Male;1;0~4;5~6;5~7;4~5;Others~Sports~Arts;INFP
26~28;Male;1;0~4;5~6;5~7;4~5;Others~Sports~Arts;INTP
26~28;Male;1;0~4;5~6;5~7;4~5;Others~Sports~Arts;INFP
26~28;Male;1;0~4;5~6;5~7;4~5;Others~Sports~Arts;ESFP
26~28;Male;1;0~4;5~6;5~7;4~5;Others~Sports~Arts;ISFP
26~28;Male;1;0~4;5~7;7~9;5~7;Others~Sports~Arts;INTP
26~28;Male;1;0~4;5~7;7~9;5~7;Others~Sports~Arts;INTP
26~28;Male;1;0~4;5~7;7~9;5~7;Others~Sports~Arts;INTP
26~28;Male;1;0~4;5~7;7~9;5~7;Others~Sports~Arts;INTP
26~28;Male;1;0~4;5~7;7~9;5~7;Others~Sports~Arts;ISTP
26~28;Male;1;0~4;5~7;7~9;5~7;Others~Sports~Arts;ENTP
29~41;Male;1;1~4;5~6;4~6;5~6;Others~Sports~Arts;ENFP
29~41;Male;1;1~4;5~6;4~6;5~6;Others~Sports~Arts;ISFP
29~41;Male;1;1~4;5~6;4~6;5~6;Others~Sports~Arts;INFP
29~41;Male;1;1~4;5~6;4~6;5~6;Others~Sports~Arts;ISTP
29~41;Male;1;1~4;5~6;4~6;5~6;Others~Sports~Arts;INTP
30~36;Male;1;0~4;5~7;6~9;4~5;Others~Sports~Arts;ESTP
30~36;Male;1;0~4;5~7;6~9;4~5;Others~Sports~Arts;ESTP
30~36;Male;1;0~4;5~7;6~9;4~5;Others~Sports~Arts;INTP
30~36;Male;1;0~4;5~7;6~9;4~5;Others~Sports~Arts;INTP
30~36;Male;1;0~4;5~7;6~9;4~5;Others~Sports~Arts;ISTP
30~36;Male;1;0~4;5~7;6~9;4~5;Others~Sports~Arts;ESTP
26~29;Male;1;5~9;3~4;0~3;2~4;Unknown~Technology;ENFP
26~29;Male;1;5~9;3~4;0~3;2~4;Unknown~Technology;ENFP
26~29;Male;1;5~9;3~4;0~3;2~4;Unknown~Technology;ENFP
26~29;Male;1;5~9;3~4;0~3;2~4;Unknown~Technology;ENFP
26~29;Male;1;5~9;3~4;0~3;2~4;Unknown~Technology;ENFP
26~29;Male;1;5~9;3~4;0~3;2~4;Unknown~Technology;ENFP
27~29;Male;1;5~9;2~4;3~4;2~4;Unknown~Technology;ENFP
27~29;Male;1;5~9;2~4;3~4;2~4;Unknown~Technology;ENFP
27~29;Male;1;5~9;2~4;3~4;2~4;Unknown~Technology;ENFP
27~29;Male;1;5~9;2~4;3~4;2~4;Unknown~Technology;ENFP
27~29;Male;1;5~9;2~4;3~4;2~4;Unknown~Technology;INFP
27~29;Male;1;5~9;2~4;3~4;2~4;Unknown~Technology;ENFP
30~41;Male;1;5~9;3~4;0~1;2~4;Unknown~Technology;ENFP
30~41;Male;1;5~9;3~4;0~1;2~4;Unknown~Technology;ENFP
30~41;Male;1;5~9;3~4;0~1;2~4;Unknown~Technology;ENFP
30~41;Male;1;5~9;3~4;0~1;2~4;Unknown~Technology;INFP
30~41;Male;1;5~9;3~4;0~1;2~4;Unknown~Technology;ENFP
30~41;Male;1;5~9;3~4;0~1;2~4;Unknown~Technology;ENFP
30~38;Male;1;6~9;3~4;1~4;3~4;Unknown~Technology;ENFP
30~38;Male;1;6~9;3~4;1~4;3~4;Unknown~Technology;ENFP
30~38;Male;1;6~9;3~4;1~4;3~4;Unknown~Technology;ENFP
30~38;Male;1;6~9;3~4;1~4;3~4;Unknown~Technology;ENFP
30~38;Male;1;6~9;3~4;1~4;3~4;Unknown~Technology;ENFP
30~38;Male;1;6~9;3~4;1~4;3~4;Unknown~Technology;ENFP
26~30;Male;1;5~9;1~4;0~4;2~4;Others~Sports;ENFP
26~30;Male;1;5~9;1~4;0~4;2~4;Others~Sports;ENFP
26~30;Male;1;5~9;1~4;0~4;2~4;Others~Sports;ENFP
26~30;Male;1;5~9;1~4;0~4;2~4;Others~Sports;ENFP
26~30;Male;1;5~9;1~4;0~4;2~4;Others~Sports;ENFP
26~30;Male;1;5~9;1~4;0~4;2~4;Others~Sports;ENFP
26~30;Male;1;5~9;1~4;0~4;2~4;Others~Sports;ENFP
27~30;Male;1;5~9;2~4;0~4;3~4;Arts;ENFP
27~30;Male;1;5~9;2~4;0~4;3~4;Arts;ENFP
27~30;Male;1;5~9;2~4;0~4;3~4;Arts;ENFP
27~30;Male;1;5~9;2~4;0~4;3~4;Arts;ENFP
27~30;Male;1;5~9;2~4;0~4;3~4;Arts;ENFP
27~30;Male;1;5~9;2~4;0~4;3~4;Arts;ENFP
31~44;Male;1;5~9;2~4;0~5;1~4;Others~Sports~Arts;ENFP
31~44;Male;1;5~9;2~4;0~5;1~4;Others~Sports~Arts;ENFP
31~44;Male;1;5~9;2~4;0~5;1~4;Others~Sports~Arts;ENFP
31~44;Male;1;5~9;2~4;0~5;1~4;Others~Sports~Arts;ENFP
31~44;Male;1;5~9;2~4;0~5;1~4;Others~Sports~Arts;ENFP
31~44;Male;1;5~9;2~4;0~5;1~4;Others~Sports~Arts;ENFP
31~44;Male;1;5~9;2~4;0~5;1~4;Others~Sports~Arts;ENFP
31~44;Male;1;5~9;2~4;0~5;1~4;Others~Sports~Arts;INFP
31~44;Male;1;5~9;2~4;0~5;1~4;Others~Sports~Arts;ENFP
26~29;Male;1;5~7;1~5;0~4;4~6;Unknown;ENFP
26~29;Male;1;5~7;1~5;0~4;4~6;Unknown;ENFP
26~29;Male;1;5~7;1~5;0~4;4~6;Unknown;ENFP
26~29;Male;1;5~7;1~5;0~4;4~6;Unknown;ENFP
26~29;Male;1;5~7;1~5;0~4;4~6;Unknown;ENFP
26~29;Male;1;5~7;1~5;0~4;4~6;Unknown;ENFP
26~29;Male;1;5~7;1~5;0~4;4~6;Unknown;ENFP
26~29;Male;1;5~7;1~5;0~4;4~6;Unknown;INFP
26~29;Male;1;6~9;3~4;0~4;4~6;Technology~Others;ENFP
26~29;Male;1;6~9;3~4;0~4;4~6;Technology~Others;ENFP
26~29;Male;1;6~9;3~4;0~4;4~6;Technology~Others;ENFP
26~29;Male;1;6~9;3~4;0~4;4~6;Technology~Others;ENFP
26~29;Male;1;6~9;3~4;0~4;4~6;Technology~Others;ENFP
26~29;Male;1;6~9;3~4;0~4;4~6;Technology~Others;ENFP
26~29;Male;1;6~9;3~4;0~4;4~6;Technology~Others;ENFP
30~38;Male;1;5~9;2~5;0~4;4~7;Unknown;ENFP
30~38;Male;1;5~9;2~5;0~4;4~7;Unknown;ENFP
30~38;Male;1;5~9;2~5;0~4;4~7;Unknown;ENFP
30~38;Male;1;5~9;2~5;0~4;4~7;Unknown;INFP
30~38;Male;1;5~9;2~5;0~4;4~7;Unknown;ENFP
30~38;Male;1;5~9;2~5;0~4;4~7;Unknown;INFP
30~38;Male;1;5~9;2~5;0~4;4~7;Unknown;ENFP
30~38;Male;1;5~9;2~5;0~4;4~7;Unknown;ENFP
30~37;Male;1;5~9;2~4;1~4;4~6;Technology~Others;ENFP
30~37;Male;1;5~9;2~4;1~4;4~6;Technology~Others;ENFP
30~37;Male;1;5~9;2~4;1~4;4~6;Technology~Others;ENFP
30~37;Male;1;5~9;2~4;1~4;4~6;Technology~Others;ENFP
30~37;Male;1;5~9;2~4;1~4;4~6;Technology~Others;ENFP
30~37;Male;1;5~9;2~4;1~4;4~6;Technology~Others;ENFP
30~37;Male;1;5~9;2~4;1~4;4~6;Technology~Others;ENFP
30~37;Male;1;5~9;2~4;1~4;4~6;Technology~Others;ENFP
26~30;Male;1;5~9;2~4;2~5;5~7;Sports~Arts;ENFP
26~30;Male;1;5~9;2~4;2~5;5~7;Sports~Arts;ENFP
26~30;Male;1;5~9;2~4;2~5;5~7;Sports~Arts;ENFP
26~30;Male;1;5~9;2~4;2~5;5~7;Sports~Arts;ENFP
26~30;Male;1;5~9;2~4;2~5;5~7;Sports~Arts;ENFP
26~30;Male;1;5~9;2~4;2~5;5~7;Sports~Arts;ENFP
26~30;Male;1;5~9;2~4;2~5;5~7;Sports~Arts;ENFP
26~30;Male;1;5~9;2~4;2~5;5~7;Sports~Arts;ENFP
31~44;Male;1;6~9;3~4;0~4;4~6;Sports~Arts;ENFP
31~44;Male;1;6~9;3~4;0~4;4~6;Sports~Arts;ENFP
31~44;Male;1;6~9;3~4;0~4;4~6;Sports~Arts;ENFP
31~44;Male;1;6~9;3~4;0~4;4~6;Sports~Arts;ENFP
31~44;Male;1;6~9;3~4;0~4;4~6;Sports~Arts;ENFP
31~44;Male;1;6~9;3~4;0~4;4~6;Sports~Arts;ENFP
31~44;Male;1;6~9;3~4;0~4;4~6;Sports~Arts;ENFP
31~44;Male;1;6~9;3~4;0~4;4~6;Sports~Arts;ENFP
26~28;Male;1;5~9;1~4;5~9;0~2;Unknown~Technology~Others;ENTP
26~28;Male;1;5~9;1~4;5~9;0~2;Unknown~Technology~Others;ENTP
26~28;Male;1;5~9;1~4;5~9;0~2;Unknown~Technology~Others;ENTP
26~28;Male;1;5~9;1~4;5~9;0~2;Unknown~Technology~Others;ENTP
26~28;Male;1;5~9;1~4;5~9;0~2;Unknown~Technology~Others;ENTP
26~28;Male;1;5~9;1~4;5~9;0~2;Unknown~Technology~Others;INFP
26~28;Male;1;5~9;1~4;5~9;0~2;Unknown~Technology~Others;ENTP
26~28;Male;1;5~9;1~4;5~9;0~2;Unknown~Technology~Others;ENFP
26~28;Male;1;6~9;2~4;5~9;3~4;Unknown~Technology~Others;ENTP
26~28;Male;1;6~9;2~4;5~9;3~4;Unknown~Technology~Others;ENTP
26~28;Male;1;6~9;2~4;5~9;3~4;Unknown~Technology~Others;ENFP
26~28;Male;1;6~9;2~4;5~9;3~4;Unknown~Technology~Others;ENTP
26~28;Male;1;6~9;2~4;5~9;3~4;Unknown~Technology~Others;ENTP
26~28;Male;1;6~9;2~4;5~9;3~4;Unknown~Technology~Others;ENTP
26~28;Male;1;6~9;2~4;5~9;3~4;Unknown~Technology~Others;ENTP
26~28;Male;1;6~9;2~4;5~9;3~4;Unknown~Technology~Others;ENTP
26~28;Male;1;6~9;2~4;5~9;3~4;Unknown~Technology~Others;ENTP
29~39;Male;1;5~9;3~4;6~8;0~3;Unknown~Technology~Others;ENTP
29~39;Male;1;5~9;3~4;6~8;0~3;Unknown~Technology~Others;ENTP
29~39;Male;1;5~9;3~4;6~8;0~3;Unknown~Technology~Others;ENFP
29~39;Male;1;5~9;3~4;6~8;0~3;Unknown~Technology~Others;ENFP
29~39;Male;1;5~9;3~4;6~8;0~3;Unknown~Technology~Others;ENTP
29~39;Male;1;5~9;3~4;6~8;0~3;Unknown~Technology~Others;ENTP
29~39;Male;1;5~9;3~4;6~8;0~3;Unknown~Technology~Others;ENFP
29~39;Male;1;5~9;3~4;6~8;0~3;Unknown~Technology~Others;ENTP
29~39;Male;1;5~9;3~4;5~9;3~4;Unknown~Technology~Others;ENTP
29~39;Male;1;5~9;3~4;5~9;3~4;Unknown~Technology~Others;ENFP
29~39;Male;1;5~9;3~4;5~9;3~4;Unknown~Technology~Others;ENTP
29~39;Male;1;5~9;3~4;5~9;3~4;Unknown~Technology~Others;ENTP
29~39;Male;1;5~9;3~4;5~9;3~4;Unknown~Technology~Others;ENFP
29~39;Male;1;5~9;3~4;5~9;3~4;Unknown~Technology~Others;ENFP
29~39;Male;1;5~9;3~4;5~9;3~4;Unknown~Technology~Others;ENTP
29~39;Male;1;5~9;3~4;5~9;3~4;Unknown~Technology~Others;ENTP
29~39;Male;1;5~9;3~4;5~9;3~4;Unknown~Technology~Others;ENFP
27~29;Male;1;5~9;2~5;5~8;1~3;Sports~Arts;ENTP
27~29;Male;1;5~9;2~5;5~8;1~3;Sports~Arts;ENFP
27~29;Male;1;5~9;2~5;5~8;1~3;Sports~Arts;ENTP
27~29;Male;1;5~9;2~5;5~8;1~3;Sports~Arts;ENTP
27~29;Male;1;5~9;2~5;5~8;1~3;Sports~Arts;ENFP
27~29;Male;1;5~9;2~5;5~8;1~3;Sports~Arts;ENTP
31~36;Male;1;5~9;3~4;5~9;1~4;Sports~Arts;ENTP
31~36;Male;1;5~9;3~4;5~9;1~4;Sports~Arts;ENFP
31~36;Male;1;5~9;3~4;5~9;1~4;Sports~Arts;ENTP
31~36;Male;1;5~9;3~4;5~9;1~4;Sports~Arts;ENTP
31~36;Male;1;5~9;3~4;5~9;1~4;Sports~Arts;ENTP
31~36;Male;1;5~9;3~4;5~9;1~4;Sports~Arts;ENTP
26~28;Male;1;5~7;3~4;5~8;4~6;Unknown;ENTP
26~28;Male;1;5~7;3~4;5~8;4~6;Unknown;ENFP
26~28;Male;1;5~7;3~4;5~8;4~6;Unknown;ENTP
26~28;Male;1;5~7;3~4;5~8;4~6;Unknown;INTP
26~28;Male;1;5~7;3~4;5~8;4~6;Unknown;ENTP
26~28;Male;1;5~7;3~4;5~8;4~6;Unknown;ENTP
26~28;Male;1;7~9;3~4;5~9;4~8;Unknown;ENTP
26~28;Male;1;7~9;3~4;5~9;4~8;Unknown;ENFP
26~28;Male;1;7~9;3~4;5~9;4~8;Unknown;ENTP
26~28;Male;1;7~9;3~4;5~9;4~8;Unknown;ENTP
26~28;Male;1;7~9;3~4;5~9;4~8;Unknown;ENTP
26~28;Male;1;7~9;3~4;5~9;4~8;Unknown;ENTP
26~28;Male;1;7~9;3~4;5~9;4~8;Unknown;ENFP
29~33;Male;1;5~6;3~4;5~9;5~5;Unknown;ENTP
29~33;Male;1;5~6;3~4;5~9;5~5;Unknown;ENTP
29~33;Male;1;5~6;3~4;5~9;5~5;Unknown;ENFP
29~33;Male;1;5~6;3~4;5~9;5~5;Unknown;ENTP
29~33;Male;1;5~6;3~4;5~9;5~5;Unknown;ENFP
29~33;Male;1;5~6;3~4;5~9;5~5;Unknown;ENFP
29~38;Male;1;6~9;2~5;5~9;4~6;Unknown;ENFP
29~38;Male;1;6~9;2~5;5~9;4~6;Unknown;ENFP
29~38;Male;1;6~9;2~5;5~9;4~6;Unknown;ENTP
29~38;Male;1;6~9;2~5;5~9;4~6;Unknown;ENFP
29~38;Male;1;6~9;2~5;5~9;4~6;Unknown;ENTP
29~38;Male;1;6~9;2~5;5~9;4~6;Unknown;ENTP
28~46;Male;1;5~6;3~4;5~9;5~6;Technology~Others;ENTP
28~46;Male;1;5~6;3~4;5~9;5~6;Technology~Others;ENTP
28~46;Male;1;5~6;3~4;5~9;5~6;Technology~Others;ENFP
28~46;Male;1;5~6;3~4;5~9;5~6;Technology~Others;ENTP
28~46;Male;1;5~6;3~4;5~9;5~6;Technology~Others;ENTP
28~46;Male;1;5~6;3~4;5~9;5~6;Technology~Others;INTP
26~32;Male;1;7~9;3~5;5~9;4~7;Technology~Others;ENFP
26~32;Male;1;7~9;3~5;5~9;4~7;Technology~Others;ENTP
26~32;Male;1;7~9;3~5;5~9;4~7;Technology~Others;ENFP
26~32;Male;1;7~9;3~5;5~9;4~7;Technology~Others;ENTP
26~32;Male;1;7~9;3~5;5~9;4~7;Technology~Others;ENTP
26~32;Male;1;7~9;3~5;5~9;4~7;Technology~Others;ENTP
26~32;Male;1;7~9;3~5;5~9;4~7;Technology~Others;ENTP
27~40;Male;1;5~9;2~4;5~8;4~6;Sports~Arts;ENTP
27~40;Male;1;5~9;2~4;5~8;4~6;Sports~Arts;ENTP
27~40;Male;1;5~9;2~4;5~8;4~6;Sports~Arts;ENFP
27~40;Male;1;5~9;2~4;5~8;4~6;Sports~Arts;ENFP
27~40;Male;1;5~9;2~4;5~8;4~6;Sports~Arts;ENTP
27~40;Male;1;5~9;2~4;5~8;4~6;Sports~Arts;ENFP
27~40;Male;1;5~9;2~4;5~8;4~6;Sports~Arts;INFP
27~40;Male;1;5~9;2~4;5~8;4~6;Sports~Arts;ENTP
27~40;Male;1;5~9;2~4;5~8;4~6;Sports~Arts;ENTP
27~29;Male;1;5~7;5~6;0~4;1~2;Unknown;ENFP
27~29;Male;1;5~7;5~6;0~4;1~2;Unknown;ENFP
27~29;Male;1;5~7;5~6;0~4;1~2;Unknown;ENFP
27~29;Male;1;5~7;5~6;0~4;1~2;Unknown;ENFP
27~29;Male;1;5~7;5~6;0~4;1~2;Unknown;ENFP
26~28;Male;1;7~9;5~6;1~4;2~3;Unknown;ENFP
26~28;Male;1;7~9;5~6;1~4;2~3;Unknown;ENFP
26~28;Male;1;7~9;5~6;1~4;2~3;Unknown;ENFP
26~28;Male;1;7~9;5~6;1~4;2~3;Unknown;ENFP
26~28;Male;1;7~9;5~6;1~4;2~3;Unknown;ESFP
26~28;Male;1;7~9;5~6;1~4;2~3;Unknown;ENFP
26~29;Male;1;5~9;5~7;1~4;0~3;Technology~Others;ENFP
26~29;Male;1;5~9;5~7;1~4;0~3;Technology~Others;ENFP
26~29;Male;1;5~9;5~7;1~4;0~3;Technology~Others;ENFP
26~29;Male;1;5~9;5~7;1~4;0~3;Technology~Others;ENFP
26~29;Male;1;5~9;5~7;1~4;0~3;Technology~Others;ESFP
26~29;Male;1;5~9;5~7;1~4;0~3;Technology~Others;ENFP
30~40;Male;1;5~8;5~6;0~3;3~4;Unknown;ESFP
30~40;Male;1;5~8;5~6;0~3;3~4;Unknown;ESFP
30~40;Male;1;5~8;5~6;0~3;3~4;Unknown;ESFP
30~40;Male;1;5~8;5~6;0~3;3~4;Unknown;ENFP
30~40;Male;1;5~8;5~6;0~3;3~4;Unknown;ESFP
30~40;Male;1;5~8;5~6;0~3;3~4;Unknown;ESFP
32~42;Male;1;5~9;5~6;0~4;2~4;Technology~Others;ESFP
32~42;Male;1;5~9;5~6;0~4;2~4;Technology~Others;ESFP
32~42;Male;1;5~9;5~6;0~4;2~4;Technology~Others;ESFP
32~42;Male;1;5~9;5~6;0~4;2~4;Technology~Others;ESFP
32~42;Male;1;5~9;5~6;0~4;2~4;Technology~Others;ENFP
26~29;Male;1;5~6;5~6;0~3;1~3;Sports~Arts;ENFP
26~29;Male;1;5~6;5~6;0~3;1~3;Sports~Arts;ENFP
26~29;Male;1;5~6;5~6;0~3;1~3;Sports~Arts;ISFP
26~29;Male;1;5~6;5~6;0~3;1~3;Sports~Arts;INFP
26~29;Male;1;5~6;5~6;0~3;1~3;Sports~Arts;ENFP
27~28;Male;1;6~8;5~7;0~4;2~4;Sports~Arts;ESFP
27~28;Male;1;6~8;5~7;0~4;2~4;Sports~Arts;ENFP
27~28;Male;1;6~8;5~7;0~4;2~4;Sports~Arts;ESFP
27~28;Male;1;6~8;5~7;0~4;2~4;Sports~Arts;ENFP
27~28;Male;1;6~8;5~7;0~4;2~4;Sports~Arts;ESFP
30~40;Male;1;5~9;5~7;0~4;1~4;Sports~Arts;ESFP
30~40;Male;1;5~9;5~7;0~4;1~4;Sports~Arts;ESFP
30~40;Male;1;5~9;5~7;0~4;1~4;Sports~Arts;ENFP
30~40;Male;1;5~9;5~7;0~4;1~4;Sports~Arts;ENFP
30~40;Male;1;5~9;5~7;0~4;1~4;Sports~Arts;ESFP
30~40;Male;1;5~9;5~7;0~4;1~4;Sports~Arts;ENFP
30~40;Male;1;5~9;5~7;0~4;1~4;Sports~Arts;ESFP
30~40;Male;1;5~9;5~7;0~4;1~4;Sports~Arts;ENFP
26~27;Male;1;5~9;5~7;0~3;4~6;Unknown~Technology;ENFP
26~27;Male;1;5~9;5~7;0~3;4~6;Unknown~Technology;ESFP
26~27;Male;1;5~9;5~7;0~3;4~6;Unknown~Technology;ENFP
26~27;Male;1;5~9;5~7;0~3;4~6;Unknown~Technology;ESFP
26~27;Male;1;5~9;5~7;0~3;4~6;Unknown~Technology;ENFP
26~27;Male;1;5~9;5~7;0~3;4~6;Unknown~Technology;ENFP
26~27;Male;1;5~9;5~7;0~3;4~6;Unknown~Technology;ISFP
26~27;Male;1;5~9;5~7;0~3;4~6;Unknown~Technology;ENFP
26~28;Male;1;5~9;5~6;0~4;4~7;Others;ESFP
26~28;Male;1;5~9;5~6;0~4;4~7;Others;ENFP
26~28;Male;1;5~9;5~6;0~4;4~7;Others;ESFP
26~28;Male;1;5~9;5~6;0~4;4~7;Others;ENFP
26~28;Male;1;5~9;5~6;0~4;4~7;Others;ENFP
26~28;Male;1;5~9;5~6;0~4;4~7;Others;ENFP
26~28;Male;1;5~9;5~6;0~4;4~7;Others;ESFP
26~28;Male;1;5~9;5~6;0~4;4~7;Others;ENFP
29~37;Male;1;6~9;5~6;0~4;4~5;Unknown;ESFP
29~37;Male;1;6~9;5~6;0~4;4~5;Unknown;ENFP
29~37;Male;1;6~9;5~6;0~4;4~5;Unknown;ESFP
29~37;Male;1;6~9;5~6;0~4;4~5;Unknown;ESFP
29~37;Male;1;6~9;5~6;0~4;4~5;Unknown;ESFP
29~37;Male;1;6~9;5~6;0~4;4~5;Unknown;ESFP
29~37;Male;1;6~9;5~6;0~4;4~5;Unknown;ENFP
29~37;Male;1;6~9;5~6;0~4;4~5;Unknown;ENFP
30~33;Male;1;5~9;5~6;1~4;4~7;Technology~Others;ENFP
30~33;Male;1;5~9;5~6;1~4;4~7;Technology~Others;ENFP
30~33;Male;1;5~9;5~6;1~4;4~7;Technology~Others;ESFP
30~33;Male;1;5~9;5~6;1~4;4~7;Technology~Others;ESFP
30~33;Male;1;5~9;5~6;1~4;4~7;Technology~Others;ENFP
30~33;Male;1;5~9;5~6;1~4;4~7;Technology~Others;ENFP
26~28;Male;1;5~8;5~7;0~4;4~6;Sports~Arts;ESFP
26~28;Male;1;5~8;5~7;0~4;4~6;Sports~Arts;ENFP
26~28;Male;1;5~8;5~7;0~4;4~6;Sports~Arts;ENFP
26~28;Male;1;5~8;5~7;0~4;4~6;Sports~Arts;ENFP
26~28;Male;1;5~8;5~7;0~4;4~6;Sports~Arts;ENFP
26~28;Male;1;8~9;5~6;0~4;4~6;Sports~Arts;ESFP
26~28;Male;1;8~9;5~6;0~4;4~6;Sports~Arts;ENFP
26~28;Male;1;8~9;5~6;0~4;4~6;Sports~Arts;ENFP
26~28;Male;1;8~9;5~6;0~4;4~6;Sports~Arts;ENFP
26~28;Male;1;8~9;5~6;0~4;4~6;Sports~Arts;ENFP
26~28;Male;1;8~9;5~6;0~4;4~6;Sports~Arts;ENFP
29~40;Male;1;5~9;5~6;0~3;4~7;Sports~Arts;ESFP
29~40;Male;1;5~9;5~6;0~3;4~7;Sports~Arts;ENFP
29~40;Male;1;5~9;5~6;0~3;4~7;Sports~Arts;ENFP
29~40;Male;1;5~9;5~6;0~3;4~7;Sports~Arts;ENFP
29~40;Male;1;5~9;5~6;0~3;4~7;Sports~Arts;ESFP
29~40;Male;1;5~9;5~6;0~3;4~7;Sports~Arts;ESFP
26~30;Male;1;5~8;5~7;5~9;2~3;Unknown~Technology;ESTP
26~30;Male;1;5~8;5~7;5~9;2~3;Unknown~Technology;ENTP
26~30;Male;1;5~8;5~7;5~9;2~3;Unknown~Technology;ESTP
26~30;Male;1;5~8;5~7;5~9;2~3;Unknown~Technology;ENTP
26~30;Male;1;5~8;5~7;5~9;2~3;Unknown~Technology;ESFP
26~30;Male;1;5~8;5~7;5~9;2~3;Unknown~Technology;ENTP
26~30;Male;1;5~9;5~5;7~9;3~4;Unknown~Technology;ENTP
26~30;Male;1;5~9;5~5;7~9;3~4;Unknown~Technology;ENTP
26~30;Male;1;5~9;5~5;7~9;3~4;Unknown~Technology;ENTP
26~30;Male;1;5~9;5~5;7~9;3~4;Unknown~Technology;ENTP
26~30;Male;1;5~9;5~5;7~9;3~4;Unknown~Technology;ENTP
26~30;Male;1;5~9;5~5;7~9;3~4;Unknown~Technology;ENTP
31~35;Male;1;5~9;5~7;4~9;0~3;Unknown~Technology;ISTP
31~35;Male;1;5~9;5~7;4~9;0~3;Unknown~Technology;ESTP
31~35;Male;1;5~9;5~7;4~9;0~3;Unknown~Technology;ENTP
31~35;Male;1;5~9;5~7;4~9;0~3;Unknown~Technology;ENFP
31~35;Male;1;5~9;5~7;4~9;0~3;Unknown~Technology;ENFP
32~46;Male;1;5~8;5~7;6~9;3~4;Unknown~Technology;ENTP
32~46;Male;1;5~8;5~7;6~9;3~4;Unknown~Technology;ENTP
32~46;Male;1;5~8;5~7;6~9;3~4;Unknown~Technology;ENTP
32~46;Male;1;5~8;5~7;6~9;3~4;Unknown~Technology;INFP
32~46;Male;1;5~8;5~7;6~9;3~4;Unknown~Technology;ESFP
32~46;Male;1;5~8;5~7;6~9;3~4;Unknown~Technology;ENFP
26~27;Male;1;5~9;5~7;5~9;1~4;Others~Sports;ENTP
26~27;Male;1;5~9;5~7;5~9;1~4;Others~Sports;ENTP
26~27;Male;1;5~9;5~7;5~9;1~4;Others~Sports;ENTP
26~27;Male;1;5~9;5~7;5~9;1~4;Others~Sports;ESTP
26~27;Male;1;5~9;5~7;5~9;1~4;Others~Sports;ESFP
26~27;Male;1;5~9;5~7;5~9;1~4;Others~Sports;ESTP
26~27;Male;1;5~9;5~7;5~9;1~4;Others~Sports;ENFP
26~27;Male;1;5~8;5~7;5~8;1~4;Arts;ESFP
26~27;Male;1;5~8;5~7;5~8;1~4;Arts;ENTP
26~27;Male;1;5~8;5~7;5~8;1~4;Arts;ENTP
26~27;Male;1;5~8;5~7;5~8;1~4;Arts;ENTP
26~27;Male;1;5~8;5~7;5~8;1~4;Arts;ENTP
28~42;Male;1;5~7;5~6;6~9;0~4;Others~Sports;ENTP
28~42;Male;1;5~7;5~6;6~9;0~4;Others~Sports;ENTP
28~42;Male;1;5~7;5~6;6~9;0~4;Others~Sports;ENFP
28~42;Male;1;5~7;5~6;6~9;0~4;Others~Sports;ENTP
28~42;Male;1;5~7;5~6;6~9;0~4;Others~Sports;ESTP
28~42;Male;1;5~7;5~6;6~9;0~4;Others~Sports;ESFP
28~42;Male;1;5~7;5~6;6~9;0~4;Others~Sports;ENTP
28~30;Male;1;5~9;5~6;6~9;2~4;Arts;ENTP
28~30;Male;1;5~9;5~6;6~9;2~4;Arts;ENTP
28~30;Male;1;5~9;5~6;6~9;2~4;Arts;ESTP
28~30;Male;1;5~9;5~6;6~9;2~4;Arts;ESTP
28~30;Male;1;5~9;5~6;6~9;2~4;Arts;INTP
26~29;Male;1;5~8;5~8;4~9;4~7;Unknown~Technology;ENTP
26~29;Male;1;5~8;5~8;4~9;4~7;Unknown~Technology;ESFP
26~29;Male;1;5~8;5~8;4~9;4~7;Unknown~Technology;ESFP
26~29;Male;1;5~8;5~8;4~9;4~7;Unknown~Technology;ESTP
26~29;Male;1;5~8;5~8;4~9;4~7;Unknown~Technology;ESFP
26~29;Male;1;5~8;5~8;4~9;4~7;Unknown~Technology;ENTP
26~29;Male;1;5~8;5~8;4~9;4~7;Unknown~Technology;ESTP
26~29;Male;1;8~9;5~7;4~9;4~5;Unknown~Technology;ENTP
26~29;Male;1;8~9;5~7;4~9;4~5;Unknown~Technology;ENFP
26~29;Male;1;8~9;5~7;4~9;4~5;Unknown~Technology;ENTP
26~29;Male;1;8~9;5~7;4~9;4~5;Unknown~Technology;ENFP
26~29;Male;1;8~9;5~7;4~9;4~5;Unknown~Technology;ESFP
26~29;Male;1;8~9;5~7;4~9;4~5;Unknown~Technology;ESTP
26~29;Male;1;8~9;5~7;4~9;4~5;Unknown~Technology;ENTP
26~29;Male;1;8~9;5~7;4~9;4~5;Unknown~Technology;ESTP
30~41;Male;1;5~6;5~6;4~9;4~6;Unknown~Technology;ENFP
30~41;Male;1;5~6;5~6;4~9;4~6;Unknown~Technology;ESFP
30~41;Male;1;5~6;5~6;4~9;4~6;Unknown~Technology;ESTP
30~41;Male;1;5~6;5~6;4~9;4~6;Unknown~Technology;INTP
30~41;Male;1;5~6;5~6;4~9;4~6;Unknown~Technology;ENTP
30~41;Male;1;5~6;5~6;4~9;4~6;Unknown~Technology;ENFP
30~41;Male;1;5~6;5~6;4~9;4~6;Unknown~Technology;ENTP
30~41;Male;1;5~6;5~6;4~9;4~6;Unknown~Technology;ESFP
30~40;Male;1;7~9;5~6;4~8;4~6;Unknown~Technology;ESTP
30~40;Male;1;7~9;5~6;4~8;4~6;Unknown~Technology;ENTP
30~40;Male;1;7~9;5~6;4~8;4~6;Unknown~Technology;ESTP
30~40;Male;1;7~9;5~6;4~8;4~6;Unknown~Technology;ENFP
30~40;Male;1;7~9;5~6;4~8;4~6;Unknown~Technology;ENFP
30~40;Male;1;7~9;5~6;4~8;4~6;Unknown~Technology;ENFP
30~40;Male;1;7~9;5~6;4~8;4~6;Unknown~Technology;ESFP
30~40;Male;1;7~9;5~6;4~8;4~6;Unknown~Technology;ENTP
26~28;Male;1;5~9;5~7;4~8;4~7;Others~Sports~Arts;ESTP
26~28;Male;1;5~9;5~7;4~8;4~7;Others~Sports~Arts;ENTP
26~28;Male;1;5~9;5~7;4~8;4~7;Others~Sports~Arts;ENTP
26~28;Male;1;5~9;5~7;4~8;4~7;Others~Sports~Arts;ENTP
26~28;Male;1;5~9;5~7;4~8;4~7;Others~Sports~Arts;ESFP
26~28;Male;1;5~9;5~7;4~8;4~7;Others~Sports~Arts;ENFP
26~28;Male;1;5~9;5~7;4~8;4~7;Others~Sports~Arts;ESFP
26~28;Male;1;5~9;5~7;4~8;4~7;Others~Sports~Arts;ESTP
30~43;Male;1;5~8;5~6;5~9;5~6;Others~Sports~Arts;ENTP
30~43;Male;1;5~8;5~6;5~9;5~6;Others~Sports~Arts;ESFP
30~43;Male;1;5~8;5~6;5~9;5~6;Others~Sports~Arts;ENTP
30~43;Male;1;5~8;5~6;5~9;5~6;Others~Sports~Arts;ESFP
30~43;Male;1;5~8;5~6;5~9;5~6;Others~Sports~Arts;ENTP
30~43;Male;1;5~8;5~6;5~9;5~6;Others~Sports~Arts;ENTP
30~43;Male;1;5~8;5~6;5~9;5~6;Others~Sports~Arts;ENFP
30~43;Male;1;5~8;5~6;5~9;5~6;Others~Sports~Arts;ESFP
26~28;Female;0;0~2;1~4;0~4;2~4;Unknown~Technology~Others;INFP
26~28;Female;0;0~2;1~4;0~4;2~4;Unknown~Technology~Others;INFP
26~28;Female;0;0~2;1~4;0~4;2~4;Unknown~Technology~Others;INFP
26~28;Female;0;0~2;1~4;0~4;2~4;Unknown~Technology~Others;INFP
26~28;Female;0;0~2;1~4;0~4;2~4;Unknown~Technology~Others;INFP
26~28;Female;0;0~2;1~4;0~4;2~4;Unknown~Technology~Others;INFP
26~28;Female;0;0~2;1~4;0~4;2~4;Unknown~Technology~Others;INFP
26~28;Female;0;0~2;1~4;0~4;2~4;Unknown~Technology~Others;INFP
26~28;Female;0;0~2;1~4;0~4;2~4;Unknown~Technology~Others;INFP
26~27;Female;0;2~4;2~4;0~1;2~4;Unknown~Technology~Others;INFP
26~27;Female;0;2~4;2~4;0~1;2~4;Unknown~Technology~Others;ENFP
26~27;Female;0;2~4;2~4;0~1;2~4;Unknown~Technology~Others;ENFP
26~27;Female;0;2~4;2~4;0~1;2~4;Unknown~Technology~Others;INFP
26~27;Female;0;2~4;2~4;0~1;2~4;Unknown~Technology~Others;ENFP
26~28;Female;0;2~5;1~4;1~4;1~4;Unknown~Technology~Others;ENFP
26~28;Female;0;2~5;1~4;1~4;1~4;Unknown~Technology~Others;ENFP
26~28;Female;0;2~5;1~4;1~4;1~4;Unknown~Technology~Others;INFP
26~28;Female;0;2~5;1~4;1~4;1~4;Unknown~Technology~Others;ENFP
26~28;Female;0;2~5;1~4;1~4;1~4;Unknown~Technology~Others;ENFP
29~35;Female;0;0~2;2~4;0~4;0~4;Unknown~Technology~Others;INFP
29~35;Female;0;0~2;2~4;0~4;0~4;Unknown~Technology~Others;INFP
29~35;Female;0;0~2;2~4;0~4;0~4;Unknown~Technology~Others;INFP
29~35;Female;0;0~2;2~4;0~4;0~4;Unknown~Technology~Others;INFP
29~35;Female;0;0~2;2~4;0~4;0~4;Unknown~Technology~Others;INFP
29~35;Female;0;0~2;2~4;0~4;0~4;Unknown~Technology~Others;INFP
29~35;Female;0;0~2;2~4;0~4;0~4;Unknown~Technology~Others;INFP
29~35;Female;0;0~2;2~4;0~4;0~4;Unknown~Technology~Others;INFP
29~35;Female;0;0~2;2~4;0~4;0~4;Unknown~Technology~Others;INFP
29~44;Female;0;3~5;2~4;0~5;1~4;Unknown~Technology~Others;ENFP
29~44;Female;0;3~5;2~4;0~5;1~4;Unknown~Technology~Others;ENFP
29~44;Female;0;3~5;2~4;0~5;1~4;Unknown~Technology~Others;ENFP
29~44;Female;0;3~5;2~4;0~5;1~4;Unknown~Technology~Others;ENFP
29~44;Female;0;3~5;2~4;0~5;1~4;Unknown~Technology~Others;ENFP
29~44;Female;0;3~5;2~4;0~5;1~4;Unknown~Technology~Others;ENFP
29~44;Female;0;3~5;2~4;0~5;1~4;Unknown~Technology~Others;ENFP
29~44;Female;0;3~5;2~4;0~5;1~4;Unknown~Technology~Others;ENFP
29~44;Female;0;3~5;2~4;0~5;1~4;Unknown~Technology~Others;ENFP
26~28;Female;0;1~4;3~4;0~4;1~4;Sports~Arts;ENFP
26~28;Female;0;1~4;3~4;0~4;1~4;Sports~Arts;ENFP
26~28;Female;0;1~4;3~4;0~4;1~4;Sports~Arts;INTP
26~28;Female;0;1~4;3~4;0~4;1~4;Sports~Arts;INFP
26~28;Female;0;1~4;3~4;0~4;1~4;Sports~Arts;INFP
26~28;Female;0;1~4;3~4;0~4;1~4;Sports~Arts;ENFP
26~28;Female;0;1~4;3~4;0~4;1~4;Sports~Arts;ENFP
29~33;Female;0;2~4;2~4;1~4;2~4;Sports~Arts;INFP
29~33;Female;0;2~4;2~4;1~4;2~4;Sports~Arts;INFP
29~33;Female;0;2~4;2~4;1~4;2~4;Sports~Arts;INFP
29~33;Female;0;2~4;2~4;1~4;2~4;Sports~Arts;ENTP
29~33;Female;0;2~4;2~4;1~4;2~4;Sports~Arts;ENFP
29~33;Female;0;2~4;2~4;1~4;2~4;Sports~Arts;INFP
29~33;Female;0;2~4;2~4;1~4;2~4;Sports~Arts;INFP
29~33;Female;0;2~4;2~4;1~4;2~4;Sports~Arts;INFP
26~30;Female;0;0~1;3~4;0~4;4~7;Unknown~Technology;INFP
26~30;Female;0;0~1;3~4;0~4;4~7;Unknown~Technology;INFJ
26~30;Female;0;0~1;3~4;0~4;4~7;Unknown~Technology;INFP
26~30;Female;0;0~1;3~4;0~4;4~7;Unknown~Technology;INFJ
26~30;Female;0;0~1;3~4;0~4;4~7;Unknown~Technology;INFP
26~30;Female;0;0~1;3~4;0~4;4~7;Unknown~Technology;INFJ
26~30;Female;0;0~1;3~4;0~4;4~7;Unknown~Technology;INFJ
26~29;Female;0;1~5;2~4;2~5;5~6;Unknown~Technology;INFJ
26~29;Female;0;1~5;2~4;2~5;5~6;Unknown~Technology;ENFP
26~29;Female;0;1~5;2~4;2~5;5~6;Unknown~Technology;INFP
26~29;Female;0;1~5;2~4;2~5;5~6;Unknown~Technology;INFP
26~29;Female;0;1~5;2~4;2~5;5~6;Unknown~Technology;INFP
26~29;Female;0;1~5;2~4;2~5;5~6;Unknown~Technology;ENFJ
26~29;Female;0;1~5;2~4;2~5;5~6;Unknown~Technology;INFJ
26~29;Female;0;1~5;2~4;2~5;5~6;Unknown~Technology;ENFP
32~35;Female;0;0~3;2~4;0~4;4~6;Unknown~Technology;INFP
32~35;Female;0;0~3;2~4;0~4;4~6;Unknown~Technology;INFJ
32~35;Female;0;0~3;2~4;0~4;4~6;Unknown~Technology;INFP
32~35;Female;0;0~3;2~4;0~4;4~6;Unknown~Technology;INFP
32~35;Female;0;0~3;2~4;0~4;4~6;Unknown~Technology;INFP
32~35;Female;0;0~3;2~4;0~4;4~6;Unknown~Technology;INFP
32~35;Female;0;0~3;2~4;0~4;4~6;Unknown~Technology;ENFP
31~37;Female;0;3~4;2~4;1~4;4~6;Unknown~Technology;ENFP
31~37;Female;0;3~4;2~4;1~4;4~6;Unknown~Technology;ENFP
31~37;Female;0;3~4;2~4;1~4;4~6;Unknown~Technology;ENFJ
31~37;Female;0;3~4;2~4;1~4;4~6;Unknown~Technology;INFJ
31~37;Female;0;3~4;2~4;1~4;4~6;Unknown~Technology;INFJ
31~37;Female;0;3~4;2~4;1~4;4~6;Unknown~Technology;ENFP
31~37;Female;0;3~4;2~4;1~4;4~6;Unknown~Technology;ENFP
31~37;Female;0;3~4;2~4;1~4;4~6;Unknown~Technology;ENFJ
26~28;Female;0;0~2;2~4;0~4;4~6;Others~Sports~Arts;INFP
26~28;Female;0;0~2;2~4;0~4;4~6;Others~Sports~Arts;INFP
26~28;Female;0;0~2;2~4;0~4;4~6;Others~Sports~Arts;INFP
26~28;Female;0;0~2;2~4;0~4;4~6;Others~Sports~Arts;INFP
26~28;Female;0;0~2;2~4;0~4;4~6;Others~Sports~Arts;INFJ
26~29;Female;0;2~4;3~4;0~4;4~6;Sports~Arts;ENTP
26~29;Female;0;2~4;3~4;0~4;4~6;Sports~Arts;ENFP
26~29;Female;0;2~4;3~4;0~4;4~6;Sports~Arts;INFJ
26~29;Female;0;2~4;3~4;0~4;4~6;Sports~Arts;ENTP
26~29;Female;0;2~4;3~4;0~4;4~6;Sports~Arts;INFP
26~29;Female;0;2~4;3~4;0~4;4~6;Sports~Arts;INFP
30~43;Female;0;0~3;3~4;1~3;4~6;Others~Sports~Arts;INFJ
30~43;Female;0;0~3;3~4;1~3;4~6;Others~Sports~Arts;INFJ
30~43;Female;0;0~3;3~4;1~3;4~6;Others~Sports~Arts;ENFP
30~43;Female;0;0~3;3~4;1~3;4~6;Others~Sports~Arts;INFP
30~43;Female;0;0~3;3~4;1~3;4~6;Others~Sports~Arts;INFP
30~43;Female;0;3~5;2~4;1~3;4~7;Others~Sports~Arts;INFP
30~43;Female;0;3~5;2~4;1~3;4~7;Others~Sports~Arts;ENFP
30~43;Female;0;3~5;2~4;1~3;4~7;Others~Sports~Arts;INFP
30~43;Female;0;3~5;2~4;1~3;4~7;Others~Sports~Arts;ENFJ
30~43;Female;0;3~5;2~4;1~3;4~7;Others~Sports~Arts;ENFJ
30~43;Female;0;3~5;2~4;1~3;4~7;Others~Sports~Arts;ENFJ
26~32;Female;0;0~1;3~4;6~8;2~4;Unknown;INTP
26~32;Female;0;0~1;3~4;6~8;2~4;Unknown;INTP
26~32;Female;0;0~1;3~4;6~8;2~4;Unknown;INTP
26~32;Female;0;0~1;3~4;6~8;2~4;Unknown;INTP
26~32;Female;0;0~1;3~4;6~8;2~4;Unknown;INTP
28~32;Female;0;0~1;3~4;8~9;3~4;Unknown~Technology;INTP
28~32;Female;0;0~1;3~4;8~9;3~4;Unknown~Technology;INTP
28~32;Female;0;0~1;3~4;8~9;3~4;Unknown~Technology;INTP
28~32;Female;0;0~1;3~4;8~9;3~4;Unknown~Technology;INTP
28~32;Female;0;0~1;3~4;8~9;3~4;Unknown~Technology;INTP
27~30;Female;0;2~4;2~4;5~8;2~4;Unknown~Technology;ENTP
27~30;Female;0;2~4;2~4;5~8;2~4;Unknown~Technology;INTP
27~30;Female;0;2~4;2~4;5~8;2~4;Unknown~Technology;ENTP
27~30;Female;0;2~4;2~4;5~8;2~4;Unknown~Technology;ENTP
27~30;Female;0;2~4;2~4;5~8;2~4;Unknown~Technology;INFP
26~32;Female;0;3~5;3~4;8~9;3~4;Unknown~Technology;INTP
26~32;Female;0;3~5;3~4;8~9;3~4;Unknown~Technology;INTP
26~32;Female;0;3~5;3~4;8~9;3~4;Unknown~Technology;INTP
26~32;Female;0;3~5;3~4;8~9;3~4;Unknown~Technology;ENTP
26~32;Female;0;3~5;3~4;8~9;3~4;Unknown~Technology;ENTP
33~43;Female;0;0~2;2~4;5~9;1~4;Unknown~Technology;INTP
33~43;Female;0;0~2;2~4;5~9;1~4;Unknown~Technology;INTP
33~43;Female;0;0~2;2~4;5~9;1~4;Unknown~Technology;INTP
33~43;Female;0;0~2;2~4;5~9;1~4;Unknown~Technology;INTP
33~43;Female;0;0~2;2~4;5~9;1~4;Unknown~Technology;INTP
33~43;Female;0;0~2;2~4;5~9;1~4;Unknown~Technology;INTP
33~40;Female;0;2~5;2~4;5~9;1~4;Unknown~Technology;ENTP
33~40;Female;0;2~5;2~4;5~9;1~4;Unknown~Technology;INTP
33~40;Female;0;2~5;2~4;5~9;1~4;Unknown~Technology;ENTP
33~40;Female;0;2~5;2~4;5~9;1~4;Unknown~Technology;ENTP
33~40;Female;0;2~5;2~4;5~9;1~4;Unknown~Technology;ENTP
33~40;Female;0;2~5;2~4;5~9;1~4;Unknown~Technology;INTP
33~40;Female;0;2~5;2~4;5~9;1~4;Unknown~Technology;ENTP
26~30;Female;0;0~4;3~4;5~9;1~4;Others~Sports~Arts;INTP
26~30;Female;0;0~4;3~4;5~9;1~4;Others~Sports~Arts;INTP
26~30;Female;0;0~4;3~4;5~9;1~4;Others~Sports~Arts;ENTP
26~30;Female;0;0~4;3~4;5~9;1~4;Others~Sports~Arts;INTP
26~30;Female;0;0~4;3~4;5~9;1~4;Others~Sports~Arts;ENTP
26~30;Female;0;0~4;3~4;5~9;1~4;Others~Sports~Arts;ENTP
26~30;Female;0;0~4;3~4;5~9;1~4;Others~Sports~Arts;INTP
26~30;Female;0;0~4;3~4;5~9;1~4;Others~Sports~Arts;INTP
26~30;Female;0;0~4;3~4;5~9;1~4;Others~Sports~Arts;ENTP
31~36;Female;0;0~1;3~4;5~9;0~3;Others~Sports~Arts;INTP
31~36;Female;0;0~1;3~4;5~9;0~3;Others~Sports~Arts;INTP
31~36;Female;0;0~1;3~4;5~9;0~3;Others~Sports~Arts;INTP
31~36;Female;0;0~1;3~4;5~9;0~3;Others~Sports~Arts;INTP
31~36;Female;0;0~1;3~4;5~9;0~3;Others~Sports~Arts;INTP
31~45;Female;0;2~3;3~4;5~9;3~4;Others~Sports~Arts;INTP
31~45;Female;0;2~3;3~4;5~9;3~4;Others~Sports~Arts;INTP
31~45;Female;0;2~3;3~4;5~9;3~4;Others~Sports~Arts;INTP
31~45;Female;0;2~3;3~4;5~9;3~4;Others~Sports~Arts;INTP
31~45;Female;0;2~3;3~4;5~9;3~4;Others~Sports~Arts;INFP
26~29;Female;0;0~2;3~4;5~9;4~6;Unknown~Technology~Others;INTJ
26~29;Female;0;0~2;3~4;5~9;4~6;Unknown~Technology~Others;INTP
26~29;Female;0;0~2;3~4;5~9;4~6;Unknown~Technology~Others;INTP
26~29;Female;0;0~2;3~4;5~9;4~6;Unknown~Technology~Others;INTP
26~29;Female;0;0~2;3~4;5~9;4~6;Unknown~Technology~Others;INTP
26~29;Female;0;0~2;3~4;5~9;4~6;Unknown~Technology~Others;INTP
26~29;Female;0;0~2;3~4;5~9;4~6;Unknown~Technology~Others;INTP
26~29;Female;0;0~2;3~4;5~9;4~6;Unknown~Technology~Others;INTP
26~29;Female;0;2~4;3~4;6~9;4~7;Unknown~Technology~Others;ENTJ
26~29;Female;0;2~4;3~4;6~9;4~7;Unknown~Technology~Others;INTP
26~29;Female;0;2~4;3~4;6~9;4~7;Unknown~Technology~Others;INTP
26~29;Female;0;2~4;3~4;6~9;4~7;Unknown~Technology~Others;INTP
26~29;Female;0;2~4;3~4;6~9;4~7;Unknown~Technology~Others;ENTP
26~29;Female;0;2~4;3~4;6~9;4~7;Unknown~Technology~Others;INTP
26~29;Female;0;2~4;3~4;6~9;4~7;Unknown~Technology~Others;ENTP
26~29;Female;0;2~4;3~4;6~9;4~7;Unknown~Technology~Others;INTP
26~29;Female;0;2~4;3~4;6~9;4~7;Unknown~Technology~Others;ENTP
30~38;Female;0;0~2;3~4;6~9;4~7;Unknown~Technology~Others;INTP
30~38;Female;0;0~2;3~4;6~9;4~7;Unknown~Technology~Others;INTP
30~38;Female;0;0~2;3~4;6~9;4~7;Unknown~Technology~Others;INTP
30~38;Female;0;0~2;3~4;6~9;4~7;Unknown~Technology~Others;INTP
30~38;Female;0;0~2;3~4;6~9;4~7;Unknown~Technology~Others;INTJ
30~38;Female;0;0~2;3~4;6~9;4~7;Unknown~Technology~Others;INTP
30~38;Female;0;0~2;3~4;6~9;4~7;Unknown~Technology~Others;INTP
30~38;Female;0;0~2;3~4;6~9;4~7;Unknown~Technology~Others;ENTP
30~38;Female;0;0~2;3~4;6~9;4~7;Unknown~Technology~Others;INTJ
30~37;Female;0;2~4;2~4;5~9;4~6;Unknown~Technology~Others;ENTJ
30~37;Female;0;2~4;2~4;5~9;4~6;Unknown~Technology~Others;ENTP
30~37;Female;0;2~4;2~4;5~9;4~6;Unknown~Technology~Others;ENFP
30~37;Female;0;2~4;2~4;5~9;4~6;Unknown~Technology~Others;ENTP
30~37;Female;0;2~4;2~4;5~9;4~6;Unknown~Technology~Others;ENTP
30~37;Female;0;2~4;2~4;5~9;4~6;Unknown~Technology~Others;ENTP
30~37;Female;0;2~4;2~4;5~9;4~6;Unknown~Technology~Others;INTP
30~37;Female;0;2~4;2~4;5~9;4~6;Unknown~Technology~Others;INTP
30~37;Female;0;2~4;2~4;5~9;4~6;Unknown~Technology~Others;INFP
26~30;Female;0;0~4;2~4;5~9;4~5;Sports~Arts;INTP
26~30;Female;0;0~4;2~4;5~9;4~5;Sports~Arts;INTJ
26~30;Female;0;0~4;2~4;5~9;4~5;Sports~Arts;INTP
26~30;Female;0;0~4;2~4;5~9;4~5;Sports~Arts;INTP
26~30;Female;0;0~4;2~4;5~9;4~5;Sports~Arts;INTP
26~30;Female;0;0~4;2~4;5~9;4~5;Sports~Arts;INTP
26~30;Female;0;0~4;2~4;5~9;4~5;Sports~Arts;INTP
26~30;Female;0;0~4;2~4;5~9;4~5;Sports~Arts;INTP
31~37;Female;0;0~5;3~4;5~9;4~7;Sports~Arts;INTP
31~37;Female;0;0~5;3~4;5~9;4~7;Sports~Arts;INTP
31~37;Female;0;0~5;3~4;5~9;4~7;Sports~Arts;ENTJ
31~37;Female;0;0~5;3~4;5~9;4~7;Sports~Arts;INTJ
31~37;Female;0;0~5;3~4;5~9;4~7;Sports~Arts;ENTP
31~37;Female;0;0~5;3~4;5~9;4~7;Sports~Arts;INTJ
31~37;Female;0;0~5;3~4;5~9;4~7;Sports~Arts;INTJ
31~37;Female;0;0~5;3~4;5~9;4~7;Sports~Arts;INTP
31~37;Female;0;0~5;3~4;5~9;4~7;Sports~Arts;INTJ
26~29;Female;0;0~2;5~7;1~3;1~4;Unknown~Technology;INFP
26~29;Female;0;0~2;5~7;1~3;1~4;Unknown~Technology;ISFP
26~29;Female;0;0~2;5~7;1~3;1~4;Unknown~Technology;INFP
26~29;Female;0;0~2;5~7;1~3;1~4;Unknown~Technology;INFP
26~29;Female;0;0~2;5~7;1~3;1~4;Unknown~Technology;INFP
26~29;Female;0;0~2;5~7;1~3;1~4;Unknown~Technology;INFP
26~29;Female;0;0~2;5~7;1~3;1~4;Unknown~Technology;ENFP
26~29;Female;0;3~5;5~6;0~3;2~4;Unknown;INFP
26~29;Female;0;3~5;5~6;0~3;2~4;Unknown;ESFP
26~29;Female;0;3~5;5~6;0~3;2~4;Unknown;ISFP
26~29;Female;0;3~5;5~6;0~3;2~4;Unknown;ENFP
26~29;Female;0;3~5;5~6;0~3;2~4;Unknown;ENFP
26~29;Female;0;3~5;5~6;0~3;2~4;Unknown;ENFP
26~29;Female;0;3~5;5~6;0~3;2~4;Unknown;ISFP
31~37;Female;0;0~3;5~7;0~1;1~4;Unknown~Technology;INFP
31~37;Female;0;0~3;5~7;0~1;1~4;Unknown~Technology;ISFP
31~37;Female;0;0~3;5~7;0~1;1~4;Unknown~Technology;INFP
31~37;Female;0;0~3;5~7;0~1;1~4;Unknown~Technology;INFP
31~37;Female;0;0~3;5~7;0~1;1~4;Unknown~Technology;ISFP
31~37;Female;0;0~3;5~7;0~1;1~4;Unknown~Technology;ISFP
30~42;Female;0;3~4;5~6;0~3;1~4;Unknown~Technology;ISFP
30~42;Female;0;3~4;5~6;0~3;1~4;Unknown~Technology;ENFP
30~42;Female;0;3~4;5~6;0~3;1~4;Unknown~Technology;ENFP
30~42;Female;0;3~4;5~6;0~3;1~4;Unknown~Technology;ISFP
30~42;Female;0;3~4;5~6;0~3;1~4;Unknown~Technology;ENFP
30~42;Female;0;3~4;5~6;0~3;1~4;Unknown~Technology;ISFP
26~27;Female;0;0~2;5~7;0~3;2~4;Others~Sports~Arts;INFP
26~27;Female;0;0~2;5~7;0~3;2~4;Others~Sports~Arts;INFP
26~27;Female;0;0~2;5~7;0~3;2~4;Others~Sports~Arts;INFP
26~27;Female;0;0~2;5~7;0~3;2~4;Others~Sports~Arts;INFP
26~27;Female;0;0~2;5~7;0~3;2~4;Others~Sports~Arts;INFP
26~27;Female;0;0~2;5~7;0~3;2~4;Others~Sports~Arts;ISFP
26~27;Female;0;0~2;5~7;0~3;2~4;Others~Sports~Arts;ISFP
26~27;Female;0;2~5;5~7;0~2;2~4;Others~Sports~Arts;ENFP
26~27;Female;0;2~5;5~7;0~2;2~4;Others~Sports~Arts;ISFP
26~27;Female;0;2~5;5~7;0~2;2~4;Others~Sports~Arts;ISFP
26~27;Female;0;2~5;5~7;0~2;2~4;Others~Sports~Arts;ISFP
26~27;Female;0;2~5;5~7;0~2;2~4;Others~Sports~Arts;ENFP
26~27;Female;0;2~5;5~7;0~2;2~4;Others~Sports~Arts;ENFP
26~27;Female;0;2~5;5~7;0~2;2~4;Others~Sports~Arts;ENFP
31~43;Female;0;0~3;5~7;1~3;3~4;Others~Sports~Arts;ISFP
31~43;Female;0;0~3;5~7;1~3;3~4;Others~Sports~Arts;ISFP
31~43;Female;0;0~3;5~7;1~3;3~4;Others~Sports~Arts;ISFP
31~43;Female;0;0~3;5~7;1~3;3~4;Others~Sports~Arts;INFP
31~43;Female;0;0~3;5~7;1~3;3~4;Others~Sports~Arts;ISFP
31~43;Female;0;0~3;5~7;1~3;3~4;Others~Sports~Arts;ISFP
29~41;Female;0;4~4;4~7;0~3;3~4;Others~Sports~Arts;ESFP
29~41;Female;0;4~4;4~7;0~3;3~4;Others~Sports~Arts;INFP
29~41;Female;0;4~4;4~7;0~3;3~4;Others~Sports~Arts;INFP
29~41;Female;0;4~4;4~7;0~3;3~4;Others~Sports~Arts;ENFP
29~41;Female;0;4~4;4~7;0~3;3~4;Others~Sports~Arts;ENFP
29~41;Female;0;4~4;4~7;0~3;3~4;Others~Sports~Arts;ESFP
26~28;Female;0;0~3;5~7;0~4;4~6;Unknown~Technology;ESFP
26~28;Female;0;0~3;5~7;0~4;4~6;Unknown~Technology;INFJ
26~28;Female;0;0~3;5~7;0~4;4~6;Unknown~Technology;INFJ
26~28;Female;0;0~3;5~7;0~4;4~6;Unknown~Technology;INFP
26~28;Female;0;0~3;5~7;0~4;4~6;Unknown~Technology;ISFP
26~28;Female;0;0~3;5~7;0~4;4~6;Unknown~Technology;ISFP
26~28;Female;0;0~3;5~7;0~4;4~6;Unknown~Technology;ISFP
26~28;Female;0;0~3;5~7;0~4;4~6;Unknown~Technology;ISFP
26~28;Female;0;0~3;5~7;0~4;4~6;Unknown~Technology;ISFP
26~28;Female;0;3~4;5~6;1~3;5~6;Unknown~Technology;ENFJ
26~28;Female;0;3~4;5~6;1~3;5~6;Unknown~Technology;INFP
26~28;Female;0;3~4;5~6;1~3;5~6;Unknown~Technology;ESFP
26~28;Female;0;3~4;5~6;1~3;5~6;Unknown~Technology;ENFP
26~28;Female;0;3~4;5~6;1~3;5~6;Unknown~Technology;INFP
26~28;Female;0;3~5;6~7;0~3;5~6;Unknown~Technology;ESFP
26~28;Female;0;3~5;6~7;0~3;5~6;Unknown~Technology;ESFP
26~28;Female;0;3~5;6~7;0~3;5~6;Unknown~Technology;ISFP
26~28;Female;0;3~5;6~7;0~3;5~6;Unknown~Technology;ESFJ
26~28;Female;0;3~5;6~7;0~3;5~6;Unknown~Technology;ESFP
29~35;Female;0;0~2;5~6;0~1;4~6;Unknown~Technology;INFP
29~35;Female;0;0~2;5~6;0~1;4~6;Unknown~Technology;INFP
29~35;Female;0;0~2;5~6;0~1;4~6;Unknown~Technology;INFP
29~35;Female;0;0~2;5~6;0~1;4~6;Unknown~Technology;ISFJ
29~35;Female;0;0~2;5~6;0~1;4~6;Unknown~Technology;INFP
29~35;Female;0;0~2;5~6;0~1;4~6;Unknown~Technology;INFP
29~36;Female;0;2~5;5~7;0~3;5~6;Unknown~Technology;ESFJ
29~36;Female;0;2~5;5~7;0~3;5~6;Unknown~Technology;ENFP
29~36;Female;0;2~5;5~7;0~3;5~6;Unknown~Technology;INFP
29~36;Female;0;2~5;5~7;0~3;5~6;Unknown~Technology;ENFP
29~36;Female;0;2~5;5~7;0~3;5~6;Unknown~Technology;INFJ
29~36;Female;0;2~5;5~7;0~3;5~6;Unknown~Technology;ESFJ
29~36;Female;0;2~5;5~7;0~3;5~6;Unknown~Technology;ISFJ
26~28;Female;0;0~1;5~6;0~3;4~6;Others~Sports~Arts;ISFJ
26~28;Female;0;0~1;5~6;0~3;4~6;Others~Sports~Arts;INFP
26~28;Female;0;0~1;5~6;0~3;4~6;Others~Sports~Arts;INFJ
26~28;Female;0;0~1;5~6;0~3;4~6;Others~Sports~Arts;INFP
26~28;Female;0;0~1;5~6;0~3;4~6;Others~Sports~Arts;INFP
26~27;Female;0;1~5;5~7;0~3;4~5;Others~Sports~Arts;INFP
26~27;Female;0;1~5;5~7;0~3;4~5;Others~Sports~Arts;ISFP
26~27;Female;0;1~5;5~7;0~3;4~5;Others~Sports~Arts;ESFP
26~27;Female;0;1~5;5~7;0~3;4~5;Others~Sports~Arts;ESFP
26~27;Female;0;1~5;5~7;0~3;4~5;Others~Sports~Arts;ISFP
29~40;Female;0;0~2;5~6;0~4;4~5;Sports~Arts;INFJ
29~40;Female;0;0~2;5~6;0~4;4~5;Sports~Arts;INFJ
29~40;Female;0;0~2;5~6;0~4;4~5;Sports~Arts;ISFP
29~40;Female;0;0~2;5~6;0~4;4~5;Sports~Arts;INFP
29~40;Female;0;0~2;5~6;0~4;4~5;Sports~Arts;INFP
29~44;Female;0;3~4;5~6;0~3;5~5;Others~Sports~Arts;ENFP
29~44;Female;0;3~4;5~6;0~3;5~5;Others~Sports~Arts;INFP
29~44;Female;0;3~4;5~6;0~3;5~5;Others~Sports~Arts;ESFP
29~44;Female;0;3~4;5~6;0~3;5~5;Others~Sports~Arts;INFJ
29~44;Female;0;3~4;5~6;0~3;5~5;Others~Sports~Arts;ISFP
26~28;Female;0;0~4;5~7;4~7;1~4;Unknown~Technology;INFP
26~28;Female;0;0~4;5~7;4~7;1~4;Unknown~Technology;ISTP
26~28;Female;0;0~4;5~7;4~7;1~4;Unknown~Technology;ENTP
26~28;Female;0;0~4;5~7;4~7;1~4;Unknown~Technology;ENTP
26~28;Female;0;0~4;5~7;4~7;1~4;Unknown~Technology;ESTP
26~28;Female;0;0~4;5~7;4~7;1~4;Unknown~Technology;ENTP
26~28;Female;0;0~4;5~7;4~7;1~4;Unknown~Technology;INFP
26~28;Female;0;0~4;5~7;4~7;1~4;Unknown~Technology;ENTP
26~28;Female;0;0~5;5~6;7~9;1~4;Unknown~Technology;ISTP
26~28;Female;0;0~5;5~6;7~9;1~4;Unknown~Technology;INTP
26~28;Female;0;0~5;5~6;7~9;1~4;Unknown~Technology;ENTP
26~28;Female;0;0~5;5~6;7~9;1~4;Unknown~Technology;INTP
26~28;Female;0;0~5;5~6;7~9;1~4;Unknown~Technology;ISTP
26~28;Female;0;0~5;5~6;7~9;1~4;Unknown~Technology;INTP
26~28;Female;0;0~5;5~6;7~9;1~4;Unknown~Technology;ISTP
26~28;Female;0;0~5;5~6;7~9;1~4;Unknown~Technology;ESTP
29~36;Female;0;1~4;5~7;5~7;1~4;Unknown~Technology;INTP
29~36;Female;0;1~4;5~7;5~7;1~4;Unknown~Technology;ISTP
29~36;Female;0;1~4;5~7;5~7;1~4;Unknown~Technology;ENTP
29~36;Female;0;1~4;5~7;5~7;1~4;Unknown~Technology;INTP
29~36;Female;0;1~4;5~7;5~7;1~4;Unknown~Technology;ENTP
29~36;Female;0;1~4;5~7;5~7;1~4;Unknown~Technology;ISTP
29~36;Female;0;1~4;5~7;5~7;1~4;Unknown~Technology;INTP
29~40;Female;0;0~3;5~6;8~9;1~4;Unknown~Technology;INTP
29~40;Female;0;0~3;5~6;8~9;1~4;Unknown~Technology;INTP
29~40;Female;0;0~3;5~6;8~9;1~4;Unknown~Technology;ISTP
29~40;Female;0;0~3;5~6;8~9;1~4;Unknown~Technology;ISTP
29~40;Female;0;0~3;5~6;8~9;1~4;Unknown~Technology;INTP
29~40;Female;0;0~3;5~6;8~9;1~4;Unknown~Technology;INTP
29~40;Female;0;0~3;5~6;8~9;1~4;Unknown~Technology;ENTP
27~28;Female;0;0~5;5~7;4~6;1~4;Others~Sports~Arts;ISFP
27~28;Female;0;0~5;5~7;4~6;1~4;Others~Sports~Arts;ISFP
27~28;Female;0;0~5;5~7;4~6;1~4;Others~Sports~Arts;INTP
27~28;Female;0;0~5;5~7;4~6;1~4;Others~Sports~Arts;ENTP
27~28;Female;0;0~5;5~7;4~6;1~4;Others~Sports~Arts;ISTP
27~28;Female;0;0~5;5~7;4~6;1~4;Others~Sports~Arts;ENTP
26~28;Female;0;0~5;5~6;7~9;0~4;Others~Sports~Arts;INTP
26~28;Female;0;0~5;5~6;7~9;0~4;Others~Sports~Arts;ISTP
26~28;Female;0;0~5;5~6;7~9;0~4;Others~Sports~Arts;INTP
26~28;Female;0;0~5;5~6;7~9;0~4;Others~Sports~Arts;INTP
26~28;Female;0;0~5;5~6;7~9;0~4;Others~Sports~Arts;ENTP
26~28;Female;0;0~5;5~6;7~9;0~4;Others~Sports~Arts;INTP
26~28;Female;0;0~5;5~6;7~9;0~4;Others~Sports~Arts;ENTP
29~42;Female;0;0~4;5~7;4~9;0~4;Others~Sports~Arts;INTP
29~42;Female;0;0~4;5~7;4~9;0~4;Others~Sports~Arts;ESTP
29~42;Female;0;0~4;5~7;4~9;0~4;Others~Sports~Arts;INFP
29~42;Female;0;0~4;5~7;4~9;0~4;Others~Sports~Arts;ENFP
29~42;Female;0;0~4;5~7;4~9;0~4;Others~Sports~Arts;INFP
29~42;Female;0;0~4;5~7;4~9;0~4;Others~Sports~Arts;INTP
29~42;Female;0;0~4;5~7;4~9;0~4;Others~Sports~Arts;ENFP
29~42;Female;0;0~4;5~7;4~9;0~4;Others~Sports~Arts;INFP
29~42;Female;0;0~4;5~7;4~9;0~4;Others~Sports~Arts;ISTP
26~29;Female;0;0~5;5~7;4~7;4~6;Unknown~Technology;ISTP
26~29;Female;0;0~5;5~7;4~7;4~6;Unknown~Technology;ISFP
26~29;Female;0;0~5;5~7;4~7;4~6;Unknown~Technology;ENFP
26~29;Female;0;0~5;5~7;4~7;4~6;Unknown~Technology;ESTP
26~29;Female;0;0~5;5~7;4~7;4~6;Unknown~Technology;ENTP
26~29;Female;0;0~5;5~7;4~7;4~6;Unknown~Technology;INFP
26~29;Female;0;0~5;5~7;4~7;4~6;Unknown~Technology;ENTP
26~29;Female;0;0~5;5~7;4~7;4~6;Unknown~Technology;INFJ
26~29;Female;0;1~5;5~8;8~9;4~6;Unknown~Technology;INTP
26~29;Female;0;1~5;5~8;8~9;4~6;Unknown~Technology;INTP
26~29;Female;0;1~5;5~8;8~9;4~6;Unknown~Technology;ISTJ
26~29;Female;0;1~5;5~8;8~9;4~6;Unknown~Technology;ESTP
26~29;Female;0;1~5;5~8;8~9;4~6;Unknown~Technology;ENTP
26~29;Female;0;1~5;5~8;8~9;4~6;Unknown~Technology;ENTP
26~29;Female;0;1~5;5~8;8~9;4~6;Unknown~Technology;ENTP
26~29;Female;0;1~5;5~8;8~9;4~6;Unknown~Technology;ISTP
30~36;Female;0;1~4;5~7;5~7;4~7;Unknown~Technology;ISFJ
30~36;Female;0;1~4;5~7;5~7;4~7;Unknown~Technology;INTP
30~36;Female;0;1~4;5~7;5~7;4~7;Unknown~Technology;ENTP
30~36;Female;0;1~4;5~7;5~7;4~7;Unknown~Technology;ISTJ
30~36;Female;0;1~4;5~7;5~7;4~7;Unknown~Technology;ISTP
30~36;Female;0;1~4;5~7;5~7;4~7;Unknown~Technology;ESTP
30~36;Female;0;1~4;5~7;5~7;4~7;Unknown~Technology;ENTP
31~37;Female;0;0~4;4~6;7~9;4~7;Unknown~Technology;INTP
31~37;Female;0;0~4;4~6;7~9;4~7;Unknown~Technology;ENTJ
31~37;Female;0;0~4;4~6;7~9;4~7;Unknown~Technology;INTP
31~37;Female;0;0~4;4~6;7~9;4~7;Unknown~Technology;ISTP
31~37;Female;0;0~4;4~6;7~9;4~7;Unknown~Technology;INTP
31~37;Female;0;0~4;4~6;7~9;4~7;Unknown~Technology;INTP
31~37;Female;0;0~4;4~6;7~9;4~7;Unknown~Technology;INTP
26~28;Female;0;0~4;5~6;4~5;5~6;Others~Sports~Arts;INFP
26~28;Female;0;0~4;5~6;4~5;5~6;Others~Sports~Arts;INFJ
26~28;Female;0;0~4;5~6;4~5;5~6;Others~Sports~Arts;INFJ
26~28;Female;0;0~4;5~6;4~5;5~6;Others~Sports~Arts;ENTP
26~28;Female;0;0~4;5~6;4~5;5~6;Others~Sports~Arts;ESTP
26~28;Female;0;0~4;5~7;6~8;4~5;Others~Sports~Arts;ISTP
26~28;Female;0;0~4;5~7;6~8;4~5;Others~Sports~Arts;INTJ
26~28;Female;0;0~4;5~7;6~8;4~5;Others~Sports~Arts;ISTP
26~28;Female;0;0~4;5~7;6~8;4~5;Others~Sports~Arts;ENTJ
26~28;Female;0;0~4;5~7;6~8;4~5;Others~Sports~Arts;ENTP
26~28;Female;0;0~4;5~7;6~8;4~5;Others~Sports~Arts;INTJ
29~35;Female;0;0~4;5~8;4~8;4~5;Others~Sports~Arts;ISTP
29~35;Female;0;0~4;5~8;4~8;4~5;Others~Sports~Arts;ESTP
29~35;Female;0;0~4;5~8;4~8;4~5;Others~Sports~Arts;ENFP
29~35;Female;0;0~4;5~8;4~8;4~5;Others~Sports~Arts;ESTP
29~35;Female;0;0~4;5~8;4~8;4~5;Others~Sports~Arts;ENFP
29~34;Female;0;0~5;4~6;8~9;5~7;Others~Sports~Arts;ENTJ
29~34;Female;0;0~5;4~6;8~9;5~7;Others~Sports~Arts;ENTJ
29~34;Female;0;0~5;4~6;8~9;5~7;Others~Sports~Arts;ENTJ
29~34;Female;0;0~5;4~6;8~9;5~7;Others~Sports~Arts;INTP
29~34;Female;0;0~5;4~6;8~9;5~7;Others~Sports~Arts;ENTJ
29~34;Female;0;0~5;4~6;8~9;5~7;Others~Sports~Arts;ENTJ
26~31;Female;0;6~8;1~5;0~1;0~3;Unknown~Technology;ENFP
26~31;Female;0;6~8;1~5;0~1;0~3;Unknown~Technology;ENFP
26~31;Female;0;6~8;1~5;0~1;0~3;Unknown~Technology;ENFP
26~31;Female;0;6~8;1~5;0~1;0~3;Unknown~Technology;ENFP
26~31;Female;0;6~8;1~5;0~1;0~3;Unknown~Technology;ENFP
26~31;Female;0;6~8;1~5;0~1;0~3;Unknown~Technology;ENFP
26~31;Female;0;6~8;1~5;0~1;0~3;Unknown~Technology;ENFP
26~31;Female;0;6~8;1~5;0~1;0~3;Unknown~Technology;ENFP
26~31;Female;0;5~9;1~4;1~3;0~4;Unknown~Technology;ENFP
26~31;Female;0;5~9;1~4;1~3;0~4;Unknown~Technology;ENFP
26~31;Female;0;5~9;1~4;1~3;0~4;Unknown~Technology;ENFP
26~31;Female;0;5~9;1~4;1~3;0~4;Unknown~Technology;ENFP
26~31;Female;0;5~9;1~4;1~3;0~4;Unknown~Technology;ENFP
26~31;Female;0;5~9;1~4;1~3;0~4;Unknown~Technology;ENFP
26~31;Female;0;5~9;1~4;1~3;0~4;Unknown~Technology;ENFP
26~31;Female;0;5~9;1~4;1~3;0~4;Unknown~Technology;ENFP
32~35;Female;0;5~8;1~4;0~2;2~3;Unknown~Technology;ENFP
32~35;Female;0;5~8;1~4;0~2;2~3;Unknown~Technology;ENFP
32~35;Female;0;5~8;1~4;0~2;2~3;Unknown~Technology;ENFP
32~35;Female;0;5~8;1~4;0~2;2~3;Unknown~Technology;ENFP
32~35;Female;0;5~8;1~4;0~2;2~3;Unknown~Technology;ENFP
32~35;Female;0;5~8;1~4;0~2;2~3;Unknown~Technology;ENFP
32~39;Female;0;5~9;3~5;2~4;2~3;Unknown~Technology;ENFP
32~39;Female;0;5~9;3~5;2~4;2~3;Unknown~Technology;ENFP
32~39;Female;0;5~9;3~5;2~4;2~3;Unknown~Technology;ENFP
32~39;Female;0;5~9;3~5;2~4;2~3;Unknown~Technology;ENFP
32~39;Female;0;5~9;3~5;2~4;2~3;Unknown~Technology;ENFP
32~39;Female;0;5~9;3~5;2~4;2~3;Unknown~Technology;ENFP
26~29;Female;0;6~9;3~4;0~3;2~3;Others~Sports~Arts;ENFP
26~29;Female;0;6~9;3~4;0~3;2~3;Others~Sports~Arts;ENFP
26~29;Female;0;6~9;3~4;0~3;2~3;Others~Sports~Arts;ENFP
26~29;Female;0;6~9;3~4;0~3;2~3;Others~Sports~Arts;ENFP
26~29;Female;0;6~9;3~4;0~3;2~3;Others~Sports~Arts;ENFP
26~29;Female;0;6~9;3~4;0~3;2~3;Others~Sports~Arts;ENFP
26~29;Female;0;6~9;3~5;3~5;0~4;Sports~Arts;ENTP
26~29;Female;0;6~9;3~5;3~5;0~4;Sports~Arts;ENFP
26~29;Female;0;6~9;3~5;3~5;0~4;Sports~Arts;ENTP
26~29;Female;0;6~9;3~5;3~5;0~4;Sports~Arts;ENTP
26~29;Female;0;6~9;3~5;3~5;0~4;Sports~Arts;ENFP
26~29;Female;0;6~9;3~5;3~5;0~4;Sports~Arts;ENFP
26~29;Female;0;6~9;3~5;3~5;0~4;Sports~Arts;ENFP
31~41;Female;0;5~8;2~5;0~2;2~4;Sports~Arts;ENFP
31~41;Female;0;5~8;2~5;0~2;2~4;Sports~Arts;ENFP
31~41;Female;0;5~8;2~5;0~2;2~4;Sports~Arts;ENFP
31~41;Female;0;5~8;2~5;0~2;2~4;Sports~Arts;ENFP
31~41;Female;0;5~8;2~5;0~2;2~4;Sports~Arts;ENFP
30~40;Female;0;6~9;3~5;2~4;3~4;Others~Sports~Arts;ENTP
30~40;Female;0;6~9;3~5;2~4;3~4;Others~Sports~Arts;ENFP
30~40;Female;0;6~9;3~5;2~4;3~4;Others~Sports~Arts;ENFP
30~40;Female;0;6~9;3~5;2~4;3~4;Others~Sports~Arts;ENFP
30~40;Female;0;6~9;3~5;2~4;3~4;Others~Sports~Arts;ENFP
30~40;Female;0;6~9;3~5;2~4;3~4;Others~Sports~Arts;ENFP
26~29;Female;0;5~9;2~5;0~1;4~6;Unknown~Technology;ENFP
26~29;Female;0;5~9;2~5;0~1;4~6;Unknown~Technology;ENFJ
26~29;Female;0;5~9;2~5;0~1;4~6;Unknown~Technology;ENFP
26~29;Female;0;5~9;2~5;0~1;4~6;Unknown~Technology;ENFJ
26~29;Female;0;5~9;2~5;0~1;4~6;Unknown~Technology;ENFP
26~29;Female;0;5~9;2~5;0~1;4~6;Unknown~Technology;ENFP
26~29;Female;0;5~9;2~5;0~1;4~6;Unknown~Technology;ENFP
26~29;Female;0;5~9;2~5;0~1;4~6;Unknown~Technology;ENFP
26~29;Female;0;6~9;2~4;2~5;4~6;Unknown~Technology;ENFP
26~29;Female;0;6~9;2~4;2~5;4~6;Unknown~Technology;ENFP
26~29;Female;0;6~9;2~4;2~5;4~6;Unknown~Technology;ENFP
26~29;Female;0;6~9;2~4;2~5;4~6;Unknown~Technology;ENFP
26~29;Female;0;6~9;2~4;2~5;4~6;Unknown~Technology;ENFJ
26~29;Female;0;6~9;2~4;2~5;4~6;Unknown~Technology;ENFP
26~29;Female;0;6~9;2~4;2~5;4~6;Unknown~Technology;ENFP
26~29;Female;0;6~9;2~4;2~5;4~6;Unknown~Technology;ENFP
30~38;Female;0;5~9;3~5;0~2;5~6;Unknown~Technology;ENFP
30~38;Female;0;5~9;3~5;0~2;5~6;Unknown~Technology;ENFP
30~38;Female;0;5~9;3~5;0~2;5~6;Unknown~Technology;ENFP
30~38;Female;0;5~9;3~5;0~2;5~6;Unknown~Technology;ENFJ
30~38;Female;0;5~9;3~5;0~2;5~6;Unknown~Technology;ENFJ
30~38;Female;0;5~9;3~5;0~2;5~6;Unknown~Technology;ENFP
30~38;Female;0;5~9;3~5;0~2;5~6;Unknown~Technology;ENFP
30~38;Female;0;5~9;3~5;0~2;5~6;Unknown~Technology;ENFP
30~36;Female;0;6~9;3~4;2~5;4~6;Unknown~Technology;ENFP
30~36;Female;0;6~9;3~4;2~5;4~6;Unknown~Technology;ENFP
30~36;Female;0;6~9;3~4;2~5;4~6;Unknown~Technology;ENFP
30~36;Female;0;6~9;3~4;2~5;4~6;Unknown~Technology;ENFP
30~36;Female;0;6~9;3~4;2~5;4~6;Unknown~Technology;ENFP
30~36;Female;0;6~9;3~4;2~5;4~6;Unknown~Technology;ENFP
30~36;Female;0;6~9;3~4;2~5;4~6;Unknown~Technology;ENFJ
30~36;Female;0;6~9;3~4;2~5;4~6;Unknown~Technology;ENFP
26~30;Female;0;5~7;1~5;0~0;4~5;Others~Sports~Arts;ENFP
26~30;Female;0;5~7;1~5;0~0;4~5;Others~Sports~Arts;ENFP
26~30;Female;0;5~7;1~5;0~0;4~5;Others~Sports~Arts;ENFP
26~30;Female;0;5~7;1~5;0~0;4~5;Others~Sports~Arts;ENFP
26~30;Female;0;5~7;1~5;0~0;4~5;Others~Sports~Arts;ENFJ
27~30;Female;0;5~8;3~4;0~4;4~4;Others~Sports~Arts;ENFP
27~30;Female;0;5~8;3~4;0~4;4~4;Others~Sports~Arts;ENFP
27~30;Female;0;5~8;3~4;0~4;4~4;Others~Sports~Arts;ENFP
27~30;Female;0;5~8;3~4;0~4;4~4;Others~Sports~Arts;ENTP
27~30;Female;0;5~8;3~4;0~4;4~4;Others~Sports~Arts;ENFP
31~35;Female;0;6~9;2~4;0~2;4~5;Sports~Arts;ENFP
31~35;Female;0;6~9;2~4;0~2;4~5;Sports~Arts;ENFP
31~35;Female;0;6~9;2~4;0~2;4~5;Sports~Arts;ENFJ
31~35;Female;0;6~9;2~4;0~2;4~5;Sports~Arts;ENFP
31~35;Female;0;6~9;2~4;0~2;4~5;Sports~Arts;ENFP
31~35;Female;0;6~8;4~5;2~5;4~6;Others~Sports~Arts;ENFP
31~35;Female;0;6~8;4~5;2~5;4~6;Others~Sports~Arts;ENFP
31~35;Female;0;6~8;4~5;2~5;4~6;Others~Sports~Arts;ENTP
31~35;Female;0;6~8;4~5;2~5;4~6;Others~Sports~Arts;ENFJ
31~35;Female;0;6~8;4~5;2~5;4~6;Others~Sports~Arts;ENTP
26~28;Female;0;6~9;2~4;5~9;2~4;Unknown~Technology;ENTP
26~28;Female;0;6~9;2~4;5~9;2~4;Unknown~Technology;ENTP
26~28;Female;0;6~9;2~4;5~9;2~4;Unknown~Technology;ENTP
26~28;Female;0;6~9;2~4;5~9;2~4;Unknown~Technology;ENTP
26~28;Female;0;6~9;2~4;5~9;2~4;Unknown~Technology;ENTP
26~28;Female;0;6~9;2~4;5~9;2~4;Unknown~Technology;ENTP
26~28;Female;0;6~9;2~4;5~9;2~4;Unknown~Technology;ENTP
26~28;Female;0;6~9;4~5;5~9;1~4;Unknown~Technology;ENTP
26~28;Female;0;6~9;4~5;5~9;1~4;Unknown~Technology;ENTP
26~28;Female;0;6~9;4~5;5~9;1~4;Unknown~Technology;ENTP
26~28;Female;0;6~9;4~5;5~9;1~4;Unknown~Technology;ENTP
26~28;Female;0;6~9;4~5;5~9;1~4;Unknown~Technology;ENTP
26~28;Female;0;6~9;4~5;5~9;1~4;Unknown~Technology;ENTP
26~28;Female;0;6~9;4~5;5~9;1~4;Unknown~Technology;ENTP
29~39;Female;0;5~9;3~4;5~9;2~4;Unknown~Technology;ENTP
29~39;Female;0;5~9;3~4;5~9;2~4;Unknown~Technology;ENTP
29~39;Female;0;5~9;3~4;5~9;2~4;Unknown~Technology;ENTP
29~39;Female;0;5~9;3~4;5~9;2~4;Unknown~Technology;ENTP
29~39;Female;0;5~9;3~4;5~9;2~4;Unknown~Technology;ENTP
29~39;Female;0;5~9;3~4;5~9;2~4;Unknown~Technology;ENTP
29~39;Female;0;5~9;3~4;5~9;2~4;Unknown~Technology;ENTP
29~39;Female;0;5~9;4~5;6~9;2~4;Unknown~Technology;ENTP
29~39;Female;0;5~9;4~5;6~9;2~4;Unknown~Technology;ENTP
29~39;Female;0;5~9;4~5;6~9;2~4;Unknown~Technology;ENTP
29~39;Female;0;5~9;4~5;6~9;2~4;Unknown~Technology;ENTP
29~39;Female;0;5~9;4~5;6~9;2~4;Unknown~Technology;ENTP
29~39;Female;0;5~9;4~5;6~9;2~4;Unknown~Technology;ENTP
29~39;Female;0;5~9;4~5;6~9;2~4;Unknown~Technology;ENTP
29~39;Female;0;5~9;4~5;6~9;2~4;Unknown~Technology;ENTP
26~29;Female;0;5~9;3~4;5~7;3~4;Others~Sports~Arts;ENTP
26~29;Female;0;5~9;3~4;5~7;3~4;Others~Sports~Arts;ENTP
26~29;Female;0;5~9;3~4;5~7;3~4;Others~Sports~Arts;ENTP
26~29;Female;0;5~9;3~4;5~7;3~4;Others~Sports~Arts;ENFP
26~29;Female;0;5~9;3~4;5~7;3~4;Others~Sports~Arts;ENTP
26~28;Female;0;5~8;4~5;7~9;2~4;Sports~Arts;ENTP
26~28;Female;0;5~8;4~5;7~9;2~4;Sports~Arts;ENTP
26~28;Female;0;5~8;4~5;7~9;2~4;Sports~Arts;ENTP
26~28;Female;0;5~8;4~5;7~9;2~4;Sports~Arts;ENTP
26~28;Female;0;5~8;4~5;7~9;2~4;Sports~Arts;ENTP
26~28;Female;0;5~8;4~5;7~9;2~4;Sports~Arts;ENTP
30~37;Female;0;5~9;2~4;5~9;1~4;Others~Sports~Arts;ENTP
30~37;Female;0;5~9;2~4;5~9;1~4;Others~Sports~Arts;ENFP
30~37;Female;0;5~9;2~4;5~9;1~4;Others~Sports~Arts;ENTP
30~37;Female;0;5~9;2~4;5~9;1~4;Others~Sports~Arts;ENTP
30~37;Female;0;5~9;2~4;5~9;1~4;Others~Sports~Arts;ENTP
30~37;Female;0;5~9;2~4;5~9;1~4;Others~Sports~Arts;ENTP
30~32;Female;0;5~9;4~5;5~9;2~4;Others~Sports~Arts;ENTP
30~32;Female;0;5~9;4~5;5~9;2~4;Others~Sports~Arts;ENTP
30~32;Female;0;5~9;4~5;5~9;2~4;Others~Sports~Arts;ENTP
30~32;Female;0;5~9;4~5;5~9;2~4;Others~Sports~Arts;ENFP
30~32;Female;0;5~9;4~5;5~9;2~4;Others~Sports~Arts;ENTP
30~32;Female;0;5~9;4~5;5~9;2~4;Others~Sports~Arts;ENTP
26~28;Female;0;6~9;3~4;5~9;4~6;Unknown~Technology~Others;ENTJ
26~28;Female;0;6~9;3~4;5~9;4~6;Unknown~Technology~Others;ENTP
26~28;Female;0;6~9;3~4;5~9;4~6;Unknown~Technology~Others;ENTJ
26~28;Female;0;6~9;3~4;5~9;4~6;Unknown~Technology~Others;ENTP
26~28;Female;0;6~9;3~4;5~9;4~6;Unknown~Technology~Others;ENTP
26~28;Female;0;6~9;3~4;5~9;4~6;Unknown~Technology~Others;ENTJ
26~28;Female;0;6~9;3~4;5~9;4~6;Unknown~Technology~Others;ENTJ
26~28;Female;0;6~9;3~4;5~9;4~6;Unknown~Technology~Others;ENTP
26~28;Female;0;5~9;4~5;5~9;5~6;Unknown~Technology~Others;ENTP
26~28;Female;0;5~9;4~5;5~9;5~6;Unknown~Technology~Others;ENTP
26~28;Female;0;5~9;4~5;5~9;5~6;Unknown~Technology~Others;ENTP
26~28;Female;0;5~9;4~5;5~9;5~6;Unknown~Technology~Others;ENTP
26~28;Female;0;5~9;4~5;5~9;5~6;Unknown~Technology~Others;ENTP
26~28;Female;0;5~9;4~5;5~9;5~6;Unknown~Technology~Others;ENTJ
26~28;Female;0;5~9;4~5;5~9;5~6;Unknown~Technology~Others;ENTP
26~28;Female;0;5~9;4~5;5~9;5~6;Unknown~Technology~Others;ENTP
29~36;Female;0;6~9;2~4;5~9;4~7;Unknown~Technology~Others;ENTP
29~36;Female;0;6~9;2~4;5~9;4~7;Unknown~Technology~Others;ENTP
29~36;Female;0;6~9;2~4;5~9;4~7;Unknown~Technology~Others;ENFP
29~36;Female;0;6~9;2~4;5~9;4~7;Unknown~Technology~Others;ENTP
29~36;Female;0;6~9;2~4;5~9;4~7;Unknown~Technology~Others;ENFP
29~36;Female;0;6~9;2~4;5~9;4~7;Unknown~Technology~Others;ENTP
29~36;Female;0;6~9;2~4;5~9;4~7;Unknown~Technology~Others;ENTP
29~36;Female;0;6~9;2~4;5~9;4~7;Unknown~Technology~Others;ENTJ
30~38;Female;0;6~8;4~5;5~9;4~6;Unknown~Technology~Others;ENTJ
30~38;Female;0;6~8;4~5;5~9;4~6;Unknown~Technology~Others;ENTP
30~38;Female;0;6~8;4~5;5~9;4~6;Unknown~Technology~Others;ENTJ
30~38;Female;0;6~8;4~5;5~9;4~6;Unknown~Technology~Others;ENTJ
30~38;Female;0;6~8;4~5;5~9;4~6;Unknown~Technology~Others;ENTP
30~38;Female;0;6~8;4~5;5~9;4~6;Unknown~Technology~Others;ENTJ
30~38;Female;0;6~8;4~5;5~9;4~6;Unknown~Technology~Others;ENTP
30~38;Female;0;6~8;4~5;5~9;4~6;Unknown~Technology~Others;ENTP
26~27;Female;0;5~8;2~4;6~9;4~5;Arts;ENTP
26~27;Female;0;5~8;2~4;6~9;4~5;Arts;ENTP
26~27;Female;0;5~8;2~4;6~9;4~5;Arts;ENTP
26~27;Female;0;5~8;2~4;6~9;4~5;Arts;ENTP
26~27;Female;0;5~8;2~4;6~9;4~5;Arts;ENTP
26~27;Female;0;5~8;4~5;5~6;5~7;Sports~Arts;ENTJ
26~27;Female;0;5~8;4~5;5~6;5~7;Sports~Arts;ENTP
26~27;Female;0;5~8;4~5;5~6;5~7;Sports~Arts;ENTJ
26~27;Female;0;5~8;4~5;5~6;5~7;Sports~Arts;ENTJ
26~27;Female;0;5~8;4~5;5~6;5~7;Sports~Arts;ENTJ
26~27;Female;0;5~8;4~5;5~6;5~7;Sports~Arts;ENTP
28~44;Female;0;6~9;1~5;5~9;4~7;Sports~Arts;ENTP
28~44;Female;0;6~9;1~5;5~9;4~7;Sports~Arts;ENTP
28~44;Female;0;6~9;1~5;5~9;4~7;Sports~Arts;ENTP
28~44;Female;0;6~9;1~5;5~9;4~7;Sports~Arts;ENTP
28~44;Female;0;6~9;1~5;5~9;4~7;Sports~Arts;ENTP
28~44;Female;0;6~9;1~5;5~9;4~7;Sports~Arts;ENTJ
28~44;Female;0;6~9;1~5;5~9;4~7;Sports~Arts;ENTP
28~44;Female;0;6~9;1~5;5~9;4~7;Sports~Arts;ENTP
28~44;Female;0;6~9;1~5;5~9;4~7;Sports~Arts;ENTJ
26~28;Female;0;5~9;5~6;0~4;2~4;Unknown;ESFP
26~28;Female;0;5~9;5~6;0~4;2~4;Unknown;ESFP
26~28;Female;0;5~9;5~6;0~4;2~4;Unknown;ENFP
26~28;Female;0;5~9;5~6;0~4;2~4;Unknown;ENFP
26~28;Female;0;5~9;5~6;0~4;2~4;Unknown;ESFP
26~28;Female;0;5~9;5~6;0~4;2~4;Unknown;ESFP
26~28;Female;0;5~9;5~6;0~4;2~4;Unknown;ENFP
26~28;Female;0;5~9;5~6;0~4;2~4;Unknown;ESFP
26~28;Female;0;5~9;5~6;0~4;2~4;Unknown;ENFP
26~28;Female;0;5~9;5~6;1~5;1~4;Technology~Others;ENFP
26~28;Female;0;5~9;5~6;1~5;1~4;Technology~Others;ESFP
26~28;Female;0;5~9;5~6;1~5;1~4;Technology~Others;ENFP
26~28;Female;0;5~9;5~6;1~5;1~4;Technology~Others;ENFP
26~28;Female;0;5~9;5~6;1~5;1~4;Technology~Others;ENFP
29~37;Female;0;5~9;5~6;0~4;3~4;Unknown;ENFP
29~37;Female;0;5~9;5~6;0~4;3~4;Unknown;ENFP
29~37;Female;0;5~9;5~6;0~4;3~4;Unknown;ESFP
29~37;Female;0;5~9;5~6;0~4;3~4;Unknown;ENFP
29~37;Female;0;5~9;5~6;0~4;3~4;Unknown;ENFP
29~37;Female;0;5~9;5~6;0~4;3~4;Unknown;ESFP
29~36;Female;0;6~9;5~6;0~4;3~4;Technology~Others;ESFP
29~36;Female;0;6~9;5~6;0~4;3~4;Technology~Others;ENFP
29~36;Female;0;6~9;5~6;0~4;3~4;Technology~Others;ENFP
29~36;Female;0;6~9;5~6;0~4;3~4;Technology~Others;ENFP
29~36;Female;0;6~9;5~6;0~4;3~4;Technology~Others;ENFP
29~36;Female;0;6~9;5~6;0~4;3~4;Technology~Others;ENFP
27~30;Female;0;5~8;5~6;0~1;2~3;Sports~Arts;ESFP
27~30;Female;0;5~8;5~6;0~1;2~3;Sports~Arts;ESFP
27~30;Female;0;5~8;5~6;0~1;2~3;Sports~Arts;ESFP
27~30;Female;0;5~8;5~6;0~1;2~3;Sports~Arts;ENFP
27~30;Female;0;5~8;5~6;0~1;2~3;Sports~Arts;ESFP
27~30;Female;0;5~8;5~6;0~1;2~3;Sports~Arts;ESFP
27~30;Female;0;5~8;5~6;0~1;2~3;Sports~Arts;ENFP
26~30;Female;0;5~8;5~6;3~4;2~4;Sports~Arts;ESFP
26~30;Female;0;5~8;5~6;3~4;2~4;Sports~Arts;ENTP
26~30;Female;0;5~8;5~6;3~4;2~4;Sports~Arts;ENFP
26~30;Female;0;5~8;5~6;3~4;2~4;Sports~Arts;ENFP
26~30;Female;0;5~8;5~6;3~4;2~4;Sports~Arts;ESTP
26~30;Female;0;5~8;5~6;3~4;2~4;Sports~Arts;ENFP
26~30;Female;0;5~8;5~6;3~4;2~4;Sports~Arts;ENTP
26~30;Female;0;5~8;5~6;3~4;2~4;Sports~Arts;ENTP
32~37;Female;0;5~9;5~6;1~2;1~4;Sports~Arts;ENFP
32~37;Female;0;5~9;5~6;1~2;1~4;Sports~Arts;ENFP
32~37;Female;0;5~9;5~6;1~2;1~4;Sports~Arts;ESFP
32~37;Female;0;5~9;5~6;1~2;1~4;Sports~Arts;ESFP
32~37;Female;0;5~9;5~6;1~2;1~4;Sports~Arts;ENFP
31~38;Female;0;5~9;5~6;2~4;2~4;Sports~Arts;ENTP
31~38;Female;0;5~9;5~6;2~4;2~4;Sports~Arts;ESFP
31~38;Female;0;5~9;5~6;2~4;2~4;Sports~Arts;ENFP
31~38;Female;0;5~9;5~6;2~4;2~4;Sports~Arts;ENFP
31~38;Female;0;5~9;5~6;2~4;2~4;Sports~Arts;ENFP
31~38;Female;0;5~9;5~6;2~4;2~4;Sports~Arts;ENFP
26~29;Female;0;5~9;5~6;0~3;4~6;Unknown~Technology;ESFP
26~29;Female;0;5~9;5~6;0~3;4~6;Unknown~Technology;ENFJ
26~29;Female;0;5~9;5~6;0~3;4~6;Unknown~Technology;ESFP
26~29;Female;0;5~9;5~6;0~3;4~6;Unknown~Technology;ENFP
26~29;Female;0;5~9;5~6;0~3;4~6;Unknown~Technology;ENFP
26~29;Female;0;5~9;5~6;0~3;4~6;Unknown~Technology;ENFP
26~29;Female;0;5~9;5~6;0~3;4~6;Unknown~Technology;ESFP
26~29;Female;0;5~9;5~6;0~3;4~6;Unknown~Technology;ENFJ
26~29;Female;0;5~9;5~6;0~3;4~6;Unknown~Technology;ESFP
26~29;Female;0;6~9;5~8;3~5;4~6;Unknown~Technology;ENFP
26~29;Female;0;6~9;5~8;3~5;4~6;Unknown~Technology;ENFJ
26~29;Female;0;6~9;5~8;3~5;4~6;Unknown~Technology;ESFP
26~29;Female;0;6~9;5~8;3~5;4~6;Unknown~Technology;ENFP
26~29;Female;0;6~9;5~8;3~5;4~6;Unknown~Technology;ENFP
26~29;Female;0;6~9;5~8;3~5;4~6;Unknown~Technology;ENFP
26~29;Female;0;6~9;5~8;3~5;4~6;Unknown~Technology;ENFP
26~29;Female;0;6~9;5~8;3~5;4~6;Unknown~Technology;ENFP
26~29;Female;0;6~9;5~8;3~5;4~6;Unknown~Technology;ESFP
30~43;Female;0;5~9;5~6;0~1;4~6;Unknown~Technology;ENFJ
30~43;Female;0;5~9;5~6;0~1;4~6;Unknown~Technology;ENFP
30~43;Female;0;5~9;5~6;0~1;4~6;Unknown~Technology;ENFJ
30~43;Female;0;5~9;5~6;0~1;4~6;Unknown~Technology;ESFJ
30~43;Female;0;5~9;5~6;0~1;4~6;Unknown~Technology;ENFP
30~43;Female;0;5~9;5~6;0~1;4~6;Unknown~Technology;ENFP
30~33;Female;0;5~7;5~6;1~4;4~6;Unknown~Technology;ENFP
30~33;Female;0;5~7;5~6;1~4;4~6;Unknown~Technology;ENFP
30~33;Female;0;5~7;5~6;1~4;4~6;Unknown~Technology;ESFP
30~33;Female;0;5~7;5~6;1~4;4~6;Unknown~Technology;ENFJ
30~33;Female;0;5~7;5~6;1~4;4~6;Unknown~Technology;ESFP
30~33;Female;0;5~7;5~6;1~4;4~6;Unknown~Technology;ENFJ
26~28;Female;0;5~9;5~6;0~4;4~7;Others~Sports;ENFJ
26~28;Female;0;5~9;5~6;0~4;4~7;Others~Sports;ESFP
26~28;Female;0;5~9;5~6;0~4;4~7;Others~Sports;ENFP
26~28;Female;0;5~9;5~6;0~4;4~7;Others~Sports;ENFP
26~28;Female;0;5~9;5~6;0~4;4~7;Others~Sports;ESFJ
26~28;Female;0;5~9;5~6;0~4;4~7;Others~Sports;ESFJ
26~28;Female;0;5~9;5~6;0~4;4~7;Others~Sports;ESFJ
26~28;Female;0;5~9;5~6;0~4;4~7;Others~Sports;ESFJ
26~28;Female;0;5~9;5~7;0~4;4~6;Arts;ESFJ
26~28;Female;0;5~9;5~7;0~4;4~6;Arts;ENFJ
26~28;Female;0;5~9;5~7;0~4;4~6;Arts;ENFP
26~28;Female;0;5~9;5~7;0~4;4~6;Arts;ENTJ
26~28;Female;0;5~9;5~7;0~4;4~6;Arts;ENFP
26~28;Female;0;5~9;5~7;0~4;4~6;Arts;ENFP
29~42;Female;0;5~9;6~7;0~5;4~6;Others~Sports~Arts;ESFJ
29~42;Female;0;5~9;6~7;0~5;4~6;Others~Sports~Arts;ESFP
29~42;Female;0;5~9;6~7;0~5;4~6;Others~Sports~Arts;ESFP
29~42;Female;0;5~9;6~7;0~5;4~6;Others~Sports~Arts;ENFJ
29~42;Female;0;5~9;6~7;0~5;4~6;Others~Sports~Arts;ESFP
29~42;Female;0;5~9;6~7;0~5;4~6;Others~Sports~Arts;ENFP
29~42;Female;0;5~9;6~7;0~5;4~6;Others~Sports~Arts;ESFP
29~42;Female;0;5~9;6~7;0~5;4~6;Others~Sports~Arts;ENTP
26~31;Female;0;6~9;5~7;5~9;0~3;Unknown~Technology;ESTP
26~31;Female;0;6~9;5~7;5~9;0~3;Unknown~Technology;ESTP
26~31;Female;0;6~9;5~7;5~9;0~3;Unknown~Technology;ENTP
26~31;Female;0;6~9;5~7;5~9;0~3;Unknown~Technology;ESTP
26~31;Female;0;6~9;5~7;5~9;0~3;Unknown~Technology;ESTP
26~31;Female;0;6~9;5~7;5~9;0~3;Unknown~Technology;ENTP
26~31;Female;0;6~9;5~7;5~9;0~3;Unknown~Technology;ENTP
26~31;Female;0;5~9;5~7;5~9;3~4;Unknown~Technology;ESTP
26~31;Female;0;5~9;5~7;5~9;3~4;Unknown~Technology;ENTP
26~31;Female;0;5~9;5~7;5~9;3~4;Unknown~Technology;ENTP
26~31;Female;0;5~9;5~7;5~9;3~4;Unknown~Technology;ENFP
26~31;Female;0;5~9;5~7;5~9;3~4;Unknown~Technology;ENTP
26~31;Female;0;5~9;5~7;5~9;3~4;Unknown~Technology;ENTP
26~31;Female;0;5~9;5~7;5~9;3~4;Unknown~Technology;ESTP
26~31;Female;0;5~9;5~7;5~9;3~4;Unknown~Technology;ENTP
32~39;Female;0;5~9;5~6;5~9;0~3;Unknown~Technology;ENTP
32~39;Female;0;5~9;5~6;5~9;0~3;Unknown~Technology;ENTP
32~39;Female;0;5~9;5~6;5~9;0~3;Unknown~Technology;ENFP
32~39;Female;0;5~9;5~6;5~9;0~3;Unknown~Technology;ESTP
32~39;Female;0;5~9;5~6;5~9;0~3;Unknown~Technology;ENTP
32~41;Female;0;5~9;5~6;6~9;3~4;Unknown~Technology;ENTP
32~41;Female;0;5~9;5~6;6~9;3~4;Unknown~Technology;ESTP
32~41;Female;0;5~9;5~6;6~9;3~4;Unknown~Technology;ESTP
32~41;Female;0;5~9;5~6;6~9;3~4;Unknown~Technology;ENTP
32~41;Female;0;5~9;5~6;6~9;3~4;Unknown~Technology;ENTP
32~41;Female;0;5~9;5~6;6~9;3~4;Unknown~Technology;ENTP
26~30;Female;0;6~9;5~7;5~9;2~3;Others~Sports~Arts;ENTP
26~30;Female;0;6~9;5~7;5~9;2~3;Others~Sports~Arts;ENTP
26~30;Female;0;6~9;5~7;5~9;2~3;Others~Sports~Arts;ESTP
26~30;Female;0;6~9;5~7;5~9;2~3;Others~Sports~Arts;ESTP
26~30;Female;0;6~9;5~7;5~9;2~3;Others~Sports~Arts;ESTP
26~30;Female;0;6~9;5~7;5~9;2~3;Others~Sports~Arts;ESTP
26~30;Female;0;6~9;5~7;5~9;2~3;Others~Sports~Arts;ESTP
26~30;Female;0;6~8;5~7;6~9;3~4;Others~Sports~Arts;ESTP
26~30;Female;0;6~8;5~7;6~9;3~4;Others~Sports~Arts;ESTP
26~30;Female;0;6~8;5~7;6~9;3~4;Others~Sports~Arts;ENTP
26~30;Female;0;6~8;5~7;6~9;3~4;Others~Sports~Arts;ESTP
26~30;Female;0;6~8;5~7;6~9;3~4;Others~Sports~Arts;ENTP
26~30;Female;0;6~8;5~7;6~9;3~4;Others~Sports~Arts;ENTP
26~30;Female;0;6~8;5~7;6~9;3~4;Others~Sports~Arts;ESTP
26~30;Female;0;6~8;5~7;6~9;3~4;Others~Sports~Arts;ESTP
32~39;Female;0;5~9;5~7;6~8;1~3;Others~Sports~Arts;ENTP
32~39;Female;0;5~9;5~7;6~8;1~3;Others~Sports~Arts;ENTP
32~39;Female;0;5~9;5~7;6~8;1~3;Others~Sports~Arts;ESTP
32~39;Female;0;5~9;5~7;6~8;1~3;Others~Sports~Arts;ESTP
32~39;Female;0;5~9;5~7;6~8;1~3;Others~Sports~Arts;ENTP
31~42;Female;0;5~9;5~6;5~9;3~4;Others~Sports~Arts;ENTP
31~42;Female;0;5~9;5~6;5~9;3~4;Others~Sports~Arts;ESTP
31~42;Female;0;5~9;5~6;5~9;3~4;Others~Sports~Arts;ENTP
31~42;Female;0;5~9;5~6;5~9;3~4;Others~Sports~Arts;ENFP
31~42;Female;0;5~9;5~6;5~9;3~4;Others~Sports~Arts;ENFP
31~42;Female;0;5~9;5~6;5~9;3~4;Others~Sports~Arts;ENTP
27~30;Female;0;6~9;5~8;5~6;4~7;Unknown;ESTJ
27~30;Female;0;6~9;5~8;5~6;4~7;Unknown;ENTP
27~30;Female;0;6~9;5~8;5~6;4~7;Unknown;ENFP
27~30;Female;0;6~9;5~8;5~6;4~7;Unknown;ENFP
27~30;Female;0;6~9;5~8;5~6;4~7;Unknown;ENTP
27~30;Female;0;6~9;5~8;5~6;4~7;Unknown;ENTJ
27~31;Female;0;5~9;5~7;6~9;4~8;Unknown;ESTJ
27~31;Female;0;5~9;5~7;6~9;4~8;Unknown;ESTP
27~31;Female;0;5~9;5~7;6~9;4~8;Unknown;ENTP
27~31;Female;0;5~9;5~7;6~9;4~8;Unknown;ESTP
27~31;Female;0;5~9;5~7;6~9;4~8;Unknown;ESTJ
27~31;Female;0;5~9;5~7;6~9;4~8;Unknown;ESTP
27~31;Female;0;5~9;5~7;6~9;4~8;Unknown;ENTJ
26~31;Female;0;5~9;5~6;5~6;4~6;Technology~Others;ENTJ
26~31;Female;0;5~9;5~6;5~6;4~6;Technology~Others;ENTP
26~31;Female;0;5~9;5~6;5~6;4~6;Technology~Others;ESTP
26~31;Female;0;5~9;5~6;5~6;4~6;Technology~Others;ENTP
26~31;Female;0;5~9;5~6;5~6;4~6;Technology~Others;ENTP
27~31;Female;0;5~9;5~7;7~9;4~5;Others;ENTP
27~31;Female;0;5~9;5~7;7~9;4~5;Others;ENTP
27~31;Female;0;5~9;5~7;7~9;4~5;Others;ENTP
27~31;Female;0;5~9;5~7;7~9;4~5;Others;ENTP
27~31;Female;0;5~9;5~7;7~9;4~5;Others;ESTP
27~31;Female;0;5~9;5~7;7~9;4~5;Others;ESTP
32~38;Female;0;6~9;5~7;5~7;4~5;Unknown~Technology~Others;ESTP
32~38;Female;0;6~9;5~7;5~7;4~5;Unknown~Technology~Others;ESTP
32~38;Female;0;6~9;5~7;5~7;4~5;Unknown~Technology~Others;ENTP
32~38;Female;0;6~9;5~7;5~7;4~5;Unknown~Technology~Others;ESFP
32~38;Female;0;6~9;5~7;5~7;4~5;Unknown~Technology~Others;ESFP
32~38;Female;0;6~9;5~7;5~7;4~5;Unknown~Technology~Others;ENTP
32~38;Female;0;6~9;5~7;5~7;4~5;Unknown~Technology~Others;ENTP
32~35;Female;0;6~9;5~6;8~9;4~7;Unknown~Technology~Others;ENTJ
32~35;Female;0;6~9;5~6;8~9;4~7;Unknown~Technology~Others;ESTP
32~35;Female;0;6~9;5~6;8~9;4~7;Unknown~Technology~Others;ENTJ
32~35;Female;0;6~9;5~6;8~9;4~7;Unknown~Technology~Others;ESTP
32~35;Female;0;6~9;5~6;8~9;4~7;Unknown~Technology~Others;ENTP
32~35;Female;0;6~9;5~6;8~9;4~7;Unknown~Technology~Others;ESTP
32~35;Female;0;6~9;5~6;8~9;4~7;Unknown~Technology~Others;ESTJ
32~35;Female;0;6~9;5~6;8~9;4~7;Unknown~Technology~Others;ENTJ
26~28;Female;0;6~9;5~6;5~9;4~5;Arts;ESTP
26~28;Female;0;6~9;5~6;5~9;4~5;Arts;ESTP
26~28;Female;0;6~9;5~6;5~9;4~5;Arts;ESTP
26~28;Female;0;6~9;5~6;5~9;4~5;Arts;ESTP
26~28;Female;0;6~9;5~6;5~9;4~5;Arts;ENTP
26~28;Female;0;6~9;5~6;5~9;4~5;Arts;ENTP
30~45;Female;0;5~9;5~7;5~9;4~5;Sports~Arts;ENTP
30~45;Female;0;5~9;5~7;5~9;4~5;Sports~Arts;ENTJ
30~45;Female;0;5~9;5~7;5~9;4~5;Sports~Arts;ESTP
30~45;Female;0;5~9;5~7;5~9;4~5;Sports~Arts;ENTJ
30~45;Female;0;5~9;5~7;5~9;4~5;Sports~Arts;ENTP
30~45;Female;0;5~9;5~7;5~9;4~5;Sports~Arts;ENTP
30~45;Female;0;5~9;5~7;5~9;4~5;Sports~Arts;ESTP
26~28;Female;1;0~3;3~4;0~3;1~3;Unknown~Technology;INFP
26~28;Female;1;0~3;3~4;0~3;1~3;Unknown~Technology;INFP
26~28;Female;1;0~3;3~4;0~3;1~3;Unknown~Technology;ENFP
26~28;Female;1;0~3;3~4;0~3;1~3;Unknown~Technology;INFP
26~28;Female;1;0~3;3~4;0~3;1~3;Unknown~Technology;INFP
26~28;Female;1;0~3;3~4;0~4;3~4;Unknown~Technology;INFP
26~28;Female;1;0~3;3~4;0~4;3~4;Unknown~Technology;INFP
26~28;Female;1;0~3;3~4;0~4;3~4;Unknown~Technology;INFP
26~28;Female;1;0~3;3~4;0~4;3~4;Unknown~Technology;ENFP
26~28;Female;1;0~3;3~4;0~4;3~4;Unknown~Technology;INFP
31~36;Female;1;1~4;3~5;0~4;2~4;Unknown~Technology;INFP
31~36;Female;1;1~4;3~5;0~4;2~4;Unknown~Technology;INFP
31~36;Female;1;1~4;3~5;0~4;2~4;Unknown~Technology;INFP
31~36;Female;1;1~4;3~5;0~4;2~4;Unknown~Technology;ENFP
31~36;Female;1;1~4;3~5;0~4;2~4;Unknown~Technology;INFP
31~36;Female;1;1~4;3~5;0~4;2~4;Unknown~Technology;ENFP
31~36;Female;1;1~4;3~5;0~4;2~4;Unknown~Technology;INFP
31~36;Female;1;1~4;3~5;0~4;2~4;Unknown~Technology;INFP
31~36;Female;1;1~4;3~5;0~4;2~4;Unknown~Technology;INFP
26~29;Female;1;0~3;2~4;1~4;0~4;Others~Sports~Arts;INTP
26~29;Female;1;0~3;2~4;1~4;0~4;Others~Sports~Arts;ENFP
26~29;Female;1;0~3;2~4;1~4;0~4;Others~Sports~Arts;INFP
26~29;Female;1;0~3;2~4;1~4;0~4;Others~Sports~Arts;INFP
26~29;Female;1;0~3;2~4;1~4;0~4;Others~Sports~Arts;INFP
26~29;Female;1;0~3;2~4;1~4;0~4;Others~Sports~Arts;INFP
26~29;Female;1;0~3;2~4;1~4;0~4;Others~Sports~Arts;ENFP
26~29;Female;1;0~3;2~4;1~4;0~4;Others~Sports~Arts;INFP
26~29;Female;1;0~3;2~4;1~4;0~4;Others~Sports~Arts;INFP
30~37;Female;1;1~4;2~4;0~4;1~4;Others~Sports~Arts;INFP
30~37;Female;1;1~4;2~4;0~4;1~4;Others~Sports~Arts;INFP
30~37;Female;1;1~4;2~4;0~4;1~4;Others~Sports~Arts;ENFP
30~37;Female;1;1~4;2~4;0~4;1~4;Others~Sports~Arts;INFP
30~37;Female;1;1~4;2~4;0~4;1~4;Others~Sports~Arts;INFP
30~41;Female;1;0~3;3~4;1~3;4~4;Sports~Arts;INFP
30~41;Female;1;0~3;3~4;1~3;4~4;Sports~Arts;INFP
30~41;Female;1;0~3;3~4;1~3;4~4;Sports~Arts;INFP
30~41;Female;1;0~3;3~4;1~3;4~4;Sports~Arts;INFP
30~41;Female;1;0~3;3~4;1~3;4~4;Sports~Arts;INFP
26~29;Female;1;0~3;2~4;0~3;5~6;Unknown~Technology;ENFP
26~29;Female;1;0~3;2~4;0~3;5~6;Unknown~Technology;INFP
26~29;Female;1;0~3;2~4;0~3;5~6;Unknown~Technology;INFP
26~29;Female;1;0~3;2~4;0~3;5~6;Unknown~Technology;INFP
26~29;Female;1;0~3;2~4;0~3;5~6;Unknown~Technology;ENFP
26~29;Female;1;0~3;2~4;0~3;5~6;Unknown~Technology;INFP
26~29;Female;1;0~3;2~4;0~3;5~6;Unknown~Technology;INFP
26~29;Female;1;0~4;4~5;0~3;5~6;Unknown;INFP
26~29;Female;1;0~4;4~5;0~3;5~6;Unknown;INFP
26~29;Female;1;0~4;4~5;0~3;5~6;Unknown;ENFP
26~29;Female;1;0~4;4~5;0~3;5~6;Unknown;INFP
26~29;Female;1;0~4;4~5;0~3;5~6;Unknown;INFP
26~29;Female;1;0~4;4~5;0~3;5~6;Unknown;ENFP
26~29;Female;1;0~4;4~5;0~3;5~6;Unknown;ENFP
30~34;Female;1;1~4;4~5;0~3;5~6;Unknown~Technology;INFP
30~34;Female;1;1~4;4~5;0~3;5~6;Unknown~Technology;ENFP
30~34;Female;1;1~4;4~5;0~3;5~6;Unknown~Technology;INFP
30~34;Female;1;1~4;4~5;0~3;5~6;Unknown~Technology;INFP
30~34;Female;1;1~4;4~5;0~3;5~6;Unknown~Technology;ENFP
30~34;Female;1;1~4;4~5;0~3;5~6;Unknown~Technology;ENFP
26~28;Female;1;0~3;2~4;0~4;5~6;Others~Sports~Arts;INFP
26~28;Female;1;0~3;2~4;0~4;5~6;Others~Sports~Arts;INFP
26~28;Female;1;0~3;2~4;0~4;5~6;Others~Sports~Arts;INFP
26~28;Female;1;0~3;2~4;0~4;5~6;Others~Sports~Arts;INFP
26~28;Female;1;0~3;2~4;0~4;5~6;Others~Sports~Arts;INFP
26~28;Female;1;0~3;2~4;0~4;5~6;Others~Sports~Arts;INFP
26~28;Female;1;0~3;2~4;0~4;5~6;Others~Sports~Arts;INFP
26~28;Female;1;0~3;2~4;0~4;5~6;Others~Sports~Arts;INFP
26~28;Female;1;0~3;2~4;0~4;5~6;Others~Sports~Arts;INFP
32~39;Female;1;0~3;2~3;1~4;5~6;Sports~Arts;INFP
32~39;Female;1;0~3;2~3;1~4;5~6;Sports~Arts;ENFP
32~39;Female;1;0~3;2~3;1~4;5~6;Sports~Arts;INTP
32~39;Female;1;0~3;2~3;1~4;5~6;Sports~Arts;INFP
32~39;Female;1;0~3;2~3;1~4;5~6;Sports~Arts;INFP
29~34;Female;1;0~3;3~4;0~4;5~8;Others~Sports;ENFP
29~34;Female;1;0~3;3~4;0~4;5~8;Others~Sports;INFP
29~34;Female;1;0~3;3~4;0~4;5~8;Others~Sports;INFP
29~34;Female;1;0~3;3~4;0~4;5~8;Others~Sports;ENFJ
29~34;Female;1;0~3;3~4;0~4;5~8;Others~Sports;ENFP
26~27;Female;1;1~4;2~5;5~6;1~4;Unknown~Technology;INTP
26~27;Female;1;1~4;2~5;5~6;1~4;Unknown~Technology;INTP
26~27;Female;1;1~4;2~5;5~6;1~4;Unknown~Technology;ENTP
26~27;Female;1;1~4;2~5;5~6;1~4;Unknown~Technology;INFP
26~27;Female;1;1~4;2~5;5~6;1~4;Unknown~Technology;ENTP
26~27;Female;1;1~4;2~5;5~6;1~4;Unknown~Technology;INTP
26~28;Female;1;0~4;3~4;6~9;2~4;Unknown~Technology;INTP
26~28;Female;1;0~4;3~4;6~9;2~4;Unknown~Technology;INTP
26~28;Female;1;0~4;3~4;6~9;2~4;Unknown~Technology;INTP
26~28;Female;1;0~4;3~4;6~9;2~4;Unknown~Technology;INTP
26~28;Female;1;0~4;3~4;6~9;2~4;Unknown~Technology;ENTP
26~28;Female;1;0~4;3~4;6~9;2~4;Unknown~Technology;ENTP
29~35;Female;1;0~4;3~4;5~7;2~4;Unknown~Technology;INTP
29~35;Female;1;0~4;3~4;5~7;2~4;Unknown~Technology;INTP
29~35;Female;1;0~4;3~4;5~7;2~4;Unknown~Technology;INTP
29~35;Female;1;0~4;3~4;5~7;2~4;Unknown~Technology;INFP
29~35;Female;1;0~4;3~4;5~7;2~4;Unknown~Technology;ENTP
29~35;Female;1;0~4;3~4;5~7;2~4;Unknown~Technology;ENTP
29~40;Female;1;0~2;1~4;7~9;2~4;Unknown;INTP
29~40;Female;1;0~2;1~4;7~9;2~4;Unknown;INTP
29~40;Female;1;0~2;1~4;7~9;2~4;Unknown;INTP
29~40;Female;1;0~2;1~4;7~9;2~4;Unknown;INTP
29~40;Female;1;0~2;1~4;7~9;2~4;Unknown;INTP
29~40;Female;1;0~2;1~4;7~9;2~4;Unknown;INTP
26~29;Female;1;0~3;2~4;5~9;3~4;Others~Sports~Arts;INTP
26~29;Female;1;0~3;2~4;5~9;3~4;Others~Sports~Arts;INTP
26~29;Female;1;0~3;2~4;5~9;3~4;Others~Sports~Arts;ENTP
26~29;Female;1;0~3;2~4;5~9;3~4;Others~Sports~Arts;INTP
26~29;Female;1;0~3;2~4;5~9;3~4;Others~Sports~Arts;INTP
26~29;Female;1;0~3;2~4;5~9;3~4;Others~Sports~Arts;INTP
26~29;Female;1;0~3;2~4;5~9;3~4;Others~Sports~Arts;INTP
31~34;Female;1;0~4;2~4;5~8;1~4;Others~Sports~Arts;INTP
31~34;Female;1;0~4;2~4;5~8;1~4;Others~Sports~Arts;INTP
31~34;Female;1;0~4;2~4;5~8;1~4;Others~Sports~Arts;INTP
31~34;Female;1;0~4;2~4;5~8;1~4;Others~Sports~Arts;ENTP
31~34;Female;1;0~4;2~4;5~8;1~4;Others~Sports~Arts;INTP
31~34;Female;1;0~4;2~4;5~8;1~4;Others~Sports~Arts;INTP
31~34;Female;1;0~4;2~4;5~8;1~4;Others~Sports~Arts;INTP
31~34;Female;1;0~4;2~4;5~8;1~4;Others~Sports~Arts;ENTP
26~28;Female;1;0~3;2~4;4~8;4~6;Unknown;INTP
26~28;Female;1;0~3;2~4;4~8;4~6;Unknown;ENFP
26~28;Female;1;0~3;2~4;4~8;4~6;Unknown;INFP
26~28;Female;1;0~3;2~4;4~8;4~6;Unknown;INTP
26~28;Female;1;0~3;2~4;4~8;4~6;Unknown;INFP
26~28;Female;1;0~3;2~4;4~8;4~6;Unknown;INTP
26~28;Female;1;0~3;2~4;4~8;4~6;Unknown;INTP
26~28;Female;1;0~3;2~4;4~8;4~6;Unknown;INTP
26~28;Female;1;0~3;2~4;4~8;4~6;Unknown;ENTP
29~35;Female;1;1~4;3~4;4~7;5~6;Unknown;INTP
29~35;Female;1;1~4;3~4;4~7;5~6;Unknown;ENFP
29~35;Female;1;1~4;3~4;4~7;5~6;Unknown;INTP
29~35;Female;1;1~4;3~4;4~7;5~6;Unknown;INTP
29~35;Female;1;1~4;3~4;4~7;5~6;Unknown;INTP
29~35;Female;1;0~3;3~5;8~9;4~6;Unknown;INTP
29~35;Female;1;0~3;3~5;8~9;4~6;Unknown;INTP
29~35;Female;1;0~3;3~5;8~9;4~6;Unknown;INTP
29~35;Female;1;0~3;3~5;8~9;4~6;Unknown;ENTP
29~35;Female;1;0~3;3~5;8~9;4~6;Unknown;INTP
26~28;Female;1;0~4;3~4;4~9;4~5;Technology~Others~Sports;ENTP
26~28;Female;1;0~4;3~4;4~9;4~5;Technology~Others~Sports;INTP
26~28;Female;1;0~4;3~4;4~9;4~5;Technology~Others~Sports;ENTP
26~28;Female;1;0~4;3~4;4~9;4~5;Technology~Others~Sports;INTP
26~28;Female;1;0~4;3~4;4~9;4~5;Technology~Others~Sports;INFP
26~28;Female;1;0~4;3~4;4~9;4~5;Technology~Others~Sports;INTP
26~28;Female;1;0~4;3~4;4~9;4~5;Technology~Others~Sports;ENFP
29~34;Female;1;0~4;4~4;4~8;4~6;Technology~Others~Sports;ENTP
29~34;Female;1;0~4;4~4;4~8;4~6;Technology~Others~Sports;INFP
29~34;Female;1;0~4;4~4;4~8;4~6;Technology~Others~Sports;INTP
29~34;Female;1;0~4;4~4;4~8;4~6;Technology~Others~Sports;INFP
29~34;Female;1;0~4;4~4;4~8;4~6;Technology~Others~Sports;INTP
26~37;Female;1;0~3;4~5;4~9;4~6;Arts;INTP
26~37;Female;1;0~3;4~5;4~9;4~6;Arts;INTP
26~37;Female;1;0~3;4~5;4~9;4~6;Arts;ENTP
26~37;Female;1;0~3;4~5;4~9;4~6;Arts;INTP
26~37;Female;1;0~3;4~5;4~9;4~6;Arts;INTP
26~37;Female;1;0~3;4~5;4~9;4~6;Arts;INTP
26~37;Female;1;0~3;4~5;4~9;4~6;Arts;INTP
26~37;Female;1;0~3;4~5;4~9;4~6;Arts;INTP
26~28;Female;1;1~4;5~5;0~1;3~4;Unknown;ENFP
26~28;Female;1;1~4;5~5;0~1;3~4;Unknown;INFP
26~28;Female;1;1~4;5~5;0~1;3~4;Unknown;ENFP
26~28;Female;1;1~4;5~5;0~1;3~4;Unknown;ENFP
26~28;Female;1;1~4;5~5;0~1;3~4;Unknown;INFP
26~29;Female;1;1~4;5~6;1~4;1~4;Unknown~Technology;ENFP
26~29;Female;1;1~4;5~6;1~4;1~4;Unknown~Technology;INFP
26~29;Female;1;1~4;5~6;1~4;1~4;Unknown~Technology;INFP
26~29;Female;1;1~4;5~6;1~4;1~4;Unknown~Technology;ISFP
26~29;Female;1;1~4;5~6;1~4;1~4;Unknown~Technology;ISFP
26~29;Female;1;1~4;5~6;1~4;1~4;Unknown~Technology;ESFP
30~46;Female;1;0~4;5~6;0~4;1~4;Unknown~Technology;INFP
30~46;Female;1;0~4;5~6;0~4;1~4;Unknown~Technology;ISFP
30~46;Female;1;0~4;5~6;0~4;1~4;Unknown~Technology;INFP
30~46;Female;1;0~4;5~6;0~4;1~4;Unknown~Technology;INFP
30~46;Female;1;0~4;5~6;0~4;1~4;Unknown~Technology;INFP
30~46;Female;1;0~4;5~6;0~4;1~4;Unknown~Technology;INFP
30~46;Female;1;0~4;5~6;0~4;1~4;Unknown~Technology;INFP
30~46;Female;1;0~4;5~6;0~4;1~4;Unknown~Technology;ISFP
30~46;Female;1;0~4;5~6;0~4;1~4;Unknown~Technology;INFP
26~29;Female;1;0~4;5~7;1~4;1~3;Others~Sports;ISFP
26~29;Female;1;0~4;5~7;1~4;1~3;Others~Sports;INFP
26~29;Female;1;0~4;5~7;1~4;1~3;Others~Sports;ENFP
26~29;Female;1;0~4;5~7;1~4;1~3;Others~Sports;INFP
26~29;Female;1;0~4;5~7;1~4;1~3;Others~Sports;ISFP
26~29;Female;1;0~3;5~7;0~3;3~4;Arts;ISFP
26~29;Female;1;0~3;5~7;0~3;3~4;Arts;ISFP
26~29;Female;1;0~3;5~7;0~3;3~4;Arts;ENFP
26~29;Female;1;0~3;5~7;0~3;3~4;Arts;INFP
26~29;Female;1;0~3;5~7;0~3;3~4;Arts;ISFP
26~29;Female;1;0~3;5~7;0~3;3~4;Arts;INFP
30~43;Female;1;0~4;5~7;1~4;1~4;Others~Sports~Arts;ISFP
30~43;Female;1;0~4;5~7;1~4;1~4;Others~Sports~Arts;INFP
30~43;Female;1;0~4;5~7;1~4;1~4;Others~Sports~Arts;INFP
30~43;Female;1;0~4;5~7;1~4;1~4;Others~Sports~Arts;INFP
30~43;Female;1;0~4;5~7;1~4;1~4;Others~Sports~Arts;ISFP
30~43;Female;1;0~4;5~7;1~4;1~4;Others~Sports~Arts;ISFP
30~43;Female;1;0~4;5~7;1~4;1~4;Others~Sports~Arts;ISFP
26~29;Female;1;0~4;5~6;1~2;5~5;Unknown~Technology;INFP
26~29;Female;1;0~4;5~6;1~2;5~5;Unknown~Technology;INFP
26~29;Female;1;0~4;5~6;1~2;5~5;Unknown~Technology;ISFP
26~29;Female;1;0~4;5~6;1~2;5~5;Unknown~Technology;INFP
26~29;Female;1;0~4;5~6;1~2;5~5;Unknown~Technology;INFP
26~29;Female;1;0~4;5~6;1~2;5~5;Unknown~Technology;INFP
26~29;Female;1;0~4;5~6;1~2;5~5;Unknown~Technology;ESFP
26~29;Female;1;0~4;5~6;3~4;4~7;Unknown~Technology;ENFP
26~29;Female;1;0~4;5~6;3~4;4~7;Unknown~Technology;ISFP
26~29;Female;1;0~4;5~6;3~4;4~7;Unknown~Technology;INFP
26~29;Female;1;0~4;5~6;3~4;4~7;Unknown~Technology;INFP
26~29;Female;1;0~4;5~6;3~4;4~7;Unknown~Technology;INFP
26~29;Female;1;0~4;5~6;3~4;4~7;Unknown~Technology;INFP
26~29;Female;1;0~4;5~6;3~4;4~7;Unknown~Technology;ISFP
30~40;Female;1;0~2;5~6;0~2;5~6;Unknown~Technology;ISFP
30~40;Female;1;0~2;5~6;0~2;5~6;Unknown~Technology;ENFP
30~40;Female;1;0~2;5~6;0~2;5~6;Unknown~Technology;ISFP
30~40;Female;1;0~2;5~6;0~2;5~6;Unknown~Technology;INFP
30~40;Female;1;0~2;5~6;0~2;5~6;Unknown~Technology;INFP
31~41;Female;1;0~4;5~7;2~4;5~6;Unknown~Technology;INFP
31~41;Female;1;0~4;5~7;2~4;5~6;Unknown~Technology;ENFP
31~41;Female;1;0~4;5~7;2~4;5~6;Unknown~Technology;ESFP
31~41;Female;1;0~4;5~7;2~4;5~6;Unknown~Technology;ISFP
31~41;Female;1;0~4;5~7;2~4;5~6;Unknown~Technology;INFP
26~28;Female;1;1~3;5~7;0~4;5~6;Sports~Arts;INFP
26~28;Female;1;1~3;5~7;0~4;5~6;Sports~Arts;INFP
26~28;Female;1;1~3;5~7;0~4;5~6;Sports~Arts;INFP
26~28;Female;1;1~3;5~7;0~4;5~6;Sports~Arts;INFP
26~28;Female;1;1~3;5~7;0~4;5~6;Sports~Arts;ISFP
26~28;Female;1;1~3;5~7;0~4;5~6;Sports~Arts;INTP
26~28;Female;1;1~3;5~7;0~4;5~6;Sports~Arts;INFP
29~41;Female;1;2~4;5~7;0~4;4~5;Others~Sports~Arts;ISFP
29~41;Female;1;2~4;5~7;0~4;4~5;Others~Sports~Arts;INFP
29~41;Female;1;2~4;5~7;0~4;4~5;Others~Sports~Arts;ESFP
29~41;Female;1;2~4;5~7;0~4;4~5;Others~Sports~Arts;ISFP
29~41;Female;1;2~4;5~7;0~4;4~5;Others~Sports~Arts;ENFP
29~41;Female;1;2~4;5~7;0~4;4~5;Others~Sports~Arts;ESFP
29~41;Female;1;2~4;5~7;0~4;4~5;Others~Sports~Arts;ESFP
29~41;Female;1;2~4;5~7;0~4;4~5;Others~Sports~Arts;ESFP
26~29;Female;1;0~4;5~7;5~6;0~4;Unknown~Technology;INTP
26~29;Female;1;0~4;5~7;5~6;0~4;Unknown~Technology;ISTP
26~29;Female;1;0~4;5~7;5~6;0~4;Unknown~Technology;ISTP
26~29;Female;1;0~4;5~7;5~6;0~4;Unknown~Technology;ESTP
26~29;Female;1;0~4;5~7;5~6;0~4;Unknown~Technology;ESFP
26~29;Female;1;0~4;5~7;5~6;0~4;Unknown~Technology;ISTP
26~29;Female;1;0~4;5~7;6~9;0~4;Unknown~Technology;ENTP
26~29;Female;1;0~4;5~7;6~9;0~4;Unknown~Technology;INTP
26~29;Female;1;0~4;5~7;6~9;0~4;Unknown~Technology;INTP
26~29;Female;1;0~4;5~7;6~9;0~4;Unknown~Technology;ISTP
26~29;Female;1;0~4;5~7;6~9;0~4;Unknown~Technology;INTP
26~29;Female;1;0~4;5~7;6~9;0~4;Unknown~Technology;ENTP
31~37;Female;1;1~3;5~7;5~9;0~4;Unknown~Technology;ENTP
31~37;Female;1;1~3;5~7;5~9;0~4;Unknown~Technology;ISTP
31~37;Female;1;1~3;5~7;5~9;0~4;Unknown~Technology;ISTP
31~37;Female;1;1~3;5~7;5~9;0~4;Unknown~Technology;INTP
31~37;Female;1;1~3;5~7;5~9;0~4;Unknown~Technology;ISTP
31~37;Female;1;1~3;5~7;5~9;0~4;Unknown~Technology;ENTP
31~37;Female;1;1~3;5~7;5~9;0~4;Unknown~Technology;ENTP
31~37;Female;1;1~3;5~7;5~9;0~4;Unknown~Technology;INFP
31~37;Female;1;1~3;5~7;5~9;0~4;Unknown~Technology;INTP
26~28;Female;1;0~4;5~7;5~9;1~4;Others~Sports~Arts;INTP
26~28;Female;1;0~4;5~7;5~9;1~4;Others~Sports~Arts;INTP
26~28;Female;1;0~4;5~7;5~9;1~4;Others~Sports~Arts;ISTP
26~28;Female;1;0~4;5~7;5~9;1~4;Others~Sports~Arts;ISTP
26~28;Female;1;0~4;5~7;5~9;1~4;Others~Sports~Arts;ESTP
26~28;Female;1;0~4;5~7;5~9;1~4;Others~Sports~Arts;ISTP
26~28;Female;1;0~4;5~7;5~9;1~4;Others~Sports~Arts;ISTP
26~28;Female;1;0~4;5~7;5~9;1~4;Others~Sports~Arts;ENTP
26~28;Female;1;0~4;5~7;5~9;1~4;Others~Sports~Arts;ENTP
29~48;Female;1;0~3;5~8;5~9;2~4;Sports~Arts;INTP
29~48;Female;1;0~3;5~8;5~9;2~4;Sports~Arts;INTP
29~48;Female;1;0~3;5~8;5~9;2~4;Sports~Arts;ISTP
29~48;Female;1;0~3;5~8;5~9;2~4;Sports~Arts;ESTP
29~48;Female;1;0~3;5~8;5~9;2~4;Sports~Arts;INTP
29~48;Female;1;0~3;5~8;5~9;2~4;Sports~Arts;ISTP
29~48;Female;1;0~3;5~8;5~9;2~4;Sports~Arts;INFP
29~48;Female;1;0~3;5~8;5~9;2~4;Sports~Arts;INTP
29~48;Female;1;0~3;5~8;5~9;2~4;Sports~Arts;ISTP
26~29;Female;1;0~3;5~7;5~7;4~5;Unknown;INTP
26~29;Female;1;0~3;5~7;5~7;4~5;Unknown;ISTP
26~29;Female;1;0~3;5~7;5~7;4~5;Unknown;INFP
26~29;Female;1;0~3;5~7;5~7;4~5;Unknown;ISTP
26~29;Female;1;0~3;5~7;5~7;4~5;Unknown;ENTP
26~29;Female;1;0~3;5~7;5~7;4~5;Unknown;ESTP
26~30;Female;1;0~3;5~5;7~9;4~6;Unknown~Technology;ENTP
26~30;Female;1;0~3;5~5;7~9;4~6;Unknown~Technology;INTP
26~30;Female;1;0~3;5~5;7~9;4~6;Unknown~Technology;INTP
26~30;Female;1;0~3;5~5;7~9;4~6;Unknown~Technology;INTP
26~30;Female;1;0~3;5~5;7~9;4~6;Unknown~Technology;INTP
26~30;Female;1;0~3;5~5;7~9;4~6;Unknown~Technology;INTP
31~37;Female;1;0~4;5~7;5~6;4~5;Unknown~Technology;INTP
31~37;Female;1;0~4;5~7;5~6;4~5;Unknown~Technology;INTP
31~37;Female;1;0~4;5~7;5~6;4~5;Unknown~Technology;ISTP
31~37;Female;1;0~4;5~7;5~6;4~5;Unknown~Technology;ISTP
31~37;Female;1;0~4;5~7;5~6;4~5;Unknown~Technology;ESTP
31~37;Female;1;0~4;5~7;5~6;4~5;Unknown~Technology;ISTP
32~40;Female;1;0~4;5~7;6~9;4~5;Unknown~Technology;INTP
32~40;Female;1;0~4;5~7;6~9;4~5;Unknown~Technology;ESTP
32~40;Female;1;0~4;5~7;6~9;4~5;Unknown~Technology;ISTP
32~40;Female;1;0~4;5~7;6~9;4~5;Unknown~Technology;ISTP
32~40;Female;1;0~4;5~7;6~9;4~5;Unknown~Technology;ESTP
32~40;Female;1;0~4;5~7;6~9;4~5;Unknown~Technology;ISTP
26~29;Female;1;0~4;5~6;7~9;4~7;Others~Sports~Arts;INTP
26~29;Female;1;0~4;5~6;7~9;4~7;Others~Sports~Arts;ESTP
26~29;Female;1;0~4;5~6;7~9;4~7;Others~Sports~Arts;ENTP
26~29;Female;1;0~4;5~6;7~9;4~7;Others~Sports~Arts;INTP
26~29;Female;1;0~4;5~6;7~9;4~7;Others~Sports~Arts;INTP
26~29;Female;1;0~4;5~6;7~9;4~7;Others~Sports~Arts;ESTP
26~29;Female;1;0~4;5~6;7~9;4~7;Others~Sports~Arts;INTP
26~29;Female;1;0~4;5~6;7~9;4~7;Others~Sports~Arts;ESTP
30~39;Female;1;0~4;5~7;4~8;4~7;Others~Sports~Arts;INTP
30~39;Female;1;0~4;5~7;4~8;4~7;Others~Sports~Arts;ISTP
30~39;Female;1;0~4;5~7;4~8;4~7;Others~Sports~Arts;INTP
30~39;Female;1;0~4;5~7;4~8;4~7;Others~Sports~Arts;INTP
30~39;Female;1;0~4;5~7;4~8;4~7;Others~Sports~Arts;ISTP
30~39;Female;1;0~4;5~7;4~8;4~7;Others~Sports~Arts;ISTP
30~39;Female;1;0~4;5~7;4~8;4~7;Others~Sports~Arts;ISTP
27~28;Female;1;4~7;3~5;0~2;2~4;Unknown~Technology;ENFP
27~28;Female;1;4~7;3~5;0~2;2~4;Unknown~Technology;ENFP
27~28;Female;1;4~7;3~5;0~2;2~4;Unknown~Technology;ENFP
27~28;Female;1;4~7;3~5;0~2;2~4;Unknown~Technology;ENFP
27~28;Female;1;4~7;3~5;0~2;2~4;Unknown~Technology;ENFP
27~28;Female;1;4~7;3~5;0~2;2~4;Unknown~Technology;ENFP
26~28;Female;1;7~9;2~5;0~4;2~4;Unknown~Technology;ENFP
26~28;Female;1;7~9;2~5;0~4;2~4;Unknown~Technology;ENFP
26~28;Female;1;7~9;2~5;0~4;2~4;Unknown~Technology;ENFP
26~28;Female;1;7~9;2~5;0~4;2~4;Unknown~Technology;ENFP
26~28;Female;1;7~9;2~5;0~4;2~4;Unknown~Technology;ENFP
26~28;Female;1;7~9;2~5;0~4;2~4;Unknown~Technology;ENFP
29~37;Female;1;5~8;2~4;0~3;0~4;Unknown~Technology;ENFP
29~37;Female;1;5~8;2~4;0~3;0~4;Unknown~Technology;ENFP
29~37;Female;1;5~8;2~4;0~3;0~4;Unknown~Technology;ENFP
29~37;Female;1;5~8;2~4;0~3;0~4;Unknown~Technology;ENFP
29~37;Female;1;5~8;2~4;0~3;0~4;Unknown~Technology;ENFP
29~37;Female;1;5~8;2~4;0~3;0~4;Unknown~Technology;ENFP
29~37;Female;1;5~8;2~4;0~3;0~4;Unknown~Technology;ENFP
29~37;Female;1;5~8;2~4;0~3;0~4;Unknown~Technology;ENFP
26~29;Female;1;4~7;2~4;0~2;3~4;Others~Sports~Arts;ENFP
26~29;Female;1;4~7;2~4;0~2;3~4;Others~Sports~Arts;ENFP
26~29;Female;1;4~7;2~4;0~2;3~4;Others~Sports~Arts;ENFP
26~29;Female;1;4~7;2~4;0~2;3~4;Others~Sports~Arts;ENFP
26~29;Female;1;4~7;2~4;0~2;3~4;Others~Sports~Arts;ENFP
26~29;Female;1;7~9;3~4;0~4;1~4;Others~Sports~Arts;ENFP
26~29;Female;1;7~9;3~4;0~4;1~4;Others~Sports~Arts;ENFP
26~29;Female;1;7~9;3~4;0~4;1~4;Others~Sports~Arts;ENFP
26~29;Female;1;7~9;3~4;0~4;1~4;Others~Sports~Arts;ENFP
26~29;Female;1;7~9;3~4;0~4;1~4;Others~Sports~Arts;ENTP
30~38;Female;1;4~9;2~5;0~4;0~4;Others~Sports~Arts;ENFP
30~38;Female;1;4~9;2~5;0~4;0~4;Others~Sports~Arts;ENFP
30~38;Female;1;4~9;2~5;0~4;0~4;Others~Sports~Arts;ENFP
30~38;Female;1;4~9;2~5;0~4;0~4;Others~Sports~Arts;ENFP
30~38;Female;1;4~9;2~5;0~4;0~4;Others~Sports~Arts;ENFP
30~38;Female;1;4~9;2~5;0~4;0~4;Others~Sports~Arts;ENFP
30~38;Female;1;4~9;2~5;0~4;0~4;Others~Sports~Arts;ENFP
30~38;Female;1;4~9;2~5;0~4;0~4;Others~Sports~Arts;ENFP
26~29;Female;1;4~9;3~4;0~4;4~7;Unknown~Technology;ENFP
26~29;Female;1;4~9;3~4;0~4;4~7;Unknown~Technology;ENFP
26~29;Female;1;4~9;3~4;0~4;4~7;Unknown~Technology;ENFP
26~29;Female;1;4~9;3~4;0~4;4~7;Unknown~Technology;ENFP
26~29;Female;1;4~9;3~4;0~4;4~7;Unknown~Technology;ENFP
26~29;Female;1;4~9;3~4;0~4;4~7;Unknown~Technology;ENFP
26~29;Female;1;4~9;3~4;0~4;4~7;Unknown~Technology;ENFP
26~29;Female;1;4~9;3~4;0~4;4~7;Unknown~Technology;ENFP
26~29;Female;1;4~9;3~4;0~4;4~7;Unknown~Technology;ENFP
30~38;Female;1;6~7;4~5;0~3;5~6;Unknown~Technology;ENFP
30~38;Female;1;6~7;4~5;0~3;5~6;Unknown~Technology;ENFP
30~38;Female;1;6~7;4~5;0~3;5~6;Unknown~Technology;ENFP
30~38;Female;1;6~7;4~5;0~3;5~6;Unknown~Technology;ENFP
30~38;Female;1;6~7;4~5;0~3;5~6;Unknown~Technology;ENFP
31~33;Female;1;8~9;2~4;0~3;5~7;Unknown~Technology;ENFP
31~33;Female;1;8~9;2~4;0~3;5~7;Unknown~Technology;ENFP
31~33;Female;1;8~9;2~4;0~3;5~7;Unknown~Technology;ENFP
31~33;Female;1;8~9;2~4;0~3;5~7;Unknown~Technology;ENFP
31~33;Female;1;8~9;2~4;0~3;5~7;Unknown~Technology;ENFP
26~27;Female;1;5~7;2~5;0~4;4~6;Others~Sports~Arts;ENFP
26~27;Female;1;5~7;2~5;0~4;4~6;Others~Sports~Arts;ENFP
26~27;Female;1;5~7;2~5;0~4;4~6;Others~Sports~Arts;ENTP
26~27;Female;1;5~7;2~5;0~4;4~6;Others~Sports~Arts;ENFP
26~27;Female;1;5~7;2~5;0~4;4~6;Others~Sports~Arts;ENFP
26~27;Female;1;5~7;2~5;0~4;4~6;Others~Sports~Arts;ENFP
27~28;Female;1;8~9;2~4;0~4;5~7;Arts;ENFP
27~28;Female;1;8~9;2~4;0~4;5~7;Arts;ENFP
27~28;Female;1;8~9;2~4;0~4;5~7;Arts;ENFP
27~28;Female;1;8~9;2~4;0~4;5~7;Arts;ENFP
27~28;Female;1;8~9;2~4;0~4;5~7;Arts;ENFP
27~28;Female;1;8~9;2~4;0~4;5~7;Arts;ENFP
31~34;Female;1;7~8;3~5;0~3;5~6;Others~Sports~Arts;ENFP
31~34;Female;1;7~8;3~5;0~3;5~6;Others~Sports~Arts;ENFP
31~34;Female;1;7~8;3~5;0~3;5~6;Others~Sports~Arts;ENFP
31~34;Female;1;7~8;3~5;0~3;5~6;Others~Sports~Arts;ENFP
31~34;Female;1;7~8;3~5;0~3;5~6;Others~Sports~Arts;ENFP
31~34;Female;1;7~8;3~5;0~3;5~6;Others~Sports~Arts;ENFP
31~34;Female;1;7~8;3~5;0~3;5~6;Others~Sports~Arts;ENFP
31~34;Female;1;7~8;3~5;0~3;5~6;Others~Sports~Arts;ENFP
26~28;Female;1;4~7;3~5;4~9;2~4;Unknown~Technology;ENTP
26~28;Female;1;4~7;3~5;4~9;2~4;Unknown~Technology;ENTP
26~28;Female;1;4~7;3~5;4~9;2~4;Unknown~Technology;ENTP
26~28;Female;1;4~7;3~5;4~9;2~4;Unknown~Technology;ENTP
26~28;Female;1;4~7;3~5;4~9;2~4;Unknown~Technology;ENFP
26~28;Female;1;4~7;3~5;4~9;2~4;Unknown~Technology;ENFP
26~28;Female;1;7~9;1~5;4~9;2~4;Unknown~Technology;ENTP
26~28;Female;1;7~9;1~5;4~9;2~4;Unknown~Technology;ENFP
26~28;Female;1;7~9;1~5;4~9;2~4;Unknown~Technology;ENTP
26~28;Female;1;7~9;1~5;4~9;2~4;Unknown~Technology;ENTP
26~28;Female;1;7~9;1~5;4~9;2~4;Unknown~Technology;ENTP
26~28;Female;1;7~9;1~5;4~9;2~4;Unknown~Technology;ENTP
26~28;Female;1;7~9;1~5;4~9;2~4;Unknown~Technology;ENTP
30~42;Female;1;4~5;4~4;5~9;2~4;Unknown~Technology;ENTP
30~42;Female;1;4~5;4~4;5~9;2~4;Unknown~Technology;ENTP
30~42;Female;1;4~5;4~4;5~9;2~4;Unknown~Technology;ENFP
30~42;Female;1;4~5;4~4;5~9;2~4;Unknown~Technology;ENTP
30~42;Female;1;4~5;4~4;5~9;2~4;Unknown~Technology;ENTP
29~36;Female;1;6~9;4~4;4~8;1~3;Unknown~Technology;ENTP
29~36;Female;1;6~9;4~4;4~8;1~3;Unknown~Technology;ENFP
29~36;Female;1;6~9;4~4;4~8;1~3;Unknown~Technology;ENTP
29~36;Female;1;6~9;4~4;4~8;1~3;Unknown~Technology;ENTP
29~36;Female;1;6~9;4~4;4~8;1~3;Unknown~Technology;ENTP
26~28;Female;1;5~9;2~4;5~9;2~4;Others~Sports~Arts;ENTP
26~28;Female;1;5~9;2~4;5~9;2~4;Others~Sports~Arts;ENFP
26~28;Female;1;5~9;2~4;5~9;2~4;Others~Sports~Arts;ENTP
26~28;Female;1;5~9;2~4;5~9;2~4;Others~Sports~Arts;ENTP
26~28;Female;1;5~9;2~4;5~9;2~4;Others~Sports~Arts;ENTP
26~28;Female;1;5~9;2~4;5~9;2~4;Others~Sports~Arts;ENTP
26~28;Female;1;5~9;2~4;5~9;2~4;Others~Sports~Arts;ENTP
26~28;Female;1;5~9;2~4;5~9;2~4;Others~Sports~Arts;ENTP
29~34;Female;1;5~9;1~5;4~9;1~4;Others~Sports~Arts;ENTP
29~34;Female;1;5~9;1~5;4~9;1~4;Others~Sports~Arts;ENTP
29~34;Female;1;5~9;1~5;4~9;1~4;Others~Sports~Arts;ENTP
29~34;Female;1;5~9;1~5;4~9;1~4;Others~Sports~Arts;ENTP
29~34;Female;1;5~9;1~5;4~9;1~4;Others~Sports~Arts;ENTP
29~34;Female;1;5~9;1~5;4~9;1~4;Others~Sports~Arts;ENTP
29~34;Female;1;5~9;1~5;4~9;1~4;Others~Sports~Arts;ENTP
29~34;Female;1;5~9;1~5;4~9;1~4;Others~Sports~Arts;ENTP
26~29;Female;1;6~9;3~5;4~8;5~6;Unknown;ENTP
26~29;Female;1;6~9;3~5;4~8;5~6;Unknown;ENFP
26~29;Female;1;6~9;3~5;4~8;5~6;Unknown;ENFP
26~29;Female;1;6~9;3~5;4~8;5~6;Unknown;ENTP
26~29;Female;1;6~9;3~5;4~8;5~6;Unknown;ENTP
26~29;Female;1;6~9;3~5;4~8;5~6;Unknown;ENFP
26~29;Female;1;6~9;3~5;4~8;5~6;Unknown;ENFP
26~29;Female;1;6~9;3~5;4~8;5~6;Unknown;ENTP
26~29;Female;1;6~9;3~5;4~8;5~6;Unknown;ENTP
30~32;Female;1;5~7;2~4;4~9;5~6;Unknown;ENTP
30~32;Female;1;5~7;2~4;4~9;5~6;Unknown;ENFP
30~32;Female;1;5~7;2~4;4~9;5~6;Unknown;ENTP
30~32;Female;1;5~7;2~4;4~9;5~6;Unknown;ENTP
30~32;Female;1;5~7;2~4;4~9;5~6;Unknown;ENTP
30~35;Female;1;7~9;3~4;5~9;4~6;Unknown;ENTP
30~35;Female;1;7~9;3~4;5~9;4~6;Unknown;ENTP
30~35;Female;1;7~9;3~4;5~9;4~6;Unknown;ENFP
30~35;Female;1;7~9;3~4;5~9;4~6;Unknown;ENTP
30~35;Female;1;7~9;3~4;5~9;4~6;Unknown;ENTP
26~28;Female;1;6~8;3~5;6~9;4~7;Technology~Others;ENTP
26~28;Female;1;6~8;3~5;6~9;4~7;Technology~Others;ENTP
26~28;Female;1;6~8;3~5;6~9;4~7;Technology~Others;ENTP
26~28;Female;1;6~8;3~5;6~9;4~7;Technology~Others;ENTP
26~28;Female;1;6~8;3~5;6~9;4~7;Technology~Others;ENTP
26~28;Female;1;6~8;3~5;6~9;4~7;Technology~Others;ENTP
26~28;Female;1;6~8;3~5;6~9;4~7;Technology~Others;ENTP
29~35;Female;1;5~9;2~5;4~9;4~6;Technology~Others;ENTP
29~35;Female;1;5~9;2~5;4~9;4~6;Technology~Others;ENTP
29~35;Female;1;5~9;2~5;4~9;4~6;Technology~Others;ENTP
29~35;Female;1;5~9;2~5;4~9;4~6;Technology~Others;ENFP
29~35;Female;1;5~9;2~5;4~9;4~6;Technology~Others;ENTP
26~36;Female;1;5~9;3~4;4~8;4~8;Sports~Arts;ENTP
26~36;Female;1;5~9;3~4;4~8;4~8;Sports~Arts;ENFP
26~36;Female;1;5~9;3~4;4~8;4~8;Sports~Arts;ENTP
26~36;Female;1;5~9;3~4;4~8;4~8;Sports~Arts;ENTP
26~36;Female;1;5~9;3~4;4~8;4~8;Sports~Arts;ENTJ
26~36;Female;1;5~9;3~4;4~8;4~8;Sports~Arts;ENTP
26~36;Female;1;5~9;3~4;4~8;4~8;Sports~Arts;ENTP
26~36;Female;1;5~9;3~4;4~8;4~8;Sports~Arts;ENTP
26~27;Female;1;4~9;5~6;0~4;3~4;Unknown~Technology;ENFP
26~27;Female;1;4~9;5~6;0~4;3~4;Unknown~Technology;ENFP
26~27;Female;1;4~9;5~6;0~4;3~4;Unknown~Technology;ENFP
26~27;Female;1;4~9;5~6;0~4;3~4;Unknown~Technology;ENFP
26~27;Female;1;4~9;5~6;0~4;3~4;Unknown~Technology;ESFP
26~27;Female;1;4~9;5~6;0~4;3~4;Unknown~Technology;ENFP
26~27;Female;1;4~9;5~6;0~4;3~4;Unknown~Technology;ENFP
26~27;Female;1;4~9;5~6;0~4;3~4;Unknown~Technology;ENFP
26~27;Female;1;4~9;5~6;0~4;3~4;Unknown~Technology;ENFP
28~41;Female;1;4~5;5~6;1~4;2~4;Unknown~Technology;ENFP
28~41;Female;1;4~5;5~6;1~4;2~4;Unknown~Technology;ESFP
28~41;Female;1;4~5;5~6;1~4;2~4;Unknown~Technology;ESFP
28~41;Female;1;4~5;5~6;1~4;2~4;Unknown~Technology;ESFP
28~41;Female;1;4~5;5~6;1~4;2~4;Unknown~Technology;ENFP
28~36;Female;1;5~9;5~7;1~3;2~4;Unknown~Technology;ESFP
28~36;Female;1;5~9;5~7;1~3;2~4;Unknown~Technology;ENFP
28~36;Female;1;5~9;5~7;1~3;2~4;Unknown~Technology;ENFP
28~36;Female;1;5~9;5~7;1~3;2~4;Unknown~Technology;ESFP
28~36;Female;1;5~9;5~7;1~3;2~4;Unknown~Technology;ENFP
26~30;Female;1;4~6;5~6;0~2;2~4;Others~Sports~Arts;ESFP
26~30;Female;1;4~6;5~6;0~2;2~4;Others~Sports~Arts;ESFP
26~30;Female;1;4~6;5~6;0~2;2~4;Others~Sports~Arts;ENFP
26~30;Female;1;4~6;5~6;0~2;2~4;Others~Sports~Arts;ESFP
26~30;Female;1;4~6;5~6;0~2;2~4;Others~Sports~Arts;ESFP
26~28;Female;1;7~9;5~6;0~3;2~4;Others~Sports~Arts;ENFP
26~28;Female;1;7~9;5~6;0~3;2~4;Others~Sports~Arts;ENFP
26~28;Female;1;7~9;5~6;0~3;2~4;Others~Sports~Arts;ENFP
26~28;Female;1;7~9;5~6;0~3;2~4;Others~Sports~Arts;ENFP
26~28;Female;1;7~9;5~6;0~3;2~4;Others~Sports~Arts;ENFP
33~38;Female;1;4~6;5~6;0~2;1~4;Others~Sports~Arts;ENFP
33~38;Female;1;4~6;5~6;0~2;1~4;Others~Sports~Arts;ENFP
33~38;Female;1;4~6;5~6;0~2;1~4;Others~Sports~Arts;ESFP
33~38;Female;1;4~6;5~6;0~2;1~4;Others~Sports~Arts;ESFP
33~38;Female;1;4~6;5~6;0~2;1~4;Others~Sports~Arts;ESFP
31~37;Female;1;7~9;5~7;0~2;3~4;Others~Sports~Arts;ESFP
31~37;Female;1;7~9;5~7;0~2;3~4;Others~Sports~Arts;ENFP
31~37;Female;1;7~9;5~7;0~2;3~4;Others~Sports~Arts;ESFP
31~37;Female;1;7~9;5~7;0~2;3~4;Others~Sports~Arts;ENFP
31~37;Female;1;7~9;5~7;0~2;3~4;Others~Sports~Arts;ESFP
27~29;Female;1;5~6;5~6;0~3;5~6;Unknown;ESFP
27~29;Female;1;5~6;5~6;0~3;5~6;Unknown;ESFP
27~29;Female;1;5~6;5~6;0~3;5~6;Unknown;ENFP
27~29;Female;1;5~6;5~6;0~3;5~6;Unknown;ENFP
27~29;Female;1;5~6;5~6;0~3;5~6;Unknown;ENFP
27~29;Female;1;5~6;5~6;0~3;5~6;Unknown;ESFP
27~29;Female;1;7~9;5~7;0~4;4~6;Unknown;ESFP
27~29;Female;1;7~9;5~7;0~4;4~6;Unknown;ENFP
27~29;Female;1;7~9;5~7;0~4;4~6;Unknown;ESFP
27~29;Female;1;7~9;5~7;0~4;4~6;Unknown;ENFP
27~29;Female;1;7~9;5~7;0~4;4~6;Unknown;ENFP
27~29;Female;1;7~9;5~7;0~4;4~6;Unknown;ESFP
30~37;Female;1;4~9;5~6;0~4;5~6;Unknown;ESFP
30~37;Female;1;4~9;5~6;0~4;5~6;Unknown;ENFP
30~37;Female;1;4~9;5~6;0~4;5~6;Unknown;ESFP
30~37;Female;1;4~9;5~6;0~4;5~6;Unknown;ENFP
30~37;Female;1;4~9;5~6;0~4;5~6;Unknown;ESFP
30~37;Female;1;4~9;5~6;0~4;5~6;Unknown;ENFP
30~37;Female;1;4~9;5~6;0~4;5~6;Unknown;ENFP
30~37;Female;1;4~9;5~6;0~4;5~6;Unknown;ENFP
26~29;Female;1;7~9;5~6;1~4;4~6;Technology~Others~Sports;ENFP
26~29;Female;1;7~9;5~6;1~4;4~6;Technology~Others~Sports;ESFP
26~29;Female;1;7~9;5~6;1~4;4~6;Technology~Others~Sports;ENFP
26~29;Female;1;7~9;5~6;1~4;4~6;Technology~Others~Sports;ENFP
26~29;Female;1;7~9;5~6;1~4;4~6;Technology~Others~Sports;ENFP
26~29;Female;1;7~9;5~6;1~4;4~6;Technology~Others~Sports;ENFP
30~37;Female;1;5~9;5~6;0~4;5~6;Others~Sports;ESFP
30~37;Female;1;5~9;5~6;0~4;5~6;Others~Sports;ENFP
30~37;Female;1;5~9;5~6;0~4;5~6;Others~Sports;ENFP
30~37;Female;1;5~9;5~6;0~4;5~6;Others~Sports;ESFP
30~37;Female;1;5~9;5~6;0~4;5~6;Others~Sports;ESFP
30~37;Female;1;5~9;5~6;0~4;5~6;Others~Sports;ESFP
30~37;Female;1;5~9;5~6;0~4;5~6;Others~Sports;ENFP
26~30;Female;1;5~8;5~6;0~4;6~6;Arts;ENFP
26~30;Female;1;5~8;5~6;0~4;6~6;Arts;ENFP
26~30;Female;1;5~8;5~6;0~4;6~6;Arts;ESFP
26~30;Female;1;5~8;5~6;0~4;6~6;Arts;ENFP
26~30;Female;1;5~8;5~6;0~4;6~6;Arts;ENTP
26~30;Female;1;5~8;5~6;0~4;6~6;Arts;ENFP
26~28;Female;1;5~6;5~6;5~9;2~4;Unknown;ESTP
26~28;Female;1;5~6;5~6;5~9;2~4;Unknown;ESTP
26~28;Female;1;5~6;5~6;5~9;2~4;Unknown;ENTP
26~28;Female;1;5~6;5~6;5~9;2~4;Unknown;ENTP
26~28;Female;1;5~6;5~6;5~9;2~4;Unknown;ESTP
28;Female;1;7~9;5~5;6~8;2~4;Unknown~Technology;ENTP
28;Female;1;7~9;5~5;6~8;2~4;Unknown~Technology;ENTP
28;Female;1;7~9;5~5;6~8;2~4;Unknown~Technology;ENTP
28;Female;1;7~9;5~5;6~8;2~4;Unknown~Technology;ENTP
28;Female;1;7~9;5~5;6~8;2~4;Unknown~Technology;ENTP
29~35;Female;1;5~6;5~7;4~8;2~4;Unknown~Technology;ENTP
29~35;Female;1;5~6;5~7;4~8;2~4;Unknown~Technology;ESTP
29~35;Female;1;5~6;5~7;4~8;2~4;Unknown~Technology;ESFP
29~35;Female;1;5~6;5~7;4~8;2~4;Unknown~Technology;ESTP
29~35;Female;1;5~6;5~7;4~8;2~4;Unknown~Technology;ENTP
29~36;Female;1;7~9;5~6;5~8;2~4;Unknown~Technology;ENTP
29~36;Female;1;7~9;5~6;5~8;2~4;Unknown~Technology;ESFP
29~36;Female;1;7~9;5~6;5~8;2~4;Unknown~Technology;ENTP
29~36;Female;1;7~9;5~6;5~8;2~4;Unknown~Technology;ENFP
29~36;Female;1;7~9;5~6;5~8;2~4;Unknown~Technology;ENTP
26~29;Female;1;4~9;5~6;4~8;1~4;Others~Sports~Arts;ENTP
26~29;Female;1;4~9;5~6;4~8;1~4;Others~Sports~Arts;ESTP
26~29;Female;1;4~9;5~6;4~8;1~4;Others~Sports~Arts;ENTP
26~29;Female;1;4~9;5~6;4~8;1~4;Others~Sports~Arts;ENTP
26~29;Female;1;4~9;5~6;4~8;1~4;Others~Sports~Arts;ENTP
26~29;Female;1;4~9;5~6;4~8;1~4;Others~Sports~Arts;ESFP
26~29;Female;1;4~9;5~6;4~8;1~4;Others~Sports~Arts;ESTP
26~29;Female;1;4~9;5~6;4~8;1~4;Others~Sports~Arts;ENTP
26~29;Female;1;4~9;5~6;4~8;1~4;Others~Sports~Arts;ENTP
30~44;Female;1;4~8;5~7;5~9;3~4;Others~Sports~Arts;ESTP
30~44;Female;1;4~8;5~7;5~9;3~4;Others~Sports~Arts;ENTP
30~44;Female;1;4~8;5~7;5~9;3~4;Others~Sports~Arts;ESTP
30~44;Female;1;4~8;5~7;5~9;3~4;Others~Sports~Arts;ENTP
30~44;Female;1;4~8;5~7;5~9;3~4;Others~Sports~Arts;ENTP
30~36;Female;1;8~9;5~6;6~9;2~4;Others~Sports~Arts;ESTP
30~36;Female;1;8~9;5~6;6~9;2~4;Others~Sports~Arts;ENTP
30~36;Female;1;8~9;5~6;6~9;2~4;Others~Sports~Arts;ENTP
30~36;Female;1;8~9;5~6;6~9;2~4;Others~Sports~Arts;ESTP
30~36;Female;1;8~9;5~6;6~9;2~4;Others~Sports~Arts;ENTP
26~28;Female;1;4~5;5~7;5~9;5~5;Unknown;ENTP
26~28;Female;1;4~5;5~7;5~9;5~5;Unknown;ENTP
26~28;Female;1;4~5;5~7;5~9;5~5;Unknown;ESTP
26~28;Female;1;4~5;5~7;5~9;5~5;Unknown;ESTP
26~28;Female;1;4~5;5~7;5~9;5~5;Unknown;ENTP
26~28;Female;1;5~9;5~6;6~9;4~6;Unknown~Technology;ENTP
26~28;Female;1;5~9;5~6;6~9;4~6;Unknown~Technology;ENTP
26~28;Female;1;5~9;5~6;6~9;4~6;Unknown~Technology;ENTP
26~28;Female;1;5~9;5~6;6~9;4~6;Unknown~Technology;ENTP
26~28;Female;1;5~9;5~6;6~9;4~6;Unknown~Technology;ESTP
29~38;Female;1;5~9;5~7;4~9;4~5;Unknown~Technology;ENTP
29~38;Female;1;5~9;5~7;4~9;4~5;Unknown~Technology;ESTP
29~38;Female;1;5~9;5~7;4~9;4~5;Unknown~Technology;ENTP
29~38;Female;1;5~9;5~7;4~9;4~5;Unknown~Technology;ENTP
29~38;Female;1;5~9;5~7;4~9;4~5;Unknown~Technology;ENFP
29~38;Female;1;5~9;5~7;4~9;4~5;Unknown~Technology;ENTP
29~38;Female;1;5~9;5~7;4~9;4~5;Unknown~Technology;ENTP
29~38;Female;1;5~9;5~7;4~9;4~5;Unknown~Technology;ENTP
29~38;Female;1;5~9;5~7;4~9;4~5;Unknown~Technology;ENTP
27~31;Female;1;5~7;5~6;4~7;4~6;Others~Sports~Arts;ESTP
27~31;Female;1;5~7;5~6;4~7;4~6;Others~Sports~Arts;ENTP
27~31;Female;1;5~7;5~6;4~7;4~6;Others~Sports~Arts;ENTP
27~31;Female;1;5~7;5~6;4~7;4~6;Others~Sports~Arts;ESTP
27~31;Female;1;5~7;5~6;4~7;4~6;Others~Sports~Arts;ENTP
27~31;Female;1;5~7;5~6;4~7;4~6;Others~Sports~Arts;ENTP
27~31;Female;1;5~7;5~6;4~7;4~6;Others~Sports~Arts;ESTP
26~31;Female;1;7~9;5~6;5~8;5~6;Others~Sports~Arts;ENTP
26~31;Female;1;7~9;5~6;5~8;5~6;Others~Sports~Arts;ENTP
26~31;Female;1;7~9;5~6;5~8;5~6;Others~Sports~Arts;ESTP
26~31;Female;1;7~9;5~6;5~8;5~6;Others~Sports~Arts;ESTP
26~31;Female;1;7~9;5~6;5~8;5~6;Others~Sports~Arts;ESTP
26~31;Female;1;7~9;5~6;5~8;5~6;Others~Sports~Arts;ENTP
26~31;Female;1;7~9;5~6;5~8;5~6;Others~Sports~Arts;ENTP
32~36;Female;1;4~7;5~6;5~9;4~6;Others~Sports~Arts;ENTP
32~36;Female;1;4~7;5~6;5~9;4~6;Others~Sports~Arts;ESTP
32~36;Female;1;4~7;5~6;5~9;4~6;Others~Sports~Arts;ESTP
32~36;Female;1;4~7;5~6;5~9;4~6;Others~Sports~Arts;ENTP
32~36;Female;1;4~7;5~6;5~9;4~6;Others~Sports~Arts;ENTP
32~36;Female;1;4~7;5~6;5~9;4~6;Others~Sports~Arts;ENTP
