Age;Gender;Degree;Branch;CGPA;Internships;Projects;Coding_Skills;Communication_Skills;Aptitude_Test_Score;Soft_Skills_Rating;Certifications;Backlogs;Placement_Status
18~19;Male;B.Tech~B.Sc;ECE~ME;5~6;0;2~3;2~4;2~6;40~59;3~6;1;0~1;Not Placed
18~19;Male;B.Tech~B.Sc;ECE~ME;5~6;0;2~3;2~4;2~6;40~59;3~6;1;0~1;Not Placed
18~19;Male;B.Tech~B.Sc;ECE~ME;5~6;0;2~3;2~4;2~6;40~59;3~6;1;0~1;Not Placed
18~19;Male;B.Tech~B.Sc;ECE~ME;5~6;0;2~3;2~4;2~6;40~59;3~6;1;0~1;Not Placed
18~19;Male;B.Tech~B.Sc;ECE~ME;5~6;0;2~3;2~4;2~6;40~59;3~6;1;0~1;Not Placed
18~19;Male;B.Tech~B.Sc;ECE~ME;5~6;0;2~3;2~4;2~6;40~59;3~6;1;0~1;Not Placed
18~19;Male;B.Tech~B.Sc;ECE~ME;5~6;0;2~3;2~4;2~6;40~59;3~6;1;0~1;Not Placed
18~19;Male;B.Tech~B.Sc;ECE~ME;5~6;0;2~3;2~4;2~6;40~59;3~6;1;0~1;Not Placed
18~19;Male;B.Tech~B.Sc;ECE~ME;5~6;0;2~3;2~4;2~6;40~59;3~6;1;0~1;Not Placed
18~19;Male;B.Tech~B.Sc;Civil;5~6;0;2~3;2~4;4~5;49~60;4~6;1;1;Not Placed
18~19;Male;B.Tech~B.Sc;Civil;5~6;0;2~3;2~4;4~5;49~60;4~6;1;1;Not Placed
18~19;Male;B.Tech~B.Sc;Civil;5~6;0;2~3;2~4;4~5;49~60;4~6;1;1;Not Placed
18~19;Male;B.Tech~B.Sc;Civil;5~6;0;2~3;2~4;4~5;49~60;4~6;1;1;Not Placed
18~19;Male;B.Tech~B.Sc;Civil;5~6;0;2~3;2~4;4~5;49~60;4~6;1;1;Not Placed
20~21;Male;B.Tech~B.Sc;ECE~ME~Civil;4~5;0;2~3;2~4;3~6;36~59;4~6;1;1;Not Placed
20~21;Male;B.Tech~B.Sc;ECE~ME~Civil;4~5;0;2~3;2~4;3~6;36~59;4~6;1;1;Not Placed
20~21;Male;B.Tech~B.Sc;ECE~ME~Civil;4~5;0;2~3;2~4;3~6;36~59;4~6;1;1;Not Placed
20~21;Male;B.Tech~B.Sc;ECE~ME~Civil;4~5;0;2~3;2~4;3~6;36~59;4~6;1;1;Not Placed
20~21;Male;B.Tech~B.Sc;ECE~ME~Civil;4~5;0;2~3;2~4;3~6;36~59;4~6;1;1;Not Placed
20~21;Male;B.Tech~B.Sc;ECE~ME~Civil;4~5;0;2~3;2~4;3~6;36~59;4~6;1;1;Not Placed
20~21;Male;B.Tech~B.Sc;ECE~ME~Civil;5~6;0;2~3;1~4;3~6;47~60;4~6;0~1;0~1;Not Placed
20~21;Male;B.Tech~B.Sc;ECE~ME~Civil;5~6;0;2~3;1~4;3~6;47~60;4~6;0~1;0~1;Not Placed
20~21;Male;B.Tech~B.Sc;ECE~ME~Civil;5~6;0;2~3;1~4;3~6;47~60;4~6;0~1;0~1;Not Placed
20~21;Male;B.Tech~B.Sc;ECE~ME~Civil;5~6;0;2~3;1~4;3~6;47~60;4~6;0~1;0~1;Not Placed
20~21;Male;B.Tech~B.Sc;ECE~ME~Civil;5~6;0;2~3;1~4;3~6;47~60;4~6;0~1;0~1;Not Placed
20~21;Male;B.Tech~B.Sc;ECE~ME~Civil;5~6;0;2~3;1~4;3~6;47~60;4~6;0~1;0~1;Not Placed
20~21;Male;B.Tech~B.Sc;ECE~ME~Civil;5~6;0;2~3;1~4;3~6;47~60;4~6;0~1;0~1;Not Placed
18~20;Male;B.Tech~B.Sc;ME~Civil;4~5;0;2;2~3;3~6;35~56;4~6;0~1;2;Not Placed
18~20;Male;B.Tech~B.Sc;ME~Civil;4~5;0;2;2~3;3~6;35~56;4~6;0~1;2;Not Placed
18~20;Male;B.Tech~B.Sc;ME~Civil;4~5;0;2;2~3;3~6;35~56;4~6;0~1;2;Not Placed
18~20;Male;B.Tech~B.Sc;ME~Civil;4~5;0;2;2~3;3~6;35~56;4~6;0~1;2;Not Placed
18~20;Male;B.Tech~B.Sc;ME~Civil;4~5;0;2;2~3;3~6;35~56;4~6;0~1;2;Not Placed
18~20;Male;B.Tech~B.Sc;ME~Civil;6~6;0;2~3;1~4;4~6;53~58;4~6;0~1;2;Not Placed
18~20;Male;B.Tech~B.Sc;ME~Civil;6~6;0;2~3;1~4;4~6;53~58;4~6;0~1;2;Not Placed
18~20;Male;B.Tech~B.Sc;ME~Civil;6~6;0;2~3;1~4;4~6;53~58;4~6;0~1;2;Not Placed
18~20;Male;B.Tech~B.Sc;ME~Civil;6~6;0;2~3;1~4;4~6;53~58;4~6;0~1;2;Not Placed
18~20;Male;B.Tech~B.Sc;ME~Civil;6~6;0;2~3;1~4;4~6;53~58;4~6;0~1;2;Not Placed
21;Male;B.Tech~B.Sc;ECE~ME~Civil;4~6;0;1~3;1~4;3~6;40~55;4~6;0~1;2;Not Placed
21;Male;B.Tech~B.Sc;ECE~ME~Civil;4~6;0;1~3;1~4;3~6;40~55;4~6;0~1;2;Not Placed
21;Male;B.Tech~B.Sc;ECE~ME~Civil;4~6;0;1~3;1~4;3~6;40~55;4~6;0~1;2;Not Placed
21;Male;B.Tech~B.Sc;ECE~ME~Civil;4~6;0;1~3;1~4;3~6;40~55;4~6;0~1;2;Not Placed
21;Male;B.Tech~B.Sc;ECE~ME~Civil;4~6;0;1~3;1~4;3~6;40~55;4~6;0~1;2;Not Placed
21;Male;B.Tech~B.Sc;ECE~ME~Civil;4~6;0;1~3;1~4;3~6;40~55;4~6;0~1;2;Not Placed
18~19;Male;BCA;ECE~ME~Civil;4~6;0;2~3;1~4;3~6;37~57;4~6;0~1;1;Not Placed
18~19;Male;BCA;ECE~ME~Civil;4~6;0;2~3;1~4;3~6;37~57;4~6;0~1;1;Not Placed
18~19;Male;BCA;ECE~ME~Civil;4~6;0;2~3;1~4;3~6;37~57;4~6;0~1;1;Not Placed
18~19;Male;BCA;ECE~ME~Civil;4~6;0;2~3;1~4;3~6;37~57;4~6;0~1;1;Not Placed
18~19;Male;BCA;ECE~ME~Civil;4~6;0;2~3;1~4;3~6;37~57;4~6;0~1;1;Not Placed
18~19;Male;BCA;ECE~ME~Civil;4~6;0;1~3;1~4;2~6;45~55;4~6;0~1;2;Not Placed
18~19;Male;BCA;ECE~ME~Civil;4~6;0;1~3;1~4;2~6;45~55;4~6;0~1;2;Not Placed
18~19;Male;BCA;ECE~ME~Civil;4~6;0;1~3;1~4;2~6;45~55;4~6;0~1;2;Not Placed
18~19;Male;BCA;ECE~ME~Civil;4~6;0;1~3;1~4;2~6;45~55;4~6;0~1;2;Not Placed
18~19;Male;BCA;ECE~ME~Civil;4~6;0;1~3;1~4;2~6;45~55;4~6;0~1;2;Not Placed
18~19;Male;BCA;ECE~ME~Civil;4~6;0;1~3;1~4;2~6;45~55;4~6;0~1;2;Not Placed
20~21;Male;BCA;ECE~ME~Civil;5~6;0;2~3;2~4;3~6;43~60;4~6;1;0~2;Not Placed
20~21;Male;BCA;ECE~ME~Civil;5~6;0;2~3;2~4;3~6;43~60;4~6;1;0~2;Not Placed
20~21;Male;BCA;ECE~ME~Civil;5~6;0;2~3;2~4;3~6;43~60;4~6;1;0~2;Not Placed
20~21;Male;BCA;ECE~ME~Civil;5~6;0;2~3;2~4;3~6;43~60;4~6;1;0~2;Not Placed
20~21;Male;BCA;ECE~ME~Civil;5~6;0;2~3;2~4;3~6;43~60;4~6;1;0~2;Not Placed
20~21;Male;BCA;ECE~ME~Civil;5~6;0;2~3;2~4;3~6;43~60;4~6;1;0~2;Not Placed
20~21;Male;BCA;ECE~ME~Civil;5~6;0;2~3;2~4;3~6;43~60;4~6;1;0~2;Not Placed
20~21;Male;BCA;ECE~ME~Civil;5~6;0;2~3;2~4;3~6;43~60;4~6;1;0~2;Not Placed
20~21;Male;BCA;ECE~ME~Civil;5~6;0;2~3;2~4;3~6;43~60;4~6;1;0~2;Not Placed
18~19;Male;B.Tech~B.Sc;ECE~ME;4~6;0;2~3;2~3;4~6;41~55;3~6;1;3;Not Placed
18~19;Male;B.Tech~B.Sc;ECE~ME;4~6;0;2~3;2~3;4~6;41~55;3~6;1;3;Not Placed
18~19;Male;B.Tech~B.Sc;ECE~ME;4~6;0;2~3;2~3;4~6;41~55;3~6;1;3;Not Placed
18~19;Male;B.Tech~B.Sc;ECE~ME;4~6;0;2~3;2~3;4~6;41~55;3~6;1;3;Not Placed
18~19;Male;B.Tech~B.Sc;ECE~ME;4~6;0;2~3;2~3;4~6;41~55;3~6;1;3;Not Placed
18~21;Male;B.Tech~B.Sc;Civil;4~6;0;2~3;2~4;3~6;35~60;4~6;1;3;Not Placed
18~21;Male;B.Tech~B.Sc;Civil;4~6;0;2~3;2~4;3~6;35~60;4~6;1;3;Not Placed
18~21;Male;B.Tech~B.Sc;Civil;4~6;0;2~3;2~4;3~6;35~60;4~6;1;3;Not Placed
18~21;Male;B.Tech~B.Sc;Civil;4~6;0;2~3;2~4;3~6;35~60;4~6;1;3;Not Placed
18~21;Male;B.Tech~B.Sc;Civil;4~6;0;2~3;2~4;3~6;35~60;4~6;1;3;Not Placed
18~20;Male;BCA;ECE~ME~Civil;4~6;0;2~3;2~4;3~6;40~56;2~6;1;3;Not Placed
18~20;Male;BCA;ECE~ME~Civil;4~6;0;2~3;2~4;3~6;40~56;2~6;1;3;Not Placed
18~20;Male;BCA;ECE~ME~Civil;4~6;0;2~3;2~4;3~6;40~56;2~6;1;3;Not Placed
18~20;Male;BCA;ECE~ME~Civil;4~6;0;2~3;2~4;3~6;40~56;2~6;1;3;Not Placed
18~20;Male;BCA;ECE~ME~Civil;4~6;0;2~3;2~4;3~6;40~56;2~6;1;3;Not Placed
18~20;Male;BCA;ECE~ME~Civil;4~6;0;2~3;2~4;3~6;40~56;2~6;1;3;Not Placed
18~21;Male;B.Tech~B.Sc~BCA;ECE~ME~Civil;4~7;0;1~3;1~4;4~6;46~60;7;0~1;0~1;Not Placed
18~21;Male;B.Tech~B.Sc~BCA;ECE~ME~Civil;4~7;0;1~3;1~4;4~6;46~60;7;0~1;0~1;Not Placed
18~21;Male;B.Tech~B.Sc~BCA;ECE~ME~Civil;4~7;0;1~3;1~4;4~6;46~60;7;0~1;0~1;Not Placed
18~21;Male;B.Tech~B.Sc~BCA;ECE~ME~Civil;4~7;0;1~3;1~4;4~6;46~60;7;0~1;0~1;Not Placed
18~21;Male;B.Tech~B.Sc~BCA;ECE~ME~Civil;4~7;0;1~3;1~4;4~6;46~60;7;0~1;0~1;Not Placed
18~21;Male;B.Tech~B.Sc~BCA;ECE~ME~Civil;4~7;0;1~3;1~4;4~6;46~60;7;0~1;0~1;Not Placed
18~21;Male;B.Tech~B.Sc~BCA;ECE~ME~Civil;4~6;0;2~3;2~4;3~6;35~60;7~8;1;2;Not Placed
18~21;Male;B.Tech~B.Sc~BCA;ECE~ME~Civil;4~6;0;2~3;2~4;3~6;35~60;7~8;1;2;Not Placed
18~21;Male;B.Tech~B.Sc~BCA;ECE~ME~Civil;4~6;0;2~3;2~4;3~6;35~60;7~8;1;2;Not Placed
18~21;Male;B.Tech~B.Sc~BCA;ECE~ME~Civil;4~6;0;2~3;2~4;3~6;35~60;7~8;1;2;Not Placed
18~21;Male;B.Tech~B.Sc~BCA;ECE~ME~Civil;4~6;0;2~3;2~4;3~6;35~60;7~8;1;2;Not Placed
18~21;Male;B.Tech~B.Sc~BCA;ECE~ME~Civil;4~6;0;2~3;2~4;3~6;35~60;7~8;1;2;Not Placed
18~21;Male;B.Tech~B.Sc~BCA;ECE~ME~Civil;4~6;0;2~3;2~4;3~6;35~60;7~8;1;2;Not Placed
18~21;Male;B.Tech~B.Sc~BCA;ECE~ME~Civil;5~6;0;2~3;2~4;3~6;38~60;7~8;1;3;Not Placed
18~21;Male;B.Tech~B.Sc~BCA;ECE~ME~Civil;5~6;0;2~3;2~4;3~6;38~60;7~8;1;3;Not Placed
18~21;Male;B.Tech~B.Sc~BCA;ECE~ME~Civil;5~6;0;2~3;2~4;3~6;38~60;7~8;1;3;Not Placed
18~21;Male;B.Tech~B.Sc~BCA;ECE~ME~Civil;5~6;0;2~3;2~4;3~6;38~60;7~8;1;3;Not Placed
18~21;Male;B.Tech~B.Sc~BCA;ECE~ME~Civil;5~6;0;2~3;2~4;3~6;38~60;7~8;1;3;Not Placed
18~21;Male;B.Tech~B.Sc~BCA;ECE~ME~Civil;5~6;0;2~3;2~4;3~6;38~60;7~8;1;3;Not Placed
18~21;Male;B.Tech~B.Sc~BCA;ECE~ME~Civil;5~6;0;2~3;2~4;3~6;38~60;7~8;1;3;Not Placed
18~21;Male;B.Tech~B.Sc~BCA;ECE~ME~Civil;5~6;0;2~3;2~4;3~6;38~60;7~8;1;3;Not Placed
18~19;Male;B.Tech~B.Sc;ME~Civil;5~6;0;2~3;2~4;5~6;65~85;4~6;1;1;Not Placed
18~19;Male;B.Tech~B.Sc;ME~Civil;5~6;0;2~3;2~4;5~6;65~85;4~6;1;1;Not Placed
18~19;Male;B.Tech~B.Sc;ME~Civil;5~6;0;2~3;2~4;5~6;65~85;4~6;1;1;Not Placed
18~19;Male;B.Tech~B.Sc;ME~Civil;5~6;0;2~3;2~4;5~6;65~85;4~6;1;1;Not Placed
18~19;Male;B.Tech~B.Sc;ME~Civil;5~6;0;2~3;2~4;5~6;65~85;4~6;1;1;Not Placed
18~19;Male;B.Tech~B.Sc;ME~Civil;5~6;0;2~3;2~4;5~6;65~85;4~6;1;1;Not Placed
18~19;Male;B.Tech~B.Sc;ME~Civil;6~6;0;3;3~4;3~6;63~77;3~6;1;0;Not Placed
18~19;Male;B.Tech~B.Sc;ME~Civil;6~6;0;3;3~4;3~6;63~77;3~6;1;0;Not Placed
18~19;Male;B.Tech~B.Sc;ME~Civil;6~6;0;3;3~4;3~6;63~77;3~6;1;0;Not Placed
18~19;Male;B.Tech~B.Sc;ME~Civil;6~6;0;3;3~4;3~6;63~77;3~6;1;0;Not Placed
18~19;Male;B.Tech~B.Sc;ME~Civil;6~6;0;3;3~4;3~6;63~77;3~6;1;0;Not Placed
20~21;Male;B.Tech~B.Sc;ECE~ME;5~6;0;2~3;2~4;3~6;61~81;4~6;1~2;0~1;Not Placed
20~21;Male;B.Tech~B.Sc;ECE~ME;5~6;0;2~3;2~4;3~6;61~81;4~6;1~2;0~1;Not Placed
20~21;Male;B.Tech~B.Sc;ECE~ME;5~6;0;2~3;2~4;3~6;61~81;4~6;1~2;0~1;Not Placed
20~21;Male;B.Tech~B.Sc;ECE~ME;5~6;0;2~3;2~4;3~6;61~81;4~6;1~2;0~1;Not Placed
20~21;Male;B.Tech~B.Sc;ECE~ME;5~6;0;2~3;2~4;3~6;61~81;4~6;1~2;0~1;Not Placed
20~21;Male;B.Tech~B.Sc;ECE~ME;5~6;0;2~3;2~4;3~6;61~81;4~6;1~2;0~1;Not Placed
20~21;Male;B.Sc;Civil;5~6;0;2~3;2~4;5~6;64~81;4~6;1;0~1;Not Placed
20~21;Male;B.Sc;Civil;5~6;0;2~3;2~4;5~6;64~81;4~6;1;0~1;Not Placed
20~21;Male;B.Sc;Civil;5~6;0;2~3;2~4;5~6;64~81;4~6;1;0~1;Not Placed
20~21;Male;B.Sc;Civil;5~6;0;2~3;2~4;5~6;64~81;4~6;1;0~1;Not Placed
20~21;Male;B.Sc;Civil;5~6;0;2~3;2~4;5~6;64~81;4~6;1;0~1;Not Placed
18~19;Male;BCA;ECE~ME~Civil;5~6;0;2~3;2~4;2~5;62~79;4~6;1;0~1;Not Placed
18~19;Male;BCA;ECE~ME~Civil;5~6;0;2~3;2~4;2~5;62~79;4~6;1;0~1;Not Placed
18~19;Male;BCA;ECE~ME~Civil;5~6;0;2~3;2~4;2~5;62~79;4~6;1;0~1;Not Placed
18~19;Male;BCA;ECE~ME~Civil;5~6;0;2~3;2~4;2~5;62~79;4~6;1;0~1;Not Placed
18~19;Male;BCA;ECE~ME~Civil;5~6;0;2~3;2~4;2~5;62~79;4~6;1;0~1;Not Placed
18~19;Male;BCA;ECE~ME~Civil;5~6;0;2~3;2~4;2~5;62~79;4~6;1;0~1;Not Placed
18~19;Male;BCA;ECE~ME~Civil;5~6;0;2~3;2~4;2~5;62~79;4~6;1;0~1;Not Placed
18~19;Male;BCA;ECE~ME~Civil;5~6;0;2~3;2~4;2~5;62~79;4~6;1;0~1;Not Placed
20~21;Male;BCA;ECE~ME~Civil;5~6;0;2~3;3~4;3~6;62~77;4~6;1;0~1;Not Placed
20~21;Male;BCA;ECE~ME~Civil;5~6;0;2~3;3~4;3~6;62~77;4~6;1;0~1;Not Placed
20~21;Male;BCA;ECE~ME~Civil;5~6;0;2~3;3~4;3~6;62~77;4~6;1;0~1;Not Placed
20~21;Male;BCA;ECE~ME~Civil;5~6;0;2~3;3~4;3~6;62~77;4~6;1;0~1;Not Placed
20~21;Male;BCA;ECE~ME~Civil;5~6;0;2~3;3~4;3~6;62~77;4~6;1;0~1;Not Placed
20~21;Male;BCA;ECE~ME~Civil;5~6;0;2~3;3~4;3~6;62~77;4~6;1;0~1;Not Placed
20~21;Male;BCA;ECE~ME~Civil;5~6;0;2~3;3~4;3~6;62~77;4~6;1;0~1;Not Placed
20~21;Male;BCA;ECE~ME~Civil;5~6;0;2~3;3~4;3~6;62~77;4~6;1;0~1;Not Placed
20~21;Male;BCA;ECE~ME~Civil;5~6;0;2~3;3~4;3~6;62~77;4~6;1;0~1;Not Placed
18~19;Male;B.Tech;ECE~ME~Civil;5~6;0;2~3;1~4;3~6;63~85;5~6;1~2;2~3;Not Placed
18~19;Male;B.Tech;ECE~ME~Civil;5~6;0;2~3;1~4;3~6;63~85;5~6;1~2;2~3;Not Placed
18~19;Male;B.Tech;ECE~ME~Civil;5~6;0;2~3;1~4;3~6;63~85;5~6;1~2;2~3;Not Placed
18~19;Male;B.Tech;ECE~ME~Civil;5~6;0;2~3;1~4;3~6;63~85;5~6;1~2;2~3;Not Placed
18~19;Male;B.Tech;ECE~ME~Civil;5~6;0;2~3;1~4;3~6;63~85;5~6;1~2;2~3;Not Placed
18~19;Male;B.Tech;ECE~ME~Civil;5~6;0;2~3;1~4;3~6;63~85;5~6;1~2;2~3;Not Placed
20~21;Male;B.Tech;ME~Civil;5~6;0;2~3;2~4;4~6;64~73;3~6;1;2~3;Not Placed
20~21;Male;B.Tech;ME~Civil;5~6;0;2~3;2~4;4~6;64~73;3~6;1;2~3;Not Placed
20~21;Male;B.Tech;ME~Civil;5~6;0;2~3;2~4;4~6;64~73;3~6;1;2~3;Not Placed
20~21;Male;B.Tech;ME~Civil;5~6;0;2~3;2~4;4~6;64~73;3~6;1;2~3;Not Placed
20~21;Male;B.Tech;ME~Civil;5~6;0;2~3;2~4;4~6;64~73;3~6;1;2~3;Not Placed
20~21;Male;B.Tech;ME~Civil;5~6;0;2~3;2~4;4~6;64~73;3~6;1;2~3;Not Placed
20~21;Male;B.Tech;ME~Civil;5~6;0;2~3;2~4;4~6;64~73;3~6;1;2~3;Not Placed
18~20;Male;B.Sc~BCA;ECE~ME~Civil;5~6;0;2~3;1~4;2~6;62~77;4~6;1;2~3;Not Placed
18~20;Male;B.Sc~BCA;ECE~ME~Civil;5~6;0;2~3;1~4;2~6;62~77;4~6;1;2~3;Not Placed
18~20;Male;B.Sc~BCA;ECE~ME~Civil;5~6;0;2~3;1~4;2~6;62~77;4~6;1;2~3;Not Placed
18~20;Male;B.Sc~BCA;ECE~ME~Civil;5~6;0;2~3;1~4;2~6;62~77;4~6;1;2~3;Not Placed
18~20;Male;B.Sc~BCA;ECE~ME~Civil;5~6;0;2~3;1~4;2~6;62~77;4~6;1;2~3;Not Placed
18~20;Male;B.Sc~BCA;ECE~ME~Civil;5~6;0;2~3;1~4;2~6;62~77;4~6;1;2~3;Not Placed
18~20;Male;B.Sc~BCA;ECE~ME~Civil;5~6;0;2~3;1~4;2~6;62~77;4~6;1;2~3;Not Placed
18~20;Male;B.Sc~BCA;ECE~ME~Civil;5~6;0;2~3;1~4;2~6;62~77;4~6;1;2~3;Not Placed
18~20;Male;B.Sc~BCA;ECE~ME~Civil;5~6;0;2~3;1~4;2~6;62~77;4~6;1;2~3;Not Placed
21;Male;B.Sc~BCA;ECE~ME~Civil;5~6;0;2~3;2~4;4~6;62~72;5~6;1;2~3;Not Placed
21;Male;B.Sc~BCA;ECE~ME~Civil;5~6;0;2~3;2~4;4~6;62~72;5~6;1;2~3;Not Placed
21;Male;B.Sc~BCA;ECE~ME~Civil;5~6;0;2~3;2~4;4~6;62~72;5~6;1;2~3;Not Placed
21;Male;B.Sc~BCA;ECE~ME~Civil;5~6;0;2~3;2~4;4~6;62~72;5~6;1;2~3;Not Placed
21;Male;B.Sc~BCA;ECE~ME~Civil;5~6;0;2~3;2~4;4~6;62~72;5~6;1;2~3;Not Placed
18~19;Male;B.Tech~B.Sc;ECE~ME~Civil;5~6;0;2~3;2~4;4~5;61~75;7;1;0~1;Not Placed
18~19;Male;B.Tech~B.Sc;ECE~ME~Civil;5~6;0;2~3;2~4;4~5;61~75;7;1;0~1;Not Placed
18~19;Male;B.Tech~B.Sc;ECE~ME~Civil;5~6;0;2~3;2~4;4~5;61~75;7;1;0~1;Not Placed
18~19;Male;B.Tech~B.Sc;ECE~ME~Civil;5~6;0;2~3;2~4;4~5;61~75;7;1;0~1;Not Placed
18~19;Male;B.Tech~B.Sc;ECE~ME~Civil;5~6;0;2~3;2~4;4~5;61~75;7;1;0~1;Not Placed
18~19;Male;B.Tech~B.Sc;ECE~ME~Civil;5~6;0;2~3;2~4;4~5;61~75;7;1;0~1;Not Placed
20~21;Male;B.Tech~B.Sc;ECE~ME~Civil;6~6;0;3;3~4;5~6;61~75;7~8;1;0~1;Not Placed
20~21;Male;B.Tech~B.Sc;ECE~ME~Civil;6~6;0;3;3~4;5~6;61~75;7~8;1;0~1;Not Placed
20~21;Male;B.Tech~B.Sc;ECE~ME~Civil;6~6;0;3;3~4;5~6;61~75;7~8;1;0~1;Not Placed
20~21;Male;B.Tech~B.Sc;ECE~ME~Civil;6~6;0;3;3~4;5~6;61~75;7~8;1;0~1;Not Placed
20~21;Male;B.Tech~B.Sc;ECE~ME~Civil;6~6;0;3;3~4;5~6;61~75;7~8;1;0~1;Not Placed
19~21;Male;BCA;ECE~ME~Civil;6~7;0;2~3;1~4;4~6;62~76;7~8;1;1;Not Placed
19~21;Male;BCA;ECE~ME~Civil;6~7;0;2~3;1~4;4~6;62~76;7~8;1;1;Not Placed
19~21;Male;BCA;ECE~ME~Civil;6~7;0;2~3;1~4;4~6;62~76;7~8;1;1;Not Placed
19~21;Male;BCA;ECE~ME~Civil;6~7;0;2~3;1~4;4~6;62~76;7~8;1;1;Not Placed
19~21;Male;BCA;ECE~ME~Civil;6~7;0;2~3;1~4;4~6;62~76;7~8;1;1;Not Placed
19~21;Male;BCA;ECE~ME~Civil;6~7;0;2~3;1~4;4~6;62~76;7~8;1;1;Not Placed
18~21;Male;B.Tech~B.Sc~BCA;ECE~ME~Civil;5~6;0;2~3;2~4;4~6;62~75;7~8;1;2~3;Not Placed
18~21;Male;B.Tech~B.Sc~BCA;ECE~ME~Civil;5~6;0;2~3;2~4;4~6;62~75;7~8;1;2~3;Not Placed
18~21;Male;B.Tech~B.Sc~BCA;ECE~ME~Civil;5~6;0;2~3;2~4;4~6;62~75;7~8;1;2~3;Not Placed
18~21;Male;B.Tech~B.Sc~BCA;ECE~ME~Civil;5~6;0;2~3;2~4;4~6;62~75;7~8;1;2~3;Not Placed
18~21;Male;B.Tech~B.Sc~BCA;ECE~ME~Civil;5~6;0;2~3;2~4;4~6;62~75;7~8;1;2~3;Not Placed
18~21;Male;B.Tech~B.Sc~BCA;ECE~ME~Civil;5~6;0;2~3;2~4;4~6;62~75;7~8;1;2~3;Not Placed
18~21;Male;B.Tech~B.Sc~BCA;ECE~ME~Civil;5~6;0;2~3;2~4;4~6;62~75;7~8;1;2~3;Not Placed
18~21;Male;B.Tech~B.Sc~BCA;ECE~ME~Civil;5~6;0;2~3;2~4;4~6;62~75;7~8;1;2~3;Not Placed
18~21;Male;B.Tech;ECE~ME~Civil;5~6;0;2~3;1~4;7~8;41~59;3~6;0~1;0~1;Not Placed
18~21;Male;B.Tech;ECE~ME~Civil;5~6;0;2~3;1~4;7~8;41~59;3~6;0~1;0~1;Not Placed
18~21;Male;B.Tech;ECE~ME~Civil;5~6;0;2~3;1~4;7~8;41~59;3~6;0~1;0~1;Not Placed
18~21;Male;B.Tech;ECE~ME~Civil;5~6;0;2~3;1~4;7~8;41~59;3~6;0~1;0~1;Not Placed
18~21;Male;B.Tech;ECE~ME~Civil;5~6;0;2~3;1~4;7~8;41~59;3~6;0~1;0~1;Not Placed
18~21;Male;B.Tech;ECE~ME~Civil;5~6;0;2~3;1~4;7~8;41~59;3~6;0~1;0~1;Not Placed
18~21;Male;B.Tech;ECE~ME~Civil;5~6;0;2~3;1~4;7~8;41~59;3~6;0~1;0~1;Not Placed
18~21;Male;B.Tech;ECE~ME~Civil;5~6;0;2~3;1~4;7~8;41~59;3~6;0~1;0~1;Not Placed
18~21;Male;B.Sc~BCA;ECE~ME~Civil;4~6;0;2~3;3~4;7~8;44~60;4~6;1;0~1;Not Placed
18~21;Male;B.Sc~BCA;ECE~ME~Civil;4~6;0;2~3;3~4;7~8;44~60;4~6;1;0~1;Not Placed
18~21;Male;B.Sc~BCA;ECE~ME~Civil;4~6;0;2~3;3~4;7~8;44~60;4~6;1;0~1;Not Placed
18~21;Male;B.Sc~BCA;ECE~ME~Civil;4~6;0;2~3;3~4;7~8;44~60;4~6;1;0~1;Not Placed
18~21;Male;B.Sc~BCA;ECE~ME~Civil;4~6;0;2~3;3~4;7~8;44~60;4~6;1;0~1;Not Placed
18~21;Male;B.Sc~BCA;ECE~ME~Civil;4~6;0;2~3;3~4;7~8;44~60;4~6;1;0~1;Not Placed
18~21;Male;B.Tech~B.Sc;ECE~ME~Civil;5~6;0;2~3;2~4;7~8;43~60;3~6;1;2~3;Not Placed
18~21;Male;B.Tech~B.Sc;ECE~ME~Civil;5~6;0;2~3;2~4;7~8;43~60;3~6;1;2~3;Not Placed
18~21;Male;B.Tech~B.Sc;ECE~ME~Civil;5~6;0;2~3;2~4;7~8;43~60;3~6;1;2~3;Not Placed
18~21;Male;B.Tech~B.Sc;ECE~ME~Civil;5~6;0;2~3;2~4;7~8;43~60;3~6;1;2~3;Not Placed
18~21;Male;B.Tech~B.Sc;ECE~ME~Civil;5~6;0;2~3;2~4;7~8;43~60;3~6;1;2~3;Not Placed
18~21;Male;B.Tech~B.Sc;ECE~ME~Civil;5~6;0;2~3;2~4;7~8;43~60;3~6;1;2~3;Not Placed
18~21;Male;B.Tech~B.Sc;ECE~ME~Civil;5~6;0;2~3;2~4;7~8;43~60;3~6;1;2~3;Not Placed
18~21;Male;BCA;ECE~ME~Civil;4~6;0;1~3;1~4;7~9;35~55;4~6;0~1;2~3;Not Placed
18~21;Male;BCA;ECE~ME~Civil;4~6;0;1~3;1~4;7~9;35~55;4~6;0~1;2~3;Not Placed
18~21;Male;BCA;ECE~ME~Civil;4~6;0;1~3;1~4;7~9;35~55;4~6;0~1;2~3;Not Placed
18~21;Male;BCA;ECE~ME~Civil;4~6;0;1~3;1~4;7~9;35~55;4~6;0~1;2~3;Not Placed
18~21;Male;BCA;ECE~ME~Civil;4~6;0;1~3;1~4;7~9;35~55;4~6;0~1;2~3;Not Placed
18~21;Male;BCA;ECE~ME~Civil;4~6;0;1~3;1~4;7~9;35~55;4~6;0~1;2~3;Not Placed
18~21;Male;BCA;ECE~ME~Civil;4~6;0;1~3;1~4;7~9;35~55;4~6;0~1;2~3;Not Placed
18~21;Male;BCA;ECE~ME~Civil;4~6;0;1~3;1~4;7~9;35~55;4~6;0~1;2~3;Not Placed
18~21;Male;B.Tech~B.Sc~BCA;ECE~ME~Civil;4~6;0;2~3;2~3;7;54~59;7~8;1;0~1;Not Placed
18~21;Male;B.Tech~B.Sc~BCA;ECE~ME~Civil;4~6;0;2~3;2~3;7;54~59;7~8;1;0~1;Not Placed
18~21;Male;B.Tech~B.Sc~BCA;ECE~ME~Civil;4~6;0;2~3;2~3;7;54~59;7~8;1;0~1;Not Placed
18~21;Male;B.Tech~B.Sc~BCA;ECE~ME~Civil;4~6;0;2~3;2~3;7;54~59;7~8;1;0~1;Not Placed
18~21;Male;B.Tech~B.Sc~BCA;ECE~ME~Civil;4~6;0;2~3;2~3;7;54~59;7~8;1;0~1;Not Placed
18~21;Male;B.Tech~B.Sc~BCA;ECE~ME~Civil;4~6;0;2~3;2~3;7;54~59;7~8;1;0~1;Not Placed
18~20;Male;B.Tech~B.Sc~BCA;ECE~ME;5~5;0;2~3;2~4;7~9;45~57;7~8;1;3;Not Placed
18~20;Male;B.Tech~B.Sc~BCA;ECE~ME;5~5;0;2~3;2~4;7~9;45~57;7~8;1;3;Not Placed
18~20;Male;B.Tech~B.Sc~BCA;ECE~ME;5~5;0;2~3;2~4;7~9;45~57;7~8;1;3;Not Placed
18~20;Male;B.Tech~B.Sc~BCA;ECE~ME;5~5;0;2~3;2~4;7~9;45~57;7~8;1;3;Not Placed
18~20;Male;B.Tech~B.Sc~BCA;ECE~ME;5~5;0;2~3;2~4;7~9;45~57;7~8;1;3;Not Placed
18~21;Male;B.Tech~B.Sc;ECE~ME~Civil;5~6;0;2~3;2~4;7~9;63~79;4~5;1;0~1;Not Placed
18~21;Male;B.Tech~B.Sc;ECE~ME~Civil;5~6;0;2~3;2~4;7~9;63~79;4~5;1;0~1;Not Placed
18~21;Male;B.Tech~B.Sc;ECE~ME~Civil;5~6;0;2~3;2~4;7~9;63~79;4~5;1;0~1;Not Placed
18~21;Male;B.Tech~B.Sc;ECE~ME~Civil;5~6;0;2~3;2~4;7~9;63~79;4~5;1;0~1;Not Placed
18~21;Male;B.Tech~B.Sc;ECE~ME~Civil;5~6;0;2~3;2~4;7~9;63~79;4~5;1;0~1;Not Placed
18~21;Male;B.Tech~B.Sc;ECE~ME~Civil;5~6;0;2~3;2~4;7~9;63~79;4~5;1;0~1;Not Placed
18~21;Male;B.Tech~B.Sc;ECE~ME~Civil;5~6;0;2~3;2~4;7~9;63~79;4~5;1;0~1;Not Placed
18~21;Male;BCA;ECE~ME~Civil;6~6;0;2~3;2~4;7~10;63~81;4~5;1~2;0~1;Not Placed
18~21;Male;BCA;ECE~ME~Civil;6~6;0;2~3;2~4;7~10;63~81;4~5;1~2;0~1;Not Placed
18~21;Male;BCA;ECE~ME~Civil;6~6;0;2~3;2~4;7~10;63~81;4~5;1~2;0~1;Not Placed
18~21;Male;BCA;ECE~ME~Civil;6~6;0;2~3;2~4;7~10;63~81;4~5;1~2;0~1;Not Placed
18~21;Male;BCA;ECE~ME~Civil;6~6;0;2~3;2~4;7~10;63~81;4~5;1~2;0~1;Not Placed
18~21;Male;BCA;ECE~ME~Civil;6~6;0;2~3;2~4;7~10;63~81;4~5;1~2;0~1;Not Placed
19~20;Male;B.Tech~B.Sc~BCA;ECE~ME~Civil;5~7;0;2~3;1~4;7~10;64~76;4~5;1;2~3;Not Placed
19~20;Male;B.Tech~B.Sc~BCA;ECE~ME~Civil;5~7;0;2~3;1~4;7~10;64~76;4~5;1;2~3;Not Placed
19~20;Male;B.Tech~B.Sc~BCA;ECE~ME~Civil;5~7;0;2~3;1~4;7~10;64~76;4~5;1;2~3;Not Placed
19~20;Male;B.Tech~B.Sc~BCA;ECE~ME~Civil;5~7;0;2~3;1~4;7~10;64~76;4~5;1;2~3;Not Placed
19~20;Male;B.Tech~B.Sc~BCA;ECE~ME~Civil;5~7;0;2~3;1~4;7~10;64~76;4~5;1;2~3;Not Placed
19~20;Male;B.Tech~B.Sc~BCA;ECE~ME~Civil;5~7;0;2~3;1~4;7~10;64~76;4~5;1;2~3;Not Placed
18~20;Male;B.Tech~B.Sc~BCA;Civil;6~6;0;2~3;2~4;7~8;62~72;6~7;1;0~1;Not Placed
18~20;Male;B.Tech~B.Sc~BCA;Civil;6~6;0;2~3;2~4;7~8;62~72;6~7;1;0~1;Not Placed
18~20;Male;B.Tech~B.Sc~BCA;Civil;6~6;0;2~3;2~4;7~8;62~72;6~7;1;0~1;Not Placed
18~20;Male;B.Tech~B.Sc~BCA;Civil;6~6;0;2~3;2~4;7~8;62~72;6~7;1;0~1;Not Placed
18~20;Male;B.Tech~B.Sc~BCA;Civil;6~6;0;2~3;2~4;7~8;62~72;6~7;1;0~1;Not Placed
19~21;Male;B.Tech~B.Sc~BCA;ECE~ME~Civil;6~7;0;2~3;1~4;7~9;64~78;6~7;1;0~1;Not Placed
19~21;Male;B.Tech~B.Sc~BCA;ECE~ME~Civil;6~7;0;2~3;1~4;7~9;64~78;6~7;1;0~1;Not Placed
19~21;Male;B.Tech~B.Sc~BCA;ECE~ME~Civil;6~7;0;2~3;1~4;7~9;64~78;6~7;1;0~1;Not Placed
19~21;Male;B.Tech~B.Sc~BCA;ECE~ME~Civil;6~7;0;2~3;1~4;7~9;64~78;6~7;1;0~1;Not Placed
19~21;Male;B.Tech~B.Sc~BCA;ECE~ME~Civil;6~7;0;2~3;1~4;7~9;64~78;6~7;1;0~1;Not Placed
18~21;Male;B.Tech~B.Sc~BCA;ECE~ME~Civil;5~6;0;2~3;1~3;7~9;61~81;6~7;1;2~3;Not Placed
18~21;Male;B.Tech~B.Sc~BCA;ECE~ME~Civil;5~6;0;2~3;1~3;7~9;61~81;6~7;1;2~3;Not Placed
18~21;Male;B.Tech~B.Sc~BCA;ECE~ME~Civil;5~6;0;2~3;1~3;7~9;61~81;6~7;1;2~3;Not Placed
18~21;Male;B.Tech~B.Sc~BCA;ECE~ME~Civil;5~6;0;2~3;1~3;7~9;61~81;6~7;1;2~3;Not Placed
18~21;Male;B.Tech~B.Sc~BCA;ECE~ME~Civil;5~6;0;2~3;1~3;7~9;61~81;6~7;1;2~3;Not Placed
18~21;Male;B.Tech~B.Sc~BCA;ME~Civil;6~6;0;3;3~4;7~8;61~71;6~8;1;2~3;Not Placed
18~21;Male;B.Tech~B.Sc~BCA;ME~Civil;6~6;0;3;3~4;7~8;61~71;6~8;1;2~3;Not Placed
18~21;Male;B.Tech~B.Sc~BCA;ME~Civil;6~6;0;3;3~4;7~8;61~71;6~8;1;2~3;Not Placed
18~21;Male;B.Tech~B.Sc~BCA;ME~Civil;6~6;0;3;3~4;7~8;61~71;6~8;1;2~3;Not Placed
18~21;Male;B.Tech~B.Sc~BCA;ME~Civil;6~6;0;3;3~4;7~8;61~71;6~8;1;2~3;Not Placed
18~19;Male;B.Tech~B.Sc~BCA;ECE~ME;5~6;0;3;5;4~6;40~56;4~5;1;0~2;Not Placed
18~19;Male;B.Tech~B.Sc~BCA;ECE~ME;5~6;0;3;5;4~6;40~56;4~5;1;0~2;Not Placed
18~19;Male;B.Tech~B.Sc~BCA;ECE~ME;5~6;0;3;5;4~6;40~56;4~5;1;0~2;Not Placed
18~19;Male;B.Tech~B.Sc~BCA;ECE~ME;5~6;0;3;5;4~6;40~56;4~5;1;0~2;Placed
18~19;Male;B.Tech~B.Sc~BCA;ECE~ME;5~6;0;3;5;4~6;40~56;4~5;1;0~2;Not Placed
20~21;Male;B.Sc~BCA;ECE~ME~Civil;5~6;0;3;5;3~6;39~59;3~5;1;1~3;Not Placed
20~21;Male;B.Sc~BCA;ECE~ME~Civil;5~6;0;3;5;3~6;39~59;3~5;1;1~3;Not Placed
20~21;Male;B.Sc~BCA;ECE~ME~Civil;5~6;0;3;5;3~6;39~59;3~5;1;1~3;Not Placed
20~21;Male;B.Sc~BCA;ECE~ME~Civil;5~6;0;3;5;3~6;39~59;3~5;1;1~3;Not Placed
20~21;Male;B.Sc~BCA;ECE~ME~Civil;5~6;0;3;5;3~6;39~59;3~5;1;1~3;Not Placed
18~21;Male;B.Tech~B.Sc~BCA;ECE~ME~Civil;5~6;0;3;5~6;3~6;46~64;4~5;2;0~3;Not Placed
18~21;Male;B.Tech~B.Sc~BCA;ECE~ME~Civil;5~6;0;3;5~6;3~6;46~64;4~5;2;0~3;Not Placed
18~21;Male;B.Tech~B.Sc~BCA;ECE~ME~Civil;5~6;0;3;5~6;3~6;46~64;4~5;2;0~3;Not Placed
18~21;Male;B.Tech~B.Sc~BCA;ECE~ME~Civil;5~6;0;3;5~6;3~6;46~64;4~5;2;0~3;Not Placed
18~21;Male;B.Tech~B.Sc~BCA;ECE~ME~Civil;5~6;0;3;5~6;3~6;46~64;4~5;2;0~3;Not Placed
18~21;Male;B.Tech~B.Sc~BCA;ECE~ME~Civil;5~6;0;3;5~6;3~6;46~64;4~5;2;0~3;Not Placed
18~21;Male;B.Tech~B.Sc~BCA;ECE~ME~Civil;5~6;0;3;5~6;3~6;46~64;4~5;2;0~3;Not Placed
18~21;Male;B.Tech~B.Sc~BCA;ECE~ME~Civil;5~6;0;3;5~6;3~6;46~64;4~5;2;0~3;Placed
18~19;Male;B.Tech~B.Sc~BCA;ECE~ME~Civil;5~6;0;3;5~6;2~6;49~64;6~7;1~2;1;Not Placed
18~19;Male;B.Tech~B.Sc~BCA;ECE~ME~Civil;5~6;0;3;5~6;2~6;49~64;6~7;1~2;1;Not Placed
18~19;Male;B.Tech~B.Sc~BCA;ECE~ME~Civil;5~6;0;3;5~6;2~6;49~64;6~7;1~2;1;Not Placed
18~19;Male;B.Tech~B.Sc~BCA;ECE~ME~Civil;5~6;0;3;5~6;2~6;49~64;6~7;1~2;1;Not Placed
18~19;Male;B.Tech~B.Sc~BCA;ECE~ME~Civil;5~6;0;3;5~6;2~6;49~64;6~7;1~2;1;Not Placed
19~21;Male;B.Tech~B.Sc~BCA;ECE~ME;4~6;0;3;5~6;4~6;50~64;6~7;1~2;2~3;Not Placed
19~21;Male;B.Tech~B.Sc~BCA;ECE~ME;4~6;0;3;5~6;4~6;50~64;6~7;1~2;2~3;Not Placed
19~21;Male;B.Tech~B.Sc~BCA;ECE~ME;4~6;0;3;5~6;4~6;50~64;6~7;1~2;2~3;Not Placed
19~21;Male;B.Tech~B.Sc~BCA;ECE~ME;4~6;0;3;5~6;4~6;50~64;6~7;1~2;2~3;Not Placed
19~21;Male;B.Tech~B.Sc~BCA;ECE~ME;4~6;0;3;5~6;4~6;50~64;6~7;1~2;2~3;Not Placed
18~21;Male;B.Tech~B.Sc;ECE~ME~Civil;5~6;0;3;5~6;5~6;69~88;3~5;2;0~3;Not Placed
18~21;Male;B.Tech~B.Sc;ECE~ME~Civil;5~6;0;3;5~6;5~6;69~88;3~5;2;0~3;Placed
18~21;Male;B.Tech~B.Sc;ECE~ME~Civil;5~6;0;3;5~6;5~6;69~88;3~5;2;0~3;Placed
18~21;Male;B.Tech~B.Sc;ECE~ME~Civil;5~6;0;3;5~6;5~6;69~88;3~5;2;0~3;Placed
18~21;Male;B.Tech~B.Sc;ECE~ME~Civil;5~6;0;3;5~6;5~6;69~88;3~5;2;0~3;Not Placed
19~21;Male;B.Tech~B.Sc~BCA;ECE~ME~Civil;6~6;0;3;5;2~6;69~82;4~5;2;0;Not Placed
19~21;Male;B.Tech~B.Sc~BCA;ECE~ME~Civil;6~6;0;3;5;2~6;69~82;4~5;2;0;Placed
19~21;Male;B.Tech~B.Sc~BCA;ECE~ME~Civil;6~6;0;3;5;2~6;69~82;4~5;2;0;Placed
19~21;Male;B.Tech~B.Sc~BCA;ECE~ME~Civil;6~6;0;3;5;2~6;69~82;4~5;2;0;Placed
19~21;Male;B.Tech~B.Sc~BCA;ECE~ME~Civil;6~6;0;3;5;2~6;69~82;4~5;2;0;Placed
18~20;Male;B.Tech~B.Sc;ECE~ME;5~6;0;3;5~6;3~6;65~74;6~7;2;0~2;Placed
18~20;Male;B.Tech~B.Sc;ECE~ME;5~6;0;3;5~6;3~6;65~74;6~7;2;0~2;Not Placed
18~20;Male;B.Tech~B.Sc;ECE~ME;5~6;0;3;5~6;3~6;65~74;6~7;2;0~2;Not Placed
18~20;Male;B.Tech~B.Sc;ECE~ME;5~6;0;3;5~6;3~6;65~74;6~7;2;0~2;Not Placed
18~20;Male;B.Tech~B.Sc;ECE~ME;5~6;0;3;5~6;3~6;65~74;6~7;2;0~2;Not Placed
21;Male;B.Tech~B.Sc~BCA;Civil;5~6;0;3;5;3~6;66~74;6~7;2;0~3;Not Placed
21;Male;B.Tech~B.Sc~BCA;Civil;5~6;0;3;5;3~6;66~74;6~7;2;0~3;Not Placed
21;Male;B.Tech~B.Sc~BCA;Civil;5~6;0;3;5;3~6;66~74;6~7;2;0~3;Placed
21;Male;B.Tech~B.Sc~BCA;Civil;5~6;0;3;5;3~6;66~74;6~7;2;0~3;Placed
21;Male;B.Tech~B.Sc~BCA;Civil;5~6;0;3;5;3~6;66~74;6~7;2;0~3;Not Placed
18~21;Male;B.Tech~B.Sc~BCA;ECE~ME~Civil;5~6;0;3;5~6;7~9;47~74;3~8;1~2;0~2;Not Placed
18~21;Male;B.Tech~B.Sc~BCA;ECE~ME~Civil;5~6;0;3;5~6;7~9;47~74;3~8;1~2;0~2;Not Placed
18~21;Male;B.Tech~B.Sc~BCA;ECE~ME~Civil;5~6;0;3;5~6;7~9;47~74;3~8;1~2;0~2;Not Placed
18~21;Male;B.Tech~B.Sc~BCA;ECE~ME~Civil;5~6;0;3;5~6;7~9;47~74;3~8;1~2;0~2;Not Placed
18~21;Male;B.Tech~B.Sc~BCA;ECE~ME~Civil;5~6;0;3;5~6;7~9;47~74;3~8;1~2;0~2;Not Placed
18~21;Male;B.Tech~B.Sc~BCA;ECE~ME~Civil;5~6;0;3;5~6;7~9;47~74;3~8;1~2;0~2;Not Placed
18~21;Male;B.Tech~B.Sc~BCA;ECE~ME~Civil;5~6;0;3;5~6;7~9;47~74;3~8;1~2;0~2;Not Placed
18~21;Male;B.Tech~B.Sc~BCA;ECE~ME~Civil;5~6;0;3;5~6;7~9;47~74;3~8;1~2;0~2;Placed
18~21;Male;B.Tech~B.Sc~BCA;ECE~ME~Civil;5~6;0;3;5~6;7~9;47~74;3~8;1~2;0~2;Placed
18~20;Male;B.Tech~B.Sc~BCA;ECE~ME~Civil;5~6;0;3;5~6;7~8;79~88;3~6;2;0~1;Not Placed
18~20;Male;B.Tech~B.Sc~BCA;ECE~ME~Civil;5~6;0;3;5~6;7~8;79~88;3~6;2;0~1;Not Placed
18~20;Male;B.Tech~B.Sc~BCA;ECE~ME~Civil;5~6;0;3;5~6;7~8;79~88;3~6;2;0~1;Not Placed
18~20;Male;B.Tech~B.Sc~BCA;ECE~ME~Civil;5~6;0;3;5~6;7~8;79~88;3~6;2;0~1;Placed
18~20;Male;B.Tech~B.Sc~BCA;ECE~ME~Civil;5~6;0;3;5~6;7~8;79~88;3~6;2;0~1;Placed
18~20;Male;B.Tech~B.Sc~BCA;ECE~ME~Civil;5~6;0;3;5~6;7~8;79~88;3~6;2;0~1;Placed
18~20;Male;B.Tech~B.Sc~BCA;ECE~ME~Civil;5~6;0;3;5~6;7~8;79~88;3~6;2;0~1;Not Placed
18~19;Male;B.Tech~B.Sc;ME~Civil;6~6;0;4;6;2~5;42~60;3~6;2;1~3;Not Placed
18~19;Male;B.Tech~B.Sc;ME~Civil;6~6;0;4;6;2~5;42~60;3~6;2;1~3;Not Placed
18~19;Male;B.Tech~B.Sc;ME~Civil;6~6;0;4;6;2~5;42~60;3~6;2;1~3;Not Placed
18~19;Male;B.Tech~B.Sc;ME~Civil;6~6;0;4;6;2~5;42~60;3~6;2;1~3;Not Placed
18~19;Male;B.Tech~B.Sc;ME~Civil;6~6;0;4;6;2~5;42~60;3~6;2;1~3;Not Placed
20~21;Male;B.Tech~B.Sc~BCA;ECE~ME~Civil;6~6;0;4;6;4~5;49~59;3~7;2;0~2;Not Placed
20~21;Male;B.Tech~B.Sc~BCA;ECE~ME~Civil;6~6;0;4;6;4~5;49~59;3~7;2;0~2;Placed
20~21;Male;B.Tech~B.Sc~BCA;ECE~ME~Civil;6~6;0;4;6;4~5;49~59;3~7;2;0~2;Not Placed
20~21;Male;B.Tech~B.Sc~BCA;ECE~ME~Civil;6~6;0;4;6;4~5;49~59;3~7;2;0~2;Not Placed
20~21;Male;B.Tech~B.Sc~BCA;ECE~ME~Civil;6~6;0;4;6;4~5;49~59;3~7;2;0~2;Placed
19~21;Male;B.Tech~B.Sc~BCA;ECE~ME~Civil;6~6;0;4;6;3~5;61~77;3~5;2;0~2;Not Placed
19~21;Male;B.Tech~B.Sc~BCA;ECE~ME~Civil;6~6;0;4;6;3~5;61~77;3~5;2;0~2;Not Placed
19~21;Male;B.Tech~B.Sc~BCA;ECE~ME~Civil;6~6;0;4;6;3~5;61~77;3~5;2;0~2;Placed
19~21;Male;B.Tech~B.Sc~BCA;ECE~ME~Civil;6~6;0;4;6;3~5;61~77;3~5;2;0~2;Placed
19~21;Male;B.Tech~B.Sc~BCA;ECE~ME~Civil;6~6;0;4;6;3~5;61~77;3~5;2;0~2;Not Placed
19~21;Male;B.Tech~B.Sc~BCA;ECE~ME;6~6;0;4;6;4~5;63~88;6~8;2;0~2;Not Placed
19~21;Male;B.Tech~B.Sc~BCA;ECE~ME;6~6;0;4;6;4~5;63~88;6~8;2;0~2;Placed
19~21;Male;B.Tech~B.Sc~BCA;ECE~ME;6~6;0;4;6;4~5;63~88;6~8;2;0~2;Placed
19~21;Male;B.Tech~B.Sc~BCA;ECE~ME;6~6;0;4;6;4~5;63~88;6~8;2;0~2;Not Placed
19~21;Male;B.Tech~B.Sc~BCA;ECE~ME;6~6;0;4;6;4~5;63~88;6~8;2;0~2;Placed
19~21;Male;B.Sc~BCA;ECE~ME~Civil;6~7;0;4;5~6;6~7;46~62;5~8;1~2;0~3;Placed
19~21;Male;B.Sc~BCA;ECE~ME~Civil;6~7;0;4;5~6;6~7;46~62;5~8;1~2;0~3;Not Placed
19~21;Male;B.Sc~BCA;ECE~ME~Civil;6~7;0;4;5~6;6~7;46~62;5~8;1~2;0~3;Not Placed
19~21;Male;B.Sc~BCA;ECE~ME~Civil;6~7;0;4;5~6;6~7;46~62;5~8;1~2;0~3;Not Placed
19~21;Male;B.Sc~BCA;ECE~ME~Civil;6~7;0;4;5~6;6~7;46~62;5~8;1~2;0~3;Not Placed
19~21;Male;B.Sc~BCA;ECE~ME~Civil;6~7;0;4;5~6;6~7;46~62;5~8;1~2;0~3;Not Placed
19~21;Male;B.Sc~BCA;ECE~ME~Civil;6~7;0;4;5~6;6~7;46~62;5~8;1~2;0~3;Not Placed
19~21;Male;B.Sc~BCA;ECE~ME~Civil;6~7;0;4;5~6;6~7;46~62;5~8;1~2;0~3;Placed
19~21;Male;B.Tech~B.Sc~BCA;ECE~ME~Civil;6~6;0;4;6;6~9;65~78;4~8;2;0~3;Placed
19~21;Male;B.Tech~B.Sc~BCA;ECE~ME~Civil;6~6;0;4;6;6~9;65~78;4~8;2;0~3;Placed
19~21;Male;B.Tech~B.Sc~BCA;ECE~ME~Civil;6~6;0;4;6;6~9;65~78;4~8;2;0~3;Not Placed
19~21;Male;B.Tech~B.Sc~BCA;ECE~ME~Civil;6~6;0;4;6;6~9;65~78;4~8;2;0~3;Placed
19~21;Male;B.Tech~B.Sc~BCA;ECE~ME~Civil;6~6;0;4;6;6~9;65~78;4~8;2;0~3;Not Placed
19~21;Male;B.Tech~B.Sc~BCA;ECE~ME~Civil;6~6;0;4;6;6~9;65~78;4~8;2;0~3;Placed
19~21;Male;B.Tech~B.Sc~BCA;ECE~ME~Civil;6~6;0;4;6;6~9;65~78;4~8;2;0~3;Not Placed
18~21;Male;B.Tech~B.Sc~BCA;ECE~ME~Civil;5~6;0;4;7~8;1~5;43~61;4~7;2;0~3;Placed
18~21;Male;B.Tech~B.Sc~BCA;ECE~ME~Civil;5~6;0;4;7~8;1~5;43~61;4~7;2;0~3;Not Placed
18~21;Male;B.Tech~B.Sc~BCA;ECE~ME~Civil;5~6;0;4;7~8;1~5;43~61;4~7;2;0~3;Not Placed
18~21;Male;B.Tech~B.Sc~BCA;ECE~ME~Civil;5~6;0;4;7~8;1~5;43~61;4~7;2;0~3;Not Placed
18~21;Male;B.Tech~B.Sc~BCA;ECE~ME~Civil;5~6;0;4;7~8;1~5;43~61;4~7;2;0~3;Not Placed
18~21;Male;B.Tech~B.Sc~BCA;ECE~ME~Civil;5~6;0;4;7~8;1~5;43~61;4~7;2;0~3;Not Placed
18~21;Male;B.Tech~B.Sc~BCA;ECE~ME~Civil;5~6;0;4;7~8;1~5;43~61;4~7;2;0~3;Not Placed
18~21;Male;B.Tech~B.Sc~BCA;ECE~ME~Civil;5~6;0;4;7~8;1~5;43~61;4~7;2;0~3;Not Placed
18~21;Male;B.Tech~B.Sc~BCA;ECE~ME~Civil;5~6;0;4;7~8;5;62~84;4~7;2~3;0~3;Placed
18~21;Male;B.Tech~B.Sc~BCA;ECE~ME~Civil;5~6;0;4;7~8;5;62~84;4~7;2~3;0~3;Not Placed
18~21;Male;B.Tech~B.Sc~BCA;ECE~ME~Civil;5~6;0;4;7~8;5;62~84;4~7;2~3;0~3;Placed
18~21;Male;B.Tech~B.Sc~BCA;ECE~ME~Civil;5~6;0;4;7~8;5;62~84;4~7;2~3;0~3;Not Placed
18~21;Male;B.Tech~B.Sc~BCA;ECE~ME~Civil;5~6;0;4;7~8;5;62~84;4~7;2~3;0~3;Placed
18~21;Male;B.Tech~B.Sc~BCA;ECE~ME~Civil;5~6;0;4;7~8;5;62~84;4~7;2~3;0~3;Placed
18~21;Male;B.Tech~B.Sc~BCA;ECE~ME~Civil;5~6;0;4;7~8;5;62~84;4~7;2~3;0~3;Not Placed
18~21;Male;B.Tech~B.Sc~BCA;ECE~ME~Civil;5~6;0;4;7~8;5;62~84;4~7;2~3;0~3;Not Placed
18~21;Male;B.Tech~B.Sc~BCA;ECE~ME;6~6;0;4~5;7~9;6~9;46~64;4~7;2~3;0~3;Placed
18~21;Male;B.Tech~B.Sc~BCA;ECE~ME;6~6;0;4~5;7~9;6~9;46~64;4~7;2~3;0~3;Not Placed
18~21;Male;B.Tech~B.Sc~BCA;ECE~ME;6~6;0;4~5;7~9;6~9;46~64;4~7;2~3;0~3;Placed
18~21;Male;B.Tech~B.Sc~BCA;ECE~ME;6~6;0;4~5;7~9;6~9;46~64;4~7;2~3;0~3;Not Placed
18~21;Male;B.Tech~B.Sc~BCA;ECE~ME;6~6;0;4~5;7~9;6~9;46~64;4~7;2~3;0~3;Placed
18~21;Male;B.Tech~B.Sc~BCA;ECE~ME;6~6;0;4~5;7~9;6~9;46~64;4~7;2~3;0~3;Not Placed
18~21;Male;B.Tech~B.Sc~BCA;ECE~ME;6~6;0;4~5;7~9;6~9;46~64;4~7;2~3;0~3;Not Placed
18~21;Male;B.Tech~B.Sc~BCA;ECE~ME~Civil;6~6;0;4;7~8;6~8;66~86;5~6;2;0~1;Placed
18~21;Male;B.Tech~B.Sc~BCA;ECE~ME~Civil;6~6;0;4;7~8;6~8;66~86;5~6;2;0~1;Placed
18~21;Male;B.Tech~B.Sc~BCA;ECE~ME~Civil;6~6;0;4;7~8;6~8;66~86;5~6;2;0~1;Not Placed
18~21;Male;B.Tech~B.Sc~BCA;ECE~ME~Civil;6~6;0;4;7~8;6~8;66~86;5~6;2;0~1;Placed
18~21;Male;B.Tech~B.Sc~BCA;ECE~ME~Civil;6~6;0;4;7~8;6~8;66~86;5~6;2;0~1;Placed
18~21;Male;B.Tech~B.Sc~BCA;ECE~ME~Civil;6~6;0;4;7~8;6~8;66~86;5~6;2;0~1;Placed
18~21;Male;B.Tech~B.Sc~BCA;ECE~ME~Civil;6~6;0;4;7~8;6~8;66~86;5~6;2;0~1;Placed
18~21;Male;B.Tech~B.Sc~BCA;ECE~ME~Civil;6~6;0;4;7~8;6~8;66~86;5~6;2;0~1;Not Placed
18~20;Male;B.Sc~BCA;ECE~ME~Civil;4~6;1;1~3;1~5;3~6;52~63;4~6;0~1;0~1;Not Placed
18~20;Male;B.Sc~BCA;ECE~ME~Civil;4~6;1;1~3;1~5;3~6;52~63;4~6;0~1;0~1;Placed
18~20;Male;B.Sc~BCA;ECE~ME~Civil;4~6;1;1~3;1~5;3~6;52~63;4~6;0~1;0~1;Not Placed
18~20;Male;B.Sc~BCA;ECE~ME~Civil;4~6;1;1~3;1~5;3~6;52~63;4~6;0~1;0~1;Not Placed
18~20;Male;B.Sc~BCA;ECE~ME~Civil;4~6;1;1~3;1~5;3~6;52~63;4~6;0~1;0~1;Not Placed
18~20;Male;B.Sc~BCA;ECE~ME~Civil;4~6;1;1~3;1~5;3~6;52~63;4~6;0~1;0~1;Not Placed
18~20;Male;B.Sc~BCA;ECE~ME~Civil;4~6;1;1~3;1~5;3~6;52~63;4~6;0~1;0~1;Not Placed
21;Male;B.Tech~B.Sc~BCA;ECE~ME~Civil;5~6;1~2;2~3;2~5;4~6;51~63;4~6;1;0~1;Not Placed
21;Male;B.Tech~B.Sc~BCA;ECE~ME~Civil;5~6;1~2;2~3;2~5;4~6;51~63;4~6;1;0~1;Not Placed
21;Male;B.Tech~B.Sc~BCA;ECE~ME~Civil;5~6;1~2;2~3;2~5;4~6;51~63;4~6;1;0~1;Not Placed
21;Male;B.Tech~B.Sc~BCA;ECE~ME~Civil;5~6;1~2;2~3;2~5;4~6;51~63;4~6;1;0~1;Not Placed
21;Male;B.Tech~B.Sc~BCA;ECE~ME~Civil;5~6;1~2;2~3;2~5;4~6;51~63;4~6;1;0~1;Placed
21;Male;B.Tech~B.Sc~BCA;ECE~ME~Civil;5~6;1~2;2~3;2~5;4~6;51~63;4~6;1;0~1;Not Placed
18~21;Male;B.Tech~B.Sc;ECE~ME~Civil;4~6;1;2~3;2~5;3~6;38~53;5~6;1;2~3;Not Placed
18~21;Male;B.Tech~B.Sc;ECE~ME~Civil;4~6;1;2~3;2~5;3~6;38~53;5~6;1;2~3;Not Placed
18~21;Male;B.Tech~B.Sc;ECE~ME~Civil;4~6;1;2~3;2~5;3~6;38~53;5~6;1;2~3;Not Placed
18~21;Male;B.Tech~B.Sc;ECE~ME~Civil;4~6;1;2~3;2~5;3~6;38~53;5~6;1;2~3;Not Placed
18~21;Male;B.Tech~B.Sc;ECE~ME~Civil;4~6;1;2~3;2~5;3~6;38~53;5~6;1;2~3;Not Placed
18~21;Male;B.Tech~B.Sc;ECE~ME~Civil;4~6;1;2~3;2~5;3~6;38~53;5~6;1;2~3;Not Placed
18~21;Male;B.Tech~B.Sc;ECE~ME~Civil;4~6;1;2~3;2~5;3~6;38~53;5~6;1;2~3;Not Placed
18~21;Male;BCA;ECE~ME~Civil;5~6;1;2~3;2~4;2~6;40~58;4~6;1;2~3;Not Placed
18~21;Male;BCA;ECE~ME~Civil;5~6;1;2~3;2~4;2~6;40~58;4~6;1;2~3;Not Placed
18~21;Male;BCA;ECE~ME~Civil;5~6;1;2~3;2~4;2~6;40~58;4~6;1;2~3;Not Placed
18~21;Male;BCA;ECE~ME~Civil;5~6;1;2~3;2~4;2~6;40~58;4~6;1;2~3;Not Placed
18~21;Male;BCA;ECE~ME~Civil;5~6;1;2~3;2~4;2~6;40~58;4~6;1;2~3;Not Placed
18~21;Male;B.Tech~B.Sc~BCA;ECE~ME;5~6;1;3;5;3~6;60~63;5~6;2;1~3;Not Placed
18~21;Male;B.Tech~B.Sc~BCA;ECE~ME;5~6;1;3;5;3~6;60~63;5~6;2;1~3;Not Placed
18~21;Male;B.Tech~B.Sc~BCA;ECE~ME;5~6;1;3;5;3~6;60~63;5~6;2;1~3;Not Placed
18~21;Male;B.Tech~B.Sc~BCA;ECE~ME;5~6;1;3;5;3~6;60~63;5~6;2;1~3;Not Placed
18~21;Male;B.Tech~B.Sc~BCA;ECE~ME;5~6;1;3;5;3~6;60~63;5~6;2;1~3;Not Placed
18~21;Male;B.Tech~B.Sc~BCA;ECE~ME~Civil;6~6;1~2;2~3;1~5;4~5;58~63;7~8;0~2;0;Placed
18~21;Male;B.Tech~B.Sc~BCA;ECE~ME~Civil;6~6;1~2;2~3;1~5;4~5;58~63;7~8;0~2;0;Not Placed
18~21;Male;B.Tech~B.Sc~BCA;ECE~ME~Civil;6~6;1~2;2~3;1~5;4~5;58~63;7~8;0~2;0;Placed
18~21;Male;B.Tech~B.Sc~BCA;ECE~ME~Civil;6~6;1~2;2~3;1~5;4~5;58~63;7~8;0~2;0;Not Placed
18~21;Male;B.Tech~B.Sc~BCA;ECE~ME~Civil;6~6;1~2;2~3;1~5;4~5;58~63;7~8;0~2;0;Not Placed
18~21;Male;B.Tech~B.Sc~BCA;ECE~ME~Civil;5~6;1~2;2~3;3~5;2~6;52~63;7~8;1~2;1~3;Not Placed
18~21;Male;B.Tech~B.Sc~BCA;ECE~ME~Civil;5~6;1~2;2~3;3~5;2~6;52~63;7~8;1~2;1~3;Not Placed
18~21;Male;B.Tech~B.Sc~BCA;ECE~ME~Civil;5~6;1~2;2~3;3~5;2~6;52~63;7~8;1~2;1~3;Not Placed
18~21;Male;B.Tech~B.Sc~BCA;ECE~ME~Civil;5~6;1~2;2~3;3~5;2~6;52~63;7~8;1~2;1~3;Not Placed
18~21;Male;B.Tech~B.Sc~BCA;ECE~ME~Civil;5~6;1~2;2~3;3~5;2~6;52~63;7~8;1~2;1~3;Not Placed
18~21;Male;B.Tech~B.Sc~BCA;ECE~ME~Civil;5~6;1~2;2~3;3~5;2~6;52~63;7~8;1~2;1~3;Not Placed
18~21;Male;B.Sc~BCA;ECE~ME~Civil;4~6;1;2~3;1~4;3~6;65~76;3~5;1;0~1;Not Placed
18~21;Male;B.Sc~BCA;ECE~ME~Civil;4~6;1;2~3;1~4;3~6;65~76;3~5;1;0~1;Not Placed
18~21;Male;B.Sc~BCA;ECE~ME~Civil;4~6;1;2~3;1~4;3~6;65~76;3~5;1;0~1;Not Placed
18~21;Male;B.Sc~BCA;ECE~ME~Civil;4~6;1;2~3;1~4;3~6;65~76;3~5;1;0~1;Not Placed
18~21;Male;B.Sc~BCA;ECE~ME~Civil;4~6;1;2~3;1~4;3~6;65~76;3~5;1;0~1;Not Placed
18~21;Male;B.Sc~BCA;ECE~ME~Civil;4~6;1;2~3;1~4;3~6;65~76;3~5;1;0~1;Not Placed
18~21;Male;B.Sc~BCA;ECE~ME~Civil;4~6;1;2~3;1~4;3~6;65~76;3~5;1;0~1;Not Placed
18~21;Male;B.Tech~B.Sc~BCA;ME~Civil;5~6;1;2~3;3~4;5~6;65~80;4~5;1;2~3;Not Placed
18~21;Male;B.Tech~B.Sc~BCA;ME~Civil;5~6;1;2~3;3~4;5~6;65~80;4~5;1;2~3;Not Placed
18~21;Male;B.Tech~B.Sc~BCA;ME~Civil;5~6;1;2~3;3~4;5~6;65~80;4~5;1;2~3;Not Placed
18~21;Male;B.Tech~B.Sc~BCA;ME~Civil;5~6;1;2~3;3~4;5~6;65~80;4~5;1;2~3;Not Placed
18~21;Male;B.Tech~B.Sc~BCA;ME~Civil;5~6;1;2~3;3~4;5~6;65~80;4~5;1;2~3;Not Placed
18~21;Male;B.Tech~B.Sc~BCA;ME~Civil;5~6;1;2~3;3~4;5~6;65~80;4~5;1;2~3;Not Placed
18~21;Male;B.Tech~B.Sc~BCA;ME~Civil;5~6;1;2~3;3~4;5~6;65~80;4~5;1;2~3;Not Placed
18~20;Male;B.Tech;ECE~ME~Civil;6~6;1~2;3;5;3~6;67~79;4~5;2;0~3;Not Placed
18~20;Male;B.Tech;ECE~ME~Civil;6~6;1~2;3;5;3~6;67~79;4~5;2;0~3;Not Placed
18~20;Male;B.Tech;ECE~ME~Civil;6~6;1~2;3;5;3~6;67~79;4~5;2;0~3;Placed
18~20;Male;B.Tech;ECE~ME~Civil;6~6;1~2;3;5;3~6;67~79;4~5;2;0~3;Not Placed
18~20;Male;B.Tech;ECE~ME~Civil;6~6;1~2;3;5;3~6;67~79;4~5;2;0~3;Placed
19~20;Male;B.Sc~BCA;ECE~ME~Civil;5~6;1;3;5;3~6;64~80;4~5;2;0~3;Not Placed
19~20;Male;B.Sc~BCA;ECE~ME~Civil;5~6;1;3;5;3~6;64~80;4~5;2;0~3;Placed
19~20;Male;B.Sc~BCA;ECE~ME~Civil;5~6;1;3;5;3~6;64~80;4~5;2;0~3;Not Placed
19~20;Male;B.Sc~BCA;ECE~ME~Civil;5~6;1;3;5;3~6;64~80;4~5;2;0~3;Not Placed
19~20;Male;B.Sc~BCA;ECE~ME~Civil;5~6;1;3;5;3~6;64~80;4~5;2;0~3;Not Placed
18;Male;B.Tech~B.Sc;ECE~ME~Civil;6~6;1~2;3;3~5;4~6;64~80;6~9;1~2;0~1;Placed
18;Male;B.Tech~B.Sc;ECE~ME~Civil;6~6;1~2;3;3~5;4~6;64~80;6~9;1~2;0~1;Placed
18;Male;B.Tech~B.Sc;ECE~ME~Civil;6~6;1~2;3;3~5;4~6;64~80;6~9;1~2;0~1;Not Placed
18;Male;B.Tech~B.Sc;ECE~ME~Civil;6~6;1~2;3;3~5;4~6;64~80;6~9;1~2;0~1;Placed
18;Male;B.Tech~B.Sc;ECE~ME~Civil;6~6;1~2;3;3~5;4~6;64~80;6~9;1~2;0~1;Not Placed
19~21;Male;B.Tech~B.Sc~BCA;ECE~ME~Civil;6~6;1~2;3;5;5~6;69~79;6~8;2;0~1;Placed
19~21;Male;B.Tech~B.Sc~BCA;ECE~ME~Civil;6~6;1~2;3;5;5~6;69~79;6~8;2;0~1;Placed
19~21;Male;B.Tech~B.Sc~BCA;ECE~ME~Civil;6~6;1~2;3;5;5~6;69~79;6~8;2;0~1;Not Placed
19~21;Male;B.Tech~B.Sc~BCA;ECE~ME~Civil;6~6;1~2;3;5;5~6;69~79;6~8;2;0~1;Not Placed
19~21;Male;B.Tech~B.Sc~BCA;ECE~ME~Civil;6~6;1~2;3;5;5~6;69~79;6~8;2;0~1;Placed
18~21;Male;B.Tech~B.Sc~BCA;ECE~ME~Civil;5~6;1~2;2~3;2~5;3~6;65~72;6~7;1~2;2~3;Not Placed
18~21;Male;B.Tech~B.Sc~BCA;ECE~ME~Civil;5~6;1~2;2~3;2~5;3~6;65~72;6~7;1~2;2~3;Not Placed
18~21;Male;B.Tech~B.Sc~BCA;ECE~ME~Civil;5~6;1~2;2~3;2~5;3~6;65~72;6~7;1~2;2~3;Not Placed
18~21;Male;B.Tech~B.Sc~BCA;ECE~ME~Civil;5~6;1~2;2~3;2~5;3~6;65~72;6~7;1~2;2~3;Not Placed
18~21;Male;B.Tech~B.Sc~BCA;ECE~ME~Civil;5~6;1~2;2~3;2~5;3~6;65~72;6~7;1~2;2~3;Not Placed
18~21;Male;B.Tech~B.Sc~BCA;ECE~ME~Civil;5~6;1~2;2~3;2~5;3~6;65~72;6~7;1~2;2~3;Not Placed
18~21;Male;B.Tech~B.Sc~BCA;ECE~ME~Civil;5~6;1~2;2~3;2~5;7~9;41~55;4~6;1;1~3;Not Placed
18~21;Male;B.Tech~B.Sc~BCA;ECE~ME~Civil;5~6;1~2;2~3;2~5;7~9;41~55;4~6;1;1~3;Not Placed
18~21;Male;B.Tech~B.Sc~BCA;ECE~ME~Civil;5~6;1~2;2~3;2~5;7~9;41~55;4~6;1;1~3;Not Placed
18~21;Male;B.Tech~B.Sc~BCA;ECE~ME~Civil;5~6;1~2;2~3;2~5;7~9;41~55;4~6;1;1~3;Not Placed
18~21;Male;B.Tech~B.Sc~BCA;ECE~ME~Civil;5~6;1~2;2~3;2~5;7~9;41~55;4~6;1;1~3;Not Placed
18~21;Male;B.Tech~B.Sc~BCA;ECE~ME~Civil;5~6;1~2;2~3;2~5;7~9;41~55;4~6;1;1~3;Not Placed
18~21;Male;B.Tech~B.Sc~BCA;ECE~ME~Civil;5~6;1~2;2~3;2~5;7~9;41~55;4~6;1;1~3;Not Placed
19~21;Male;B.Tech~B.Sc~BCA;ECE~ME~Civil;5~6;1~2;2~3;1~5;7~9;43~60;7~8;0~1;0~2;Not Placed
19~21;Male;B.Tech~B.Sc~BCA;ECE~ME~Civil;5~6;1~2;2~3;1~5;7~9;43~60;7~8;0~1;0~2;Not Placed
19~21;Male;B.Tech~B.Sc~BCA;ECE~ME~Civil;5~6;1~2;2~3;1~5;7~9;43~60;7~8;0~1;0~2;Not Placed
19~21;Male;B.Tech~B.Sc~BCA;ECE~ME~Civil;5~6;1~2;2~3;1~5;7~9;43~60;7~8;0~1;0~2;Not Placed
19~21;Male;B.Tech~B.Sc~BCA;ECE~ME~Civil;5~6;1~2;2~3;1~5;7~9;43~60;7~8;0~1;0~2;Not Placed
19~21;Male;B.Tech~B.Sc~BCA;ECE~ME~Civil;5~6;1~2;2~3;1~5;7~9;43~60;7~8;0~1;0~2;Not Placed
19~21;Male;B.Tech~B.Sc~BCA;ECE~ME~Civil;5~6;1~2;2~3;1~5;7~9;43~60;7~8;0~1;0~2;Not Placed
19~21;Male;B.Tech~B.Sc~BCA;ECE~ME~Civil;5~6;1~2;2~3;1~5;7~9;43~60;7~8;0~1;0~2;Not Placed
18~21;Male;B.Tech~B.Sc~BCA;ECE~ME~Civil;5~6;1~2;3;4~5;7~8;61~100;4~5;1~2;0~3;Not Placed
18~21;Male;B.Tech~B.Sc~BCA;ECE~ME~Civil;5~6;1~2;3;4~5;7~8;61~100;4~5;1~2;0~3;Not Placed
18~21;Male;B.Tech~B.Sc~BCA;ECE~ME~Civil;5~6;1~2;3;4~5;7~8;61~100;4~5;1~2;0~3;Not Placed
18~21;Male;B.Tech~B.Sc~BCA;ECE~ME~Civil;5~6;1~2;3;4~5;7~8;61~100;4~5;1~2;0~3;Not Placed
18~21;Male;B.Tech~B.Sc~BCA;ECE~ME~Civil;5~6;1~2;3;4~5;7~8;61~100;4~5;1~2;0~3;Not Placed
18~21;Male;B.Tech~B.Sc~BCA;ECE~ME~Civil;5~6;1~2;3;4~5;7~8;61~100;4~5;1~2;0~3;Not Placed
18~21;Male;B.Tech~B.Sc~BCA;ECE~ME~Civil;5~6;1~2;3;4~5;7~8;61~100;4~5;1~2;0~3;Placed
18~21;Male;B.Tech~B.Sc~BCA;ECE~ME~Civil;5~6;1~2;3;4~5;7~8;61~100;4~5;1~2;0~3;Not Placed
18~21;Male;B.Tech~B.Sc~BCA;ECE~ME~Civil;5~6;1~2;2~3;3~5;7~8;66~77;6~8;1~2;0~3;Not Placed
18~21;Male;B.Tech~B.Sc~BCA;ECE~ME~Civil;5~6;1~2;2~3;3~5;7~8;66~77;6~8;1~2;0~3;Placed
18~21;Male;B.Tech~B.Sc~BCA;ECE~ME~Civil;5~6;1~2;2~3;3~5;7~8;66~77;6~8;1~2;0~3;Not Placed
18~21;Male;B.Tech~B.Sc~BCA;ECE~ME~Civil;5~6;1~2;2~3;3~5;7~8;66~77;6~8;1~2;0~3;Placed
18~21;Male;B.Tech~B.Sc~BCA;ECE~ME~Civil;5~6;1~2;2~3;3~5;7~8;66~77;6~8;1~2;0~3;Not Placed
18~21;Male;B.Tech~B.Sc~BCA;ECE~ME~Civil;5~6;1~2;2~3;3~5;7~8;66~77;6~8;1~2;0~3;Not Placed
18~21;Male;B.Tech~B.Sc~BCA;ECE~ME~Civil;5~6;1~2;2~3;3~5;7~8;66~77;6~8;1~2;0~3;Not Placed
18~21;Male;B.Tech~B.Sc~BCA;ECE~ME~Civil;4~5;1~2;3;6;4~8;42~78;4~7;2;1~3;Not Placed
18~21;Male;B.Tech~B.Sc~BCA;ECE~ME~Civil;4~5;1~2;3;6;4~8;42~78;4~7;2;1~3;Not Placed
18~21;Male;B.Tech~B.Sc~BCA;ECE~ME~Civil;4~5;1~2;3;6;4~8;42~78;4~7;2;1~3;Not Placed
18~21;Male;B.Tech~B.Sc~BCA;ECE~ME~Civil;4~5;1~2;3;6;4~8;42~78;4~7;2;1~3;Not Placed
18~21;Male;B.Tech~B.Sc~BCA;ECE~ME~Civil;4~5;1~2;3;6;4~8;42~78;4~7;2;1~3;Not Placed
18~21;Male;B.Tech~B.Sc~BCA;ECE~ME~Civil;4~5;1~2;3;6;4~8;42~78;4~7;2;1~3;Not Placed
18~21;Male;B.Tech~B.Sc~BCA;ECE~ME~Civil;4~5;1~2;3;6;4~8;42~78;4~7;2;1~3;Not Placed
18~21;Male;B.Tech~B.Sc~BCA;ECE~ME~Civil;4~5;1~2;3;6;4~8;42~78;4~7;2;1~3;Not Placed
18~20;Male;B.Tech~B.Sc~BCA;ECE~ME~Civil;6~7;1~2;4;6;1~5;45~65;2~7;2;0~3;Not Placed
18~20;Male;B.Tech~B.Sc~BCA;ECE~ME~Civil;6~7;1~2;4;6;1~5;45~65;2~7;2;0~3;Not Placed
18~20;Male;B.Tech~B.Sc~BCA;ECE~ME~Civil;6~7;1~2;4;6;1~5;45~65;2~7;2;0~3;Not Placed
18~20;Male;B.Tech~B.Sc~BCA;ECE~ME~Civil;6~7;1~2;4;6;1~5;45~65;2~7;2;0~3;Not Placed
18~20;Male;B.Tech~B.Sc~BCA;ECE~ME~Civil;6~7;1~2;4;6;1~5;45~65;2~7;2;0~3;Not Placed
18~20;Male;B.Tech~B.Sc~BCA;ECE~ME~Civil;6~7;1~2;4;6;1~5;45~65;2~7;2;0~3;Not Placed
18~20;Male;B.Tech~B.Sc~BCA;ECE~ME~Civil;6~7;1~2;4;6;1~5;45~65;2~7;2;0~3;Not Placed
18~20;Male;B.Tech~B.Sc~BCA;ECE~ME~Civil;6~7;1~2;4;6;1~5;45~65;2~7;2;0~3;Not Placed
18~20;Male;B.Tech~B.Sc~BCA;ECE~ME~Civil;6~7;1~2;4;6;1~5;45~65;2~7;2;0~3;Not Placed
18~21;Male;B.Tech~B.Sc~BCA;ECE~ME~Civil;6~7;1~2;4;5~6;2~5;67~89;4~8;2;0~2;Not Placed
18~21;Male;B.Tech~B.Sc~BCA;ECE~ME~Civil;6~7;1~2;4;5~6;2~5;67~89;4~8;2;0~2;Not Placed
18~21;Male;B.Tech~B.Sc~BCA;ECE~ME~Civil;6~7;1~2;4;5~6;2~5;67~89;4~8;2;0~2;Placed
18~21;Male;B.Tech~B.Sc~BCA;ECE~ME~Civil;6~7;1~2;4;5~6;2~5;67~89;4~8;2;0~2;Placed
18~21;Male;B.Tech~B.Sc~BCA;ECE~ME~Civil;6~7;1~2;4;5~6;2~5;67~89;4~8;2;0~2;Not Placed
18~21;Male;B.Tech~B.Sc~BCA;ECE~ME~Civil;6~7;1~2;4;5~6;2~5;67~89;4~8;2;0~2;Placed
18~21;Male;B.Tech~B.Sc~BCA;ECE~ME~Civil;6~7;1~2;4;5~6;2~5;67~89;4~8;2;0~2;Placed
18~21;Male;B.Tech~B.Sc~BCA;ECE~ME~Civil;6~7;1~2;4;5~6;2~5;67~89;4~8;2;0~2;Not Placed
18~21;Male;B.Tech~B.Sc~BCA;ECE~ME~Civil;6~7;1~2;4;5~6;2~5;67~89;4~8;2;0~2;Not Placed
18~21;Male;B.Tech~B.Sc~BCA;ECE~ME~Civil;6~6;1~2;4;6;6~7;45~62;4~8;2;0~3;Placed
18~21;Male;B.Tech~B.Sc~BCA;ECE~ME~Civil;6~6;1~2;4;6;6~7;45~62;4~8;2;0~3;Placed
18~21;Male;B.Tech~B.Sc~BCA;ECE~ME~Civil;6~6;1~2;4;6;6~7;45~62;4~8;2;0~3;Not Placed
18~21;Male;B.Tech~B.Sc~BCA;ECE~ME~Civil;6~6;1~2;4;6;6~7;45~62;4~8;2;0~3;Placed
18~21;Male;B.Tech~B.Sc~BCA;ECE~ME~Civil;6~6;1~2;4;6;6~7;45~62;4~8;2;0~3;Not Placed
18~21;Male;B.Tech~B.Sc~BCA;ECE~ME~Civil;6~6;1~2;4;6;6~7;45~62;4~8;2;0~3;Not Placed
18~21;Male;B.Tech~B.Sc~BCA;ECE~ME~Civil;6~6;1~2;4;6;6~7;45~62;4~8;2;0~3;Not Placed
18~21;Male;B.Tech~B.Sc~BCA;ECE~ME;6~6;1~2;4;6;6~9;64~76;5~8;2;0~2;Placed
18~21;Male;B.Tech~B.Sc~BCA;ECE~ME;6~6;1~2;4;6;6~9;64~76;5~8;2;0~2;Placed
18~21;Male;B.Tech~B.Sc~BCA;ECE~ME;6~6;1~2;4;6;6~9;64~76;5~8;2;0~2;Not Placed
18~21;Male;B.Tech~B.Sc~BCA;ECE~ME;6~6;1~2;4;6;6~9;64~76;5~8;2;0~2;Placed
18~21;Male;B.Tech~B.Sc~BCA;ECE~ME;6~6;1~2;4;6;6~9;64~76;5~8;2;0~2;Not Placed
18~21;Male;B.Tech~B.Sc~BCA;ECE~ME;6~6;1~2;4;6;6~9;64~76;5~8;2;0~2;Placed
18~21;Male;B.Tech~B.Sc~BCA;ECE~ME;6~6;1~2;4;6;6~9;64~76;5~8;2;0~2;Not Placed
19~21;Male;B.Tech~B.Sc~BCA;ECE~ME~Civil;5~6;1~2;4;7~8;3~5;40~68;4~8;2;0~2;Not Placed
19~21;Male;B.Tech~B.Sc~BCA;ECE~ME~Civil;5~6;1~2;4;7~8;3~5;40~68;4~8;2;0~2;Not Placed
19~21;Male;B.Tech~B.Sc~BCA;ECE~ME~Civil;5~6;1~2;4;7~8;3~5;40~68;4~8;2;0~2;Not Placed
19~21;Male;B.Tech~B.Sc~BCA;ECE~ME~Civil;5~6;1~2;4;7~8;3~5;40~68;4~8;2;0~2;Not Placed
19~21;Male;B.Tech~B.Sc~BCA;ECE~ME~Civil;5~6;1~2;4;7~8;3~5;40~68;4~8;2;0~2;Placed
19~21;Male;B.Tech~B.Sc~BCA;ECE~ME~Civil;5~6;1~2;4;7~8;3~5;40~68;4~8;2;0~2;Not Placed
19~21;Male;B.Tech~B.Sc~BCA;ECE~ME~Civil;5~6;1~2;4;7~8;3~5;40~68;4~8;2;0~2;Not Placed
19~21;Male;B.Tech~B.Sc~BCA;ECE~ME~Civil;5~6;1~2;4;7~8;3~5;40~68;4~8;2;0~2;Not Placed
18~21;Male;B.Tech~B.Sc~BCA;ECE~ME;6~6;1~2;4~5;7~10;3~5;71~81;4~7;2~3;0~2;Not Placed
18~21;Male;B.Tech~B.Sc~BCA;ECE~ME;6~6;1~2;4~5;7~10;3~5;71~81;4~7;2~3;0~2;Placed
18~21;Male;B.Tech~B.Sc~BCA;ECE~ME;6~6;1~2;4~5;7~10;3~5;71~81;4~7;2~3;0~2;Not Placed
18~21;Male;B.Tech~B.Sc~BCA;ECE~ME;6~6;1~2;4~5;7~10;3~5;71~81;4~7;2~3;0~2;Not Placed
18~21;Male;B.Tech~B.Sc~BCA;ECE~ME;6~6;1~2;4~5;7~10;3~5;71~81;4~7;2~3;0~2;Not Placed
18~21;Male;B.Tech~B.Sc~BCA;ECE~ME;6~6;1~2;4~5;7~10;3~5;71~81;4~7;2~3;0~2;Placed
18~21;Male;B.Tech~B.Sc~BCA;ECE~ME;6~6;1~2;4~5;7~10;3~5;71~81;4~7;2~3;0~2;Placed
18~21;Male;B.Tech~B.Sc~BCA;ECE~ME;6~6;1~2;4~5;7~10;3~5;71~81;4~7;2~3;0~2;Placed
18~21;Male;B.Tech~B.Sc~BCA;ECE~ME~Civil;5~6;1~2;4;7~8;6~8;52~60;4~6;2;0~3;Not Placed
18~21;Male;B.Tech~B.Sc~BCA;ECE~ME~Civil;5~6;1~2;4;7~8;6~8;52~60;4~6;2;0~3;Placed
18~21;Male;B.Tech~B.Sc~BCA;ECE~ME~Civil;5~6;1~2;4;7~8;6~8;52~60;4~6;2;0~3;Not Placed
18~21;Male;B.Tech~B.Sc~BCA;ECE~ME~Civil;5~6;1~2;4;7~8;6~8;52~60;4~6;2;0~3;Not Placed
18~21;Male;B.Tech~B.Sc~BCA;ECE~ME~Civil;5~6;1~2;4;7~8;6~8;52~60;4~6;2;0~3;Not Placed
18~21;Male;B.Tech~B.Sc~BCA;ECE~ME~Civil;5~6;1~2;4;7~8;6~8;52~60;4~6;2;0~3;Placed
18~21;Male;B.Tech~B.Sc~BCA;ECE~ME~Civil;5~6;1~2;4;7~8;6~8;52~60;4~6;2;0~3;Not Placed
18~21;Male;B.Tech~B.Sc~BCA;ECE~ME~Civil;6~6;1~2;4;7;6~9;61~80;3~8;2;0~2;Not Placed
18~21;Male;B.Tech~B.Sc~BCA;ECE~ME~Civil;6~6;1~2;4;7;6~9;61~80;3~8;2;0~2;Placed
18~21;Male;B.Tech~B.Sc~BCA;ECE~ME~Civil;6~6;1~2;4;7;6~9;61~80;3~8;2;0~2;Placed
18~21;Male;B.Tech~B.Sc~BCA;ECE~ME~Civil;6~6;1~2;4;7;6~9;61~80;3~8;2;0~2;Placed
18~21;Male;B.Tech~B.Sc~BCA;ECE~ME~Civil;6~6;1~2;4;7;6~9;61~80;3~8;2;0~2;Placed
18~21;Male;B.Tech~B.Sc~BCA;ECE~ME~Civil;6~6;1~2;4;7;6~9;61~80;3~8;2;0~2;Placed
18~21;Male;B.Tech~B.Sc~BCA;ECE~ME~Civil;6~6;1~2;4;7;6~9;61~80;3~8;2;0~2;Placed
18~21;Male;B.Tech~B.Sc~BCA;ECE~ME~Civil;6~6;1~2;4;7;6~9;61~80;3~8;2;0~2;Placed
18~21;Male;B.Tech~B.Sc;ME~Civil;7~7;0;3~4;3~5;2~6;57~71;3~5;1;0;Not Placed
18~21;Male;B.Tech~B.Sc;ME~Civil;7~7;0;3~4;3~5;2~6;57~71;3~5;1;0;Not Placed
18~21;Male;B.Tech~B.Sc;ME~Civil;7~7;0;3~4;3~5;2~6;57~71;3~5;1;0;Not Placed
18~21;Male;B.Tech~B.Sc;ME~Civil;7~7;0;3~4;3~5;2~6;57~71;3~5;1;0;Not Placed
18~21;Male;B.Tech~B.Sc;ME~Civil;7~7;0;3~4;3~5;2~6;57~71;3~5;1;0;Not Placed
18~21;Male;B.Tech~B.Sc;ME~Civil;7~7;0;3~4;3~5;2~6;57~71;3~5;1;0;Not Placed
18~21;Male;B.Tech~B.Sc;ECE~ME~Civil;7~8;0~1;3~4;3~5;4~5;58~74;3~5;1;0;Not Placed
18~21;Male;B.Tech~B.Sc;ECE~ME~Civil;7~8;0~1;3~4;3~5;4~5;58~74;3~5;1;0;Not Placed
18~21;Male;B.Tech~B.Sc;ECE~ME~Civil;7~8;0~1;3~4;3~5;4~5;58~74;3~5;1;0;Not Placed
18~21;Male;B.Tech~B.Sc;ECE~ME~Civil;7~8;0~1;3~4;3~5;4~5;58~74;3~5;1;0;Not Placed
18~21;Male;B.Tech~B.Sc;ECE~ME~Civil;7~8;0~1;3~4;3~5;4~5;58~74;3~5;1;0;Not Placed
18~21;Male;B.Tech~B.Sc;ECE~ME~Civil;7~8;0~1;3~4;3~5;4~5;58~74;3~5;1;0;Not Placed
19~20;Male;BCA;ECE~ME~Civil;7~7;0~1;3~4;3~5;4~6;54~71;4~5;1;0;Not Placed
19~20;Male;BCA;ECE~ME~Civil;7~7;0~1;3~4;3~5;4~6;54~71;4~5;1;0;Not Placed
19~20;Male;BCA;ECE~ME~Civil;7~7;0~1;3~4;3~5;4~6;54~71;4~5;1;0;Not Placed
19~20;Male;BCA;ECE~ME~Civil;7~7;0~1;3~4;3~5;4~6;54~71;4~5;1;0;Not Placed
19~20;Male;BCA;ECE~ME~Civil;7~7;0~1;3~4;3~5;4~6;54~71;4~5;1;0;Not Placed
18~20;Male;B.Tech~B.Sc~BCA;Civil;7~7;0~1;3;2~4;3~6;45~73;3~5;1;1~2;Not Placed
18~20;Male;B.Tech~B.Sc~BCA;Civil;7~7;0~1;3;2~4;3~6;45~73;3~5;1;1~2;Not Placed
18~20;Male;B.Tech~B.Sc~BCA;Civil;7~7;0~1;3;2~4;3~6;45~73;3~5;1;1~2;Not Placed
18~20;Male;B.Tech~B.Sc~BCA;Civil;7~7;0~1;3;2~4;3~6;45~73;3~5;1;1~2;Not Placed
18~20;Male;B.Tech~B.Sc~BCA;Civil;7~7;0~1;3;2~4;3~6;45~73;3~5;1;1~2;Not Placed
18~20;Male;B.Tech~B.Sc~BCA;Civil;7~7;0~1;3;2~4;3~6;45~73;3~5;1;1~2;Not Placed
18~21;Male;B.Tech~B.Sc~BCA;ECE~ME~Civil;7~7;0;3;3~4;1~6;67~73;3~5;1;1~2;Not Placed
18~21;Male;B.Tech~B.Sc~BCA;ECE~ME~Civil;7~7;0;3;3~4;1~6;67~73;3~5;1;1~2;Not Placed
18~21;Male;B.Tech~B.Sc~BCA;ECE~ME~Civil;7~7;0;3;3~4;1~6;67~73;3~5;1;1~2;Not Placed
18~21;Male;B.Tech~B.Sc~BCA;ECE~ME~Civil;7~7;0;3;3~4;1~6;67~73;3~5;1;1~2;Not Placed
18~21;Male;B.Tech~B.Sc~BCA;ECE~ME~Civil;7~7;0;3;3~4;1~6;67~73;3~5;1;1~2;Not Placed
18~21;Male;B.Tech~B.Sc~BCA;ECE~ME~Civil;7~7;0;3;3~4;1~6;67~73;3~5;1;1~2;Not Placed
19~21;Male;B.Tech~B.Sc;ECE~ME~Civil;7~7;0~1;4;5;3~6;64~73;4~5;2;0;Placed
19~21;Male;B.Tech~B.Sc;ECE~ME~Civil;7~7;0~1;4;5;3~6;64~73;4~5;2;0;Not Placed
19~21;Male;B.Tech~B.Sc;ECE~ME~Civil;7~7;0~1;4;5;3~6;64~73;4~5;2;0;Placed
19~21;Male;B.Tech~B.Sc;ECE~ME~Civil;7~7;0~1;4;5;3~6;64~73;4~5;2;0;Placed
19~21;Male;B.Tech~B.Sc;ECE~ME~Civil;7~7;0~1;4;5;3~6;64~73;4~5;2;0;Not Placed
19~21;Male;BCA;ECE~ME~Civil;7~8;0~1;4;5;4~6;63~73;4~5;2;0;Not Placed
19~21;Male;BCA;ECE~ME~Civil;7~8;0~1;4;5;4~6;63~73;4~5;2;0;Not Placed
19~21;Male;BCA;ECE~ME~Civil;7~8;0~1;4;5;4~6;63~73;4~5;2;0;Placed
19~21;Male;BCA;ECE~ME~Civil;7~8;0~1;4;5;4~6;63~73;4~5;2;0;Not Placed
19~21;Male;BCA;ECE~ME~Civil;7~8;0~1;4;5;4~6;63~73;4~5;2;0;Placed
19~21;Male;BCA;ECE~ME~Civil;7~8;0~1;4;5;4~6;63~73;4~5;2;0;Placed
18~21;Male;B.Tech~B.Sc~BCA;ECE~ME;7~7;0~1;4;5;3~6;66~73;4~5;2;1~2;Not Placed
18~21;Male;B.Tech~B.Sc~BCA;ECE~ME;7~7;0~1;4;5;3~6;66~73;4~5;2;1~2;Not Placed
18~21;Male;B.Tech~B.Sc~BCA;ECE~ME;7~7;0~1;4;5;3~6;66~73;4~5;2;1~2;Placed
18~21;Male;B.Tech~B.Sc~BCA;ECE~ME;7~7;0~1;4;5;3~6;66~73;4~5;2;1~2;Not Placed
18~21;Male;B.Tech~B.Sc~BCA;ECE~ME;7~7;0~1;4;5;3~6;66~73;4~5;2;1~2;Placed
19~20;Male;B.Tech~B.Sc;ECE~ME~Civil;7~7;0~1;3~4;2~5;3~6;44~72;6~8;1;0;Not Placed
19~20;Male;B.Tech~B.Sc;ECE~ME~Civil;7~7;0~1;3~4;2~5;3~6;44~72;6~8;1;0;Not Placed
19~20;Male;B.Tech~B.Sc;ECE~ME~Civil;7~7;0~1;3~4;2~5;3~6;44~72;6~8;1;0;Not Placed
19~20;Male;B.Tech~B.Sc;ECE~ME~Civil;7~7;0~1;3~4;2~5;3~6;44~72;6~8;1;0;Not Placed
19~20;Male;B.Tech~B.Sc;ECE~ME~Civil;7~7;0~1;3~4;2~5;3~6;44~72;6~8;1;0;Not Placed
19~21;Male;B.Tech~B.Sc;ECE~ME~Civil;7~8;0;3;3~4;4~6;60~74;6~7;1;0;Not Placed
19~21;Male;B.Tech~B.Sc;ECE~ME~Civil;7~8;0;3;3~4;4~6;60~74;6~7;1;0;Not Placed
19~21;Male;B.Tech~B.Sc;ECE~ME~Civil;7~8;0;3;3~4;4~6;60~74;6~7;1;0;Not Placed
19~21;Male;B.Tech~B.Sc;ECE~ME~Civil;7~8;0;3;3~4;4~6;60~74;6~7;1;0;Not Placed
19~21;Male;B.Tech~B.Sc;ECE~ME~Civil;7~8;0;3;3~4;4~6;60~74;6~7;1;0;Not Placed
19~21;Male;BCA;ME~Civil;7~7;0~1;3~4;2~5;4~6;46~69;6~9;1;0;Not Placed
19~21;Male;BCA;ME~Civil;7~7;0~1;3~4;2~5;4~6;46~69;6~9;1;0;Not Placed
19~21;Male;BCA;ME~Civil;7~7;0~1;3~4;2~5;4~6;46~69;6~9;1;0;Not Placed
19~21;Male;BCA;ME~Civil;7~7;0~1;3~4;2~5;4~6;46~69;6~9;1;0;Not Placed
19~21;Male;BCA;ME~Civil;7~7;0~1;3~4;2~5;4~6;46~69;6~9;1;0;Placed
19~21;Male;BCA;ME~Civil;7~7;0~1;3~4;2~5;4~6;46~69;6~9;1;0;Not Placed
19~21;Male;BCA;ME~Civil;7~7;0~1;3~4;2~5;4~6;46~69;6~9;1;0;Not Placed
19~21;Male;BCA;ME~Civil;7~7;0~1;3~4;2~5;4~6;46~69;6~9;1;0;Not Placed
18~21;Male;B.Tech~B.Sc~BCA;ECE~ME~Civil;7~7;0~1;3~4;2~5;4~6;55~72;6~8;1;1~2;Not Placed
18~21;Male;B.Tech~B.Sc~BCA;ECE~ME~Civil;7~7;0~1;3~4;2~5;4~6;55~72;6~8;1;1~2;Not Placed
18~21;Male;B.Tech~B.Sc~BCA;ECE~ME~Civil;7~7;0~1;3~4;2~5;4~6;55~72;6~8;1;1~2;Not Placed
18~21;Male;B.Tech~B.Sc~BCA;ECE~ME~Civil;7~7;0~1;3~4;2~5;4~6;55~72;6~8;1;1~2;Not Placed
18~21;Male;B.Tech~B.Sc~BCA;ECE~ME~Civil;7~7;0~1;3~4;2~5;4~6;55~72;6~8;1;1~2;Not Placed
18~21;Male;B.Tech~B.Sc;ECE~ME~Civil;7~7;0;3~4;4~5;3~6;43~69;6~7;1;1~2;Not Placed
18~21;Male;B.Tech~B.Sc;ECE~ME~Civil;7~7;0;3~4;4~5;3~6;43~69;6~7;1;1~2;Not Placed
18~21;Male;B.Tech~B.Sc;ECE~ME~Civil;7~7;0;3~4;4~5;3~6;43~69;6~7;1;1~2;Not Placed
18~21;Male;B.Tech~B.Sc;ECE~ME~Civil;7~7;0;3~4;4~5;3~6;43~69;6~7;1;1~2;Not Placed
18~21;Male;B.Tech~B.Sc;ECE~ME~Civil;7~7;0;3~4;4~5;3~6;43~69;6~7;1;1~2;Not Placed
19~21;Male;B.Tech~B.Sc~BCA;ECE~ME~Civil;7~7;0~1;4;5;4~6;64~72;6~7;2;0~2;Not Placed
19~21;Male;B.Tech~B.Sc~BCA;ECE~ME~Civil;7~7;0~1;4;5;4~6;64~72;6~7;2;0~2;Not Placed
19~21;Male;B.Tech~B.Sc~BCA;ECE~ME~Civil;7~7;0~1;4;5;4~6;64~72;6~7;2;0~2;Placed
19~21;Male;B.Tech~B.Sc~BCA;ECE~ME~Civil;7~7;0~1;4;5;4~6;64~72;6~7;2;0~2;Placed
19~21;Male;B.Tech~B.Sc~BCA;ECE~ME~Civil;7~7;0~1;4;5;4~6;64~72;6~7;2;0~2;Placed
19~21;Male;B.Tech~B.Sc~BCA;ECE~ME~Civil;7~7;0~1;4;5;4~6;64~72;6~7;2;0~2;Placed
18~21;Male;B.Sc~BCA;ECE~ME~Civil;7~8;0~1;4;5;3~6;65~74;6~8;2;0~1;Placed
18~21;Male;B.Sc~BCA;ECE~ME~Civil;7~8;0~1;4;5;3~6;65~74;6~8;2;0~1;Placed
18~21;Male;B.Sc~BCA;ECE~ME~Civil;7~8;0~1;4;5;3~6;65~74;6~8;2;0~1;Not Placed
18~21;Male;B.Sc~BCA;ECE~ME~Civil;7~8;0~1;4;5;3~6;65~74;6~8;2;0~1;Not Placed
18~21;Male;B.Sc~BCA;ECE~ME~Civil;7~8;0~1;4;5;3~6;65~74;6~8;2;0~1;Not Placed
18~21;Male;B.Sc~BCA;ECE~ME~Civil;7~8;0~1;4;5;3~6;65~74;6~8;2;0~1;Not Placed
18~21;Male;B.Tech~B.Sc;ECE~ME~Civil;7~7;0~1;3~4;2~5;3~5;76~95;5~6;1~2;0;Not Placed
18~21;Male;B.Tech~B.Sc;ECE~ME~Civil;7~7;0~1;3~4;2~5;3~5;76~95;5~6;1~2;0;Not Placed
18~21;Male;B.Tech~B.Sc;ECE~ME~Civil;7~7;0~1;3~4;2~5;3~5;76~95;5~6;1~2;0;Placed
18~21;Male;B.Tech~B.Sc;ECE~ME~Civil;7~7;0~1;3~4;2~5;3~5;76~95;5~6;1~2;0;Not Placed
18~21;Male;B.Tech~B.Sc;ECE~ME~Civil;7~7;0~1;3~4;2~5;3~5;76~95;5~6;1~2;0;Not Placed
18~21;Male;B.Tech~B.Sc;ECE~ME~Civil;7~7;0~1;3~4;2~5;3~5;76~95;5~6;1~2;0;Not Placed
18~21;Male;B.Tech~B.Sc;ECE~ME~Civil;7~7;0~1;3~4;2~5;3~5;76~95;5~6;1~2;0;Not Placed
18~21;Male;B.Tech~B.Sc;ECE~ME~Civil;7~7;0~1;3~4;2~5;3~5;76~95;5~6;1~2;0;Not Placed
18~20;Male;B.Tech~B.Sc;ECE~ME~Civil;7~8;0~1;4;4~5;3~5;77~96;4~6;1~2;0;Placed
18~20;Male;B.Tech~B.Sc;ECE~ME~Civil;7~8;0~1;4;4~5;3~5;77~96;4~6;1~2;0;Not Placed
18~20;Male;B.Tech~B.Sc;ECE~ME~Civil;7~8;0~1;4;4~5;3~5;77~96;4~6;1~2;0;Not Placed
18~20;Male;B.Tech~B.Sc;ECE~ME~Civil;7~8;0~1;4;4~5;3~5;77~96;4~6;1~2;0;Not Placed
18~20;Male;B.Tech~B.Sc;ECE~ME~Civil;7~8;0~1;4;4~5;3~5;77~96;4~6;1~2;0;Not Placed
18~20;Male;B.Tech~B.Sc;ECE~ME~Civil;7~8;0~1;4;4~5;3~5;77~96;4~6;1~2;0;Placed
18~20;Male;B.Tech~B.Sc;ECE~ME~Civil;7~8;0~1;4;4~5;3~5;77~96;4~6;1~2;0;Placed
18~20;Male;B.Tech~B.Sc;ECE~ME~Civil;7~8;0~1;4;4~5;3~5;77~96;4~6;1~2;0;Not Placed
18~20;Male;B.Tech~B.Sc;ECE~ME~Civil;7~8;0~1;4;4~5;3~5;77~96;4~6;1~2;0;Placed
18~21;Male;B.Tech~B.Sc;ECE~ME~Civil;7~7;0;3~4;4~5;6;76~86;2~6;1~2;0;Not Placed
18~21;Male;B.Tech~B.Sc;ECE~ME~Civil;7~7;0;3~4;4~5;6;76~86;2~6;1~2;0;Placed
18~21;Male;B.Tech~B.Sc;ECE~ME~Civil;7~7;0;3~4;4~5;6;76~86;2~6;1~2;0;Not Placed
18~21;Male;B.Tech~B.Sc;ECE~ME~Civil;7~7;0;3~4;4~5;6;76~86;2~6;1~2;0;Placed
18~21;Male;B.Tech~B.Sc;ECE~ME~Civil;7~7;0;3~4;4~5;6;76~86;2~6;1~2;0;Placed
18~21;Male;B.Tech~B.Sc;ECE~ME~Civil;7~7;0;3~4;4~5;6;76~86;2~6;1~2;0;Placed
18~20;Male;B.Tech~B.Sc;ECE~ME~Civil;7~8;0~1;3~4;3~5;6;78~95;4~6;1~2;0;Placed
18~20;Male;B.Tech~B.Sc;ECE~ME~Civil;7~8;0~1;3~4;3~5;6;78~95;4~6;1~2;0;Not Placed
18~20;Male;B.Tech~B.Sc;ECE~ME~Civil;7~8;0~1;3~4;3~5;6;78~95;4~6;1~2;0;Placed
18~20;Male;B.Tech~B.Sc;ECE~ME~Civil;7~8;0~1;3~4;3~5;6;78~95;4~6;1~2;0;Not Placed
18~20;Male;B.Tech~B.Sc;ECE~ME~Civil;7~8;0~1;3~4;3~5;6;78~95;4~6;1~2;0;Placed
18~20;Male;B.Tech~B.Sc;ECE~ME~Civil;7~8;0~1;3~4;3~5;6;78~95;4~6;1~2;0;Placed
20~21;Male;BCA;ME~Civil;7~7;0~1;3~4;3~5;3~5;75~81;2~6;1~2;0;Not Placed
20~21;Male;BCA;ME~Civil;7~7;0~1;3~4;3~5;3~5;75~81;2~6;1~2;0;Placed
20~21;Male;BCA;ME~Civil;7~7;0~1;3~4;3~5;3~5;75~81;2~6;1~2;0;Not Placed
20~21;Male;BCA;ME~Civil;7~7;0~1;3~4;3~5;3~5;75~81;2~6;1~2;0;Not Placed
20~21;Male;BCA;ME~Civil;7~7;0~1;3~4;3~5;3~5;75~81;2~6;1~2;0;Not Placed
18~20;Male;BCA;ME~Civil;7~8;0~1;3~4;4~5;3~5;75~89;3~6;1~2;0;Not Placed
18~20;Male;BCA;ME~Civil;7~8;0~1;3~4;4~5;3~5;75~89;3~6;1~2;0;Not Placed
18~20;Male;BCA;ME~Civil;7~8;0~1;3~4;4~5;3~5;75~89;3~6;1~2;0;Not Placed
18~20;Male;BCA;ME~Civil;7~8;0~1;3~4;4~5;3~5;75~89;3~6;1~2;0;Not Placed
18~20;Male;BCA;ME~Civil;7~8;0~1;3~4;4~5;3~5;75~89;3~6;1~2;0;Not Placed
18~20;Male;BCA;ME~Civil;7~8;0~1;3~4;4~5;3~5;75~89;3~6;1~2;0;Not Placed
18~21;Male;BCA;ECE~ME~Civil;7~8;0~1;2~4;1~5;6;80~93;4~6;1~2;0;Placed
18~21;Male;BCA;ECE~ME~Civil;7~8;0~1;2~4;1~5;6;80~93;4~6;1~2;0;Not Placed
18~21;Male;BCA;ECE~ME~Civil;7~8;0~1;2~4;1~5;6;80~93;4~6;1~2;0;Not Placed
18~21;Male;BCA;ECE~ME~Civil;7~8;0~1;2~4;1~5;6;80~93;4~6;1~2;0;Not Placed
18~21;Male;BCA;ECE~ME~Civil;7~8;0~1;2~4;1~5;6;80~93;4~6;1~2;0;Placed
18~21;Male;BCA;ECE~ME~Civil;7~8;0~1;2~4;1~5;6;80~93;4~6;1~2;0;Placed
18~21;Male;BCA;ECE~ME~Civil;7~8;0~1;2~4;1~5;6;80~93;4~6;1~2;0;Not Placed
18~21;Male;BCA;ECE~ME~Civil;7~8;0~1;2~4;1~5;6;80~93;4~6;1~2;0;Not Placed
18~21;Male;B.Tech~B.Sc;ECE~ME~Civil;7~8;0~1;3~4;3~5;4~5;75~93;4~6;1~2;1;Placed
18~21;Male;B.Tech~B.Sc;ECE~ME~Civil;7~8;0~1;3~4;3~5;4~5;75~93;4~6;1~2;1;Not Placed
18~21;Male;B.Tech~B.Sc;ECE~ME~Civil;7~8;0~1;3~4;3~5;4~5;75~93;4~6;1~2;1;Not Placed
18~21;Male;B.Tech~B.Sc;ECE~ME~Civil;7~8;0~1;3~4;3~5;4~5;75~93;4~6;1~2;1;Not Placed
18~21;Male;B.Tech~B.Sc;ECE~ME~Civil;7~8;0~1;3~4;3~5;4~5;75~93;4~6;1~2;1;Placed
18~21;Male;B.Tech~B.Sc;ECE~ME~Civil;7~8;0~1;3~4;3~5;4~5;75~93;4~6;1~2;1;Not Placed
18~21;Male;B.Tech~B.Sc;ECE~ME~Civil;7~8;0~1;3~4;3~5;4~5;75~93;4~6;1~2;1;Not Placed
18~21;Male;B.Tech~B.Sc;ECE~ME~Civil;7~8;0~1;3~4;3~5;4~5;75~93;4~6;1~2;1;Placed
18~21;Male;B.Tech~B.Sc;ECE~ME~Civil;7~8;0~1;3~4;3~5;4~5;75~93;4~6;1~2;1;Placed
18~21;Male;B.Tech~B.Sc;ECE~ME~Civil;7~8;0~1;3~4;3~5;6;79~86;4~6;1~2;1~2;Placed
18~21;Male;B.Tech~B.Sc;ECE~ME~Civil;7~8;0~1;3~4;3~5;6;79~86;4~6;1~2;1~2;Placed
18~21;Male;B.Tech~B.Sc;ECE~ME~Civil;7~8;0~1;3~4;3~5;6;79~86;4~6;1~2;1~2;Not Placed
18~21;Male;B.Tech~B.Sc;ECE~ME~Civil;7~8;0~1;3~4;3~5;6;79~86;4~6;1~2;1~2;Not Placed
18~21;Male;B.Tech~B.Sc;ECE~ME~Civil;7~8;0~1;3~4;3~5;6;79~86;4~6;1~2;1~2;Not Placed
18~21;Male;B.Tech~B.Sc;ECE~ME~Civil;7~8;0~1;3~4;3~5;6;79~86;4~6;1~2;1~2;Placed
18~21;Male;BCA;ECE~ME~Civil;7~7;0~1;3~4;4~5;4~6;76~100;5~6;2;1~2;Not Placed
18~21;Male;BCA;ECE~ME~Civil;7~7;0~1;3~4;4~5;4~6;76~100;5~6;2;1~2;Not Placed
18~21;Male;BCA;ECE~ME~Civil;7~7;0~1;3~4;4~5;4~6;76~100;5~6;2;1~2;Not Placed
18~21;Male;BCA;ECE~ME~Civil;7~7;0~1;3~4;4~5;4~6;76~100;5~6;2;1~2;Not Placed
18~21;Male;BCA;ECE~ME~Civil;7~7;0~1;3~4;4~5;4~6;76~100;5~6;2;1~2;Not Placed
18~20;Male;B.Tech~B.Sc~BCA;ECE~ME~Civil;7~9;0~1;3~4;4~5;4~6;76~100;7~8;2;0;Not Placed
18~20;Male;B.Tech~B.Sc~BCA;ECE~ME~Civil;7~9;0~1;3~4;4~5;4~6;76~100;7~8;2;0;Placed
18~20;Male;B.Tech~B.Sc~BCA;ECE~ME~Civil;7~9;0~1;3~4;4~5;4~6;76~100;7~8;2;0;Not Placed
18~20;Male;B.Tech~B.Sc~BCA;ECE~ME~Civil;7~9;0~1;3~4;4~5;4~6;76~100;7~8;2;0;Placed
18~20;Male;B.Tech~B.Sc~BCA;ECE~ME~Civil;7~9;0~1;3~4;4~5;4~6;76~100;7~8;2;0;Placed
18~20;Male;B.Tech~B.Sc~BCA;ECE~ME~Civil;7~9;0~1;3~4;4~5;4~6;76~100;7~8;2;0;Not Placed
18~20;Male;B.Tech~B.Sc~BCA;ECE~ME~Civil;7~9;0~1;3~4;4~5;4~6;76~100;7~8;2;0;Placed
18~21;Male;B.Tech~B.Sc~BCA;ECE~ME~Civil;7~8;0~1;3~4;3~5;5~6;75~87;7~8;1~2;1~2;Placed
18~21;Male;B.Tech~B.Sc~BCA;ECE~ME~Civil;7~8;0~1;3~4;3~5;5~6;75~87;7~8;1~2;1~2;Not Placed
18~21;Male;B.Tech~B.Sc~BCA;ECE~ME~Civil;7~8;0~1;3~4;3~5;5~6;75~87;7~8;1~2;1~2;Not Placed
18~21;Male;B.Tech~B.Sc~BCA;ECE~ME~Civil;7~8;0~1;3~4;3~5;5~6;75~87;7~8;1~2;1~2;Not Placed
18~21;Male;B.Tech~B.Sc~BCA;ECE~ME~Civil;7~8;0~1;3~4;3~5;5~6;75~87;7~8;1~2;1~2;Not Placed
18~20;Male;B.Tech~B.Sc~BCA;ECE~ME~Civil;7~7;0~1;3;2~4;7~9;59~70;3~6;1;0~2;Not Placed
18~20;Male;B.Tech~B.Sc~BCA;ECE~ME~Civil;7~7;0~1;3;2~4;7~9;59~70;3~6;1;0~2;Not Placed
18~20;Male;B.Tech~B.Sc~BCA;ECE~ME~Civil;7~7;0~1;3;2~4;7~9;59~70;3~6;1;0~2;Not Placed
18~20;Male;B.Tech~B.Sc~BCA;ECE~ME~Civil;7~7;0~1;3;2~4;7~9;59~70;3~6;1;0~2;Not Placed
18~20;Male;B.Tech~B.Sc~BCA;ECE~ME~Civil;7~7;0~1;3;2~4;7~9;59~70;3~6;1;0~2;Not Placed
18~20;Male;B.Tech~B.Sc~BCA;ECE~ME~Civil;7~7;0~1;3;2~4;7~9;59~70;3~6;1;0~2;Not Placed
18~21;Male;B.Tech~B.Sc~BCA;ECE~ME~Civil;7~8;0~1;3~4;2~5;7~9;59~71;4~6;1;0~2;Placed
18~21;Male;B.Tech~B.Sc~BCA;ECE~ME~Civil;7~8;0~1;3~4;2~5;7~9;59~71;4~6;1;0~2;Not Placed
18~21;Male;B.Tech~B.Sc~BCA;ECE~ME~Civil;7~8;0~1;3~4;2~5;7~9;59~71;4~6;1;0~2;Not Placed
18~21;Male;B.Tech~B.Sc~BCA;ECE~ME~Civil;7~8;0~1;3~4;2~5;7~9;59~71;4~6;1;0~2;Not Placed
18~21;Male;B.Tech~B.Sc~BCA;ECE~ME~Civil;7~8;0~1;3~4;2~5;7~9;59~71;4~6;1;0~2;Not Placed
18~21;Male;B.Tech~B.Sc~BCA;ECE~ME~Civil;7~8;0~1;3~4;2~5;7~9;59~71;4~6;1;0~2;Not Placed
18~21;Male;B.Tech~B.Sc~BCA;ECE~ME~Civil;7~8;0~1;3~4;2~5;7~9;59~71;4~6;1;0~2;Not Placed
18~21;Male;B.Tech~B.Sc~BCA;ECE~ME~Civil;7~8;0~1;4;5;7;60~73;5~6;2;0~2;Placed
18~21;Male;B.Tech~B.Sc~BCA;ECE~ME~Civil;7~8;0~1;4;5;7;60~73;5~6;2;0~2;Placed
18~21;Male;B.Tech~B.Sc~BCA;ECE~ME~Civil;7~8;0~1;4;5;7;60~73;5~6;2;0~2;Placed
18~21;Male;B.Tech~B.Sc~BCA;ECE~ME~Civil;7~8;0~1;4;5;7;60~73;5~6;2;0~2;Placed
18~21;Male;B.Tech~B.Sc~BCA;ECE~ME~Civil;7~8;0~1;4;5;7;60~73;5~6;2;0~2;Not Placed
18~21;Male;B.Tech~B.Sc~BCA;ECE~ME~Civil;7~8;0~1;4;5;7;60~73;5~6;2;0~2;Placed
18~21;Male;B.Tech~B.Sc~BCA;ECE~ME~Civil;7~8;0~1;4;5;7;60~73;5~6;2;0~2;Placed
18~21;Male;B.Tech~B.Sc~BCA;ECE~ME~Civil;7~8;0~1;4;5;7;60~73;5~6;2;0~2;Placed
18~20;Male;B.Tech~B.Sc~BCA;ECE~ME~Civil;7~7;0~1;3~4;2~5;7~9;53~69;7~8;1~2;0;Not Placed
18~20;Male;B.Tech~B.Sc~BCA;ECE~ME~Civil;7~7;0~1;3~4;2~5;7~9;53~69;7~8;1~2;0;Not Placed
18~20;Male;B.Tech~B.Sc~BCA;ECE~ME~Civil;7~7;0~1;3~4;2~5;7~9;53~69;7~8;1~2;0;Placed
18~20;Male;B.Tech~B.Sc~BCA;ECE~ME~Civil;7~7;0~1;3~4;2~5;7~9;53~69;7~8;1~2;0;Not Placed
18~20;Male;B.Tech~B.Sc~BCA;ECE~ME~Civil;7~7;0~1;3~4;2~5;7~9;53~69;7~8;1~2;0;Not Placed
18~21;Male;B.Tech~B.Sc~BCA;ECE~ME~Civil;7~8;0~1;3~4;3~5;7~9;59~73;7~9;1~2;0~1;Not Placed
18~21;Male;B.Tech~B.Sc~BCA;ECE~ME~Civil;7~8;0~1;3~4;3~5;7~9;59~73;7~9;1~2;0~1;Not Placed
18~21;Male;B.Tech~B.Sc~BCA;ECE~ME~Civil;7~8;0~1;3~4;3~5;7~9;59~73;7~9;1~2;0~1;Placed
18~21;Male;B.Tech~B.Sc~BCA;ECE~ME~Civil;7~8;0~1;3~4;3~5;7~9;59~73;7~9;1~2;0~1;Not Placed
18~21;Male;B.Tech~B.Sc~BCA;ECE~ME~Civil;7~8;0~1;3~4;3~5;7~9;59~73;7~9;1~2;0~1;Placed
18~21;Male;B.Tech~B.Sc~BCA;ECE~ME~Civil;7~7;0~1;3~4;3~5;7;76~100;3~5;1~2;0~1;Not Placed
18~21;Male;B.Tech~B.Sc~BCA;ECE~ME~Civil;7~7;0~1;3~4;3~5;7;76~100;3~5;1~2;0~1;Not Placed
18~21;Male;B.Tech~B.Sc~BCA;ECE~ME~Civil;7~7;0~1;3~4;3~5;7;76~100;3~5;1~2;0~1;Placed
18~21;Male;B.Tech~B.Sc~BCA;ECE~ME~Civil;7~7;0~1;3~4;3~5;7;76~100;3~5;1~2;0~1;Not Placed
18~21;Male;B.Tech~B.Sc~BCA;ECE~ME~Civil;7~7;0~1;3~4;3~5;7;76~100;3~5;1~2;0~1;Placed
18~21;Male;B.Tech~B.Sc~BCA;ECE~ME~Civil;7~7;0~1;3~4;3~5;7;76~100;3~5;1~2;0~1;Not Placed
18~21;Male;B.Tech~B.Sc~BCA;ECE~ME~Civil;7~7;0~1;3~4;3~5;7;76~100;3~5;1~2;0~1;Placed
18~21;Male;B.Tech~B.Sc~BCA;ECE~ME~Civil;7~7;0~1;3~4;3~5;7;76~100;3~5;1~2;0~1;Placed
18~21;Male;B.Tech~B.Sc~BCA;ECE~ME~Civil;7~7;0~1;3~4;3~5;7;76~100;3~5;1~2;0~1;Placed
18~21;Male;B.Tech~B.Sc~BCA;ECE~ME~Civil;7~8;0;3~4;3~5;7~9;78~99;3~5;1~2;0~2;Placed
18~21;Male;B.Tech~B.Sc~BCA;ECE~ME~Civil;7~8;0;3~4;3~5;7~9;78~99;3~5;1~2;0~2;Not Placed
18~21;Male;B.Tech~B.Sc~BCA;ECE~ME~Civil;7~8;0;3~4;3~5;7~9;78~99;3~5;1~2;0~2;Not Placed
18~21;Male;B.Tech~B.Sc~BCA;ECE~ME~Civil;7~8;0;3~4;3~5;7~9;78~99;3~5;1~2;0~2;Placed
18~21;Male;B.Tech~B.Sc~BCA;ECE~ME~Civil;7~8;0;3~4;3~5;7~9;78~99;3~5;1~2;0~2;Not Placed
18~21;Male;B.Tech~B.Sc~BCA;ECE~ME~Civil;7~8;0;3~4;3~5;7~9;78~99;3~5;1~2;0~2;Placed
18~21;Male;B.Tech~B.Sc~BCA;ECE~ME~Civil;7~8;0;3~4;3~5;7~9;78~99;3~5;1~2;0~2;Placed
18~21;Male;B.Tech~B.Sc~BCA;ECE~ME~Civil;7~8;0;3~4;3~5;7~9;78~99;3~5;1~2;0~2;Not Placed
18~21;Male;B.Tech~B.Sc~BCA;ECE~ME~Civil;7~8;0;3~4;3~5;7~9;78~99;3~5;1~2;0~2;Not Placed
18~21;Male;B.Tech~B.Sc~BCA;ECE~ME~Civil;7~8;0~1;3~4;3~5;7~8;74~94;6~8;1~2;0;Not Placed
18~21;Male;B.Tech~B.Sc~BCA;ECE~ME~Civil;7~8;0~1;3~4;3~5;7~8;74~94;6~8;1~2;0;Placed
18~21;Male;B.Tech~B.Sc~BCA;ECE~ME~Civil;7~8;0~1;3~4;3~5;7~8;74~94;6~8;1~2;0;Not Placed
18~21;Male;B.Tech~B.Sc~BCA;ECE~ME~Civil;7~8;0~1;3~4;3~5;7~8;74~94;6~8;1~2;0;Not Placed
18~21;Male;B.Tech~B.Sc~BCA;ECE~ME~Civil;7~8;0~1;3~4;3~5;7~8;74~94;6~8;1~2;0;Not Placed
18~21;Male;B.Tech~B.Sc~BCA;ECE~ME~Civil;7~8;0~1;3~4;3~5;7~8;74~94;6~8;1~2;0;Placed
18~21;Male;B.Tech~B.Sc~BCA;ECE~ME~Civil;7~8;0~1;3~4;3~5;7~8;74~94;6~8;1~2;0;Placed
18~21;Male;B.Tech~B.Sc~BCA;ECE~ME~Civil;7~8;0~1;3~4;3~5;7~8;74~94;6~8;1~2;0;Not Placed
18~21;Male;B.Tech~B.Sc~BCA;ECE~ME~Civil;7~8;0~1;3~4;3~5;7~8;74~94;6~8;1~2;0;Not Placed
18~21;Male;B.Tech~B.Sc~BCA;ECE~ME~Civil;7~7;0~1;3~4;3~5;7~8;76~97;6~9;1~2;1~2;Not Placed
18~21;Male;B.Tech~B.Sc~BCA;ECE~ME~Civil;7~7;0~1;3~4;3~5;7~8;76~97;6~9;1~2;1~2;Not Placed
18~21;Male;B.Tech~B.Sc~BCA;ECE~ME~Civil;7~7;0~1;3~4;3~5;7~8;76~97;6~9;1~2;1~2;Placed
18~21;Male;B.Tech~B.Sc~BCA;ECE~ME~Civil;7~7;0~1;3~4;3~5;7~8;76~97;6~9;1~2;1~2;Not Placed
18~21;Male;B.Tech~B.Sc~BCA;ECE~ME~Civil;7~7;0~1;3~4;3~5;7~8;76~97;6~9;1~2;1~2;Placed
18~20;Male;B.Tech~B.Sc;ECE~ME~Civil;7~7;0~1;4;6;2~5;50~68;3~6;2;0;Not Placed
18~20;Male;B.Tech~B.Sc;ECE~ME~Civil;7~7;0~1;4;6;2~5;50~68;3~6;2;0;Placed
18~20;Male;B.Tech~B.Sc;ECE~ME~Civil;7~7;0~1;4;6;2~5;50~68;3~6;2;0;Not Placed
18~20;Male;B.Tech~B.Sc;ECE~ME~Civil;7~7;0~1;4;6;2~5;50~68;3~6;2;0;Not Placed
18~20;Male;B.Tech~B.Sc;ECE~ME~Civil;7~7;0~1;4;6;2~5;50~68;3~6;2;0;Placed
18~20;Male;B.Tech~B.Sc;ECE~ME~Civil;7~7;0~1;4;6;2~5;50~68;3~6;2;0;Placed
18~20;Male;B.Tech~B.Sc;ECE~ME~Civil;7~7;0~1;4;6;2~5;50~68;3~6;2;0;Not Placed
18~21;Male;B.Tech~B.Sc;ECE~ME~Civil;7~8;0~1;4;6~7;4~5;60~73;5~6;2;0;Not Placed
18~21;Male;B.Tech~B.Sc;ECE~ME~Civil;7~8;0~1;4;6~7;4~5;60~73;5~6;2;0;Placed
18~21;Male;B.Tech~B.Sc;ECE~ME~Civil;7~8;0~1;4;6~7;4~5;60~73;5~6;2;0;Not Placed
18~21;Male;B.Tech~B.Sc;ECE~ME~Civil;7~8;0~1;4;6~7;4~5;60~73;5~6;2;0;Placed
18~21;Male;B.Tech~B.Sc;ECE~ME~Civil;7~8;0~1;4;6~7;4~5;60~73;5~6;2;0;Placed
18~21;Male;B.Tech~B.Sc;ECE~ME~Civil;7~8;0~1;4;6~7;4~5;60~73;5~6;2;0;Placed
18~21;Male;B.Tech~B.Sc;ECE~ME~Civil;7~8;0~1;4;6~7;4~5;60~73;5~6;2;0;Placed
18~21;Male;B.Tech~B.Sc;ECE~ME~Civil;7~8;0~1;4;6~7;4~5;60~73;5~6;2;0;Not Placed
18~21;Male;BCA;ECE~ME~Civil;7~7;1;4;6~7;3~4;52~73;3~6;2;0;Not Placed
18~21;Male;BCA;ECE~ME~Civil;7~7;1;4;6~7;3~4;52~73;3~6;2;0;Not Placed
18~21;Male;BCA;ECE~ME~Civil;7~7;1;4;6~7;3~4;52~73;3~6;2;0;Not Placed
18~21;Male;BCA;ECE~ME~Civil;7~7;1;4;6~7;3~4;52~73;3~6;2;0;Not Placed
18~21;Male;BCA;ECE~ME~Civil;7~7;1;4;6~7;3~4;52~73;3~6;2;0;Not Placed
18~21;Male;B.Tech~B.Sc~BCA;ECE~ME~Civil;7~7;0~1;4;6~7;4~5;55~68;5~6;2;1~2;Not Placed
18~21;Male;B.Tech~B.Sc~BCA;ECE~ME~Civil;7~7;0~1;4;6~7;4~5;55~68;5~6;2;1~2;Placed
18~21;Male;B.Tech~B.Sc~BCA;ECE~ME~Civil;7~7;0~1;4;6~7;4~5;55~68;5~6;2;1~2;Not Placed
18~21;Male;B.Tech~B.Sc~BCA;ECE~ME~Civil;7~7;0~1;4;6~7;4~5;55~68;5~6;2;1~2;Not Placed
18~21;Male;B.Tech~B.Sc~BCA;ECE~ME~Civil;7~7;0~1;4;6~7;4~5;55~68;5~6;2;1~2;Not Placed
18~21;Male;B.Tech~B.Sc~BCA;ECE~ME~Civil;7~7;0~1;4;6~7;1~4;53~71;4~6;2;1~2;Not Placed
18~21;Male;B.Tech~B.Sc~BCA;ECE~ME~Civil;7~7;0~1;4;6~7;1~4;53~71;4~6;2;1~2;Not Placed
18~21;Male;B.Tech~B.Sc~BCA;ECE~ME~Civil;7~7;0~1;4;6~7;1~4;53~71;4~6;2;1~2;Not Placed
18~21;Male;B.Tech~B.Sc~BCA;ECE~ME~Civil;7~7;0~1;4;6~7;1~4;53~71;4~6;2;1~2;Not Placed
18~21;Male;B.Tech~B.Sc~BCA;ECE~ME~Civil;7~7;0~1;4;6~7;1~4;53~71;4~6;2;1~2;Not Placed
18~21;Male;B.Tech~B.Sc~BCA;ECE~ME~Civil;7~7;0~1;4;6~7;1~4;53~71;4~6;2;1~2;Not Placed
18~21;Male;B.Tech~B.Sc~BCA;ECE~ME~Civil;7~7;0~1;4;6~7;3~5;61~71;7~8;2;0~1;Placed
18~21;Male;B.Tech~B.Sc~BCA;ECE~ME~Civil;7~7;0~1;4;6~7;3~5;61~71;7~8;2;0~1;Not Placed
18~21;Male;B.Tech~B.Sc~BCA;ECE~ME~Civil;7~7;0~1;4;6~7;3~5;61~71;7~8;2;0~1;Placed
18~21;Male;B.Tech~B.Sc~BCA;ECE~ME~Civil;7~7;0~1;4;6~7;3~5;61~71;7~8;2;0~1;Not Placed
18~21;Male;B.Tech~B.Sc~BCA;ECE~ME~Civil;7~7;0~1;4;6~7;3~5;61~71;7~8;2;0~1;Not Placed
18~21;Male;B.Tech~B.Sc~BCA;ECE~ME~Civil;7~7;0~1;4;6~7;3~5;61~71;7~8;2;0~1;Placed
18~21;Male;B.Tech;ECE~ME~Civil;7~8;0~1;4;6~7;2~5;74~85;4~5;2;0;Not Placed
18~21;Male;B.Tech;ECE~ME~Civil;7~8;0~1;4;6~7;2~5;74~85;4~5;2;0;Placed
18~21;Male;B.Tech;ECE~ME~Civil;7~8;0~1;4;6~7;2~5;74~85;4~5;2;0;Placed
18~21;Male;B.Tech;ECE~ME~Civil;7~8;0~1;4;6~7;2~5;74~85;4~5;2;0;Not Placed
18~21;Male;B.Tech;ECE~ME~Civil;7~8;0~1;4;6~7;2~5;74~85;4~5;2;0;Placed
18~21;Male;B.Tech;ECE~ME~Civil;7~8;0~1;4;6~7;2~5;74~85;4~5;2;0;Not Placed
18~21;Male;B.Tech;ECE~ME~Civil;7~8;0~1;4;6~7;2~5;74~85;4~5;2;0;Not Placed
18~21;Male;B.Tech;ECE~ME~Civil;7~8;0~1;4;6~7;2~5;74~85;4~5;2;0;Placed
18~21;Male;B.Sc~BCA;ME~Civil;7~8;0~1;4;6~7;3~5;75~84;3~5;2;0;Not Placed
18~21;Male;B.Sc~BCA;ME~Civil;7~8;0~1;4;6~7;3~5;75~84;3~5;2;0;Placed
18~21;Male;B.Sc~BCA;ME~Civil;7~8;0~1;4;6~7;3~5;75~84;3~5;2;0;Not Placed
18~21;Male;B.Sc~BCA;ME~Civil;7~8;0~1;4;6~7;3~5;75~84;3~5;2;0;Not Placed
18~21;Male;B.Sc~BCA;ME~Civil;7~8;0~1;4;6~7;3~5;75~84;3~5;2;0;Placed
18~21;Male;B.Sc~BCA;ME~Civil;7~8;0~1;4;6~7;3~5;75~84;3~5;2;0;Not Placed
18~21;Male;B.Tech~B.Sc~BCA;ECE~ME;7~8;0~1;4;6;4~5;74~92;3~5;2;1~2;Placed
18~21;Male;B.Tech~B.Sc~BCA;ECE~ME;7~8;0~1;4;6;4~5;74~92;3~5;2;1~2;Not Placed
18~21;Male;B.Tech~B.Sc~BCA;ECE~ME;7~8;0~1;4;6;4~5;74~92;3~5;2;1~2;Not Placed
18~21;Male;B.Tech~B.Sc~BCA;ECE~ME;7~8;0~1;4;6;4~5;74~92;3~5;2;1~2;Not Placed
18~21;Male;B.Tech~B.Sc~BCA;ECE~ME;7~8;0~1;4;6;4~5;74~92;3~5;2;1~2;Placed
19~20;Male;B.Tech;ECE~ME~Civil;7~8;0;4;6;2~5;76~89;6~8;2;0;Not Placed
19~20;Male;B.Tech;ECE~ME~Civil;7~8;0;4;6;2~5;76~89;6~8;2;0;Placed
19~20;Male;B.Tech;ECE~ME~Civil;7~8;0;4;6;2~5;76~89;6~8;2;0;Placed
19~20;Male;B.Tech;ECE~ME~Civil;7~8;0;4;6;2~5;76~89;6~8;2;0;Not Placed
19~20;Male;B.Tech;ECE~ME~Civil;7~8;0;4;6;2~5;76~89;6~8;2;0;Not Placed
20~21;Male;B.Sc~BCA;ECE~ME~Civil;7~8;0~1;4;6;3~5;78~93;6~8;2;0;Not Placed
20~21;Male;B.Sc~BCA;ECE~ME~Civil;7~8;0~1;4;6;3~5;78~93;6~8;2;0;Placed
20~21;Male;B.Sc~BCA;ECE~ME~Civil;7~8;0~1;4;6;3~5;78~93;6~8;2;0;Placed
20~21;Male;B.Sc~BCA;ECE~ME~Civil;7~8;0~1;4;6;3~5;78~93;6~8;2;0;Placed
20~21;Male;B.Sc~BCA;ECE~ME~Civil;7~8;0~1;4;6;3~5;78~93;6~8;2;0;Not Placed
20~21;Male;B.Sc~BCA;ECE~ME~Civil;7~8;0~1;4;6;3~5;78~93;6~8;2;0;Not Placed
18~20;Male;B.Tech~B.Sc~BCA;ECE~ME~Civil;7~8;0~1;4;6~7;4~5;75~84;6~7;2;1~2;Placed
18~20;Male;B.Tech~B.Sc~BCA;ECE~ME~Civil;7~8;0~1;4;6~7;4~5;75~84;6~7;2;1~2;Placed
18~20;Male;B.Tech~B.Sc~BCA;ECE~ME~Civil;7~8;0~1;4;6~7;4~5;75~84;6~7;2;1~2;Not Placed
18~20;Male;B.Tech~B.Sc~BCA;ECE~ME~Civil;7~8;0~1;4;6~7;4~5;75~84;6~7;2;1~2;Not Placed
18~20;Male;B.Tech~B.Sc~BCA;ECE~ME~Civil;7~8;0~1;4;6~7;4~5;75~84;6~7;2;1~2;Not Placed
18~20;Male;B.Tech~B.Sc~BCA;ECE~ME~Civil;7~8;0~1;4;6~7;4~5;75~84;6~7;2;1~2;Placed
18~21;Male;B.Tech;ECE~ME~Civil;7~7;0~1;4;6~7;6~8;71~77;3~5;2;0;Placed
18~21;Male;B.Tech;ECE~ME~Civil;7~7;0~1;4;6~7;6~8;71~77;3~5;2;0;Placed
18~21;Male;B.Tech;ECE~ME~Civil;7~7;0~1;4;6~7;6~8;71~77;3~5;2;0;Placed
18~21;Male;B.Tech;ECE~ME~Civil;7~7;0~1;4;6~7;6~8;71~77;3~5;2;0;Placed
18~21;Male;B.Tech;ECE~ME~Civil;7~7;0~1;4;6~7;6~8;71~77;3~5;2;0;Placed
18~21;Male;B.Sc~BCA;ECE~ME~Civil;7~8;0~1;4;6~7;6~7;57~77;4~5;2;0;Placed
18~21;Male;B.Sc~BCA;ECE~ME~Civil;7~8;0~1;4;6~7;6~7;57~77;4~5;2;0;Placed
18~21;Male;B.Sc~BCA;ECE~ME~Civil;7~8;0~1;4;6~7;6~7;57~77;4~5;2;0;Placed
18~21;Male;B.Sc~BCA;ECE~ME~Civil;7~8;0~1;4;6~7;6~7;57~77;4~5;2;0;Placed
18~21;Male;B.Sc~BCA;ECE~ME~Civil;7~8;0~1;4;6~7;6~7;57~77;4~5;2;0;Placed
18~21;Male;B.Sc~BCA;ECE~ME~Civil;7~8;0~1;4;6~7;6~7;57~77;4~5;2;0;Placed
18~21;Male;B.Tech~B.Sc~BCA;ECE~ME~Civil;7~7;0~1;4;6~7;6~8;54~77;3~5;2;1~2;Not Placed
18~21;Male;B.Tech~B.Sc~BCA;ECE~ME~Civil;7~7;0~1;4;6~7;6~8;54~77;3~5;2;1~2;Not Placed
18~21;Male;B.Tech~B.Sc~BCA;ECE~ME~Civil;7~7;0~1;4;6~7;6~8;54~77;3~5;2;1~2;Not Placed
18~21;Male;B.Tech~B.Sc~BCA;ECE~ME~Civil;7~7;0~1;4;6~7;6~8;54~77;3~5;2;1~2;Placed
18~21;Male;B.Tech~B.Sc~BCA;ECE~ME~Civil;7~7;0~1;4;6~7;6~8;54~77;3~5;2;1~2;Not Placed
18~21;Male;B.Tech~B.Sc~BCA;ECE~ME~Civil;7~7;0~1;4;6~7;6~8;54~77;3~5;2;1~2;Not Placed
18~21;Male;B.Tech~B.Sc~BCA;ECE~ME~Civil;7~7;0~1;4;6~7;6~8;54~77;3~5;2;1~2;Not Placed
18~21;Male;B.Tech~B.Sc~BCA;ECE~ME~Civil;7~7;0~1;4;6~7;6~8;54~77;3~5;2;1~2;Not Placed
18~21;Male;B.Tech~B.Sc~BCA;ECE~ME~Civil;7~8;0~1;4;6~7;6~9;65~75;6~7;2;0;Placed
18~21;Male;B.Tech~B.Sc~BCA;ECE~ME~Civil;7~8;0~1;4;6~7;6~9;65~75;6~7;2;0;Placed
18~21;Male;B.Tech~B.Sc~BCA;ECE~ME~Civil;7~8;0~1;4;6~7;6~9;65~75;6~7;2;0;Placed
18~21;Male;B.Tech~B.Sc~BCA;ECE~ME~Civil;7~8;0~1;4;6~7;6~9;65~75;6~7;2;0;Placed
18~21;Male;B.Tech~B.Sc~BCA;ECE~ME~Civil;7~8;0~1;4;6~7;6~9;65~75;6~7;2;0;Placed
18~21;Male;B.Tech~B.Sc~BCA;ECE~ME~Civil;7~8;0~1;4;6~7;6~9;65~75;6~7;2;0;Placed
18~21;Male;B.Tech~B.Sc~BCA;ECE~ME~Civil;7~8;0~1;4;6~7;6~9;65~75;6~7;2;0;Placed
18~21;Male;B.Tech~B.Sc~BCA;ECE~ME~Civil;7~8;0~1;4;6~7;6~9;65~75;6~7;2;0;Placed
18~21;Male;B.Tech~B.Sc~BCA;ECE~ME~Civil;7~8;0~1;4;6~7;6~9;65~75;6~7;2;0;Placed
20~21;Male;B.Tech~B.Sc~BCA;ECE~ME~Civil;7~7;0~1;4;6~7;6~8;61~77;6~7;2;1~2;Placed
20~21;Male;B.Tech~B.Sc~BCA;ECE~ME~Civil;7~7;0~1;4;6~7;6~8;61~77;6~7;2;1~2;Not Placed
20~21;Male;B.Tech~B.Sc~BCA;ECE~ME~Civil;7~7;0~1;4;6~7;6~8;61~77;6~7;2;1~2;Placed
20~21;Male;B.Tech~B.Sc~BCA;ECE~ME~Civil;7~7;0~1;4;6~7;6~8;61~77;6~7;2;1~2;Not Placed
20~21;Male;B.Tech~B.Sc~BCA;ECE~ME~Civil;7~7;0~1;4;6~7;6~8;61~77;6~7;2;1~2;Placed
20~21;Male;B.Tech~B.Sc~BCA;ECE~ME~Civil;7~7;0~1;4;6~7;6~8;61~77;6~7;2;1~2;Not Placed
18~21;Male;B.Tech;ECE~ME~Civil;7~8;0~1;4;6~7;6~8;79~100;3~5;2;0;Placed
18~21;Male;B.Tech;ECE~ME~Civil;7~8;0~1;4;6~7;6~8;79~100;3~5;2;0;Placed
18~21;Male;B.Tech;ECE~ME~Civil;7~8;0~1;4;6~7;6~8;79~100;3~5;2;0;Placed
18~21;Male;B.Tech;ECE~ME~Civil;7~8;0~1;4;6~7;6~8;79~100;3~5;2;0;Placed
18~21;Male;B.Tech;ECE~ME~Civil;7~8;0~1;4;6~7;6~8;79~100;3~5;2;0;Placed
18~21;Male;B.Tech;ECE~ME~Civil;7~8;0~1;4;6~7;6~8;79~100;3~5;2;0;Placed
18~21;Male;B.Tech;ECE~ME~Civil;7~8;0~1;4;6~7;6~8;79~100;3~5;2;0;Placed
18~21;Male;B.Tech;ECE~ME~Civil;7~8;0~1;4;6~7;6~8;79~100;3~5;2;0;Placed
18~21;Male;B.Tech;ECE~ME~Civil;7~8;0~1;4;6~7;6~8;79~100;3~5;2;0;Placed
18~21;Male;B.Sc~BCA;ECE~ME~Civil;7~8;0~1;4;6~7;6~8;83~91;4~5;2;0;Placed
18~21;Male;B.Sc~BCA;ECE~ME~Civil;7~8;0~1;4;6~7;6~8;83~91;4~5;2;0;Placed
18~21;Male;B.Sc~BCA;ECE~ME~Civil;7~8;0~1;4;6~7;6~8;83~91;4~5;2;0;Placed
18~21;Male;B.Sc~BCA;ECE~ME~Civil;7~8;0~1;4;6~7;6~8;83~91;4~5;2;0;Placed
18~21;Male;B.Sc~BCA;ECE~ME~Civil;7~8;0~1;4;6~7;6~8;83~91;4~5;2;0;Placed
18~21;Male;B.Tech~B.Sc~BCA;ECE~ME~Civil;7~7;1;4;6~7;6~8;78~95;4~5;2;1~2;Not Placed
18~21;Male;B.Tech~B.Sc~BCA;ECE~ME~Civil;7~7;1;4;6~7;6~8;78~95;4~5;2;1~2;Not Placed
18~21;Male;B.Tech~B.Sc~BCA;ECE~ME~Civil;7~7;1;4;6~7;6~8;78~95;4~5;2;1~2;Not Placed
18~21;Male;B.Tech~B.Sc~BCA;ECE~ME~Civil;7~7;1;4;6~7;6~8;78~95;4~5;2;1~2;Placed
18~21;Male;B.Tech~B.Sc~BCA;ECE~ME~Civil;7~7;1;4;6~7;6~8;78~95;4~5;2;1~2;Not Placed
18~21;Male;B.Tech~B.Sc~BCA;ECE~ME;8~8;0~1;4;6;6~7;81~100;6~8;2;0;Placed
18~21;Male;B.Tech~B.Sc~BCA;ECE~ME;8~8;0~1;4;6;6~7;81~100;6~8;2;0;Placed
18~21;Male;B.Tech~B.Sc~BCA;ECE~ME;8~8;0~1;4;6;6~7;81~100;6~8;2;0;Placed
18~21;Male;B.Tech~B.Sc~BCA;ECE~ME;8~8;0~1;4;6;6~7;81~100;6~8;2;0;Placed
18~21;Male;B.Tech~B.Sc~BCA;ECE~ME;8~8;0~1;4;6;6~7;81~100;6~8;2;0;Placed
18~21;Male;B.Tech~B.Sc~BCA;ECE~ME~Civil;7~8;0~1;4;6~7;6~7;82~92;6~7;2;1~2;Placed
18~21;Male;B.Tech~B.Sc~BCA;ECE~ME~Civil;7~8;0~1;4;6~7;6~7;82~92;6~7;2;1~2;Not Placed
18~21;Male;B.Tech~B.Sc~BCA;ECE~ME~Civil;7~8;0~1;4;6~7;6~7;82~92;6~7;2;1~2;Placed
18~21;Male;B.Tech~B.Sc~BCA;ECE~ME~Civil;7~8;0~1;4;6~7;6~7;82~92;6~7;2;1~2;Placed
18~21;Male;B.Tech~B.Sc~BCA;ECE~ME~Civil;7~8;0~1;4;6~7;6~7;82~92;6~7;2;1~2;Placed
18~21;Male;B.Tech~B.Sc~BCA;ECE~ME;7~8;1;5;7~8;3~5;62~81;2~5;2;0~1;Placed
18~21;Male;B.Tech~B.Sc~BCA;ECE~ME;7~8;1;5;7~8;3~5;62~81;2~5;2;0~1;Not Placed
18~21;Male;B.Tech~B.Sc~BCA;ECE~ME;7~8;1;5;7~8;3~5;62~81;2~5;2;0~1;Not Placed
18~21;Male;B.Tech~B.Sc~BCA;ECE~ME;7~8;1;5;7~8;3~5;62~81;2~5;2;0~1;Not Placed
18~21;Male;B.Tech~B.Sc~BCA;ECE~ME;7~8;1;5;7~8;3~5;62~81;2~5;2;0~1;Not Placed
18~21;Male;B.Tech~B.Sc~BCA;ECE~ME;7~8;1;5;7~8;3~5;62~81;2~5;2;0~1;Placed
18~21;Male;B.Tech~B.Sc~BCA;ECE~ME~Civil;7~8;1;5;7~8;3~5;62~83;6~8;2;0~2;Not Placed
18~21;Male;B.Tech~B.Sc~BCA;ECE~ME~Civil;7~8;1;5;7~8;3~5;62~83;6~8;2;0~2;Not Placed
18~21;Male;B.Tech~B.Sc~BCA;ECE~ME~Civil;7~8;1;5;7~8;3~5;62~83;6~8;2;0~2;Not Placed
18~21;Male;B.Tech~B.Sc~BCA;ECE~ME~Civil;7~8;1;5;7~8;3~5;62~83;6~8;2;0~2;Placed
18~21;Male;B.Tech~B.Sc~BCA;ECE~ME~Civil;7~8;1;5;7~8;3~5;62~83;6~8;2;0~2;Not Placed
18~21;Male;B.Tech~B.Sc~BCA;ECE~ME~Civil;7~8;1;5;7~8;3~5;62~83;6~8;2;0~2;Placed
18~21;Male;B.Tech~B.Sc~BCA;ECE~ME~Civil;7~8;1;5;7~8;3~5;62~83;6~8;2;0~2;Not Placed
18~21;Male;B.Tech~B.Sc~BCA;ECE~ME~Civil;8~9;0~1;5;6~7;3~5;85~100;5~8;2;0~1;Not Placed
18~21;Male;B.Tech~B.Sc~BCA;ECE~ME~Civil;8~9;0~1;5;6~7;3~5;85~100;5~8;2;0~1;Placed
18~21;Male;B.Tech~B.Sc~BCA;ECE~ME~Civil;8~9;0~1;5;6~7;3~5;85~100;5~8;2;0~1;Not Placed
18~21;Male;B.Tech~B.Sc~BCA;ECE~ME~Civil;8~9;0~1;5;6~7;3~5;85~100;5~8;2;0~1;Placed
18~21;Male;B.Tech~B.Sc~BCA;ECE~ME~Civil;8~9;0~1;5;6~7;3~5;85~100;5~8;2;0~1;Placed
18~21;Male;B.Tech~B.Sc~BCA;ECE~ME~Civil;8~9;0~1;5;6~7;3~5;85~100;5~8;2;0~1;Not Placed
18~21;Male;B.Tech~B.Sc~BCA;ECE~ME~Civil;8~9;0~1;5;6~7;3~5;85~100;5~8;2;0~1;Placed
18~21;Male;B.Tech~B.Sc~BCA;ECE~ME~Civil;7~8;1;5;7~8;3~5;85~100;4~8;3;0~1;Placed
18~21;Male;B.Tech~B.Sc~BCA;ECE~ME~Civil;7~8;1;5;7~8;3~5;85~100;4~8;3;0~1;Not Placed
18~21;Male;B.Tech~B.Sc~BCA;ECE~ME~Civil;7~8;1;5;7~8;3~5;85~100;4~8;3;0~1;Placed
18~21;Male;B.Tech~B.Sc~BCA;ECE~ME~Civil;7~8;1;5;7~8;3~5;85~100;4~8;3;0~1;Not Placed
18~21;Male;B.Tech~B.Sc~BCA;ECE~ME~Civil;7~8;1;5;7~8;3~5;85~100;4~8;3;0~1;Not Placed
18~21;Male;B.Tech~B.Sc~BCA;ECE~ME~Civil;7~8;1;5;7~8;3~5;85~100;4~8;3;0~1;Not Placed
18~21;Male;B.Tech~B.Sc~BCA;ECE~ME~Civil;7~8;1;5;7~8;3~5;85~100;4~8;3;0~1;Not Placed
18~20;Male;B.Tech;ME;7~8;1;5;7~8;6~7;57~83;3~5;2~3;0;Placed
18~20;Male;B.Tech;ME;7~8;1;5;7~8;6~7;57~83;3~5;2~3;0;Placed
18~20;Male;B.Tech;ME;7~8;1;5;7~8;6~7;57~83;3~5;2~3;0;Placed
18~20;Male;B.Tech;ME;7~8;1;5;7~8;6~7;57~83;3~5;2~3;0;Placed
18~20;Male;B.Tech;ME;7~8;1;5;7~8;6~7;57~83;3~5;2~3;0;Placed
18~21;Male;B.Sc~BCA;ECE~ME;7~8;1;5;7~8;6~7;64~81;4~5;2;0;Placed
18~21;Male;B.Sc~BCA;ECE~ME;7~8;1;5;7~8;6~7;64~81;4~5;2;0;Placed
18~21;Male;B.Sc~BCA;ECE~ME;7~8;1;5;7~8;6~7;64~81;4~5;2;0;Placed
18~21;Male;B.Sc~BCA;ECE~ME;7~8;1;5;7~8;6~7;64~81;4~5;2;0;Placed
18~21;Male;B.Sc~BCA;ECE~ME;7~8;1;5;7~8;6~7;64~81;4~5;2;0;Placed
18~21;Male;B.Sc~BCA;ECE~ME;7~8;1;5;7~8;6~7;64~81;4~5;2;0;Placed
18~21;Male;B.Tech~B.Sc~BCA;ECE~ME~Civil;7~8;1;5;7~8;6~7;78~83;6~7;2~3;0~1;Placed
18~21;Male;B.Tech~B.Sc~BCA;ECE~ME~Civil;7~8;1;5;7~8;6~7;78~83;6~7;2~3;0~1;Placed
18~21;Male;B.Tech~B.Sc~BCA;ECE~ME~Civil;7~8;1;5;7~8;6~7;78~83;6~7;2~3;0~1;Placed
18~21;Male;B.Tech~B.Sc~BCA;ECE~ME~Civil;7~8;1;5;7~8;6~7;78~83;6~7;2~3;0~1;Placed
18~21;Male;B.Tech~B.Sc~BCA;ECE~ME~Civil;7~8;1;5;7~8;6~7;78~83;6~7;2~3;0~1;Placed
18~21;Male;B.Tech~B.Sc~BCA;ME~Civil;8~9;1;5;6~8;6~7;86~100;4~5;2~3;0~1;Placed
18~21;Male;B.Tech~B.Sc~BCA;ME~Civil;8~9;1;5;6~8;6~7;86~100;4~5;2~3;0~1;Placed
18~21;Male;B.Tech~B.Sc~BCA;ME~Civil;8~9;1;5;6~8;6~7;86~100;4~5;2~3;0~1;Placed
18~21;Male;B.Tech~B.Sc~BCA;ME~Civil;8~9;1;5;6~8;6~7;86~100;4~5;2~3;0~1;Placed
18~21;Male;B.Tech~B.Sc~BCA;ME~Civil;8~9;1;5;6~8;6~7;86~100;4~5;2~3;0~1;Placed
18~21;Male;B.Tech~B.Sc~BCA;ME~Civil;8~9;1;5;6~8;6~7;86~100;4~5;2~3;0~1;Placed
18~20;Male;B.Tech~B.Sc~BCA;ECE~ME~Civil;8~9;1;5;7~8;6~7;84~99;6~7;2~3;0~1;Placed
18~20;Male;B.Tech~B.Sc~BCA;ECE~ME~Civil;8~9;1;5;7~8;6~7;84~99;6~7;2~3;0~1;Placed
18~20;Male;B.Tech~B.Sc~BCA;ECE~ME~Civil;8~9;1;5;7~8;6~7;84~99;6~7;2~3;0~1;Placed
18~20;Male;B.Tech~B.Sc~BCA;ECE~ME~Civil;8~9;1;5;7~8;6~7;84~99;6~7;2~3;0~1;Placed
18~20;Male;B.Tech~B.Sc~BCA;ECE~ME~Civil;8~9;1;5;7~8;6~7;84~99;6~7;2~3;0~1;Placed
18~21;Male;B.Tech~B.Sc~BCA;ECE~ME~Civil;7~9;1;5~6;9~10;4~5;64~100;3~9;3;0~2;Not Placed
18~21;Male;B.Tech~B.Sc~BCA;ECE~ME~Civil;7~9;1;5~6;9~10;4~5;64~100;3~9;3;0~2;Not Placed
18~21;Male;B.Tech~B.Sc~BCA;ECE~ME~Civil;7~9;1;5~6;9~10;4~5;64~100;3~9;3;0~2;Placed
18~21;Male;B.Tech~B.Sc~BCA;ECE~ME~Civil;7~9;1;5~6;9~10;4~5;64~100;3~9;3;0~2;Placed
18~21;Male;B.Tech~B.Sc~BCA;ECE~ME~Civil;7~9;1;5~6;9~10;4~5;64~100;3~9;3;0~2;Not Placed
18~21;Male;B.Tech~B.Sc~BCA;ECE~ME~Civil;7~9;1;5~6;9~10;4~5;64~100;3~9;3;0~2;Placed
18~21;Male;B.Tech~B.Sc~BCA;ECE~ME~Civil;7~9;1;5~6;9~10;4~5;64~100;3~9;3;0~2;Not Placed
18~21;Male;B.Tech~B.Sc~BCA;ECE~ME~Civil;7~9;1;5~6;9~10;4~5;64~100;3~9;3;0~2;Placed
18~21;Male;B.Tech~B.Sc~BCA;ECE~ME~Civil;7~9;1;5~6;9~10;4~5;64~100;3~9;3;0~2;Placed
18~21;Male;B.Tech~B.Sc~BCA;ECE~ME;7~9;1;5~6;9~10;6~8;65~100;4~6;3;0~1;Placed
18~21;Male;B.Tech~B.Sc~BCA;ECE~ME;7~9;1;5~6;9~10;6~8;65~100;4~6;3;0~1;Placed
18~21;Male;B.Tech~B.Sc~BCA;ECE~ME;7~9;1;5~6;9~10;6~8;65~100;4~6;3;0~1;Placed
18~21;Male;B.Tech~B.Sc~BCA;ECE~ME;7~9;1;5~6;9~10;6~8;65~100;4~6;3;0~1;Placed
18~21;Male;B.Tech~B.Sc~BCA;ECE~ME;7~9;1;5~6;9~10;6~8;65~100;4~6;3;0~1;Placed
18~21;Male;B.Tech~B.Sc~BCA;ECE~ME;7~9;1;5~6;9~10;6~8;65~100;4~6;3;0~1;Placed
18~21;Male;B.Tech~B.Sc~BCA;ECE~ME;7~9;1;5~6;9~10;6~8;65~100;4~6;3;0~1;Placed
18~21;Male;B.Tech~B.Sc~BCA;ECE~ME;7~9;1;5~6;9~10;6~8;65~100;4~6;3;0~1;Placed
21;Male;B.Tech~B.Sc~BCA;ECE~ME~Civil;7~7;2~3;4;5~7;3~5;55~78;4~5;1~2;0;Placed
21;Male;B.Tech~B.Sc~BCA;ECE~ME~Civil;7~7;2~3;4;5~7;3~5;55~78;4~5;1~2;0;Not Placed
21;Male;B.Tech~B.Sc~BCA;ECE~ME~Civil;7~7;2~3;4;5~7;3~5;55~78;4~5;1~2;0;Not Placed
21;Male;B.Tech~B.Sc~BCA;ECE~ME~Civil;7~7;2~3;4;5~7;3~5;55~78;4~5;1~2;0;Not Placed
21;Male;B.Tech~B.Sc~BCA;ECE~ME~Civil;7~7;2~3;4;5~7;3~5;55~78;4~5;1~2;0;Placed
21;Male;B.Tech~B.Sc~BCA;ECE~ME~Civil;7~7;2~3;4;5~7;3~5;55~78;4~5;1~2;0;Placed
18~21;Male;B.Tech~B.Sc~BCA;ECE~ME~Civil;7~7;2~3;4;5~7;2~4;63~77;6~8;2;0;Not Placed
18~21;Male;B.Tech~B.Sc~BCA;ECE~ME~Civil;7~7;2~3;4;5~7;2~4;63~77;6~8;2;0;Not Placed
18~21;Male;B.Tech~B.Sc~BCA;ECE~ME~Civil;7~7;2~3;4;5~7;2~4;63~77;6~8;2;0;Not Placed
18~21;Male;B.Tech~B.Sc~BCA;ECE~ME~Civil;7~7;2~3;4;5~7;2~4;63~77;6~8;2;0;Not Placed
18~21;Male;B.Tech~B.Sc~BCA;ECE~ME~Civil;7~7;2~3;4;5~7;2~4;63~77;6~8;2;0;Not Placed
18~21;Male;B.Tech~B.Sc~BCA;ECE~ME~Civil;7~7;2~3;4;5~7;2~4;63~77;6~8;2;0;Not Placed
18~21;Male;B.Tech~B.Sc~BCA;ECE~ME~Civil;7~7;2~3;4;5~7;3~5;63~76;5~7;2;1~2;Not Placed
18~21;Male;B.Tech~B.Sc~BCA;ECE~ME~Civil;7~7;2~3;4;5~7;3~5;63~76;5~7;2;1~2;Not Placed
18~21;Male;B.Tech~B.Sc~BCA;ECE~ME~Civil;7~7;2~3;4;5~7;3~5;63~76;5~7;2;1~2;Placed
18~21;Male;B.Tech~B.Sc~BCA;ECE~ME~Civil;7~7;2~3;4;5~7;3~5;63~76;5~7;2;1~2;Not Placed
18~21;Male;B.Tech~B.Sc~BCA;ECE~ME~Civil;7~7;2~3;4;5~7;3~5;63~76;5~7;2;1~2;Not Placed
18~21;Male;B.Tech~B.Sc~BCA;ECE~ME~Civil;7~8;2~3;4~5;7;2~5;55~78;3~6;2;1~2;Not Placed
18~21;Male;B.Tech~B.Sc~BCA;ECE~ME~Civil;7~8;2~3;4~5;7;2~5;55~78;3~6;2;1~2;Not Placed
18~21;Male;B.Tech~B.Sc~BCA;ECE~ME~Civil;7~8;2~3;4~5;7;2~5;55~78;3~6;2;1~2;Not Placed
18~21;Male;B.Tech~B.Sc~BCA;ECE~ME~Civil;7~8;2~3;4~5;7;2~5;55~78;3~6;2;1~2;Placed
18~21;Male;B.Tech~B.Sc~BCA;ECE~ME~Civil;7~8;2~3;4~5;7;2~5;55~78;3~6;2;1~2;Placed
18~21;Male;B.Sc~BCA;ECE~ME~Civil;7~7;2;4;5~7;3~5;79~96;3~5;2;0~1;Placed
18~21;Male;B.Sc~BCA;ECE~ME~Civil;7~7;2;4;5~7;3~5;79~96;3~5;2;0~1;Not Placed
18~21;Male;B.Sc~BCA;ECE~ME~Civil;7~7;2;4;5~7;3~5;79~96;3~5;2;0~1;Placed
18~21;Male;B.Sc~BCA;ECE~ME~Civil;7~7;2;4;5~7;3~5;79~96;3~5;2;0~1;Placed
18~21;Male;B.Sc~BCA;ECE~ME~Civil;7~7;2;4;5~7;3~5;79~96;3~5;2;0~1;Placed
18~21;Male;B.Sc~BCA;ECE~ME~Civil;7~7;2;4;5~7;3~5;79~96;3~5;2;0~1;Not Placed
18~20;Male;B.Tech~B.Sc;ECE~ME~Civil;8~9;2~3;5;7;4~5;81~100;3~5;2~3;0~1;Placed
18~20;Male;B.Tech~B.Sc;ECE~ME~Civil;8~9;2~3;5;7;4~5;81~100;3~5;2~3;0~1;Not Placed
18~20;Male;B.Tech~B.Sc;ECE~ME~Civil;8~9;2~3;5;7;4~5;81~100;3~5;2~3;0~1;Not Placed
18~20;Male;B.Tech~B.Sc;ECE~ME~Civil;8~9;2~3;5;7;4~5;81~100;3~5;2~3;0~1;Placed
18~20;Male;B.Tech~B.Sc;ECE~ME~Civil;8~9;2~3;5;7;4~5;81~100;3~5;2~3;0~1;Not Placed
18~20;Male;B.Tech~B.Sc;ECE~ME~Civil;8~9;2~3;5;7;4~5;81~100;3~5;2~3;0~1;Not Placed
18~21;Male;B.Tech~B.Sc;ECE~ME~Civil;7~8;2;4~5;5~7;3~5;81~90;6~8;2;0~1;Not Placed
18~21;Male;B.Tech~B.Sc;ECE~ME~Civil;7~8;2;4~5;5~7;3~5;81~90;6~8;2;0~1;Not Placed
18~21;Male;B.Tech~B.Sc;ECE~ME~Civil;7~8;2;4~5;5~7;3~5;81~90;6~8;2;0~1;Placed
18~21;Male;B.Tech~B.Sc;ECE~ME~Civil;7~8;2;4~5;5~7;3~5;81~90;6~8;2;0~1;Placed
18~21;Male;B.Tech~B.Sc;ECE~ME~Civil;7~8;2;4~5;5~7;3~5;81~90;6~8;2;0~1;Not Placed
18~21;Male;B.Tech~B.Sc;ECE~ME~Civil;7~8;2;4~5;5~7;3~5;81~90;6~8;2;0~1;Not Placed
18~21;Male;BCA;ME~Civil;7~8;2~3;4~5;5~7;4~5;79~97;6~7;2;0~1;Placed
18~21;Male;BCA;ME~Civil;7~8;2~3;4~5;5~7;4~5;79~97;6~7;2;0~1;Not Placed
18~21;Male;BCA;ME~Civil;7~8;2~3;4~5;5~7;4~5;79~97;6~7;2;0~1;Not Placed
18~21;Male;BCA;ME~Civil;7~8;2~3;4~5;5~7;4~5;79~97;6~7;2;0~1;Not Placed
18~21;Male;BCA;ME~Civil;7~8;2~3;4~5;5~7;4~5;79~97;6~7;2;0~1;Placed
18~21;Male;B.Tech~B.Sc~BCA;ECE~ME~Civil;7~7;2~3;4;5~7;6~9;58~80;4~5;2;0~2;Placed
18~21;Male;B.Tech~B.Sc~BCA;ECE~ME~Civil;7~7;2~3;4;5~7;6~9;58~80;4~5;2;0~2;Not Placed
18~21;Male;B.Tech~B.Sc~BCA;ECE~ME~Civil;7~7;2~3;4;5~7;6~9;58~80;4~5;2;0~2;Placed
18~21;Male;B.Tech~B.Sc~BCA;ECE~ME~Civil;7~7;2~3;4;5~7;6~9;58~80;4~5;2;0~2;Placed
18~21;Male;B.Tech~B.Sc~BCA;ECE~ME~Civil;7~7;2~3;4;5~7;6~9;58~80;4~5;2;0~2;Placed
18~21;Male;B.Tech~B.Sc~BCA;ECE~ME~Civil;7~7;2~3;4;5~7;6~9;58~80;4~5;2;0~2;Placed
18~21;Male;B.Tech~B.Sc~BCA;ECE~ME~Civil;7~7;2~3;4;5~7;6~9;58~80;4~5;2;0~2;Placed
18~21;Male;B.Tech~B.Sc~BCA;ME~Civil;8~8;2~3;4~5;5~7;6~8;75~81;4~5;2;0~1;Placed
18~21;Male;B.Tech~B.Sc~BCA;ME~Civil;8~8;2~3;4~5;5~7;6~8;75~81;4~5;2;0~1;Placed
18~21;Male;B.Tech~B.Sc~BCA;ME~Civil;8~8;2~3;4~5;5~7;6~8;75~81;4~5;2;0~1;Placed
18~21;Male;B.Tech~B.Sc~BCA;ME~Civil;8~8;2~3;4~5;5~7;6~8;75~81;4~5;2;0~1;Placed
18~21;Male;B.Tech~B.Sc~BCA;ME~Civil;8~8;2~3;4~5;5~7;6~8;75~81;4~5;2;0~1;Placed
18~21;Male;B.Tech~B.Sc~BCA;ECE~ME;7~8;2~3;4~5;5~7;6~9;63~81;6~8;2;0;Placed
18~21;Male;B.Tech~B.Sc~BCA;ECE~ME;7~8;2~3;4~5;5~7;6~9;63~81;6~8;2;0;Placed
18~21;Male;B.Tech~B.Sc~BCA;ECE~ME;7~8;2~3;4~5;5~7;6~9;63~81;6~8;2;0;Placed
18~21;Male;B.Tech~B.Sc~BCA;ECE~ME;7~8;2~3;4~5;5~7;6~9;63~81;6~8;2;0;Placed
18~21;Male;B.Tech~B.Sc~BCA;ECE~ME;7~8;2~3;4~5;5~7;6~9;63~81;6~8;2;0;Placed
18~21;Male;B.Tech~B.Sc~BCA;ECE~ME;7~8;2~3;4~5;5~7;6~9;63~81;6~8;2;0;Placed
18~21;Male;B.Tech~B.Sc;ECE~ME~Civil;7~8;2;4~5;5~7;6~7;65~79;6~9;2;1~2;Not Placed
18~21;Male;B.Tech~B.Sc;ECE~ME~Civil;7~8;2;4~5;5~7;6~7;65~79;6~9;2;1~2;Placed
18~21;Male;B.Tech~B.Sc;ECE~ME~Civil;7~8;2;4~5;5~7;6~7;65~79;6~9;2;1~2;Not Placed
18~21;Male;B.Tech~B.Sc;ECE~ME~Civil;7~8;2;4~5;5~7;6~7;65~79;6~9;2;1~2;Not Placed
18~21;Male;B.Tech~B.Sc;ECE~ME~Civil;7~8;2;4~5;5~7;6~7;65~79;6~9;2;1~2;Not Placed
18~21;Male;B.Tech~B.Sc;ECE~ME~Civil;7~7;2~3;4;5~7;6~8;82~92;4~6;2;0~2;Placed
18~21;Male;B.Tech~B.Sc;ECE~ME~Civil;7~7;2~3;4;5~7;6~8;82~92;4~6;2;0~2;Not Placed
18~21;Male;B.Tech~B.Sc;ECE~ME~Civil;7~7;2~3;4;5~7;6~8;82~92;4~6;2;0~2;Placed
18~21;Male;B.Tech~B.Sc;ECE~ME~Civil;7~7;2~3;4;5~7;6~8;82~92;4~6;2;0~2;Placed
18~21;Male;B.Tech~B.Sc;ECE~ME~Civil;7~7;2~3;4;5~7;6~8;82~92;4~6;2;0~2;Placed
18~21;Male;B.Tech~B.Sc;ECE~ME~Civil;7~9;2;4~5;5~7;6~8;82~91;4~6;2;0;Placed
18~21;Male;B.Tech~B.Sc;ECE~ME~Civil;7~9;2;4~5;5~7;6~8;82~91;4~6;2;0;Placed
18~21;Male;B.Tech~B.Sc;ECE~ME~Civil;7~9;2;4~5;5~7;6~8;82~91;4~6;2;0;Placed
18~21;Male;B.Tech~B.Sc;ECE~ME~Civil;7~9;2;4~5;5~7;6~8;82~91;4~6;2;0;Placed
18~21;Male;B.Tech~B.Sc;ECE~ME~Civil;7~9;2;4~5;5~7;6~8;82~91;4~6;2;0;Placed
18~21;Male;B.Tech~B.Sc;ECE~ME~Civil;7~9;2;4~5;5~7;6~8;82~91;4~6;2;0;Placed
18~20;Male;BCA;ECE~ME~Civil;7~9;2~3;4~5;6~7;6~7;87~100;4~6;2~3;0~2;Not Placed
18~20;Male;BCA;ECE~ME~Civil;7~9;2~3;4~5;6~7;6~7;87~100;4~6;2~3;0~2;Placed
18~20;Male;BCA;ECE~ME~Civil;7~9;2~3;4~5;6~7;6~7;87~100;4~6;2~3;0~2;Placed
18~20;Male;BCA;ECE~ME~Civil;7~9;2~3;4~5;6~7;6~7;87~100;4~6;2~3;0~2;Placed
18~20;Male;BCA;ECE~ME~Civil;7~9;2~3;4~5;6~7;6~7;87~100;4~6;2~3;0~2;Placed
18~21;Male;B.Sc~BCA;ECE~ME;7~9;2~3;4~5;6~7;6~9;82~100;7;2~3;0~1;Placed
18~21;Male;B.Sc~BCA;ECE~ME;7~9;2~3;4~5;6~7;6~9;82~100;7;2~3;0~1;Placed
18~21;Male;B.Sc~BCA;ECE~ME;7~9;2~3;4~5;6~7;6~9;82~100;7;2~3;0~1;Placed
18~21;Male;B.Sc~BCA;ECE~ME;7~9;2~3;4~5;6~7;6~9;82~100;7;2~3;0~1;Placed
18~21;Male;B.Sc~BCA;ECE~ME;7~9;2~3;4~5;6~7;6~9;82~100;7;2~3;0~1;Placed
18~21;Male;B.Sc~BCA;ECE~ME;7~9;2~3;4~5;6~7;6~9;82~100;7;2~3;0~1;Placed
18~21;Male;B.Tech~B.Sc~BCA;ECE~ME;7~8;2~3;5;8~9;4~6;65~79;3~5;2~3;0~1;Not Placed
18~21;Male;B.Tech~B.Sc~BCA;ECE~ME;7~8;2~3;5;8~9;4~6;65~79;3~5;2~3;0~1;Not Placed
18~21;Male;B.Tech~B.Sc~BCA;ECE~ME;7~8;2~3;5;8~9;4~6;65~79;3~5;2~3;0~1;Placed
18~21;Male;B.Tech~B.Sc~BCA;ECE~ME;7~8;2~3;5;8~9;4~6;65~79;3~5;2~3;0~1;Not Placed
18~21;Male;B.Tech~B.Sc~BCA;ECE~ME;7~8;2~3;5;8~9;4~6;65~79;3~5;2~3;0~1;Not Placed
18~21;Male;B.Tech~B.Sc~BCA;ECE~ME;7~8;2~3;5;8~9;4~6;65~79;3~5;2~3;0~1;Not Placed
18~21;Male;B.Tech~B.Sc~BCA;ECE~ME;7~8;2~3;5;8~9;4~6;65~79;3~5;2~3;0~1;Placed
18~21;Male;B.Tech~B.Sc~BCA;ECE~ME;7~8;2~3;5;8~9;4~6;65~79;3~5;2~3;0~1;Placed
18~21;Male;B.Tech~B.Sc~BCA;ECE~ME~Civil;7~8;2~3;5;8~10;3~6;69~79;6~7;2~3;0~2;Placed
18~21;Male;B.Tech~B.Sc~BCA;ECE~ME~Civil;7~8;2~3;5;8~10;3~6;69~79;6~7;2~3;0~2;Placed
18~21;Male;B.Tech~B.Sc~BCA;ECE~ME~Civil;7~8;2~3;5;8~10;3~6;69~79;6~7;2~3;0~2;Not Placed
18~21;Male;B.Tech~B.Sc~BCA;ECE~ME~Civil;7~8;2~3;5;8~10;3~6;69~79;6~7;2~3;0~2;Not Placed
18~21;Male;B.Tech~B.Sc~BCA;ECE~ME~Civil;7~8;2~3;5;8~10;3~6;69~79;6~7;2~3;0~2;Not Placed
18~21;Male;B.Tech~B.Sc~BCA;ECE~ME~Civil;7~8;2~3;5;8~10;3~6;69~79;6~7;2~3;0~2;Placed
18~21;Male;B.Tech~B.Sc~BCA;ECE~ME~Civil;7~8;2~3;5;8~10;3~6;69~79;6~7;2~3;0~2;Not Placed
18~21;Male;B.Tech~B.Sc~BCA;ECE~ME~Civil;7~8;2~3;5;8~10;3~6;69~79;6~7;2~3;0~2;Placed
18~21;Male;B.Tech~B.Sc~BCA;ME~Civil;7~8;2~3;5;8~9;4~6;82~96;5~6;3;0~2;Placed
18~21;Male;B.Tech~B.Sc~BCA;ME~Civil;7~8;2~3;5;8~9;4~6;82~96;5~6;3;0~2;Not Placed
18~21;Male;B.Tech~B.Sc~BCA;ME~Civil;7~8;2~3;5;8~9;4~6;82~96;5~6;3;0~2;Not Placed
18~21;Male;B.Tech~B.Sc~BCA;ME~Civil;7~8;2~3;5;8~9;4~6;82~96;5~6;3;0~2;Placed
18~21;Male;B.Tech~B.Sc~BCA;ME~Civil;7~8;2~3;5;8~9;4~6;82~96;5~6;3;0~2;Not Placed
18~21;Male;B.Tech~B.Sc~BCA;ME~Civil;7~8;2~3;5;8~9;4~6;82~96;5~6;3;0~2;Placed
18~20;Male;B.Tech~B.Sc~BCA;ECE~ME~Civil;8~9;2~3;5;8~9;2~6;83~95;3~8;3;0~1;Placed
18~20;Male;B.Tech~B.Sc~BCA;ECE~ME~Civil;8~9;2~3;5;8~9;2~6;83~95;3~8;3;0~1;Placed
18~20;Male;B.Tech~B.Sc~BCA;ECE~ME~Civil;8~9;2~3;5;8~9;2~6;83~95;3~8;3;0~1;Not Placed
18~20;Male;B.Tech~B.Sc~BCA;ECE~ME~Civil;8~9;2~3;5;8~9;2~6;83~95;3~8;3;0~1;Placed
18~20;Male;B.Tech~B.Sc~BCA;ECE~ME~Civil;8~9;2~3;5;8~9;2~6;83~95;3~8;3;0~1;Placed
18~20;Male;B.Tech~B.Sc~BCA;ECE~ME~Civil;8~9;2~3;5;8~9;2~6;83~95;3~8;3;0~1;Placed
18~20;Male;B.Tech~B.Sc~BCA;ECE~ME;7~8;2~3;5;8~10;7~9;58~80;5~7;2~3;0;Placed
18~20;Male;B.Tech~B.Sc~BCA;ECE~ME;7~8;2~3;5;8~10;7~9;58~80;5~7;2~3;0;Placed
18~20;Male;B.Tech~B.Sc~BCA;ECE~ME;7~8;2~3;5;8~10;7~9;58~80;5~7;2~3;0;Placed
18~20;Male;B.Tech~B.Sc~BCA;ECE~ME;7~8;2~3;5;8~10;7~9;58~80;5~7;2~3;0;Placed
18~20;Male;B.Tech~B.Sc~BCA;ECE~ME;7~8;2~3;5;8~10;7~9;58~80;5~7;2~3;0;Placed
19~21;Male;B.Tech~B.Sc~BCA;ECE~ME~Civil;7~7;2~3;5;8~9;7~8;63~74;5~7;2~3;1~2;Placed
19~21;Male;B.Tech~B.Sc~BCA;ECE~ME~Civil;7~7;2~3;5;8~9;7~8;63~74;5~7;2~3;1~2;Placed
19~21;Male;B.Tech~B.Sc~BCA;ECE~ME~Civil;7~7;2~3;5;8~9;7~8;63~74;5~7;2~3;1~2;Not Placed
19~21;Male;B.Tech~B.Sc~BCA;ECE~ME~Civil;7~7;2~3;5;8~9;7~8;63~74;5~7;2~3;1~2;Placed
19~21;Male;B.Tech~B.Sc~BCA;ECE~ME~Civil;7~7;2~3;5;8~9;7~8;63~74;5~7;2~3;1~2;Placed
18~21;Male;B.Tech~B.Sc~BCA;ECE~ME~Civil;7~8;2~3;5;8~9;7~8;82~91;4~9;3;0~1;Placed
18~21;Male;B.Tech~B.Sc~BCA;ECE~ME~Civil;7~8;2~3;5;8~9;7~8;82~91;4~9;3;0~1;Placed
18~21;Male;B.Tech~B.Sc~BCA;ECE~ME~Civil;7~8;2~3;5;8~9;7~8;82~91;4~9;3;0~1;Placed
18~21;Male;B.Tech~B.Sc~BCA;ECE~ME~Civil;7~8;2~3;5;8~9;7~8;82~91;4~9;3;0~1;Placed
18~21;Male;B.Tech~B.Sc~BCA;ECE~ME~Civil;7~8;2~3;5;8~9;7~8;82~91;4~9;3;0~1;Placed
18~21;Male;B.Tech~B.Sc~BCA;ECE~ME;8~9;2;5;8;7~8;81~100;3~8;3;0~1;Placed
18~21;Male;B.Tech~B.Sc~BCA;ECE~ME;8~9;2;5;8;7~8;81~100;3~8;3;0~1;Placed
18~21;Male;B.Tech~B.Sc~BCA;ECE~ME;8~9;2;5;8;7~8;81~100;3~8;3;0~1;Placed
18~21;Male;B.Tech~B.Sc~BCA;ECE~ME;8~9;2;5;8;7~8;81~100;3~8;3;0~1;Placed
18~21;Male;B.Tech~B.Sc~BCA;ECE~ME;8~9;2;5;8;7~8;81~100;3~8;3;0~1;Placed
18~21;Male;B.Sc~BCA;ME~Civil;8~9;2~3;6;9~10;5~8;80~98;6~8;3;0;Placed
18~21;Male;B.Sc~BCA;ME~Civil;8~9;2~3;6;9~10;5~8;80~98;6~8;3;0;Placed
18~21;Male;B.Sc~BCA;ME~Civil;8~9;2~3;6;9~10;5~8;80~98;6~8;3;0;Placed
18~21;Male;B.Sc~BCA;ME~Civil;8~9;2~3;6;9~10;5~8;80~98;6~8;3;0;Placed
18~21;Male;B.Sc~BCA;ME~Civil;8~9;2~3;6;9~10;5~8;80~98;6~8;3;0;Placed
18~19;Male;B.Tech~B.Sc~BCA;CSE~IT;4~6;0;2~3;3~4;3~5;35~58;2~5;1;2~3;Not Placed
18~19;Male;B.Tech~B.Sc~BCA;CSE~IT;4~6;0;2~3;3~4;3~5;35~58;2~5;1;2~3;Not Placed
18~19;Male;B.Tech~B.Sc~BCA;CSE~IT;4~6;0;2~3;3~4;3~5;35~58;2~5;1;2~3;Not Placed
18~19;Male;B.Tech~B.Sc~BCA;CSE~IT;4~6;0;2~3;3~4;3~5;35~58;2~5;1;2~3;Not Placed
18~19;Male;B.Tech~B.Sc~BCA;CSE~IT;4~6;0;2~3;3~4;3~5;35~58;2~5;1;2~3;Not Placed
18~19;Male;B.Tech~B.Sc~BCA;CSE~IT;4~6;0;2~3;3~4;3~5;35~58;2~5;1;2~3;Not Placed
20~21;Male;B.Tech~B.Sc~BCA;CSE~IT;4~5;0;2~3;2~4;4~5;44~58;3~5;1;1~3;Not Placed
20~21;Male;B.Tech~B.Sc~BCA;CSE~IT;4~5;0;2~3;2~4;4~5;44~58;3~5;1;1~3;Not Placed
20~21;Male;B.Tech~B.Sc~BCA;CSE~IT;4~5;0;2~3;2~4;4~5;44~58;3~5;1;1~3;Not Placed
20~21;Male;B.Tech~B.Sc~BCA;CSE~IT;4~5;0;2~3;2~4;4~5;44~58;3~5;1;1~3;Not Placed
20~21;Male;B.Tech~B.Sc~BCA;CSE~IT;4~5;0;2~3;2~4;4~5;44~58;3~5;1;1~3;Not Placed
20~21;Male;B.Tech~B.Sc~BCA;CSE~IT;4~5;0;2~3;2~4;4~5;44~58;3~5;1;1~3;Not Placed
18~21;Male;B.Tech~B.Sc~BCA;CSE~IT;4~6;0;2~3;2~4;4~5;41~58;6~8;1;1~3;Not Placed
18~21;Male;B.Tech~B.Sc~BCA;CSE~IT;4~6;0;2~3;2~4;4~5;41~58;6~8;1;1~3;Not Placed
18~21;Male;B.Tech~B.Sc~BCA;CSE~IT;4~6;0;2~3;2~4;4~5;41~58;6~8;1;1~3;Not Placed
18~21;Male;B.Tech~B.Sc~BCA;CSE~IT;4~6;0;2~3;2~4;4~5;41~58;6~8;1;1~3;Not Placed
18~21;Male;B.Tech~B.Sc~BCA;CSE~IT;4~6;0;2~3;2~4;4~5;41~58;6~8;1;1~3;Not Placed
18~21;Male;B.Tech~B.Sc~BCA;CSE~IT;4~6;0;2~3;2~4;4~5;41~58;6~8;1;1~3;Not Placed
18~21;Male;B.Tech~B.Sc~BCA;CSE~IT;4~6;0;2~3;2~4;4~5;41~58;6~8;1;1~3;Not Placed
18~21;Male;B.Tech~B.Sc~BCA;CSE~IT;5~6;0;2~3;2~4;2~5;60~84;3~5;1~2;0~2;Not Placed
18~21;Male;B.Tech~B.Sc~BCA;CSE~IT;5~6;0;2~3;2~4;2~5;60~84;3~5;1~2;0~2;Not Placed
18~21;Male;B.Tech~B.Sc~BCA;CSE~IT;5~6;0;2~3;2~4;2~5;60~84;3~5;1~2;0~2;Not Placed
18~21;Male;B.Tech~B.Sc~BCA;CSE~IT;5~6;0;2~3;2~4;2~5;60~84;3~5;1~2;0~2;Not Placed
18~21;Male;B.Tech~B.Sc~BCA;CSE~IT;5~6;0;2~3;2~4;2~5;60~84;3~5;1~2;0~2;Not Placed
18~21;Male;B.Tech~B.Sc~BCA;CSE~IT;5~6;0;2~3;2~4;2~5;60~84;3~5;1~2;0~2;Not Placed
18~21;Male;B.Tech~B.Sc~BCA;CSE~IT;5~6;0;2~3;2~4;2~5;60~84;3~5;1~2;0~2;Not Placed
18~21;Male;B.Tech~B.Sc~BCA;CSE~IT;5~6;0;2~3;2~4;2~5;60~84;3~5;1~2;0~2;Not Placed
19~21;Male;B.Tech~B.Sc~BCA;CSE~IT;5~6;0;2~3;2~4;3~5;59~83;6~7;1~2;0~3;Not Placed
19~21;Male;B.Tech~B.Sc~BCA;CSE~IT;5~6;0;2~3;2~4;3~5;59~83;6~7;1~2;0~3;Not Placed
19~21;Male;B.Tech~B.Sc~BCA;CSE~IT;5~6;0;2~3;2~4;3~5;59~83;6~7;1~2;0~3;Not Placed
19~21;Male;B.Tech~B.Sc~BCA;CSE~IT;5~6;0;2~3;2~4;3~5;59~83;6~7;1~2;0~3;Not Placed
19~21;Male;B.Tech~B.Sc~BCA;CSE~IT;5~6;0;2~3;2~4;3~5;59~83;6~7;1~2;0~3;Not Placed
19~21;Male;B.Tech~B.Sc~BCA;CSE~IT;5~6;0;2~3;2~4;3~5;59~83;6~7;1~2;0~3;Not Placed
19~21;Male;B.Tech~B.Sc~BCA;CSE~IT;5~6;0;2~3;2~4;3~5;59~83;6~7;1~2;0~3;Not Placed
19~21;Male;B.Tech~B.Sc~BCA;CSE~IT;5~6;0;2~3;2~4;3~5;59~83;6~7;1~2;0~3;Not Placed
18~20;Male;B.Tech~B.Sc~BCA;CSE~IT;4~6;0;2~3;3~4;6~8;41~58;3~7;1;0~1;Not Placed
18~20;Male;B.Tech~B.Sc~BCA;CSE~IT;4~6;0;2~3;3~4;6~8;41~58;3~7;1;0~1;Not Placed
18~20;Male;B.Tech~B.Sc~BCA;CSE~IT;4~6;0;2~3;3~4;6~8;41~58;3~7;1;0~1;Not Placed
18~20;Male;B.Tech~B.Sc~BCA;CSE~IT;4~6;0;2~3;3~4;6~8;41~58;3~7;1;0~1;Not Placed
18~20;Male;B.Tech~B.Sc~BCA;CSE~IT;4~6;0;2~3;3~4;6~8;41~58;3~7;1;0~1;Not Placed
18~20;Male;B.Tech~B.Sc~BCA;CSE~IT;4~6;0;2~3;3~4;6~8;41~58;3~7;1;0~1;Not Placed
18~20;Male;B.Tech~B.Sc~BCA;CSE~IT;4~6;0;2~3;3~4;6~8;41~58;3~7;1;0~1;Not Placed
18~20;Male;B.Tech~B.Sc~BCA;CSE~IT;4~6;0;2~3;3~4;6~8;41~58;3~7;1;0~1;Not Placed
18~21;Male;B.Tech~B.Sc~BCA;CSE~IT;5~5;0;2~3;3~4;6~8;47~57;5~7;1;2;Not Placed
18~21;Male;B.Tech~B.Sc~BCA;CSE~IT;5~5;0;2~3;3~4;6~8;47~57;5~7;1;2;Not Placed
18~21;Male;B.Tech~B.Sc~BCA;CSE~IT;5~5;0;2~3;3~4;6~8;47~57;5~7;1;2;Not Placed
18~21;Male;B.Tech~B.Sc~BCA;CSE~IT;5~5;0;2~3;3~4;6~8;47~57;5~7;1;2;Not Placed
18~21;Male;B.Tech~B.Sc~BCA;CSE~IT;5~5;0;2~3;3~4;6~8;47~57;5~7;1;2;Not Placed
18~21;Male;B.Tech~B.Sc~BCA;CSE~IT;5~5;0;2~3;3~4;6~8;47~57;5~7;1;2;Not Placed
18~21;Male;B.Tech~B.Sc~BCA;CSE~IT;5~6;0;2~3;3~4;6~8;61~90;3~5;1~2;0~3;Not Placed
18~21;Male;B.Tech~B.Sc~BCA;CSE~IT;5~6;0;2~3;3~4;6~8;61~90;3~5;1~2;0~3;Not Placed
18~21;Male;B.Tech~B.Sc~BCA;CSE~IT;5~6;0;2~3;3~4;6~8;61~90;3~5;1~2;0~3;Not Placed
18~21;Male;B.Tech~B.Sc~BCA;CSE~IT;5~6;0;2~3;3~4;6~8;61~90;3~5;1~2;0~3;Not Placed
18~21;Male;B.Tech~B.Sc~BCA;CSE~IT;5~6;0;2~3;3~4;6~8;61~90;3~5;1~2;0~3;Not Placed
18~21;Male;B.Tech~B.Sc~BCA;CSE~IT;5~6;0;2~3;3~4;6~8;61~90;3~5;1~2;0~3;Not Placed
18~21;Male;B.Tech~B.Sc~BCA;CSE~IT;5~6;0;2~3;3~4;6~8;61~90;3~5;1~2;0~3;Not Placed
18~21;Male;B.Tech~B.Sc~BCA;CSE~IT;5~6;0;2~3;2~4;6~7;60~87;6~8;1~2;0~3;Not Placed
18~21;Male;B.Tech~B.Sc~BCA;CSE~IT;5~6;0;2~3;2~4;6~7;60~87;6~8;1~2;0~3;Not Placed
18~21;Male;B.Tech~B.Sc~BCA;CSE~IT;5~6;0;2~3;2~4;6~7;60~87;6~8;1~2;0~3;Not Placed
18~21;Male;B.Tech~B.Sc~BCA;CSE~IT;5~6;0;2~3;2~4;6~7;60~87;6~8;1~2;0~3;Not Placed
18~21;Male;B.Tech~B.Sc~BCA;CSE~IT;5~6;0;2~3;2~4;6~7;60~87;6~8;1~2;0~3;Not Placed
18~21;Male;B.Tech~B.Sc~BCA;CSE~IT;5~6;0;2~3;2~4;6~7;60~87;6~8;1~2;0~3;Not Placed
18~21;Male;B.Tech~B.Sc~BCA;CSE~IT;4~6;0;3;5~6;2~5;35~53;3~5;1~2;0~3;Not Placed
18~21;Male;B.Tech~B.Sc~BCA;CSE~IT;4~6;0;3;5~6;2~5;35~53;3~5;1~2;0~3;Not Placed
18~21;Male;B.Tech~B.Sc~BCA;CSE~IT;4~6;0;3;5~6;2~5;35~53;3~5;1~2;0~3;Not Placed
18~21;Male;B.Tech~B.Sc~BCA;CSE~IT;4~6;0;3;5~6;2~5;35~53;3~5;1~2;0~3;Not Placed
18~21;Male;B.Tech~B.Sc~BCA;CSE~IT;4~6;0;3;5~6;2~5;35~53;3~5;1~2;0~3;Not Placed
18~21;Male;B.Tech~B.Sc~BCA;CSE~IT;4~6;0;3;5~6;2~5;35~53;3~5;1~2;0~3;Not Placed
19~21;Male;B.Tech~B.Sc~BCA;CSE~IT;4~6;0;3;5~7;4~5;35~48;6;1~2;1~2;Not Placed
19~21;Male;B.Tech~B.Sc~BCA;CSE~IT;4~6;0;3;5~7;4~5;35~48;6;1~2;1~2;Not Placed
19~21;Male;B.Tech~B.Sc~BCA;CSE~IT;4~6;0;3;5~7;4~5;35~48;6;1~2;1~2;Not Placed
19~21;Male;B.Tech~B.Sc~BCA;CSE~IT;4~6;0;3;5~7;4~5;35~48;6;1~2;1~2;Not Placed
19~21;Male;B.Tech~B.Sc~BCA;CSE~IT;4~6;0;3;5~7;4~5;35~48;6;1~2;1~2;Not Placed
18~19;Male;B.Tech~B.Sc~BCA;CSE~IT;5~6;0;3;5;3~5;55~69;2~6;1~2;0~2;Not Placed
18~19;Male;B.Tech~B.Sc~BCA;CSE~IT;5~6;0;3;5;3~5;55~69;2~6;1~2;0~2;Not Placed
18~19;Male;B.Tech~B.Sc~BCA;CSE~IT;5~6;0;3;5;3~5;55~69;2~6;1~2;0~2;Not Placed
18~19;Male;B.Tech~B.Sc~BCA;CSE~IT;5~6;0;3;5;3~5;55~69;2~6;1~2;0~2;Placed
18~19;Male;B.Tech~B.Sc~BCA;CSE~IT;5~6;0;3;5;3~5;55~69;2~6;1~2;0~2;Placed
18~19;Male;B.Tech~B.Sc~BCA;CSE~IT;5~6;0;3;5;3~5;55~69;2~6;1~2;0~2;Not Placed
18~19;Male;B.Tech~B.Sc~BCA;CSE~IT;5~6;0;3;5;3~5;55~69;2~6;1~2;0~2;Not Placed
20~21;Male;B.Sc~BCA;CSE~IT;5~6;0;3;5~6;4~5;54~69;4~8;2;0~3;Not Placed
20~21;Male;B.Sc~BCA;CSE~IT;5~6;0;3;5~6;4~5;54~69;4~8;2;0~3;Not Placed
20~21;Male;B.Sc~BCA;CSE~IT;5~6;0;3;5~6;4~5;54~69;4~8;2;0~3;Not Placed
20~21;Male;B.Sc~BCA;CSE~IT;5~6;0;3;5~6;4~5;54~69;4~8;2;0~3;Placed
20~21;Male;B.Sc~BCA;CSE~IT;5~6;0;3;5~6;4~5;54~69;4~8;2;0~3;Not Placed
19~21;Male;B.Tech~B.Sc~BCA;CSE~IT;4~6;0;3;5~6;6;42~59;5~8;1~2;1;Not Placed
19~21;Male;B.Tech~B.Sc~BCA;CSE~IT;4~6;0;3;5~6;6;42~59;5~8;1~2;1;Not Placed
19~21;Male;B.Tech~B.Sc~BCA;CSE~IT;4~6;0;3;5~6;6;42~59;5~8;1~2;1;Placed
19~21;Male;B.Tech~B.Sc~BCA;CSE~IT;4~6;0;3;5~6;6;42~59;5~8;1~2;1;Not Placed
19~21;Male;B.Tech~B.Sc~BCA;CSE~IT;4~6;0;3;5~6;6;42~59;5~8;1~2;1;Not Placed
19~21;Male;B.Tech~B.Sc~BCA;CSE~IT;4~6;0;3;5~6;6;42~59;5~8;1~2;1;Not Placed
18~21;Male;B.Tech~B.Sc~BCA;CSE~IT;5~6;0;3;5~6;6~7;47~59;2~7;1~2;2~3;Not Placed
18~21;Male;B.Tech~B.Sc~BCA;CSE~IT;5~6;0;3;5~6;6~7;47~59;2~7;1~2;2~3;Not Placed
18~21;Male;B.Tech~B.Sc~BCA;CSE~IT;5~6;0;3;5~6;6~7;47~59;2~7;1~2;2~3;Not Placed
18~21;Male;B.Tech~B.Sc~BCA;CSE~IT;5~6;0;3;5~6;6~7;47~59;2~7;1~2;2~3;Not Placed
18~21;Male;B.Tech~B.Sc~BCA;CSE~IT;5~6;0;3;5~6;6~7;47~59;2~7;1~2;2~3;Not Placed
18~21;Male;B.Tech~B.Sc~BCA;CSE~IT;5~6;0;3;5~6;6~7;47~59;2~7;1~2;2~3;Not Placed
18~20;Male;B.Tech~B.Sc~BCA;CSE~IT;5~6;0;3;5~6;6~7;63~90;4~8;2;0~3;Not Placed
18~20;Male;B.Tech~B.Sc~BCA;CSE~IT;5~6;0;3;5~6;6~7;63~90;4~8;2;0~3;Not Placed
18~20;Male;B.Tech~B.Sc~BCA;CSE~IT;5~6;0;3;5~6;6~7;63~90;4~8;2;0~3;Placed
18~20;Male;B.Tech~B.Sc~BCA;CSE~IT;5~6;0;3;5~6;6~7;63~90;4~8;2;0~3;Not Placed
18~20;Male;B.Tech~B.Sc~BCA;CSE~IT;5~6;0;3;5~6;6~7;63~90;4~8;2;0~3;Placed
18~20;Male;B.Tech~B.Sc~BCA;CSE~IT;5~6;0;3;5~6;6~7;63~90;4~8;2;0~3;Not Placed
18~20;Male;B.Tech~B.Sc~BCA;CSE~IT;5~6;0;3;5~6;6~7;63~90;4~8;2;0~3;Not Placed
18~20;Male;B.Tech~B.Sc~BCA;CSE~IT;5~6;0;3;5~6;6~7;63~90;4~8;2;0~3;Not Placed
18~20;Male;B.Tech~B.Sc;CSE~IT;5~6;0;4;6~7;4~6;40~65;5~7;2;0~1;Not Placed
18~20;Male;B.Tech~B.Sc;CSE~IT;5~6;0;4;6~7;4~6;40~65;5~7;2;0~1;Not Placed
18~20;Male;B.Tech~B.Sc;CSE~IT;5~6;0;4;6~7;4~6;40~65;5~7;2;0~1;Not Placed
18~20;Male;B.Tech~B.Sc;CSE~IT;5~6;0;4;6~7;4~6;40~65;5~7;2;0~1;Not Placed
18~20;Male;B.Tech~B.Sc;CSE~IT;5~6;0;4;6~7;4~6;40~65;5~7;2;0~1;Not Placed
18~20;Male;B.Tech~B.Sc;CSE~IT;5~6;0;4;6~7;4~6;40~65;5~7;2;0~1;Not Placed
18~20;Male;B.Tech~B.Sc;CSE~IT;5~6;0;4;6~7;4~6;40~65;5~7;2;0~1;Placed
19~21;Male;BCA;CSE~IT;6~6;0;4;6~7;3~6;48~65;4~8;2;0~1;Not Placed
19~21;Male;BCA;CSE~IT;6~6;0;4;6~7;3~6;48~65;4~8;2;0~1;Not Placed
19~21;Male;BCA;CSE~IT;6~6;0;4;6~7;3~6;48~65;4~8;2;0~1;Placed
19~21;Male;BCA;CSE~IT;6~6;0;4;6~7;3~6;48~65;4~8;2;0~1;Not Placed
19~21;Male;BCA;CSE~IT;6~6;0;4;6~7;3~6;48~65;4~8;2;0~1;Not Placed
19~21;Male;BCA;CSE~IT;6~6;0;4;6~7;3~6;48~65;4~8;2;0~1;Placed
19~21;Male;BCA;CSE~IT;6~6;0;4;6~7;3~6;48~65;4~8;2;0~1;Placed
18~21;Male;B.Sc~BCA;CSE~IT;5~6;0;4;6~7;4~6;49~63;4~6;2;2~3;Not Placed
18~21;Male;B.Sc~BCA;CSE~IT;5~6;0;4;6~7;4~6;49~63;4~6;2;2~3;Not Placed
18~21;Male;B.Sc~BCA;CSE~IT;5~6;0;4;6~7;4~6;49~63;4~6;2;2~3;Not Placed
18~21;Male;B.Sc~BCA;CSE~IT;5~6;0;4;6~7;4~6;49~63;4~6;2;2~3;Not Placed
18~21;Male;B.Sc~BCA;CSE~IT;5~6;0;4;6~7;4~6;49~63;4~6;2;2~3;Not Placed
18~21;Male;B.Sc~BCA;CSE~IT;5~6;0;4;6~7;4~6;49~63;4~6;2;2~3;Not Placed
18~21;Male;B.Sc~BCA;CSE~IT;5~6;0;4;6~7;4~6;49~63;4~6;2;2~3;Not Placed
18~21;Male;B.Sc~BCA;CSE~IT;5~6;0;4;6~7;4~6;49~63;4~6;2;2~3;Not Placed
18~21;Male;B.Tech~B.Sc;CSE~IT;5~6;0;4;6~7;3~6;69~89;3~5;2;0~1;Placed
18~21;Male;B.Tech~B.Sc;CSE~IT;5~6;0;4;6~7;3~6;69~89;3~5;2;0~1;Not Placed
18~21;Male;B.Tech~B.Sc;CSE~IT;5~6;0;4;6~7;3~6;69~89;3~5;2;0~1;Not Placed
18~21;Male;B.Tech~B.Sc;CSE~IT;5~6;0;4;6~7;3~6;69~89;3~5;2;0~1;Placed
18~21;Male;B.Tech~B.Sc;CSE~IT;5~6;0;4;6~7;3~6;69~89;3~5;2;0~1;Not Placed
18~21;Male;B.Tech~B.Sc;CSE~IT;5~6;0;4;6~7;3~6;69~89;3~5;2;0~1;Not Placed
18~21;Male;B.Tech~B.Sc;CSE~IT;5~6;0;4;6~7;3~6;69~89;3~5;2;0~1;Not Placed
18~21;Male;B.Tech~B.Sc~BCA;CSE;6~6;0;4;6~7;4~6;66~83;2~5;2;2~3;Not Placed
18~21;Male;B.Tech~B.Sc~BCA;CSE;6~6;0;4;6~7;4~6;66~83;2~5;2;2~3;Not Placed
18~21;Male;B.Tech~B.Sc~BCA;CSE;6~6;0;4;6~7;4~6;66~83;2~5;2;2~3;Not Placed
18~21;Male;B.Tech~B.Sc~BCA;CSE;6~6;0;4;6~7;4~6;66~83;2~5;2;2~3;Not Placed
18~21;Male;B.Tech~B.Sc~BCA;CSE;6~6;0;4;6~7;4~6;66~83;2~5;2;2~3;Not Placed
18~21;Male;B.Tech~B.Sc~BCA;CSE;6~6;0;4;6~7;4~6;66~83;2~5;2;2~3;Not Placed
18~21;Male;B.Tech~B.Sc~BCA;CSE;6~6;0;4;6~7;4~6;66~83;2~5;2;2~3;Not Placed
18~21;Male;B.Tech~B.Sc~BCA;CSE;6~6;0;4;6~7;4~6;66~83;2~5;2;2~3;Not Placed
18~19;Male;B.Tech~B.Sc~BCA;CSE~IT;6~6;0;4;6~7;2~6;66~82;6~9;2;0~3;Not Placed
18~19;Male;B.Tech~B.Sc~BCA;CSE~IT;6~6;0;4;6~7;2~6;66~82;6~9;2;0~3;Not Placed
18~19;Male;B.Tech~B.Sc~BCA;CSE~IT;6~6;0;4;6~7;2~6;66~82;6~9;2;0~3;Not Placed
18~19;Male;B.Tech~B.Sc~BCA;CSE~IT;6~6;0;4;6~7;2~6;66~82;6~9;2;0~3;Not Placed
18~19;Male;B.Tech~B.Sc~BCA;CSE~IT;6~6;0;4;6~7;2~6;66~82;6~9;2;0~3;Placed
18~19;Male;B.Tech~B.Sc~BCA;CSE~IT;6~6;0;4;6~7;2~6;66~82;6~9;2;0~3;Not Placed
18~19;Male;B.Tech~B.Sc~BCA;CSE~IT;6~6;0;4;6~7;2~6;66~82;6~9;2;0~3;Not Placed
18~21;Male;B.Tech~B.Sc~BCA;CSE~IT;6~6;0;4;6~7;7~8;45~63;3~5;2;0~3;Placed
18~21;Male;B.Tech~B.Sc~BCA;CSE~IT;6~6;0;4;6~7;7~8;45~63;3~5;2;0~3;Placed
18~21;Male;B.Tech~B.Sc~BCA;CSE~IT;6~6;0;4;6~7;7~8;45~63;3~5;2;0~3;Not Placed
18~21;Male;B.Tech~B.Sc~BCA;CSE~IT;6~6;0;4;6~7;7~8;45~63;3~5;2;0~3;Not Placed
18~21;Male;B.Tech~B.Sc~BCA;CSE~IT;6~6;0;4;6~7;7~8;45~63;3~5;2;0~3;Not Placed
18~21;Male;B.Tech~B.Sc~BCA;CSE~IT;6~6;0;4;6~7;7~8;45~63;3~5;2;0~3;Not Placed
19~21;Male;B.Tech~B.Sc~BCA;CSE~IT;5~6;0;4;6~7;7~8;41~66;6~7;2;0~3;Not Placed
19~21;Male;B.Tech~B.Sc~BCA;CSE~IT;5~6;0;4;6~7;7~8;41~66;6~7;2;0~3;Not Placed
19~21;Male;B.Tech~B.Sc~BCA;CSE~IT;5~6;0;4;6~7;7~8;41~66;6~7;2;0~3;Placed
19~21;Male;B.Tech~B.Sc~BCA;CSE~IT;5~6;0;4;6~7;7~8;41~66;6~7;2;0~3;Not Placed
19~21;Male;B.Tech~B.Sc~BCA;CSE~IT;5~6;0;4;6~7;7~8;41~66;6~7;2;0~3;Not Placed
19~21;Male;B.Tech~B.Sc~BCA;CSE~IT;5~6;0;4;6~7;7~8;41~66;6~7;2;0~3;Placed
18~19;Male;B.Tech~B.Sc~BCA;CSE~IT;6~6;0;4;6~7;7~10;68~81;3~8;2;0~1;Not Placed
18~19;Male;B.Tech~B.Sc~BCA;CSE~IT;6~6;0;4;6~7;7~10;68~81;3~8;2;0~1;Placed
18~19;Male;B.Tech~B.Sc~BCA;CSE~IT;6~6;0;4;6~7;7~10;68~81;3~8;2;0~1;Not Placed
18~19;Male;B.Tech~B.Sc~BCA;CSE~IT;6~6;0;4;6~7;7~10;68~81;3~8;2;0~1;Placed
18~19;Male;B.Tech~B.Sc~BCA;CSE~IT;6~6;0;4;6~7;7~10;68~81;3~8;2;0~1;Placed
18~19;Male;B.Tech~B.Sc~BCA;CSE~IT;6~6;0;4;6~7;7~10;68~81;3~8;2;0~1;Placed
18~19;Male;B.Tech~B.Sc~BCA;CSE~IT;6~6;0;4;6~7;7~10;68~81;3~8;2;0~1;Placed
20~21;Male;B.Tech~B.Sc~BCA;CSE~IT;5~6;0;4;6~7;7~8;68~86;5~7;2;0~3;Not Placed
20~21;Male;B.Tech~B.Sc~BCA;CSE~IT;5~6;0;4;6~7;7~8;68~86;5~7;2;0~3;Placed
20~21;Male;B.Tech~B.Sc~BCA;CSE~IT;5~6;0;4;6~7;7~8;68~86;5~7;2;0~3;Not Placed
20~21;Male;B.Tech~B.Sc~BCA;CSE~IT;5~6;0;4;6~7;7~8;68~86;5~7;2;0~3;Placed
20~21;Male;B.Tech~B.Sc~BCA;CSE~IT;5~6;0;4;6~7;7~8;68~86;5~7;2;0~3;Placed
18~21;Male;B.Tech~B.Sc~BCA;CSE~IT;5~6;0;4~5;8~10;4~6;52~61;4~8;2~3;0~3;Not Placed
18~21;Male;B.Tech~B.Sc~BCA;CSE~IT;5~6;0;4~5;8~10;4~6;52~61;4~8;2~3;0~3;Not Placed
18~21;Male;B.Tech~B.Sc~BCA;CSE~IT;5~6;0;4~5;8~10;4~6;52~61;4~8;2~3;0~3;Not Placed
18~21;Male;B.Tech~B.Sc~BCA;CSE~IT;5~6;0;4~5;8~10;4~6;52~61;4~8;2~3;0~3;Placed
18~21;Male;B.Tech~B.Sc~BCA;CSE~IT;5~6;0;4~5;8~10;4~6;52~61;4~8;2~3;0~3;Not Placed
18~21;Male;B.Tech~B.Sc~BCA;CSE~IT;5~6;0;4~5;8~10;4~6;52~61;4~8;2~3;0~3;Not Placed
18~21;Male;B.Tech~B.Sc~BCA;CSE~IT;5~6;0;4~5;8~10;4~6;52~61;4~8;2~3;0~3;Not Placed
18~21;Male;B.Tech~B.Sc~BCA;CSE~IT;5~6;0;4~5;8~10;4~6;52~61;4~8;2~3;0~3;Not Placed
18~21;Male;B.Sc~BCA;CSE~IT;5~6;0;4~5;8~9;4~6;63~93;4~8;2~3;0~3;Placed
18~21;Male;B.Sc~BCA;CSE~IT;5~6;0;4~5;8~9;4~6;63~93;4~8;2~3;0~3;Not Placed
18~21;Male;B.Sc~BCA;CSE~IT;5~6;0;4~5;8~9;4~6;63~93;4~8;2~3;0~3;Not Placed
18~21;Male;B.Sc~BCA;CSE~IT;5~6;0;4~5;8~9;4~6;63~93;4~8;2~3;0~3;Placed
18~21;Male;B.Sc~BCA;CSE~IT;5~6;0;4~5;8~9;4~6;63~93;4~8;2~3;0~3;Placed
18~21;Male;B.Sc~BCA;CSE~IT;5~6;0;4~5;8~9;4~6;63~93;4~8;2~3;0~3;Placed
18~21;Male;B.Sc~BCA;CSE~IT;5~6;0;4~5;8~9;4~6;63~93;4~8;2~3;0~3;Placed
18~21;Male;B.Sc~BCA;CSE~IT;5~6;0;4~5;8~9;4~6;63~93;4~8;2~3;0~3;Placed
18~21;Male;B.Sc~BCA;CSE~IT;5~6;0;4~5;8~9;4~6;63~93;4~8;2~3;0~3;Placed
19~20;Male;B.Tech~B.Sc~BCA;CSE~IT;5~6;0;4~5;8~10;7~9;54~61;4~7;2~3;0~2;Placed
19~20;Male;B.Tech~B.Sc~BCA;CSE~IT;5~6;0;4~5;8~10;7~9;54~61;4~7;2~3;0~2;Not Placed
19~20;Male;B.Tech~B.Sc~BCA;CSE~IT;5~6;0;4~5;8~10;7~9;54~61;4~7;2~3;0~2;Not Placed
19~20;Male;B.Tech~B.Sc~BCA;CSE~IT;5~6;0;4~5;8~10;7~9;54~61;4~7;2~3;0~2;Placed
19~20;Male;B.Tech~B.Sc~BCA;CSE~IT;5~6;0;4~5;8~10;7~9;54~61;4~7;2~3;0~2;Not Placed
18~20;Male;B.Tech~B.Sc~BCA;CSE~IT;6~6;0;4~5;8~9;7~9;69~89;5~7;2~3;0~2;Placed
18~20;Male;B.Tech~B.Sc~BCA;CSE~IT;6~6;0;4~5;8~9;7~9;69~89;5~7;2~3;0~2;Not Placed
18~20;Male;B.Tech~B.Sc~BCA;CSE~IT;6~6;0;4~5;8~9;7~9;69~89;5~7;2~3;0~2;Not Placed
18~20;Male;B.Tech~B.Sc~BCA;CSE~IT;6~6;0;4~5;8~9;7~9;69~89;5~7;2~3;0~2;Placed
18~20;Male;B.Tech~B.Sc~BCA;CSE~IT;6~6;0;4~5;8~9;7~9;69~89;5~7;2~3;0~2;Placed
18~21;Male;B.Tech~B.Sc~BCA;CSE~IT;4~6;1~2;2~3;2~5;3~5;35~56;3~5;0~1;0~3;Not Placed
18~21;Male;B.Tech~B.Sc~BCA;CSE~IT;4~6;1~2;2~3;2~5;3~5;35~56;3~5;0~1;0~3;Not Placed
18~21;Male;B.Tech~B.Sc~BCA;CSE~IT;4~6;1~2;2~3;2~5;3~5;35~56;3~5;0~1;0~3;Not Placed
18~21;Male;B.Tech~B.Sc~BCA;CSE~IT;4~6;1~2;2~3;2~5;3~5;35~56;3~5;0~1;0~3;Not Placed
18~21;Male;B.Tech~B.Sc~BCA;CSE~IT;4~6;1~2;2~3;2~5;3~5;35~56;3~5;0~1;0~3;Not Placed
18~21;Male;B.Tech~B.Sc~BCA;CSE~IT;4~6;1~2;2~3;2~5;3~5;35~56;3~5;0~1;0~3;Not Placed
18~21;Male;B.Tech~B.Sc~BCA;CSE~IT;4~6;1~2;2~3;2~5;3~5;35~56;3~5;0~1;0~3;Not Placed
18~21;Male;B.Tech~B.Sc~BCA;CSE~IT;4~6;1~2;2~3;2~5;3~5;35~56;3~5;0~1;0~3;Not Placed
19~21;Male;B.Tech~B.Sc~BCA;CSE~IT;6~6;1~2;3~4;5~6;2~5;49~61;4~5;2;0~2;Not Placed
19~21;Male;B.Tech~B.Sc~BCA;CSE~IT;6~6;1~2;3~4;5~6;2~5;49~61;4~5;2;0~2;Placed
19~21;Male;B.Tech~B.Sc~BCA;CSE~IT;6~6;1~2;3~4;5~6;2~5;49~61;4~5;2;0~2;Not Placed
19~21;Male;B.Tech~B.Sc~BCA;CSE~IT;6~6;1~2;3~4;5~6;2~5;49~61;4~5;2;0~2;Not Placed
19~21;Male;B.Tech~B.Sc~BCA;CSE~IT;6~6;1~2;3~4;5~6;2~5;49~61;4~5;2;0~2;Not Placed
19~21;Male;B.Tech~B.Sc~BCA;CSE~IT;6~6;1~2;3~4;5~6;2~5;49~61;4~5;2;0~2;Not Placed
18~20;Male;B.Tech~B.Sc~BCA;CSE~IT;5~6;1~2;2~3;3~5;2~5;41~61;6~7;1;1~3;Not Placed
18~20;Male;B.Tech~B.Sc~BCA;CSE~IT;5~6;1~2;2~3;3~5;2~5;41~61;6~7;1;1~3;Not Placed
18~20;Male;B.Tech~B.Sc~BCA;CSE~IT;5~6;1~2;2~3;3~5;2~5;41~61;6~7;1;1~3;Not Placed
18~20;Male;B.Tech~B.Sc~BCA;CSE~IT;5~6;1~2;2~3;3~5;2~5;41~61;6~7;1;1~3;Not Placed
18~20;Male;B.Tech~B.Sc~BCA;CSE~IT;5~6;1~2;2~3;3~5;2~5;41~61;6~7;1;1~3;Not Placed
18~20;Male;B.Tech~B.Sc~BCA;CSE~IT;5~6;1~2;2~3;3~5;2~5;41~61;6~7;1;1~3;Not Placed
18~20;Male;B.Tech~B.Sc~BCA;CSE~IT;5~6;1~2;2~3;3~5;2~5;41~61;6~7;1;1~3;Not Placed
18~20;Male;B.Tech~B.Sc~BCA;CSE~IT;5~6;1~2;2~3;3~5;2~5;41~61;6~7;1;1~3;Not Placed
18~21;Male;B.Sc~BCA;CSE~IT;5~6;1~2;3~4;5~6;3~5;46~61;6~8;2;0~2;Not Placed
18~21;Male;B.Sc~BCA;CSE~IT;5~6;1~2;3~4;5~6;3~5;46~61;6~8;2;0~2;Not Placed
18~21;Male;B.Sc~BCA;CSE~IT;5~6;1~2;3~4;5~6;3~5;46~61;6~8;2;0~2;Not Placed
18~21;Male;B.Sc~BCA;CSE~IT;5~6;1~2;3~4;5~6;3~5;46~61;6~8;2;0~2;Not Placed
18~21;Male;B.Sc~BCA;CSE~IT;5~6;1~2;3~4;5~6;3~5;46~61;6~8;2;0~2;Not Placed
18~21;Male;B.Sc~BCA;CSE~IT;5~6;1~2;3~4;5~6;3~5;46~61;6~8;2;0~2;Not Placed
18~21;Male;B.Sc~BCA;CSE~IT;5~6;1~2;3~4;5~6;3~5;46~61;6~8;2;0~2;Placed
18~21;Male;B.Tech~B.Sc;CSE~IT;5~6;1~2;3~4;4~6;3~5;63~80;4~6;1~2;0~1;Placed
18~21;Male;B.Tech~B.Sc;CSE~IT;5~6;1~2;3~4;4~6;3~5;63~80;4~6;1~2;0~1;Placed
18~21;Male;B.Tech~B.Sc;CSE~IT;5~6;1~2;3~4;4~6;3~5;63~80;4~6;1~2;0~1;Not Placed
18~21;Male;B.Tech~B.Sc;CSE~IT;5~6;1~2;3~4;4~6;3~5;63~80;4~6;1~2;0~1;Not Placed
18~21;Male;B.Tech~B.Sc;CSE~IT;5~6;1~2;3~4;4~6;3~5;63~80;4~6;1~2;0~1;Not Placed
18~21;Male;B.Tech~B.Sc;CSE~IT;5~6;1~2;3~4;4~6;3~5;63~80;4~6;1~2;0~1;Not Placed
18~21;Male;B.Tech~B.Sc;CSE~IT;5~6;1~2;3~4;4~6;3~5;63~80;4~6;1~2;0~1;Not Placed
18~21;Male;BCA;CSE~IT;6~6;1~2;3~4;5~6;1~5;67~78;4~6;2;0~1;Placed
18~21;Male;BCA;CSE~IT;6~6;1~2;3~4;5~6;1~5;67~78;4~6;2;0~1;Placed
18~21;Male;BCA;CSE~IT;6~6;1~2;3~4;5~6;1~5;67~78;4~6;2;0~1;Not Placed
18~21;Male;BCA;CSE~IT;6~6;1~2;3~4;5~6;1~5;67~78;4~6;2;0~1;Not Placed
18~21;Male;BCA;CSE~IT;6~6;1~2;3~4;5~6;1~5;67~78;4~6;2;0~1;Not Placed
19~21;Male;B.Tech~B.Sc~BCA;CSE~IT;5~6;1~2;3~4;4~6;4~5;63~78;4~6;1~2;2~3;Not Placed
19~21;Male;B.Tech~B.Sc~BCA;CSE~IT;5~6;1~2;3~4;4~6;4~5;63~78;4~6;1~2;2~3;Not Placed
19~21;Male;B.Tech~B.Sc~BCA;CSE~IT;5~6;1~2;3~4;4~6;4~5;63~78;4~6;1~2;2~3;Not Placed
19~21;Male;B.Tech~B.Sc~BCA;CSE~IT;5~6;1~2;3~4;4~6;4~5;63~78;4~6;1~2;2~3;Not Placed
19~21;Male;B.Tech~B.Sc~BCA;CSE~IT;5~6;1~2;3~4;4~6;4~5;63~78;4~6;1~2;2~3;Not Placed
19~21;Male;B.Tech~B.Sc~BCA;CSE~IT;5~6;1~2;3~4;4~6;4~5;63~78;4~6;1~2;2~3;Not Placed
19~21;Male;B.Tech~B.Sc~BCA;CSE~IT;5~6;1~2;3~4;4~6;4~5;63~78;4~6;1~2;2~3;Not Placed
19~21;Male;B.Tech~B.Sc~BCA;CSE~IT;5~6;1~2;3~4;4~6;4~5;63~78;4~6;1~2;2~3;Not Placed
19~21;Male;B.Tech~B.Sc~BCA;CSE~IT;5~6;1~2;3~4;4~6;4~5;63~78;4~6;1~2;2~3;Not Placed
19~21;Male;B.Tech~B.Sc;CSE~IT;5~6;1~2;3~4;4~6;3~5;63~81;7;1~2;0~3;Not Placed
19~21;Male;B.Tech~B.Sc;CSE~IT;5~6;1~2;3~4;4~6;3~5;63~81;7;1~2;0~3;Not Placed
19~21;Male;B.Tech~B.Sc;CSE~IT;5~6;1~2;3~4;4~6;3~5;63~81;7;1~2;0~3;Not Placed
19~21;Male;B.Tech~B.Sc;CSE~IT;5~6;1~2;3~4;4~6;3~5;63~81;7;1~2;0~3;Not Placed
19~21;Male;B.Tech~B.Sc;CSE~IT;5~6;1~2;3~4;4~6;3~5;63~81;7;1~2;0~3;Not Placed
19~21;Male;B.Tech~B.Sc;CSE~IT;5~6;1~2;3~4;4~6;3~5;63~81;7;1~2;0~3;Not Placed
19~21;Male;B.Tech~B.Sc;CSE~IT;5~6;1~2;3~4;4~6;3~5;63~81;7;1~2;0~3;Not Placed
18~21;Male;B.Tech~B.Sc;CSE~IT;4~6;1~2;3;4~6;6~8;36~61;4~5;1~2;0~3;Not Placed
18~21;Male;B.Tech~B.Sc;CSE~IT;4~6;1~2;3;4~6;6~8;36~61;4~5;1~2;0~3;Not Placed
18~21;Male;B.Tech~B.Sc;CSE~IT;4~6;1~2;3;4~6;6~8;36~61;4~5;1~2;0~3;Not Placed
18~21;Male;B.Tech~B.Sc;CSE~IT;4~6;1~2;3;4~6;6~8;36~61;4~5;1~2;0~3;Not Placed
18~21;Male;B.Tech~B.Sc;CSE~IT;4~6;1~2;3;4~6;6~8;36~61;4~5;1~2;0~3;Not Placed
18~21;Male;B.Tech~B.Sc;CSE~IT;4~6;1~2;3;4~6;6~8;36~61;4~5;1~2;0~3;Not Placed
18~21;Male;B.Tech~B.Sc;CSE~IT;4~6;1~2;3;4~6;6~8;36~61;4~5;1~2;0~3;Not Placed
20~21;Male;BCA;CSE~IT;4~6;1;2~3;4~5;6~7;42~58;4~5;1;2~3;Not Placed
20~21;Male;BCA;CSE~IT;4~6;1;2~3;4~5;6~7;42~58;4~5;1;2~3;Not Placed
20~21;Male;BCA;CSE~IT;4~6;1;2~3;4~5;6~7;42~58;4~5;1;2~3;Not Placed
20~21;Male;BCA;CSE~IT;4~6;1;2~3;4~5;6~7;42~58;4~5;1;2~3;Not Placed
20~21;Male;BCA;CSE~IT;4~6;1;2~3;4~5;6~7;42~58;4~5;1;2~3;Not Placed
18~19;Male;B.Sc~BCA;CSE~IT;4~6;1~2;2~4;3~6;6~8;43~61;6;1~2;0~3;Not Placed
18~19;Male;B.Sc~BCA;CSE~IT;4~6;1~2;2~4;3~6;6~8;43~61;6;1~2;0~3;Not Placed
18~19;Male;B.Sc~BCA;CSE~IT;4~6;1~2;2~4;3~6;6~8;43~61;6;1~2;0~3;Not Placed
18~19;Male;B.Sc~BCA;CSE~IT;4~6;1~2;2~4;3~6;6~8;43~61;6;1~2;0~3;Placed
18~19;Male;B.Sc~BCA;CSE~IT;4~6;1~2;2~4;3~6;6~8;43~61;6;1~2;0~3;Not Placed
20~21;Male;B.Tech~B.Sc~BCA;CSE~IT;5~6;1;3~4;4~6;6~8;45~61;6~8;1~2;0~2;Not Placed
20~21;Male;B.Tech~B.Sc~BCA;CSE~IT;5~6;1;3~4;4~6;6~8;45~61;6~8;1~2;0~2;Not Placed
20~21;Male;B.Tech~B.Sc~BCA;CSE~IT;5~6;1;3~4;4~6;6~8;45~61;6~8;1~2;0~2;Not Placed
20~21;Male;B.Tech~B.Sc~BCA;CSE~IT;5~6;1;3~4;4~6;6~8;45~61;6~8;1~2;0~2;Not Placed
20~21;Male;B.Tech~B.Sc~BCA;CSE~IT;5~6;1;3~4;4~6;6~8;45~61;6~8;1~2;0~2;Placed
18~21;Male;B.Tech~B.Sc~BCA;CSE~IT;6~6;1~2;3~4;5~6;6~7;62~77;3~5;2;0~2;Not Placed
18~21;Male;B.Tech~B.Sc~BCA;CSE~IT;6~6;1~2;3~4;5~6;6~7;62~77;3~5;2;0~2;Placed
18~21;Male;B.Tech~B.Sc~BCA;CSE~IT;6~6;1~2;3~4;5~6;6~7;62~77;3~5;2;0~2;Placed
18~21;Male;B.Tech~B.Sc~BCA;CSE~IT;6~6;1~2;3~4;5~6;6~7;62~77;3~5;2;0~2;Not Placed
18~21;Male;B.Tech~B.Sc~BCA;CSE~IT;6~6;1~2;3~4;5~6;6~7;62~77;3~5;2;0~2;Not Placed
18~21;Male;B.Tech~B.Sc~BCA;CSE~IT;6~6;1~2;3~4;5~6;6~7;62~77;3~5;2;0~2;Not Placed
18~20;Male;B.Tech~B.Sc~BCA;CSE~IT;6~6;1~2;3~4;5~6;6~7;62~82;3~5;2;0~1;Placed
18~20;Male;B.Tech~B.Sc~BCA;CSE~IT;6~6;1~2;3~4;5~6;6~7;62~82;3~5;2;0~1;Placed
18~20;Male;B.Tech~B.Sc~BCA;CSE~IT;6~6;1~2;3~4;5~6;6~7;62~82;3~5;2;0~1;Placed
18~20;Male;B.Tech~B.Sc~BCA;CSE~IT;6~6;1~2;3~4;5~6;6~7;62~82;3~5;2;0~1;Placed
18~20;Male;B.Tech~B.Sc~BCA;CSE~IT;6~6;1~2;3~4;5~6;6~7;62~82;3~5;2;0~1;Placed
18~20;Male;B.Tech~B.Sc~BCA;CSE~IT;6~6;1~2;3~4;5~6;6~7;62~82;3~5;2;0~1;Placed
18~20;Male;B.Tech~B.Sc~BCA;CSE~IT;6~6;1~2;3~4;4~6;6~9;67~88;6~7;1~2;0;Placed
18~20;Male;B.Tech~B.Sc~BCA;CSE~IT;6~6;1~2;3~4;4~6;6~9;67~88;6~7;1~2;0;Placed
18~20;Male;B.Tech~B.Sc~BCA;CSE~IT;6~6;1~2;3~4;4~6;6~9;67~88;6~7;1~2;0;Not Placed
18~20;Male;B.Tech~B.Sc~BCA;CSE~IT;6~6;1~2;3~4;4~6;6~9;67~88;6~7;1~2;0;Placed
18~20;Male;B.Tech~B.Sc~BCA;CSE~IT;6~6;1~2;3~4;4~6;6~9;67~88;6~7;1~2;0;Placed
18~20;Male;B.Tech~B.Sc~BCA;CSE~IT;6~6;1~2;3~4;4~6;6~9;67~88;6~7;1~2;0;Placed
18~21;Male;B.Sc~BCA;CSE~IT;6~7;1;3~4;5~6;6~7;66~83;6~7;2;1~2;Placed
18~21;Male;B.Sc~BCA;CSE~IT;6~7;1;3~4;5~6;6~7;66~83;6~7;2;1~2;Placed
18~21;Male;B.Sc~BCA;CSE~IT;6~7;1;3~4;5~6;6~7;66~83;6~7;2;1~2;Not Placed
18~21;Male;B.Sc~BCA;CSE~IT;6~7;1;3~4;5~6;6~7;66~83;6~7;2;1~2;Not Placed
18~21;Male;B.Sc~BCA;CSE~IT;6~7;1;3~4;5~6;6~7;66~83;6~7;2;1~2;Not Placed
18~21;Male;B.Tech~B.Sc~BCA;CSE~IT;6~7;1~2;4;7~8;2~6;42~61;4~5;2;0~1;Placed
18~21;Male;B.Tech~B.Sc~BCA;CSE~IT;6~7;1~2;4;7~8;2~6;42~61;4~5;2;0~1;Not Placed
18~21;Male;B.Tech~B.Sc~BCA;CSE~IT;6~7;1~2;4;7~8;2~6;42~61;4~5;2;0~1;Not Placed
18~21;Male;B.Tech~B.Sc~BCA;CSE~IT;6~7;1~2;4;7~8;2~6;42~61;4~5;2;0~1;Not Placed
18~21;Male;B.Tech~B.Sc~BCA;CSE~IT;6~7;1~2;4;7~8;2~6;42~61;4~5;2;0~1;Not Placed
18~21;Male;B.Tech~B.Sc~BCA;CSE~IT;6~7;1~2;4;7~8;2~6;42~61;4~5;2;0~1;Not Placed
18~21;Male;B.Tech~B.Sc~BCA;CSE~IT;6~7;1~2;4;7~8;2~6;42~61;4~5;2;0~1;Not Placed
18~21;Male;B.Tech~B.Sc~BCA;CSE~IT;6~7;1~2;4;7~8;2~6;42~61;4~5;2;0~1;Not Placed
18~21;Male;B.Tech~B.Sc~BCA;CSE~IT;5~6;1~2;4;7~8;3~6;47~62;2~5;2;2~3;Not Placed
18~21;Male;B.Tech~B.Sc~BCA;CSE~IT;5~6;1~2;4;7~8;3~6;47~62;2~5;2;2~3;Not Placed
18~21;Male;B.Tech~B.Sc~BCA;CSE~IT;5~6;1~2;4;7~8;3~6;47~62;2~5;2;2~3;Not Placed
18~21;Male;B.Tech~B.Sc~BCA;CSE~IT;5~6;1~2;4;7~8;3~6;47~62;2~5;2;2~3;Not Placed
18~21;Male;B.Tech~B.Sc~BCA;CSE~IT;5~6;1~2;4;7~8;3~6;47~62;2~5;2;2~3;Not Placed
18~21;Male;B.Tech~B.Sc~BCA;CSE~IT;5~6;1~2;4;7~8;3~6;47~62;2~5;2;2~3;Not Placed
18~21;Male;B.Tech~B.Sc~BCA;CSE~IT;5~6;1~2;4;7~8;3~6;47~62;2~5;2;2~3;Not Placed
18~21;Male;B.Tech~B.Sc~BCA;CSE~IT;5~6;1~2;4;7~8;4~6;46~62;6~7;2;0~2;Not Placed
18~21;Male;B.Tech~B.Sc~BCA;CSE~IT;5~6;1~2;4;7~8;4~6;46~62;6~7;2;0~2;Placed
18~21;Male;B.Tech~B.Sc~BCA;CSE~IT;5~6;1~2;4;7~8;4~6;46~62;6~7;2;0~2;Not Placed
18~21;Male;B.Tech~B.Sc~BCA;CSE~IT;5~6;1~2;4;7~8;4~6;46~62;6~7;2;0~2;Not Placed
18~21;Male;B.Tech~B.Sc~BCA;CSE~IT;5~6;1~2;4;7~8;4~6;46~62;6~7;2;0~2;Not Placed
18~21;Male;B.Tech~B.Sc~BCA;CSE~IT;5~6;1~2;4;7~8;4~6;46~62;6~7;2;0~2;Placed
18~21;Male;B.Tech~B.Sc~BCA;CSE~IT;5~6;1~2;4;7~8;4~6;46~62;6~7;2;0~2;Not Placed
18~21;Male;B.Tech~B.Sc~BCA;CSE~IT;5~6;1~2;4;7~8;4~6;46~62;6~7;2;0~2;Not Placed
18~21;Male;B.Tech~B.Sc~BCA;CSE~IT;5~6;1~2;4;7~8;4~6;46~62;6~7;2;0~2;Not Placed
18~21;Male;B.Tech~B.Sc~BCA;CSE~IT;5~7;1;4;7~8;2~6;64~78;4~6;2;0~1;Not Placed
18~21;Male;B.Tech~B.Sc~BCA;CSE~IT;5~7;1;4;7~8;2~6;64~78;4~6;2;0~1;Placed
18~21;Male;B.Tech~B.Sc~BCA;CSE~IT;5~7;1;4;7~8;2~6;64~78;4~6;2;0~1;Placed
18~21;Male;B.Tech~B.Sc~BCA;CSE~IT;5~7;1;4;7~8;2~6;64~78;4~6;2;0~1;Placed
18~21;Male;B.Tech~B.Sc~BCA;CSE~IT;5~7;1;4;7~8;2~6;64~78;4~6;2;0~1;Not Placed
18~21;Male;B.Tech~B.Sc~BCA;CSE~IT;5~7;1;4;7~8;2~6;64~78;4~6;2;0~1;Not Placed
18~21;Male;B.Tech~B.Sc~BCA;CSE~IT;5~7;1;4;7~8;2~6;64~78;4~6;2;0~1;Not Placed
18~21;Male;B.Tech~B.Sc~BCA;CSE~IT;5~7;1;4;7~8;2~6;64~78;4~6;2;0~1;Placed
18~20;Male;B.Tech~B.Sc~BCA;CSE~IT;6~7;2~3;4;7~8;4~6;63~80;5~6;2;0~1;Not Placed
18~20;Male;B.Tech~B.Sc~BCA;CSE~IT;6~7;2~3;4;7~8;4~6;63~80;5~6;2;0~1;Placed
18~20;Male;B.Tech~B.Sc~BCA;CSE~IT;6~7;2~3;4;7~8;4~6;63~80;5~6;2;0~1;Not Placed
18~20;Male;B.Tech~B.Sc~BCA;CSE~IT;6~7;2~3;4;7~8;4~6;63~80;5~6;2;0~1;Not Placed
18~20;Male;B.Tech~B.Sc~BCA;CSE~IT;6~7;2~3;4;7~8;4~6;63~80;5~6;2;0~1;Placed
18~20;Male;B.Tech~B.Sc~BCA;CSE~IT;6~7;2~3;4;7~8;4~6;63~80;5~6;2;0~1;Placed
18~20;Male;B.Tech~B.Sc~BCA;CSE~IT;6~6;1~2;4;7~8;5~6;68~82;4~5;2;2;Not Placed
18~20;Male;B.Tech~B.Sc~BCA;CSE~IT;6~6;1~2;4;7~8;5~6;68~82;4~5;2;2;Not Placed
18~20;Male;B.Tech~B.Sc~BCA;CSE~IT;6~6;1~2;4;7~8;5~6;68~82;4~5;2;2;Not Placed
18~20;Male;B.Tech~B.Sc~BCA;CSE~IT;6~6;1~2;4;7~8;5~6;68~82;4~5;2;2;Not Placed
18~20;Male;B.Tech~B.Sc~BCA;CSE~IT;6~6;1~2;4;7~8;5~6;68~82;4~5;2;2;Not Placed
18~21;Male;B.Tech~B.Sc~BCA;CSE~IT;6~6;1~2;4;7~8;5~6;64~84;7~8;2;0~2;Placed
18~21;Male;B.Tech~B.Sc~BCA;CSE~IT;6~6;1~2;4;7~8;5~6;64~84;7~8;2;0~2;Placed
18~21;Male;B.Tech~B.Sc~BCA;CSE~IT;6~6;1~2;4;7~8;5~6;64~84;7~8;2;0~2;Not Placed
18~21;Male;B.Tech~B.Sc~BCA;CSE~IT;6~6;1~2;4;7~8;5~6;64~84;7~8;2;0~2;Not Placed
18~21;Male;B.Tech~B.Sc~BCA;CSE~IT;6~6;1~2;4;7~8;5~6;64~84;7~8;2;0~2;Not Placed
18~21;Male;B.Tech~B.Sc~BCA;CSE~IT;5~6;1~2;4;7~8;7~9;37~59;4~8;2;0~1;Placed
18~21;Male;B.Tech~B.Sc~BCA;CSE~IT;5~6;1~2;4;7~8;7~9;37~59;4~8;2;0~1;Not Placed
18~21;Male;B.Tech~B.Sc~BCA;CSE~IT;5~6;1~2;4;7~8;7~9;37~59;4~8;2;0~1;Not Placed
18~21;Male;B.Tech~B.Sc~BCA;CSE~IT;5~6;1~2;4;7~8;7~9;37~59;4~8;2;0~1;Not Placed
18~21;Male;B.Tech~B.Sc~BCA;CSE~IT;5~6;1~2;4;7~8;7~9;37~59;4~8;2;0~1;Placed
18~21;Male;B.Tech~B.Sc~BCA;CSE~IT;5~6;1~2;4;7~8;7~9;37~59;4~8;2;0~1;Not Placed
18~21;Male;B.Tech~B.Sc~BCA;CSE~IT;5~6;1~2;4;7~8;7~9;37~59;4~8;2;0~1;Placed
18~19;Male;B.Tech~B.Sc;CSE~IT;5~6;1~2;4;7~8;7~8;44~58;4~6;2;2~3;Not Placed
18~19;Male;B.Tech~B.Sc;CSE~IT;5~6;1~2;4;7~8;7~8;44~58;4~6;2;2~3;Not Placed
18~19;Male;B.Tech~B.Sc;CSE~IT;5~6;1~2;4;7~8;7~8;44~58;4~6;2;2~3;Not Placed
18~19;Male;B.Tech~B.Sc;CSE~IT;5~6;1~2;4;7~8;7~8;44~58;4~6;2;2~3;Not Placed
18~19;Male;B.Tech~B.Sc;CSE~IT;5~6;1~2;4;7~8;7~8;44~58;4~6;2;2~3;Not Placed
18~21;Male;B.Tech~B.Sc~BCA;CSE~IT;6~6;1~2;4;7~8;7~10;61~80;3~7;2;0~1;Placed
18~21;Male;B.Tech~B.Sc~BCA;CSE~IT;6~6;1~2;4;7~8;7~10;61~80;3~7;2;0~1;Placed
18~21;Male;B.Tech~B.Sc~BCA;CSE~IT;6~6;1~2;4;7~8;7~10;61~80;3~7;2;0~1;Not Placed
18~21;Male;B.Tech~B.Sc~BCA;CSE~IT;6~6;1~2;4;7~8;7~10;61~80;3~7;2;0~1;Placed
18~21;Male;B.Tech~B.Sc~BCA;CSE~IT;6~6;1~2;4;7~8;7~10;61~80;3~7;2;0~1;Not Placed
18~21;Male;B.Tech~B.Sc~BCA;CSE~IT;6~6;1~2;4;7~8;7~10;61~80;3~7;2;0~1;Placed
18~21;Male;B.Tech~B.Sc~BCA;CSE~IT;6~6;1~2;4;7~8;7~10;61~80;3~7;2;0~1;Placed
18~21;Male;B.Tech~B.Sc;CSE~IT;6~7;1~2;4;7~8;7~8;63~75;4~8;2;2~3;Not Placed
18~21;Male;B.Tech~B.Sc;CSE~IT;6~7;1~2;4;7~8;7~8;63~75;4~8;2;2~3;Not Placed
18~21;Male;B.Tech~B.Sc;CSE~IT;6~7;1~2;4;7~8;7~8;63~75;4~8;2;2~3;Not Placed
18~21;Male;B.Tech~B.Sc;CSE~IT;6~7;1~2;4;7~8;7~8;63~75;4~8;2;2~3;Not Placed
18~21;Male;B.Tech~B.Sc;CSE~IT;6~7;1~2;4;7~8;7~8;63~75;4~8;2;2~3;Not Placed
18~21;Male;B.Tech~B.Sc;CSE~IT;6~7;1~2;4;7~8;7~8;63~75;4~8;2;2~3;Not Placed
18~21;Male;B.Tech~B.Sc~BCA;CSE~IT;6~7;1~2;5;8~10;3~8;48~59;3~6;2~3;0~2;Placed
18~21;Male;B.Tech~B.Sc~BCA;CSE~IT;6~7;1~2;5;8~10;3~8;48~59;3~6;2~3;0~2;Placed
18~21;Male;B.Tech~B.Sc~BCA;CSE~IT;6~7;1~2;5;8~10;3~8;48~59;3~6;2~3;0~2;Not Placed
18~21;Male;B.Tech~B.Sc~BCA;CSE~IT;6~7;1~2;5;8~10;3~8;48~59;3~6;2~3;0~2;Not Placed
18~21;Male;B.Tech~B.Sc~BCA;CSE~IT;6~7;1~2;5;8~10;3~8;48~59;3~6;2~3;0~2;Not Placed
18~21;Male;B.Tech~B.Sc~BCA;CSE~IT;6~7;1~2;5;8~10;3~8;48~59;3~6;2~3;0~2;Not Placed
18~21;Male;B.Tech~B.Sc~BCA;CSE~IT;6~7;1~2;5;8~10;3~8;48~59;3~6;2~3;0~2;Not Placed
18~21;Male;B.Tech~B.Sc~BCA;CSE~IT;6~7;1~3;5;8~10;3~8;61~77;2~6;2~3;0~2;Not Placed
18~21;Male;B.Tech~B.Sc~BCA;CSE~IT;6~7;1~3;5;8~10;3~8;61~77;2~6;2~3;0~2;Placed
18~21;Male;B.Tech~B.Sc~BCA;CSE~IT;6~7;1~3;5;8~10;3~8;61~77;2~6;2~3;0~2;Not Placed
18~21;Male;B.Tech~B.Sc~BCA;CSE~IT;6~7;1~3;5;8~10;3~8;61~77;2~6;2~3;0~2;Not Placed
18~21;Male;B.Tech~B.Sc~BCA;CSE~IT;6~7;1~3;5;8~10;3~8;61~77;2~6;2~3;0~2;Placed
18~21;Male;B.Tech~B.Sc~BCA;CSE~IT;6~7;1~3;5;8~10;3~8;61~77;2~6;2~3;0~2;Placed
18~21;Male;B.Tech~B.Sc~BCA;CSE~IT;6~7;1~3;5;8~10;3~8;61~77;2~6;2~3;0~2;Not Placed
18~21;Male;B.Tech~B.Sc~BCA;CSE~IT;7~7;0~1;3~4;3~6;2~6;58~77;4~6;1~2;0;Placed
18~21;Male;B.Tech~B.Sc~BCA;CSE~IT;7~7;0~1;3~4;3~6;2~6;58~77;4~6;1~2;0;Not Placed
18~21;Male;B.Tech~B.Sc~BCA;CSE~IT;7~7;0~1;3~4;3~6;2~6;58~77;4~6;1~2;0;Not Placed
18~21;Male;B.Tech~B.Sc~BCA;CSE~IT;7~7;0~1;3~4;3~6;2~6;58~77;4~6;1~2;0;Not Placed
18~21;Male;B.Tech~B.Sc~BCA;CSE~IT;7~7;0~1;3~4;3~6;2~6;58~77;4~6;1~2;0;Not Placed
18~21;Male;B.Tech~B.Sc~BCA;CSE~IT;7~7;0~1;3~4;3~6;2~6;58~77;4~6;1~2;0;Placed
18~21;Male;B.Tech~B.Sc~BCA;CSE~IT;7~7;0~1;3~4;3~6;2~6;58~77;4~6;1~2;0;Placed
18~21;Male;B.Tech~B.Sc~BCA;CSE~IT;7~8;0~1;3~4;4~6;4~6;65~76;5~6;1~2;0;Placed
18~21;Male;B.Tech~B.Sc~BCA;CSE~IT;7~8;0~1;3~4;4~6;4~6;65~76;5~6;1~2;0;Placed
18~21;Male;B.Tech~B.Sc~BCA;CSE~IT;7~8;0~1;3~4;4~6;4~6;65~76;5~6;1~2;0;Placed
18~21;Male;B.Tech~B.Sc~BCA;CSE~IT;7~8;0~1;3~4;4~6;4~6;65~76;5~6;1~2;0;Placed
18~21;Male;B.Tech~B.Sc~BCA;CSE~IT;7~8;0~1;3~4;4~6;4~6;65~76;5~6;1~2;0;Not Placed
18~21;Male;B.Tech~B.Sc~BCA;CSE~IT;7~8;0~1;3~4;4~6;4~6;65~76;5~6;1~2;0;Not Placed
18~21;Male;B.Tech~B.Sc~BCA;CSE~IT;7~8;0~1;3~4;4~6;4~6;65~76;5~6;1~2;0;Placed
18~21;Male;B.Tech~B.Sc~BCA;CSE~IT;7~7;0;3~4;4~6;4~5;52~77;3~6;1~2;1~2;Placed
18~21;Male;B.Tech~B.Sc~BCA;CSE~IT;7~7;0;3~4;4~6;4~5;52~77;3~6;1~2;1~2;Not Placed
18~21;Male;B.Tech~B.Sc~BCA;CSE~IT;7~7;0;3~4;4~6;4~5;52~77;3~6;1~2;1~2;Not Placed
18~21;Male;B.Tech~B.Sc~BCA;CSE~IT;7~7;0;3~4;4~6;4~5;52~77;3~6;1~2;1~2;Not Placed
18~21;Male;B.Tech~B.Sc~BCA;CSE~IT;7~7;0;3~4;4~6;4~5;52~77;3~6;1~2;1~2;Placed
18~20;Male;B.Tech~B.Sc~BCA;CSE~IT;7~7;0~1;3~4;3~6;4~6;52~73;4~6;1~2;1~2;Not Placed
18~20;Male;B.Tech~B.Sc~BCA;CSE~IT;7~7;0~1;3~4;3~6;4~6;52~73;4~6;1~2;1~2;Placed
18~20;Male;B.Tech~B.Sc~BCA;CSE~IT;7~7;0~1;3~4;3~6;4~6;52~73;4~6;1~2;1~2;Not Placed
18~20;Male;B.Tech~B.Sc~BCA;CSE~IT;7~7;0~1;3~4;3~6;4~6;52~73;4~6;1~2;1~2;Not Placed
18~20;Male;B.Tech~B.Sc~BCA;CSE~IT;7~7;0~1;3~4;3~6;4~6;52~73;4~6;1~2;1~2;Not Placed
18~21;Male;B.Sc~BCA;CSE~IT;7~8;0~1;3~4;4~6;2~6;60~77;7~8;1~2;0~1;Not Placed
18~21;Male;B.Sc~BCA;CSE~IT;7~8;0~1;3~4;4~6;2~6;60~77;7~8;1~2;0~1;Placed
18~21;Male;B.Sc~BCA;CSE~IT;7~8;0~1;3~4;4~6;2~6;60~77;7~8;1~2;0~1;Placed
18~21;Male;B.Sc~BCA;CSE~IT;7~8;0~1;3~4;4~6;2~6;60~77;7~8;1~2;0~1;Placed
18~21;Male;B.Sc~BCA;CSE~IT;7~8;0~1;3~4;4~6;2~6;60~77;7~8;1~2;0~1;Not Placed
18~21;Male;B.Sc~BCA;CSE~IT;7~8;0~1;3~4;4~6;2~6;60~77;7~8;1~2;0~1;Not Placed
18~21;Male;B.Sc~BCA;CSE~IT;7~8;0~1;3~4;4~6;2~6;60~77;7~8;1~2;0~1;Placed
18~21;Male;B.Sc~BCA;CSE~IT;7~8;0~1;3~4;4~6;2~6;60~77;7~8;1~2;0~1;Not Placed
19~21;Male;B.Tech~B.Sc;CSE~IT;7~7;0~1;4;5~6;3~5;78~95;3~5;2;0~2;Not Placed
19~21;Male;B.Tech~B.Sc;CSE~IT;7~7;0~1;4;5~6;3~5;78~95;3~5;2;0~2;Placed
19~21;Male;B.Tech~B.Sc;CSE~IT;7~7;0~1;4;5~6;3~5;78~95;3~5;2;0~2;Not Placed
19~21;Male;B.Tech~B.Sc;CSE~IT;7~7;0~1;4;5~6;3~5;78~95;3~5;2;0~2;Not Placed
19~21;Male;B.Tech~B.Sc;CSE~IT;7~7;0~1;4;5~6;3~5;78~95;3~5;2;0~2;Not Placed
18~21;Male;B.Tech~B.Sc;IT;7~8;0~1;4;5~6;5~6;79~87;4~5;2;0~1;Placed
18~21;Male;B.Tech~B.Sc;IT;7~8;0~1;4;5~6;5~6;79~87;4~5;2;0~1;Placed
18~21;Male;B.Tech~B.Sc;IT;7~8;0~1;4;5~6;5~6;79~87;4~5;2;0~1;Placed
18~21;Male;B.Tech~B.Sc;IT;7~8;0~1;4;5~6;5~6;79~87;4~5;2;0~1;Placed
18~21;Male;B.Tech~B.Sc;IT;7~8;0~1;4;5~6;5~6;79~87;4~5;2;0~1;Placed
19~21;Male;BCA;CSE~IT;7~8;0~1;4;5~6;3~6;78~95;3~5;2;0~1;Placed
19~21;Male;BCA;CSE~IT;7~8;0~1;4;5~6;3~6;78~95;3~5;2;0~1;Placed
19~21;Male;BCA;CSE~IT;7~8;0~1;4;5~6;3~6;78~95;3~5;2;0~1;Placed
19~21;Male;BCA;CSE~IT;7~8;0~1;4;5~6;3~6;78~95;3~5;2;0~1;Placed
19~21;Male;BCA;CSE~IT;7~8;0~1;4;5~6;3~6;78~95;3~5;2;0~1;Not Placed
18~21;Male;B.Tech~B.Sc~BCA;CSE~IT;7~7;0~1;3~4;4~6;3~5;78~85;6;2;0~1;Not Placed
18~21;Male;B.Tech~B.Sc~BCA;CSE~IT;7~7;0~1;3~4;4~6;3~5;78~85;6;2;0~1;Not Placed
18~21;Male;B.Tech~B.Sc~BCA;CSE~IT;7~7;0~1;3~4;4~6;3~5;78~85;6;2;0~1;Not Placed
18~21;Male;B.Tech~B.Sc~BCA;CSE~IT;7~7;0~1;3~4;4~6;3~5;78~85;6;2;0~1;Not Placed
18~21;Male;B.Tech~B.Sc~BCA;CSE~IT;7~7;0~1;3~4;4~6;3~5;78~85;6;2;0~1;Not Placed
18~21;Male;B.Tech~B.Sc~BCA;CSE~IT;7~7;0~1;3~4;4~6;3~5;78~85;6;2;0~1;Not Placed
18~21;Male;B.Tech~B.Sc~BCA;CSE~IT;7~8;0~1;3~4;4~6;4~6;78~96;6~7;1~2;0~1;Not Placed
18~21;Male;B.Tech~B.Sc~BCA;CSE~IT;7~8;0~1;3~4;4~6;4~6;78~96;6~7;1~2;0~1;Not Placed
18~21;Male;B.Tech~B.Sc~BCA;CSE~IT;7~8;0~1;3~4;4~6;4~6;78~96;6~7;1~2;0~1;Placed
18~21;Male;B.Tech~B.Sc~BCA;CSE~IT;7~8;0~1;3~4;4~6;4~6;78~96;6~7;1~2;0~1;Placed
18~21;Male;B.Tech~B.Sc~BCA;CSE~IT;7~8;0~1;3~4;4~6;4~6;78~96;6~7;1~2;0~1;Not Placed
18~21;Male;B.Tech~B.Sc~BCA;CSE~IT;7~8;0~1;3~4;4~6;4~6;78~96;6~7;1~2;0~1;Placed
18~21;Male;B.Tech~B.Sc~BCA;CSE~IT;7~8;0~1;3~4;4~6;4~6;78~96;6~7;1~2;0~1;Placed
18~21;Male;B.Tech~B.Sc~BCA;CSE~IT;7~8;0~1;3~4;3~6;7~9;61~76;4~7;1~2;0;Placed
18~21;Male;B.Tech~B.Sc~BCA;CSE~IT;7~8;0~1;3~4;3~6;7~9;61~76;4~7;1~2;0;Not Placed
18~21;Male;B.Tech~B.Sc~BCA;CSE~IT;7~8;0~1;3~4;3~6;7~9;61~76;4~7;1~2;0;Placed
18~21;Male;B.Tech~B.Sc~BCA;CSE~IT;7~8;0~1;3~4;3~6;7~9;61~76;4~7;1~2;0;Placed
18~21;Male;B.Tech~B.Sc~BCA;CSE~IT;7~8;0~1;3~4;3~6;7~9;61~76;4~7;1~2;0;Placed
18~21;Male;B.Tech~B.Sc~BCA;CSE~IT;7~8;0~1;3~4;3~6;7~9;61~76;4~7;1~2;0;Placed
18~21;Male;B.Tech~B.Sc~BCA;CSE~IT;7~8;0~1;3~4;3~6;7~9;61~76;4~7;1~2;0;Placed
18~21;Male;B.Tech~B.Sc~BCA;CSE~IT;7~8;0~1;3~4;3~6;7~9;61~76;4~7;1~2;0;Not Placed
18~21;Male;B.Tech~B.Sc~BCA;CSE~IT;7~8;0~1;3~4;3~6;7~9;61~76;4~7;1~2;0;Placed
18~21;Male;B.Tech~B.Sc~BCA;CSE~IT;7~8;0~1;3~4;3~6;7~8;63~76;3~7;1~2;1~2;Placed
18~21;Male;B.Tech~B.Sc~BCA;CSE~IT;7~8;0~1;3~4;3~6;7~8;63~76;3~7;1~2;1~2;Placed
18~21;Male;B.Tech~B.Sc~BCA;CSE~IT;7~8;0~1;3~4;3~6;7~8;63~76;3~7;1~2;1~2;Not Placed
18~21;Male;B.Tech~B.Sc~BCA;CSE~IT;7~8;0~1;3~4;3~6;7~8;63~76;3~7;1~2;1~2;Placed
18~21;Male;B.Tech~B.Sc~BCA;CSE~IT;7~8;0~1;3~4;3~6;7~8;63~76;3~7;1~2;1~2;Placed
18~21;Male;B.Tech~B.Sc~BCA;CSE~IT;7~8;0~1;3~4;3~6;7~8;63~76;3~7;1~2;1~2;Placed
18~21;Male;B.Tech~B.Sc~BCA;CSE~IT;7~8;0~1;3~4;3~6;7~8;63~76;3~7;1~2;1~2;Not Placed
18~21;Male;B.Tech~B.Sc~BCA;CSE~IT;7~8;0~1;3~4;3~6;7~8;63~76;3~7;1~2;1~2;Placed
18~21;Male;B.Tech~B.Sc;CSE~IT;7~9;0~1;4;5~6;7~8;79~91;1~7;2;0~2;Placed
18~21;Male;B.Tech~B.Sc;CSE~IT;7~9;0~1;4;5~6;7~8;79~91;1~7;2;0~2;Placed
18~21;Male;B.Tech~B.Sc;CSE~IT;7~9;0~1;4;5~6;7~8;79~91;1~7;2;0~2;Placed
18~21;Male;B.Tech~B.Sc;CSE~IT;7~9;0~1;4;5~6;7~8;79~91;1~7;2;0~2;Not Placed
18~21;Male;B.Tech~B.Sc;CSE~IT;7~9;0~1;4;5~6;7~8;79~91;1~7;2;0~2;Placed
18~21;Male;B.Tech~B.Sc;CSE~IT;7~9;0~1;4;5~6;7~8;79~91;1~7;2;0~2;Placed
18~21;Male;B.Tech~B.Sc;CSE~IT;7~9;0~1;4;5~6;7~8;79~91;1~7;2;0~2;Placed
18~21;Male;B.Tech~B.Sc;CSE~IT;7~9;0~1;4;5~6;7~8;79~91;1~7;2;0~2;Placed
18~19;Male;BCA;CSE~IT;7~8;0~1;4;5~6;7~8;83~95;4~7;2;0~2;Not Placed
18~19;Male;BCA;CSE~IT;7~8;0~1;4;5~6;7~8;83~95;4~7;2;0~2;Placed
18~19;Male;BCA;CSE~IT;7~8;0~1;4;5~6;7~8;83~95;4~7;2;0~2;Placed
18~19;Male;BCA;CSE~IT;7~8;0~1;4;5~6;7~8;83~95;4~7;2;0~2;Placed
18~19;Male;BCA;CSE~IT;7~8;0~1;4;5~6;7~8;83~95;4~7;2;0~2;Placed
18~21;Male;B.Tech~B.Sc~BCA;CSE~IT;7~7;1;4;7;3~5;57~70;2~7;2;0~1;Placed
18~21;Male;B.Tech~B.Sc~BCA;CSE~IT;7~7;1;4;7;3~5;57~70;2~7;2;0~1;Not Placed
18~21;Male;B.Tech~B.Sc~BCA;CSE~IT;7~7;1;4;7;3~5;57~70;2~7;2;0~1;Not Placed
18~21;Male;B.Tech~B.Sc~BCA;CSE~IT;7~7;1;4;7;3~5;57~70;2~7;2;0~1;Placed
18~21;Male;B.Tech~B.Sc~BCA;CSE~IT;7~7;1;4;7;3~5;57~70;2~7;2;0~1;Not Placed
18~21;Male;B.Tech~B.Sc~BCA;CSE~IT;7~7;1;4;7;3~5;57~70;2~7;2;0~1;Placed
18~21;Male;B.Tech~B.Sc~BCA;CSE~IT;7~7;1;4;7;3~5;57~70;2~7;2;0~1;Not Placed
18~21;Male;B.Tech~B.Sc~BCA;CSE~IT;7~7;1;4;7;3~5;57~70;2~7;2;0~1;Placed
18~21;Male;B.Tech~B.Sc~BCA;CSE~IT;7~7;1;4;7;2~5;71~89;3~8;2;0~2;Placed
18~21;Male;B.Tech~B.Sc~BCA;CSE~IT;7~7;1;4;7;2~5;71~89;3~8;2;0~2;Not Placed
18~21;Male;B.Tech~B.Sc~BCA;CSE~IT;7~7;1;4;7;2~5;71~89;3~8;2;0~2;Not Placed
18~21;Male;B.Tech~B.Sc~BCA;CSE~IT;7~7;1;4;7;2~5;71~89;3~8;2;0~2;Placed
18~21;Male;B.Tech~B.Sc~BCA;CSE~IT;7~7;1;4;7;2~5;71~89;3~8;2;0~2;Not Placed
18~21;Male;B.Tech~B.Sc~BCA;CSE~IT;7~7;1;4;7;2~5;71~89;3~8;2;0~2;Not Placed
18~21;Male;B.Tech~B.Sc~BCA;CSE~IT;7~7;1;4;7;2~5;71~89;3~8;2;0~2;Not Placed
18~21;Male;B.Tech~B.Sc~BCA;CSE~IT;7~7;1;4;7;2~5;71~89;3~8;2;0~2;Not Placed
18~21;Male;B.Tech~B.Sc~BCA;CSE~IT;7~7;1;4;7;6~8;46~72;5~8;2;0~2;Not Placed
18~21;Male;B.Tech~B.Sc~BCA;CSE~IT;7~7;1;4;7;6~8;46~72;5~8;2;0~2;Placed
18~21;Male;B.Tech~B.Sc~BCA;CSE~IT;7~7;1;4;7;6~8;46~72;5~8;2;0~2;Placed
18~21;Male;B.Tech~B.Sc~BCA;CSE~IT;7~7;1;4;7;6~8;46~72;5~8;2;0~2;Placed
18~21;Male;B.Tech~B.Sc~BCA;CSE~IT;7~7;1;4;7;6~8;46~72;5~8;2;0~2;Placed
18~21;Male;B.Tech~B.Sc~BCA;CSE~IT;7~7;1;4;7;6~8;46~72;5~8;2;0~2;Not Placed
18~21;Male;B.Tech~B.Sc~BCA;CSE~IT;7~7;1;4;7;6~8;46~72;5~8;2;0~2;Placed
18~21;Male;B.Tech~B.Sc~BCA;CSE~IT;7~7;1;4;7;6~8;46~72;5~8;2;0~2;Not Placed
18~21;Male;B.Tech~B.Sc~BCA;CSE~IT;7~7;1;4;7;6~8;46~72;5~8;2;0~2;Not Placed
18~21;Male;B.Tech~B.Sc~BCA;CSE~IT;7~7;1;4;7;6~8;76~88;4~9;2;0~2;Placed
18~21;Male;B.Tech~B.Sc~BCA;CSE~IT;7~7;1;4;7;6~8;76~88;4~9;2;0~2;Placed
18~21;Male;B.Tech~B.Sc~BCA;CSE~IT;7~7;1;4;7;6~8;76~88;4~9;2;0~2;Placed
18~21;Male;B.Tech~B.Sc~BCA;CSE~IT;7~7;1;4;7;6~8;76~88;4~9;2;0~2;Placed
18~21;Male;B.Tech~B.Sc~BCA;CSE~IT;7~7;1;4;7;6~8;76~88;4~9;2;0~2;Placed
18~21;Male;B.Tech~B.Sc~BCA;CSE~IT;7~7;1;4;7;6~8;76~88;4~9;2;0~2;Placed
18~21;Male;B.Tech~B.Sc~BCA;CSE~IT;7~7;1;4;7;6~8;76~88;4~9;2;0~2;Not Placed
18~21;Male;B.Tech~B.Sc~BCA;CSE~IT;7~7;1;4;7;6~8;76~88;4~9;2;0~2;Placed
18~21;Male;B.Tech~B.Sc~BCA;CSE~IT;7~8;1;5;7~9;3~5;52~76;3~5;2~3;0;Not Placed
18~21;Male;B.Tech~B.Sc~BCA;CSE~IT;7~8;1;5;7~9;3~5;52~76;3~5;2~3;0;Placed
18~21;Male;B.Tech~B.Sc~BCA;CSE~IT;7~8;1;5;7~9;3~5;52~76;3~5;2~3;0;Not Placed
18~21;Male;B.Tech~B.Sc~BCA;CSE~IT;7~8;1;5;7~9;3~5;52~76;3~5;2~3;0;Not Placed
18~21;Male;B.Tech~B.Sc~BCA;CSE~IT;7~8;1;5;7~9;3~5;52~76;3~5;2~3;0;Not Placed
18~21;Male;B.Tech~B.Sc~BCA;CSE~IT;7~8;1;5;7~9;3~5;52~76;3~5;2~3;0;Placed
18~21;Male;B.Tech~B.Sc~BCA;CSE~IT;7~8;1;5;7~9;3~5;52~76;3~5;2~3;0;Not Placed
18~21;Male;B.Tech~B.Sc~BCA;CSE~IT;7~8;1;5;7~9;3~5;52~76;3~5;2~3;0;Not Placed
19~20;Male;B.Tech~B.Sc~BCA;CSE~IT;7~8;1;5;7~8;3~5;57~70;4~5;2;1~2;Not Placed
19~20;Male;B.Tech~B.Sc~BCA;CSE~IT;7~8;1;5;7~8;3~5;57~70;4~5;2;1~2;Placed
19~20;Male;B.Tech~B.Sc~BCA;CSE~IT;7~8;1;5;7~8;3~5;57~70;4~5;2;1~2;Placed
19~20;Male;B.Tech~B.Sc~BCA;CSE~IT;7~8;1;5;7~8;3~5;57~70;4~5;2;1~2;Placed
19~20;Male;B.Tech~B.Sc~BCA;CSE~IT;7~8;1;5;7~8;3~5;57~70;4~5;2;1~2;Not Placed
19~20;Male;B.Tech~B.Sc~BCA;CSE~IT;7~8;1;5;7~8;3~5;57~70;4~5;2;1~2;Placed
19~20;Male;B.Tech~B.Sc~BCA;CSE~IT;7~8;1;5;7~8;3~5;57~70;4~5;2;1~2;Placed
18~21;Male;B.Tech~B.Sc~BCA;CSE~IT;7~8;1;5;8~9;3~5;55~75;6~8;2~3;0~1;Not Placed
18~21;Male;B.Tech~B.Sc~BCA;CSE~IT;7~8;1;5;8~9;3~5;55~75;6~8;2~3;0~1;Not Placed
18~21;Male;B.Tech~B.Sc~BCA;CSE~IT;7~8;1;5;8~9;3~5;55~75;6~8;2~3;0~1;Placed
18~21;Male;B.Tech~B.Sc~BCA;CSE~IT;7~8;1;5;8~9;3~5;55~75;6~8;2~3;0~1;Not Placed
18~21;Male;B.Tech~B.Sc~BCA;CSE~IT;7~8;1;5;8~9;3~5;55~75;6~8;2~3;0~1;Placed
18~21;Male;B.Tech~B.Sc~BCA;CSE~IT;7~8;1;5;8~9;3~5;55~75;6~8;2~3;0~1;Placed
18~21;Male;B.Tech~B.Sc~BCA;CSE~IT;7~8;1;5;8~9;3~5;55~75;6~8;2~3;0~1;Placed
18~21;Male;B.Tech~B.Sc~BCA;CSE~IT;7~8;1;5;8~9;3~5;55~75;6~8;2~3;0~1;Placed
18~21;Male;B.Tech~B.Sc~BCA;CSE~IT;7~8;1;5;8~9;3~5;55~75;6~8;2~3;0~1;Not Placed
18~21;Male;B.Tech~B.Sc~BCA;CSE~IT;7~9;1;5~6;7~9;3~5;79~88;3~5;2~3;0;Not Placed
18~21;Male;B.Tech~B.Sc~BCA;CSE~IT;7~9;1;5~6;7~9;3~5;79~88;3~5;2~3;0;Placed
18~21;Male;B.Tech~B.Sc~BCA;CSE~IT;7~9;1;5~6;7~9;3~5;79~88;3~5;2~3;0;Placed
18~21;Male;B.Tech~B.Sc~BCA;CSE~IT;7~9;1;5~6;7~9;3~5;79~88;3~5;2~3;0;Not Placed
18~21;Male;B.Tech~B.Sc~BCA;CSE~IT;7~9;1;5~6;7~9;3~5;79~88;3~5;2~3;0;Placed
18~21;Male;B.Tech~B.Sc~BCA;CSE~IT;7~9;1;5~6;7~9;3~5;79~88;3~5;2~3;0;Not Placed
18~21;Male;B.Tech~B.Sc~BCA;CSE~IT;7~9;1;5~6;7~9;3~5;79~88;3~5;2~3;0;Placed
18~21;Male;B.Tech~B.Sc~BCA;CSE~IT;7~9;1;5~6;7~9;3~5;79~88;3~5;2~3;0;Placed
18~21;Male;B.Tech~B.Sc~BCA;CSE~IT;7~9;1;5~6;7~9;3~5;79~88;3~5;2~3;0;Placed
18~21;Male;B.Tech~B.Sc~BCA;CSE~IT;7~8;1;5;8~9;4~5;77~100;4~5;3;1~2;Placed
18~21;Male;B.Tech~B.Sc~BCA;CSE~IT;7~8;1;5;8~9;4~5;77~100;4~5;3;1~2;Not Placed
18~21;Male;B.Tech~B.Sc~BCA;CSE~IT;7~8;1;5;8~9;4~5;77~100;4~5;3;1~2;Not Placed
18~21;Male;B.Tech~B.Sc~BCA;CSE~IT;7~8;1;5;8~9;4~5;77~100;4~5;3;1~2;Placed
18~21;Male;B.Tech~B.Sc~BCA;CSE~IT;7~8;1;5;8~9;4~5;77~100;4~5;3;1~2;Not Placed
18~21;Male;B.Tech~B.Sc~BCA;CSE~IT;7~8;1;5;8~9;4~5;77~100;4~5;3;1~2;Placed
18~21;Male;B.Tech~B.Sc;CSE~IT;7~7;1;5;8~9;2~5;81~89;6~7;3;0~1;Not Placed
18~21;Male;B.Tech~B.Sc;CSE~IT;7~7;1;5;8~9;2~5;81~89;6~7;3;0~1;Placed
18~21;Male;B.Tech~B.Sc;CSE~IT;7~7;1;5;8~9;2~5;81~89;6~7;3;0~1;Placed
18~21;Male;B.Tech~B.Sc;CSE~IT;7~7;1;5;8~9;2~5;81~89;6~7;3;0~1;Placed
18~21;Male;B.Tech~B.Sc;CSE~IT;7~7;1;5;8~9;2~5;81~89;6~7;3;0~1;Placed
18~21;Male;B.Tech~B.Sc;CSE~IT;8~9;0~1;5~6;6~9;4~5;81~94;6~8;2~3;0~1;Placed
18~21;Male;B.Tech~B.Sc;CSE~IT;8~9;0~1;5~6;6~9;4~5;81~94;6~8;2~3;0~1;Placed
18~21;Male;B.Tech~B.Sc;CSE~IT;8~9;0~1;5~6;6~9;4~5;81~94;6~8;2~3;0~1;Placed
18~21;Male;B.Tech~B.Sc;CSE~IT;8~9;0~1;5~6;6~9;4~5;81~94;6~8;2~3;0~1;Placed
18~21;Male;B.Tech~B.Sc;CSE~IT;8~9;0~1;5~6;6~9;4~5;81~94;6~8;2~3;0~1;Not Placed
19~21;Male;B.Tech~B.Sc~BCA;CSE~IT;7~8;1;5;7~9;6~8;55~75;5~6;2;0~1;Placed
19~21;Male;B.Tech~B.Sc~BCA;CSE~IT;7~8;1;5;7~9;6~8;55~75;5~6;2;0~1;Placed
19~21;Male;B.Tech~B.Sc~BCA;CSE~IT;7~8;1;5;7~9;6~8;55~75;5~6;2;0~1;Placed
19~21;Male;B.Tech~B.Sc~BCA;CSE~IT;7~8;1;5;7~9;6~8;55~75;5~6;2;0~1;Placed
19~21;Male;B.Tech~B.Sc~BCA;CSE~IT;7~8;1;5;7~9;6~8;55~75;5~6;2;0~1;Placed
19~21;Male;B.Tech~B.Sc~BCA;CSE~IT;7~8;1;5;7~9;6~8;55~75;5~6;2;0~1;Placed
19~21;Male;B.Tech~B.Sc~BCA;CSE~IT;7~8;1;5;7~9;6~8;55~75;5~6;2;0~1;Placed
19~21;Male;B.Tech~B.Sc~BCA;CSE~IT;7~8;1;5;7~9;6~8;55~75;5~6;2;0~1;Placed
19~21;Male;B.Tech~B.Sc~BCA;IT;7~8;1;5;9;6~8;64~75;4~6;3;0~1;Placed
19~21;Male;B.Tech~B.Sc~BCA;IT;7~8;1;5;9;6~8;64~75;4~6;3;0~1;Placed
19~21;Male;B.Tech~B.Sc~BCA;IT;7~8;1;5;9;6~8;64~75;4~6;3;0~1;Placed
19~21;Male;B.Tech~B.Sc~BCA;IT;7~8;1;5;9;6~8;64~75;4~6;3;0~1;Placed
19~21;Male;B.Tech~B.Sc~BCA;IT;7~8;1;5;9;6~8;64~75;4~6;3;0~1;Placed
19~21;Male;B.Tech~B.Sc~BCA;IT;7~8;1;5;9;6~8;64~75;4~6;3;0~1;Placed
18~21;Male;B.Tech~B.Sc~BCA;CSE~IT;7~8;1;5;7~9;6~7;60~70;7;2~3;0~2;Placed
18~21;Male;B.Tech~B.Sc~BCA;CSE~IT;7~8;1;5;7~9;6~7;60~70;7;2~3;0~2;Not Placed
18~21;Male;B.Tech~B.Sc~BCA;CSE~IT;7~8;1;5;7~9;6~7;60~70;7;2~3;0~2;Placed
18~21;Male;B.Tech~B.Sc~BCA;CSE~IT;7~8;1;5;7~9;6~7;60~70;7;2~3;0~2;Not Placed
18~21;Male;B.Tech~B.Sc~BCA;CSE~IT;7~8;1;5;7~9;6~7;60~70;7;2~3;0~2;Placed
18~21;Male;B.Tech~B.Sc;CSE~IT;7~7;1;5;8~9;6~9;77~92;4~8;2~3;0~1;Placed
18~21;Male;B.Tech~B.Sc;CSE~IT;7~7;1;5;8~9;6~9;77~92;4~8;2~3;0~1;Placed
18~21;Male;B.Tech~B.Sc;CSE~IT;7~7;1;5;8~9;6~9;77~92;4~8;2~3;0~1;Placed
18~21;Male;B.Tech~B.Sc;CSE~IT;7~7;1;5;8~9;6~9;77~92;4~8;2~3;0~1;Placed
18~21;Male;B.Tech~B.Sc;CSE~IT;7~7;1;5;8~9;6~9;77~92;4~8;2~3;0~1;Placed
18~21;Male;B.Tech~B.Sc;CSE~IT;7~7;1;5;8~9;6~9;77~92;4~8;2~3;0~1;Placed
18~21;Male;B.Tech~B.Sc;CSE~IT;7~7;1;5;8~9;6~9;77~92;4~8;2~3;0~1;Placed
18~21;Male;B.Tech~B.Sc;CSE~IT;7~9;1;5;6~9;6~8;81~100;4~7;2~3;0~1;Placed
18~21;Male;B.Tech~B.Sc;CSE~IT;7~9;1;5;6~9;6~8;81~100;4~7;2~3;0~1;Placed
18~21;Male;B.Tech~B.Sc;CSE~IT;7~9;1;5;6~9;6~8;81~100;4~7;2~3;0~1;Placed
18~21;Male;B.Tech~B.Sc;CSE~IT;7~9;1;5;6~9;6~8;81~100;4~7;2~3;0~1;Placed
18~21;Male;B.Tech~B.Sc;CSE~IT;7~9;1;5;6~9;6~8;81~100;4~7;2~3;0~1;Placed
18~21;Male;B.Tech~B.Sc;CSE~IT;7~9;1;5;6~9;6~8;81~100;4~7;2~3;0~1;Placed
18~21;Male;B.Tech~B.Sc;CSE~IT;7~9;1;5;6~9;6~8;81~100;4~7;2~3;0~1;Placed
18~21;Male;B.Tech~B.Sc;CSE~IT;7~9;1;5;6~9;6~8;81~100;4~7;2~3;0~1;Placed
18~21;Male;BCA;CSE~IT;7~9;1;5~6;7~9;6~7;76~100;4~7;2~3;0~2;Placed
18~21;Male;BCA;CSE~IT;7~9;1;5~6;7~9;6~7;76~100;4~7;2~3;0~2;Placed
18~21;Male;BCA;CSE~IT;7~9;1;5~6;7~9;6~7;76~100;4~7;2~3;0~2;Placed
18~21;Male;BCA;CSE~IT;7~9;1;5~6;7~9;6~7;76~100;4~7;2~3;0~2;Not Placed
18~21;Male;BCA;CSE~IT;7~9;1;5~6;7~9;6~7;76~100;4~7;2~3;0~2;Placed
18~20;Male;B.Tech~B.Sc~BCA;CSE~IT;7~8;1;5~6;10;3~5;65~86;3~6;3;0~1;Not Placed
18~20;Male;B.Tech~B.Sc~BCA;CSE~IT;7~8;1;5~6;10;3~5;65~86;3~6;3;0~1;Not Placed
18~20;Male;B.Tech~B.Sc~BCA;CSE~IT;7~8;1;5~6;10;3~5;65~86;3~6;3;0~1;Placed
18~20;Male;B.Tech~B.Sc~BCA;CSE~IT;7~8;1;5~6;10;3~5;65~86;3~6;3;0~1;Not Placed
18~20;Male;B.Tech~B.Sc~BCA;CSE~IT;7~8;1;5~6;10;3~5;65~86;3~6;3;0~1;Placed
18~20;Male;B.Tech~B.Sc~BCA;CSE~IT;7~8;1;5~6;10;3~5;65~86;3~6;3;0~1;Not Placed
18~21;Male;B.Tech~B.Sc~BCA;CSE~IT;7~9;1;5~6;10;2~5;88~100;3~8;3;0~2;Not Placed
18~21;Male;B.Tech~B.Sc~BCA;CSE~IT;7~9;1;5~6;10;2~5;88~100;3~8;3;0~2;Placed
18~21;Male;B.Tech~B.Sc~BCA;CSE~IT;7~9;1;5~6;10;2~5;88~100;3~8;3;0~2;Not Placed
18~21;Male;B.Tech~B.Sc~BCA;CSE~IT;7~9;1;5~6;10;2~5;88~100;3~8;3;0~2;Not Placed
18~21;Male;B.Tech~B.Sc~BCA;CSE~IT;7~9;1;5~6;10;2~5;88~100;3~8;3;0~2;Not Placed
18~21;Male;B.Tech~B.Sc~BCA;CSE~IT;7~9;1;5~6;10;2~5;88~100;3~8;3;0~2;Placed
18~21;Male;B.Tech~B.Sc~BCA;CSE~IT;7~9;1;5~6;10;2~5;88~100;3~8;3;0~2;Not Placed
18~21;Male;B.Tech~B.Sc~BCA;CSE~IT;7~8;1;5~6;10;6~9;78~84;3~7;3;0~1;Placed
18~21;Male;B.Tech~B.Sc~BCA;CSE~IT;7~8;1;5~6;10;6~9;78~84;3~7;3;0~1;Placed
18~21;Male;B.Tech~B.Sc~BCA;CSE~IT;7~8;1;5~6;10;6~9;78~84;3~7;3;0~1;Placed
18~21;Male;B.Tech~B.Sc~BCA;CSE~IT;7~8;1;5~6;10;6~9;78~84;3~7;3;0~1;Placed
18~21;Male;B.Tech~B.Sc~BCA;CSE~IT;7~8;1;5~6;10;6~9;78~84;3~7;3;0~1;Placed
18~21;Male;B.Tech~B.Sc~BCA;CSE~IT;7~8;1;5~6;10;6~9;78~84;3~7;3;0~1;Placed
18~21;Male;B.Tech~B.Sc~BCA;CSE~IT;7~8;1;5~6;10;6~7;85~100;4~7;3;0;Placed
18~21;Male;B.Tech~B.Sc~BCA;CSE~IT;7~8;1;5~6;10;6~7;85~100;4~7;3;0;Placed
18~21;Male;B.Tech~B.Sc~BCA;CSE~IT;7~8;1;5~6;10;6~7;85~100;4~7;3;0;Placed
18~21;Male;B.Tech~B.Sc~BCA;CSE~IT;7~8;1;5~6;10;6~7;85~100;4~7;3;0;Placed
18~21;Male;B.Tech~B.Sc~BCA;CSE~IT;7~8;1;5~6;10;6~7;85~100;4~7;3;0;Placed
18~21;Male;B.Tech~B.Sc~BCA;CSE~IT;7~8;1;5~6;10;6~7;85~100;4~7;3;0;Placed
19~21;Male;B.Tech~B.Sc;CSE~IT;7~7;2~3;4~5;7~8;3~5;66~73;4~6;2;0;Placed
19~21;Male;B.Tech~B.Sc;CSE~IT;7~7;2~3;4~5;7~8;3~5;66~73;4~6;2;0;Not Placed
19~21;Male;B.Tech~B.Sc;CSE~IT;7~7;2~3;4~5;7~8;3~5;66~73;4~6;2;0;Placed
19~21;Male;B.Tech~B.Sc;CSE~IT;7~7;2~3;4~5;7~8;3~5;66~73;4~6;2;0;Not Placed
19~21;Male;B.Tech~B.Sc;CSE~IT;7~7;2~3;4~5;7~8;3~5;66~73;4~6;2;0;Placed
18~21;Male;B.Tech;CSE~IT;7~8;2~3;4~5;7~8;5~6;65~76;4~6;2;0;Placed
18~21;Male;B.Tech;CSE~IT;7~8;2~3;4~5;7~8;5~6;65~76;4~6;2;0;Placed
18~21;Male;B.Tech;CSE~IT;7~8;2~3;4~5;7~8;5~6;65~76;4~6;2;0;Placed
18~21;Male;B.Tech;CSE~IT;7~8;2~3;4~5;7~8;5~6;65~76;4~6;2;0;Placed
18~21;Male;B.Tech;CSE~IT;7~8;2~3;4~5;7~8;5~6;65~76;4~6;2;0;Placed
18~21;Male;BCA;CSE~IT;7~9;2~3;4~5;5~8;3~6;65~77;4~6;2;0;Placed
18~21;Male;BCA;CSE~IT;7~9;2~3;4~5;5~8;3~6;65~77;4~6;2;0;Not Placed
18~21;Male;BCA;CSE~IT;7~9;2~3;4~5;5~8;3~6;65~77;4~6;2;0;Placed
18~21;Male;BCA;CSE~IT;7~9;2~3;4~5;5~8;3~6;65~77;4~6;2;0;Placed
18~21;Male;BCA;CSE~IT;7~9;2~3;4~5;5~8;3~6;65~77;4~6;2;0;Placed
18~21;Male;BCA;CSE~IT;7~9;2~3;4~5;5~8;3~6;65~77;4~6;2;0;Not Placed
18~21;Male;BCA;CSE~IT;7~9;2~3;4~5;5~8;3~6;65~77;4~6;2;0;Not Placed
18~21;Male;BCA;CSE~IT;7~9;2~3;4~5;5~8;3~6;65~77;4~6;2;0;Not Placed
18~21;Male;BCA;CSE~IT;7~9;2~3;4~5;5~8;3~6;65~77;4~6;2;0;Not Placed
19~21;Male;B.Tech~B.Sc~BCA;CSE~IT;7~7;2~3;4~5;5~8;3~6;62~75;3~6;2;1~2;Placed
19~21;Male;B.Tech~B.Sc~BCA;CSE~IT;7~7;2~3;4~5;5~8;3~6;62~75;3~6;2;1~2;Not Placed
19~21;Male;B.Tech~B.Sc~BCA;CSE~IT;7~7;2~3;4~5;5~8;3~6;62~75;3~6;2;1~2;Not Placed
19~21;Male;B.Tech~B.Sc~BCA;CSE~IT;7~7;2~3;4~5;5~8;3~6;62~75;3~6;2;1~2;Placed
19~21;Male;B.Tech~B.Sc~BCA;CSE~IT;7~7;2~3;4~5;5~8;3~6;62~75;3~6;2;1~2;Not Placed
19~21;Male;B.Tech~B.Sc~BCA;CSE~IT;7~7;2~3;4~5;5~8;3~6;62~75;3~6;2;1~2;Placed
19~21;Male;B.Tech~B.Sc~BCA;CSE~IT;7~7;2~3;4~5;5~8;3~6;62~75;3~6;2;1~2;Not Placed
19~21;Male;B.Tech~B.Sc~BCA;CSE~IT;7~7;2~3;4~5;5~8;3~6;62~75;3~6;2;1~2;Not Placed
18~21;Male;B.Tech~B.Sc~BCA;CSE~IT;7~8;2~3;4~5;5~8;1~6;53~77;7~8;1~2;0~2;Placed
18~21;Male;B.Tech~B.Sc~BCA;CSE~IT;7~8;2~3;4~5;5~8;1~6;53~77;7~8;1~2;0~2;Placed
18~21;Male;B.Tech~B.Sc~BCA;CSE~IT;7~8;2~3;4~5;5~8;1~6;53~77;7~8;1~2;0~2;Not Placed
18~21;Male;B.Tech~B.Sc~BCA;CSE~IT;7~8;2~3;4~5;5~8;1~6;53~77;7~8;1~2;0~2;Not Placed
18~21;Male;B.Tech~B.Sc~BCA;CSE~IT;7~8;2~3;4~5;5~8;1~6;53~77;7~8;1~2;0~2;Not Placed
18~21;Male;B.Tech~B.Sc~BCA;CSE~IT;7~8;2~3;4~5;5~8;1~6;53~77;7~8;1~2;0~2;Not Placed
18~21;Male;B.Tech~B.Sc~BCA;CSE~IT;7~8;2~3;4~5;5~8;1~6;53~77;7~8;1~2;0~2;Placed
18~21;Male;B.Tech~B.Sc~BCA;CSE~IT;7~8;2~3;4~5;5~8;1~6;53~77;7~8;1~2;0~2;Placed
18~21;Male;B.Tech~B.Sc~BCA;CSE~IT;7~8;2~3;4~5;5~8;1~6;53~77;7~8;1~2;0~2;Not Placed
18~21;Male;B.Tech~B.Sc~BCA;CSE~IT;7~7;2~3;4~5;6~8;3~6;79~94;4~5;2;0~2;Not Placed
18~21;Male;B.Tech~B.Sc~BCA;CSE~IT;7~7;2~3;4~5;6~8;3~6;79~94;4~5;2;0~2;Placed
18~21;Male;B.Tech~B.Sc~BCA;CSE~IT;7~7;2~3;4~5;6~8;3~6;79~94;4~5;2;0~2;Not Placed
18~21;Male;B.Tech~B.Sc~BCA;CSE~IT;7~7;2~3;4~5;6~8;3~6;79~94;4~5;2;0~2;Not Placed
18~21;Male;B.Tech~B.Sc~BCA;CSE~IT;7~7;2~3;4~5;6~8;3~6;79~94;4~5;2;0~2;Placed
18~21;Male;B.Tech~B.Sc~BCA;CSE~IT;7~7;2~3;4~5;6~8;3~6;79~94;4~5;2;0~2;Placed
18~21;Male;B.Tech~B.Sc~BCA;CSE~IT;8~9;2~3;4~5;6~7;5~6;82~91;3~5;2;0~1;Placed
18~21;Male;B.Tech~B.Sc~BCA;CSE~IT;8~9;2~3;4~5;6~7;5~6;82~91;3~5;2;0~1;Placed
18~21;Male;B.Tech~B.Sc~BCA;CSE~IT;8~9;2~3;4~5;6~7;5~6;82~91;3~5;2;0~1;Placed
18~21;Male;B.Tech~B.Sc~BCA;CSE~IT;8~9;2~3;4~5;6~7;5~6;82~91;3~5;2;0~1;Placed
18~21;Male;B.Tech~B.Sc~BCA;CSE~IT;8~9;2~3;4~5;6~7;5~6;82~91;3~5;2;0~1;Placed
18~21;Male;B.Tech~B.Sc~BCA;CSE~IT;8~9;2~3;4~5;6~7;5~6;82~91;3~5;2;0~1;Placed
18~21;Male;B.Tech~B.Sc~BCA;CSE~IT;7~8;2~3;5;7~8;4~6;80~100;4~5;3;0~2;Placed
18~21;Male;B.Tech~B.Sc~BCA;CSE~IT;7~8;2~3;5;7~8;4~6;80~100;4~5;3;0~2;Placed
18~21;Male;B.Tech~B.Sc~BCA;CSE~IT;7~8;2~3;5;7~8;4~6;80~100;4~5;3;0~2;Not Placed
18~21;Male;B.Tech~B.Sc~BCA;CSE~IT;7~8;2~3;5;7~8;4~6;80~100;4~5;3;0~2;Placed
18~21;Male;B.Tech~B.Sc~BCA;CSE~IT;7~8;2~3;5;7~8;4~6;80~100;4~5;3;0~2;Placed
18~21;Male;B.Tech~B.Sc~BCA;CSE~IT;7~8;2~3;5;7~8;4~6;80~100;4~5;3;0~2;Placed
18~21;Male;B.Tech~B.Sc~BCA;CSE~IT;7~8;2~3;5;7~8;4~6;80~100;4~5;3;0~2;Not Placed
18~21;Male;B.Tech~B.Sc~BCA;CSE~IT;7~8;2~3;5;7~8;4~6;80~100;4~5;3;0~2;Placed
18~21;Male;B.Tech~B.Sc~BCA;CSE~IT;7~9;2;4~5;5~8;4~6;78~98;6~8;2;0~1;Not Placed
18~21;Male;B.Tech~B.Sc~BCA;CSE~IT;7~9;2;4~5;5~8;4~6;78~98;6~8;2;0~1;Placed
18~21;Male;B.Tech~B.Sc~BCA;CSE~IT;7~9;2;4~5;5~8;4~6;78~98;6~8;2;0~1;Placed
18~21;Male;B.Tech~B.Sc~BCA;CSE~IT;7~9;2;4~5;5~8;4~6;78~98;6~8;2;0~1;Not Placed
18~21;Male;B.Tech~B.Sc~BCA;CSE~IT;7~9;2;4~5;5~8;4~6;78~98;6~8;2;0~1;Not Placed
18~21;Male;B.Tech~B.Sc~BCA;CSE~IT;7~9;2;4~5;5~8;4~6;78~98;6~8;2;0~1;Placed
18~21;Male;B.Tech~B.Sc~BCA;CSE~IT;7~9;2;4~5;5~8;4~6;78~98;6~8;2;0~1;Placed
19~21;Male;B.Tech~B.Sc~BCA;CSE~IT;7~8;2~3;5;8;2~6;80~97;6~7;3;0;Not Placed
19~21;Male;B.Tech~B.Sc~BCA;CSE~IT;7~8;2~3;5;8;2~6;80~97;6~7;3;0;Placed
19~21;Male;B.Tech~B.Sc~BCA;CSE~IT;7~8;2~3;5;8;2~6;80~97;6~7;3;0;Placed
19~21;Male;B.Tech~B.Sc~BCA;CSE~IT;7~8;2~3;5;8;2~6;80~97;6~7;3;0;Placed
19~21;Male;B.Tech~B.Sc~BCA;CSE~IT;7~8;2~3;5;8;2~6;80~97;6~7;3;0;Not Placed
19~21;Male;B.Tech~B.Sc~BCA;CSE~IT;7~8;2~3;5;8;2~6;80~97;6~7;3;0;Placed
19~21;Male;B.Tech~B.Sc~BCA;CSE~IT;7~8;2~3;5;8;2~6;80~97;6~7;3;0;Not Placed
19~21;Male;B.Tech~B.Sc~BCA;CSE~IT;7~8;2~3;5;8;2~6;80~97;6~7;3;0;Placed
18~20;Male;B.Tech~B.Sc;CSE~IT;7~8;2~3;4~5;6~8;7~8;58~79;3~5;2;0~1;Placed
18~20;Male;B.Tech~B.Sc;CSE~IT;7~8;2~3;4~5;6~8;7~8;58~79;3~5;2;0~1;Placed
18~20;Male;B.Tech~B.Sc;CSE~IT;7~8;2~3;4~5;6~8;7~8;58~79;3~5;2;0~1;Placed
18~20;Male;B.Tech~B.Sc;CSE~IT;7~8;2~3;4~5;6~8;7~8;58~79;3~5;2;0~1;Placed
18~20;Male;B.Tech~B.Sc;CSE~IT;7~8;2~3;4~5;6~8;7~8;58~79;3~5;2;0~1;Placed
18~20;Male;B.Tech~B.Sc;CSE~IT;7~8;2~3;4~5;6~8;7~8;58~79;3~5;2;0~1;Placed
18~20;Male;B.Tech~B.Sc;CSE~IT;7~8;2~3;4~5;6~8;7~8;58~79;3~5;2;0~1;Placed
18~20;Male;B.Tech~B.Sc;CSE~IT;7~8;2~3;4~5;6~8;7~8;58~79;3~5;2;0~1;Placed
18~21;Male;B.Tech~B.Sc~BCA;CSE~IT;7~8;2~3;4~5;7~8;7~8;60~79;6~8;2;0;Placed
18~21;Male;B.Tech~B.Sc~BCA;CSE~IT;7~8;2~3;4~5;7~8;7~8;60~79;6~8;2;0;Placed
18~21;Male;B.Tech~B.Sc~BCA;CSE~IT;7~8;2~3;4~5;7~8;7~8;60~79;6~8;2;0;Placed
18~21;Male;B.Tech~B.Sc~BCA;CSE~IT;7~8;2~3;4~5;7~8;7~8;60~79;6~8;2;0;Placed
18~21;Male;B.Tech~B.Sc~BCA;CSE~IT;7~8;2~3;4~5;7~8;7~8;60~79;6~8;2;0;Placed
18~21;Male;B.Tech~B.Sc~BCA;CSE~IT;7~8;2~3;4~5;7~8;7~8;60~79;6~8;2;0;Placed
18~21;Male;B.Tech~B.Sc~BCA;CSE~IT;7~8;2~3;4~5;7~8;7~8;60~79;6~8;2;0;Placed
18~20;Male;B.Tech;CSE~IT;7~8;2~3;4~5;6~8;7~8;82~90;5~6;2~3;0;Placed
18~20;Male;B.Tech;CSE~IT;7~8;2~3;4~5;6~8;7~8;82~90;5~6;2~3;0;Placed
18~20;Male;B.Tech;CSE~IT;7~8;2~3;4~5;6~8;7~8;82~90;5~6;2~3;0;Placed
18~20;Male;B.Tech;CSE~IT;7~8;2~3;4~5;6~8;7~8;82~90;5~6;2~3;0;Placed
18~20;Male;B.Tech;CSE~IT;7~8;2~3;4~5;6~8;7~8;82~90;5~6;2~3;0;Placed
19~21;Male;B.Tech;CSE~IT;7~8;2;4~5;7~8;7~9;82~91;3~8;2~3;1~2;Placed
19~21;Male;B.Tech;CSE~IT;7~8;2;4~5;7~8;7~9;82~91;3~8;2~3;1~2;Placed
19~21;Male;B.Tech;CSE~IT;7~8;2;4~5;7~8;7~9;82~91;3~8;2~3;1~2;Not Placed
19~21;Male;B.Tech;CSE~IT;7~8;2;4~5;7~8;7~9;82~91;3~8;2~3;1~2;Not Placed
19~21;Male;B.Tech;CSE~IT;7~8;2;4~5;7~8;7~9;82~91;3~8;2~3;1~2;Not Placed
18~21;Male;B.Sc~BCA;CSE~IT;7~8;2~3;5;7~8;7;83~100;3~7;3;0~2;Not Placed
18~21;Male;B.Sc~BCA;CSE~IT;7~8;2~3;5;7~8;7;83~100;3~7;3;0~2;Placed
18~21;Male;B.Sc~BCA;CSE~IT;7~8;2~3;5;7~8;7;83~100;3~7;3;0~2;Placed
18~21;Male;B.Sc~BCA;CSE~IT;7~8;2~3;5;7~8;7;83~100;3~7;3;0~2;Placed
18~21;Male;B.Sc~BCA;CSE~IT;7~8;2~3;5;7~8;7;83~100;3~7;3;0~2;Placed
18~21;Male;B.Sc~BCA;CSE~IT;7~8;2~3;5;7~8;7;83~100;3~7;3;0~2;Placed
18~20;Male;B.Tech~B.Sc~BCA;CSE~IT;7~7;2~3;5;9~10;2~5;53~76;5~6;2~3;0~1;Not Placed
18~20;Male;B.Tech~B.Sc~BCA;CSE~IT;7~7;2~3;5;9~10;2~5;53~76;5~6;2~3;0~1;Not Placed
18~20;Male;B.Tech~B.Sc~BCA;CSE~IT;7~7;2~3;5;9~10;2~5;53~76;5~6;2~3;0~1;Not Placed
18~20;Male;B.Tech~B.Sc~BCA;CSE~IT;7~7;2~3;5;9~10;2~5;53~76;5~6;2~3;0~1;Not Placed
18~20;Male;B.Tech~B.Sc~BCA;CSE~IT;7~7;2~3;5;9~10;2~5;53~76;5~6;2~3;0~1;Not Placed
18~21;Male;B.Tech~B.Sc~BCA;CSE~IT;7~8;2;5;9~10;3~6;69~78;7~9;3;0~1;Not Placed
18~21;Male;B.Tech~B.Sc~BCA;CSE~IT;7~8;2;5;9~10;3~6;69~78;7~9;3;0~1;Placed
18~21;Male;B.Tech~B.Sc~BCA;CSE~IT;7~8;2;5;9~10;3~6;69~78;7~9;3;0~1;Placed
18~21;Male;B.Tech~B.Sc~BCA;CSE~IT;7~8;2;5;9~10;3~6;69~78;7~9;3;0~1;Not Placed
18~21;Male;B.Tech~B.Sc~BCA;CSE~IT;7~8;2;5;9~10;3~6;69~78;7~9;3;0~1;Not Placed
18~21;Male;B.Sc~BCA;CSE~IT;7~8;2;5;9;3~6;82~95;4~6;3;0~1;Placed
18~21;Male;B.Sc~BCA;CSE~IT;7~8;2;5;9;3~6;82~95;4~6;3;0~1;Placed
18~21;Male;B.Sc~BCA;CSE~IT;7~8;2;5;9;3~6;82~95;4~6;3;0~1;Not Placed
18~21;Male;B.Sc~BCA;CSE~IT;7~8;2;5;9;3~6;82~95;4~6;3;0~1;Not Placed
18~21;Male;B.Sc~BCA;CSE~IT;7~8;2;5;9;3~6;82~95;4~6;3;0~1;Placed
18~20;Male;BCA;CSE~IT;8~8;2~3;5;9;2~6;83~98;5~7;3;0;Placed
18~20;Male;BCA;CSE~IT;8~8;2~3;5;9;2~6;83~98;5~7;3;0;Not Placed
18~20;Male;BCA;CSE~IT;8~8;2~3;5;9;2~6;83~98;5~7;3;0;Not Placed
18~20;Male;BCA;CSE~IT;8~8;2~3;5;9;2~6;83~98;5~7;3;0;Not Placed
18~20;Male;BCA;CSE~IT;8~8;2~3;5;9;2~6;83~98;5~7;3;0;Placed
19~21;Male;B.Tech~B.Sc~BCA;CSE~IT;7~8;2~3;5;9~10;7~8;63~72;4~7;3;0~2;Not Placed
19~21;Male;B.Tech~B.Sc~BCA;CSE~IT;7~8;2~3;5;9~10;7~8;63~72;4~7;3;0~2;Placed
19~21;Male;B.Tech~B.Sc~BCA;CSE~IT;7~8;2~3;5;9~10;7~8;63~72;4~7;3;0~2;Placed
19~21;Male;B.Tech~B.Sc~BCA;CSE~IT;7~8;2~3;5;9~10;7~8;63~72;4~7;3;0~2;Not Placed
19~21;Male;B.Tech~B.Sc~BCA;CSE~IT;7~8;2~3;5;9~10;7~8;63~72;4~7;3;0~2;Placed
19~21;Male;B.Tech~B.Sc~BCA;CSE~IT;7~8;2~3;5;9~10;7~8;63~72;4~7;3;0~2;Placed
18~21;Male;B.Tech~B.Sc~BCA;CSE~IT;7~8;2~3;5;9;7~8;77~91;3~8;3;0~1;Placed
18~21;Male;B.Tech~B.Sc~BCA;CSE~IT;7~8;2~3;5;9;7~8;77~91;3~8;3;0~1;Placed
18~21;Male;B.Tech~B.Sc~BCA;CSE~IT;7~8;2~3;5;9;7~8;77~91;3~8;3;0~1;Placed
18~21;Male;B.Tech~B.Sc~BCA;CSE~IT;7~8;2~3;5;9;7~8;77~91;3~8;3;0~1;Placed
18~21;Male;B.Tech~B.Sc~BCA;CSE~IT;7~8;2~3;5;9;7~8;77~91;3~8;3;0~1;Placed
18~21;Male;B.Tech~B.Sc~BCA;CSE~IT;7~8;2~3;5;9;7~8;77~91;3~8;3;0~1;Placed
18~20;Male;B.Tech~B.Sc~BCA;CSE;8~8;2;6;10;3~6;60~93;4~6;3;0~1;Not Placed
18~20;Male;B.Tech~B.Sc~BCA;CSE;8~8;2;6;10;3~6;60~93;4~6;3;0~1;Placed
18~20;Male;B.Tech~B.Sc~BCA;CSE;8~8;2;6;10;3~6;60~93;4~6;3;0~1;Placed
18~20;Male;B.Tech~B.Sc~BCA;CSE;8~8;2;6;10;3~6;60~93;4~6;3;0~1;Placed
18~20;Male;B.Tech~B.Sc~BCA;CSE;8~8;2;6;10;3~6;60~93;4~6;3;0~1;Not Placed
18~20;Male;B.Tech~B.Sc~BCA;CSE;8~8;2;6;10;3~6;60~93;4~6;3;0~1;Placed
18~20;Male;B.Tech~B.Sc~BCA;CSE;8~8;2;6;10;3~6;60~93;4~6;3;0~1;Placed
19~21;Male;B.Tech~B.Sc~BCA;CSE~IT;8~9;2~3;6;9~10;4~7;94~100;4~8;3;0~1;Not Placed
19~21;Male;B.Tech~B.Sc~BCA;CSE~IT;8~9;2~3;6;9~10;4~7;94~100;4~8;3;0~1;Placed
19~21;Male;B.Tech~B.Sc~BCA;CSE~IT;8~9;2~3;6;9~10;4~7;94~100;4~8;3;0~1;Placed
19~21;Male;B.Tech~B.Sc~BCA;CSE~IT;8~9;2~3;6;9~10;4~7;94~100;4~8;3;0~1;Placed
19~21;Male;B.Tech~B.Sc~BCA;CSE~IT;8~9;2~3;6;9~10;4~7;94~100;4~8;3;0~1;Not Placed
19~21;Male;B.Tech~B.Sc~BCA;CSE~IT;8~9;2~3;6;9~10;4~7;94~100;4~8;3;0~1;Not Placed
19~21;Male;B.Tech~B.Sc~BCA;CSE~IT;8~9;2~3;6;9~10;4~7;94~100;4~8;3;0~1;Placed
18~21;Female;B.Tech~B.Sc;ECE~ME~Civil;5~6;0;2~3;2~4;3~5;35~61;3~5;0~1;0~1;Not Placed
18~21;Female;B.Tech~B.Sc;ECE~ME~Civil;5~6;0;2~3;2~4;3~5;35~61;3~5;0~1;0~1;Not Placed
18~21;Female;B.Tech~B.Sc;ECE~ME~Civil;5~6;0;2~3;2~4;3~5;35~61;3~5;0~1;0~1;Not Placed
18~21;Female;B.Tech~B.Sc;ECE~ME~Civil;5~6;0;2~3;2~4;3~5;35~61;3~5;0~1;0~1;Not Placed
18~21;Female;B.Tech~B.Sc;ECE~ME~Civil;5~6;0;2~3;2~4;3~5;35~61;3~5;0~1;0~1;Not Placed
18~21;Female;B.Tech~B.Sc;ECE~ME~Civil;5~6;0;2~3;2~4;3~5;35~61;3~5;0~1;0~1;Not Placed
18~21;Female;B.Tech~B.Sc;ECE~ME~Civil;5~6;0;2~3;2~4;3~5;35~61;3~5;0~1;0~1;Not Placed
18~21;Female;B.Tech~B.Sc;ECE~ME~Civil;5~6;0;2~3;2~4;3~5;35~61;3~5;0~1;0~1;Not Placed
18~21;Female;B.Tech~B.Sc;ECE~ME~Civil;5~6;0;2~3;2~4;3~5;35~61;3~5;0~1;0~1;Not Placed
18~21;Female;B.Tech~B.Sc;ECE~ME~Civil;4~6;0;2~3;2~4;6;47~61;3~5;1;0~1;Not Placed
18~21;Female;B.Tech~B.Sc;ECE~ME~Civil;4~6;0;2~3;2~4;6;47~61;3~5;1;0~1;Not Placed
18~21;Female;B.Tech~B.Sc;ECE~ME~Civil;4~6;0;2~3;2~4;6;47~61;3~5;1;0~1;Not Placed
18~21;Female;B.Tech~B.Sc;ECE~ME~Civil;4~6;0;2~3;2~4;6;47~61;3~5;1;0~1;Not Placed
18~21;Female;B.Tech~B.Sc;ECE~ME~Civil;4~6;0;2~3;2~4;6;47~61;3~5;1;0~1;Not Placed
18~19;Female;B.Tech~B.Sc;Civil;5~6;0;2~3;2~4;3~6;40~54;3~5;1;2;Not Placed
18~19;Female;B.Tech~B.Sc;Civil;5~6;0;2~3;2~4;3~6;40~54;3~5;1;2;Not Placed
18~19;Female;B.Tech~B.Sc;Civil;5~6;0;2~3;2~4;3~6;40~54;3~5;1;2;Not Placed
18~19;Female;B.Tech~B.Sc;Civil;5~6;0;2~3;2~4;3~6;40~54;3~5;1;2;Not Placed
18~19;Female;B.Tech~B.Sc;Civil;5~6;0;2~3;2~4;3~6;40~54;3~5;1;2;Not Placed
20~21;Female;B.Tech~B.Sc;ECE~ME~Civil;4~6;0;2~3;1~4;4~5;51~61;3~5;0~1;2;Not Placed
20~21;Female;B.Tech~B.Sc;ECE~ME~Civil;4~6;0;2~3;1~4;4~5;51~61;3~5;0~1;2;Not Placed
20~21;Female;B.Tech~B.Sc;ECE~ME~Civil;4~6;0;2~3;1~4;4~5;51~61;3~5;0~1;2;Not Placed
20~21;Female;B.Tech~B.Sc;ECE~ME~Civil;4~6;0;2~3;1~4;4~5;51~61;3~5;0~1;2;Not Placed
20~21;Female;B.Tech~B.Sc;ECE~ME~Civil;4~6;0;2~3;1~4;4~5;51~61;3~5;0~1;2;Not Placed
20~21;Female;B.Tech~B.Sc;ECE~ME~Civil;4~6;0;2~3;1~4;4~5;51~61;3~5;0~1;2;Not Placed
18~21;Female;BCA;ECE~ME~Civil;5~6;0;2~3;2~4;3~6;53~61;3~5;1;0~1;Not Placed
18~21;Female;BCA;ECE~ME~Civil;5~6;0;2~3;2~4;3~6;53~61;3~5;1;0~1;Not Placed
18~21;Female;BCA;ECE~ME~Civil;5~6;0;2~3;2~4;3~6;53~61;3~5;1;0~1;Not Placed
18~21;Female;BCA;ECE~ME~Civil;5~6;0;2~3;2~4;3~6;53~61;3~5;1;0~1;Not Placed
18~21;Female;BCA;ECE~ME~Civil;5~6;0;2~3;2~4;3~6;53~61;3~5;1;0~1;Not Placed
18~21;Female;BCA;ECE~ME~Civil;5~6;0;2~3;2~4;3~6;53~61;3~5;1;0~1;Not Placed
18~21;Female;BCA;ECE~ME~Civil;5~6;0;2~3;2~4;3~6;53~61;3~5;1;0~1;Not Placed
18~21;Female;BCA;ECE~ME~Civil;5~6;0;2~3;2~4;3~6;53~61;3~5;1;0~1;Not Placed
18~21;Female;BCA;ECE~ME~Civil;5~6;0;2~3;1~4;3~6;49~60;4~5;0~1;2;Not Placed
18~21;Female;BCA;ECE~ME~Civil;5~6;0;2~3;1~4;3~6;49~60;4~5;0~1;2;Not Placed
18~21;Female;BCA;ECE~ME~Civil;5~6;0;2~3;1~4;3~6;49~60;4~5;0~1;2;Not Placed
18~21;Female;BCA;ECE~ME~Civil;5~6;0;2~3;1~4;3~6;49~60;4~5;0~1;2;Not Placed
18~21;Female;BCA;ECE~ME~Civil;5~6;0;2~3;1~4;3~6;49~60;4~5;0~1;2;Not Placed
18~21;Female;BCA;ECE~ME~Civil;5~6;0;2~3;1~4;3~6;49~60;4~5;0~1;2;Not Placed
18~21;Female;B.Tech~B.Sc;ME~Civil;5~6;0;2~3;2~4;4~6;36~60;3~5;1;3;Not Placed
18~21;Female;B.Tech~B.Sc;ME~Civil;5~6;0;2~3;2~4;4~6;36~60;3~5;1;3;Not Placed
18~21;Female;B.Tech~B.Sc;ME~Civil;5~6;0;2~3;2~4;4~6;36~60;3~5;1;3;Not Placed
18~21;Female;B.Tech~B.Sc;ME~Civil;5~6;0;2~3;2~4;4~6;36~60;3~5;1;3;Not Placed
18~21;Female;B.Tech~B.Sc;ME~Civil;5~6;0;2~3;2~4;4~6;36~60;3~5;1;3;Not Placed
18~21;Female;B.Tech~B.Sc;ME~Civil;5~6;0;2~3;2~4;4~6;36~60;3~5;1;3;Not Placed
18~21;Female;B.Tech~B.Sc;ME~Civil;5~6;0;2~3;2~4;4~6;36~60;3~5;1;3;Not Placed
18~21;Female;B.Tech~B.Sc;ME~Civil;5~6;0;2~3;2~4;4~6;36~60;3~5;1;3;Not Placed
18~21;Female;BCA;ECE~ME~Civil;4~6;0;2~3;1~4;3~6;42~61;4~5;0~1;3;Not Placed
18~21;Female;BCA;ECE~ME~Civil;4~6;0;2~3;1~4;3~6;42~61;4~5;0~1;3;Not Placed
18~21;Female;BCA;ECE~ME~Civil;4~6;0;2~3;1~4;3~6;42~61;4~5;0~1;3;Not Placed
18~21;Female;BCA;ECE~ME~Civil;4~6;0;2~3;1~4;3~6;42~61;4~5;0~1;3;Not Placed
18~21;Female;BCA;ECE~ME~Civil;4~6;0;2~3;1~4;3~6;42~61;4~5;0~1;3;Not Placed
18~21;Female;BCA;ECE~ME~Civil;4~6;0;2~3;1~4;3~6;42~61;4~5;0~1;3;Not Placed
18~21;Female;BCA;ECE~ME~Civil;4~6;0;2~3;1~4;3~6;42~61;4~5;0~1;3;Not Placed
18~21;Female;B.Tech~B.Sc;ECE~ME;5~6;0;3;3~4;2~5;38~59;6~7;1;0~1;Not Placed
18~21;Female;B.Tech~B.Sc;ECE~ME;5~6;0;3;3~4;2~5;38~59;6~7;1;0~1;Not Placed
18~21;Female;B.Tech~B.Sc;ECE~ME;5~6;0;3;3~4;2~5;38~59;6~7;1;0~1;Not Placed
18~21;Female;B.Tech~B.Sc;ECE~ME;5~6;0;3;3~4;2~5;38~59;6~7;1;0~1;Not Placed
18~21;Female;B.Tech~B.Sc;ECE~ME;5~6;0;3;3~4;2~5;38~59;6~7;1;0~1;Not Placed
18~21;Female;B.Tech~B.Sc;Civil;5~6;0;2~3;1~4;3~5;46~61;6~7;0~1;1;Not Placed
18~21;Female;B.Tech~B.Sc;Civil;5~6;0;2~3;1~4;3~5;46~61;6~7;0~1;1;Not Placed
18~21;Female;B.Tech~B.Sc;Civil;5~6;0;2~3;1~4;3~5;46~61;6~7;0~1;1;Not Placed
18~21;Female;B.Tech~B.Sc;Civil;5~6;0;2~3;1~4;3~5;46~61;6~7;0~1;1;Not Placed
18~21;Female;B.Tech~B.Sc;Civil;5~6;0;2~3;1~4;3~5;46~61;6~7;0~1;1;Not Placed
18~20;Female;B.Tech~B.Sc;ECE~ME~Civil;4~6;0;2~3;3~4;6;45~59;6~8;1;1;Not Placed
18~20;Female;B.Tech~B.Sc;ECE~ME~Civil;4~6;0;2~3;3~4;6;45~59;6~8;1;1;Not Placed
18~20;Female;B.Tech~B.Sc;ECE~ME~Civil;4~6;0;2~3;3~4;6;45~59;6~8;1;1;Not Placed
18~20;Female;B.Tech~B.Sc;ECE~ME~Civil;4~6;0;2~3;3~4;6;45~59;6~8;1;1;Not Placed
18~20;Female;B.Tech~B.Sc;ECE~ME~Civil;4~6;0;2~3;3~4;6;45~59;6~8;1;1;Not Placed
18~20;Female;B.Tech~B.Sc;ECE~ME~Civil;4~6;0;2~3;3~4;6;45~59;6~8;1;1;Not Placed
18~20;Female;B.Tech~B.Sc;ECE~ME~Civil;4~6;0;1~3;1~4;4~6;35~61;6~7;0~1;2;Not Placed
18~20;Female;B.Tech~B.Sc;ECE~ME~Civil;4~6;0;1~3;1~4;4~6;35~61;6~7;0~1;2;Not Placed
18~20;Female;B.Tech~B.Sc;ECE~ME~Civil;4~6;0;1~3;1~4;4~6;35~61;6~7;0~1;2;Not Placed
18~20;Female;B.Tech~B.Sc;ECE~ME~Civil;4~6;0;1~3;1~4;4~6;35~61;6~7;0~1;2;Not Placed
18~20;Female;B.Tech~B.Sc;ECE~ME~Civil;4~6;0;1~3;1~4;4~6;35~61;6~7;0~1;2;Not Placed
18~20;Female;B.Tech~B.Sc;ECE~ME~Civil;4~6;0;1~3;1~4;4~6;35~61;6~7;0~1;2;Not Placed
18~20;Female;B.Tech~B.Sc;ECE~ME~Civil;4~6;0;1~3;1~4;4~6;35~61;6~7;0~1;2;Not Placed
18~20;Female;B.Tech~B.Sc;ECE~ME~Civil;4~6;0;1~3;1~4;4~6;35~61;6~7;0~1;2;Not Placed
18~20;Female;B.Tech~B.Sc;ECE~ME~Civil;4~6;0;1~3;1~4;4~6;35~61;6~7;0~1;2;Not Placed
18~21;Female;BCA;ECE~ME~Civil;4~6;0;2~3;2~4;3~6;46~60;6~7;1;0~1;Not Placed
18~21;Female;BCA;ECE~ME~Civil;4~6;0;2~3;2~4;3~6;46~60;6~7;1;0~1;Not Placed
18~21;Female;BCA;ECE~ME~Civil;4~6;0;2~3;2~4;3~6;46~60;6~7;1;0~1;Not Placed
18~21;Female;BCA;ECE~ME~Civil;4~6;0;2~3;2~4;3~6;46~60;6~7;1;0~1;Not Placed
18~21;Female;BCA;ECE~ME~Civil;4~6;0;2~3;2~4;3~6;46~60;6~7;1;0~1;Not Placed
19~21;Female;BCA;ECE~ME~Civil;5~6;0;2~3;1~3;3~6;48~58;6~8;0~1;2;Not Placed
19~21;Female;BCA;ECE~ME~Civil;5~6;0;2~3;1~3;3~6;48~58;6~8;0~1;2;Not Placed
19~21;Female;BCA;ECE~ME~Civil;5~6;0;2~3;1~3;3~6;48~58;6~8;0~1;2;Not Placed
19~21;Female;BCA;ECE~ME~Civil;5~6;0;2~3;1~3;3~6;48~58;6~8;0~1;2;Not Placed
19~21;Female;BCA;ECE~ME~Civil;5~6;0;2~3;1~3;3~6;48~58;6~8;0~1;2;Not Placed
18~21;Female;B.Tech~B.Sc~BCA;ECE~ME~Civil;4~6;0;2~3;1~4;3~6;35~61;6~7;0~1;3;Not Placed
18~21;Female;B.Tech~B.Sc~BCA;ECE~ME~Civil;4~6;0;2~3;1~4;3~6;35~61;6~7;0~1;3;Not Placed
18~21;Female;B.Tech~B.Sc~BCA;ECE~ME~Civil;4~6;0;2~3;1~4;3~6;35~61;6~7;0~1;3;Not Placed
18~21;Female;B.Tech~B.Sc~BCA;ECE~ME~Civil;4~6;0;2~3;1~4;3~6;35~61;6~7;0~1;3;Not Placed
18~21;Female;B.Tech~B.Sc~BCA;ECE~ME~Civil;4~6;0;2~3;1~4;3~6;35~61;6~7;0~1;3;Not Placed
18~21;Female;B.Tech~B.Sc~BCA;ECE~ME~Civil;4~6;0;2~3;1~4;3~6;35~61;6~7;0~1;3;Not Placed
18~21;Female;B.Tech~B.Sc~BCA;ECE~ME~Civil;4~6;0;2~3;1~4;3~6;35~61;6~7;0~1;3;Not Placed
18~21;Female;B.Tech~B.Sc~BCA;ECE~ME~Civil;4~6;0;2~3;1~4;3~6;35~61;6~7;0~1;3;Not Placed
18~21;Female;B.Tech~B.Sc~BCA;ECE~ME~Civil;4~6;0;2~3;1~4;3~6;35~61;6~7;0~1;3;Not Placed
18~19;Female;B.Tech~B.Sc;ECE~ME~Civil;5~6;0;2~3;2~4;3~5;62~77;4~5;1;0~1;Not Placed
18~19;Female;B.Tech~B.Sc;ECE~ME~Civil;5~6;0;2~3;2~4;3~5;62~77;4~5;1;0~1;Not Placed
18~19;Female;B.Tech~B.Sc;ECE~ME~Civil;5~6;0;2~3;2~4;3~5;62~77;4~5;1;0~1;Not Placed
18~19;Female;B.Tech~B.Sc;ECE~ME~Civil;5~6;0;2~3;2~4;3~5;62~77;4~5;1;0~1;Not Placed
18~19;Female;B.Tech~B.Sc;ECE~ME~Civil;5~6;0;2~3;2~4;3~5;62~77;4~5;1;0~1;Not Placed
18~19;Female;B.Tech~B.Sc;ECE~ME~Civil;5~6;0;2~3;2~4;3~5;62~77;4~5;1;0~1;Not Placed
18~19;Female;B.Tech~B.Sc;ECE~ME~Civil;5~6;0;2~3;2~4;3~5;62~77;4~5;1;0~1;Not Placed
18~19;Female;B.Tech~B.Sc;ECE~ME~Civil;5~6;0;2~3;2~4;3~5;62~77;4~5;1;0~1;Not Placed
18~19;Female;B.Tech~B.Sc;ECE~ME~Civil;5~6;0;2~3;2~4;3~5;62~77;4~5;1;0~1;Not Placed
20~21;Female;B.Tech~B.Sc;ECE~ME~Civil;6~6;0;2~3;2~4;2~5;63~77;3~5;1;0~1;Not Placed
20~21;Female;B.Tech~B.Sc;ECE~ME~Civil;6~6;0;2~3;2~4;2~5;63~77;3~5;1;0~1;Not Placed
20~21;Female;B.Tech~B.Sc;ECE~ME~Civil;6~6;0;2~3;2~4;2~5;63~77;3~5;1;0~1;Not Placed
20~21;Female;B.Tech~B.Sc;ECE~ME~Civil;6~6;0;2~3;2~4;2~5;63~77;3~5;1;0~1;Not Placed
20~21;Female;B.Tech~B.Sc;ECE~ME~Civil;6~6;0;2~3;2~4;2~5;63~77;3~5;1;0~1;Not Placed
20~21;Female;B.Tech~B.Sc;ECE~ME~Civil;6~6;0;2~3;2~4;2~5;63~77;3~5;1;0~1;Not Placed
20~21;Female;B.Tech~B.Sc;ECE~ME~Civil;6~6;0;2~3;2~4;2~5;63~77;3~5;1;0~1;Not Placed
18~21;Female;B.Tech~B.Sc;ECE~ME~Civil;6~6;0;2~3;1~3;6;67~88;3~5;1;0~1;Not Placed
18~21;Female;B.Tech~B.Sc;ECE~ME~Civil;6~6;0;2~3;1~3;6;67~88;3~5;1;0~1;Not Placed
18~21;Female;B.Tech~B.Sc;ECE~ME~Civil;6~6;0;2~3;1~3;6;67~88;3~5;1;0~1;Not Placed
18~21;Female;B.Tech~B.Sc;ECE~ME~Civil;6~6;0;2~3;1~3;6;67~88;3~5;1;0~1;Not Placed
18~21;Female;B.Tech~B.Sc;ECE~ME~Civil;6~6;0;2~3;1~3;6;67~88;3~5;1;0~1;Not Placed
18~20;Female;BCA;ME~Civil;6~6;0;2~3;1~4;1~4;65~71;3~5;1;0~1;Not Placed
18~20;Female;BCA;ME~Civil;6~6;0;2~3;1~4;1~4;65~71;3~5;1;0~1;Not Placed
18~20;Female;BCA;ME~Civil;6~6;0;2~3;1~4;1~4;65~71;3~5;1;0~1;Not Placed
18~20;Female;BCA;ME~Civil;6~6;0;2~3;1~4;1~4;65~71;3~5;1;0~1;Not Placed
18~20;Female;BCA;ME~Civil;6~6;0;2~3;1~4;1~4;65~71;3~5;1;0~1;Not Placed
19~21;Female;BCA;ECE~ME~Civil;5~7;0;2~3;2~4;5~6;66~76;3~5;1;0~1;Not Placed
19~21;Female;BCA;ECE~ME~Civil;5~7;0;2~3;2~4;5~6;66~76;3~5;1;0~1;Not Placed
19~21;Female;BCA;ECE~ME~Civil;5~7;0;2~3;2~4;5~6;66~76;3~5;1;0~1;Not Placed
19~21;Female;BCA;ECE~ME~Civil;5~7;0;2~3;2~4;5~6;66~76;3~5;1;0~1;Not Placed
19~21;Female;BCA;ECE~ME~Civil;5~7;0;2~3;2~4;5~6;66~76;3~5;1;0~1;Not Placed
19~21;Female;BCA;ECE~ME~Civil;5~7;0;2~3;2~4;5~6;66~76;3~5;1;0~1;Not Placed
18~21;Female;B.Tech~B.Sc;ECE~ME;4~6;0;2~3;1~4;3~6;62~73;4~5;1;2~3;Not Placed
18~21;Female;B.Tech~B.Sc;ECE~ME;4~6;0;2~3;1~4;3~6;62~73;4~5;1;2~3;Not Placed
18~21;Female;B.Tech~B.Sc;ECE~ME;4~6;0;2~3;1~4;3~6;62~73;4~5;1;2~3;Not Placed
18~21;Female;B.Tech~B.Sc;ECE~ME;4~6;0;2~3;1~4;3~6;62~73;4~5;1;2~3;Not Placed
18~21;Female;B.Tech~B.Sc;ECE~ME;4~6;0;2~3;1~4;3~6;62~73;4~5;1;2~3;Not Placed
18~21;Female;B.Tech~B.Sc;ECE~ME;4~6;0;2~3;1~4;3~6;62~73;4~5;1;2~3;Not Placed
18~21;Female;B.Tech~B.Sc;ECE~ME;4~6;0;2~3;1~4;3~6;62~73;4~5;1;2~3;Not Placed
20~21;Female;B.Tech~B.Sc;Civil;5~6;0;2~3;2~4;6;62~90;3~5;1~2;2~3;Not Placed
20~21;Female;B.Tech~B.Sc;Civil;5~6;0;2~3;2~4;6;62~90;3~5;1~2;2~3;Not Placed
20~21;Female;B.Tech~B.Sc;Civil;5~6;0;2~3;2~4;6;62~90;3~5;1~2;2~3;Not Placed
20~21;Female;B.Tech~B.Sc;Civil;5~6;0;2~3;2~4;6;62~90;3~5;1~2;2~3;Not Placed
20~21;Female;B.Tech~B.Sc;Civil;5~6;0;2~3;2~4;6;62~90;3~5;1~2;2~3;Not Placed
18~21;Female;BCA;ECE~ME;5~6;0;2~3;3~4;2~6;62~91;3~5;1~2;2~3;Not Placed
18~21;Female;BCA;ECE~ME;5~6;0;2~3;3~4;2~6;62~91;3~5;1~2;2~3;Not Placed
18~21;Female;BCA;ECE~ME;5~6;0;2~3;3~4;2~6;62~91;3~5;1~2;2~3;Not Placed
18~21;Female;BCA;ECE~ME;5~6;0;2~3;3~4;2~6;62~91;3~5;1~2;2~3;Not Placed
18~21;Female;BCA;ECE~ME;5~6;0;2~3;3~4;2~6;62~91;3~5;1~2;2~3;Not Placed
18~21;Female;BCA;ECE~ME;5~6;0;2~3;3~4;2~6;62~91;3~5;1~2;2~3;Not Placed
18~21;Female;BCA;ECE~ME;5~6;0;2~3;3~4;2~6;62~91;3~5;1~2;2~3;Not Placed
18~19;Female;B.Tech~B.Sc;ECE~ME~Civil;5~7;0;2~3;2~4;3~6;62~81;6~7;1~2;0~1;Not Placed
18~19;Female;B.Tech~B.Sc;ECE~ME~Civil;5~7;0;2~3;2~4;3~6;62~81;6~7;1~2;0~1;Not Placed
18~19;Female;B.Tech~B.Sc;ECE~ME~Civil;5~7;0;2~3;2~4;3~6;62~81;6~7;1~2;0~1;Not Placed
18~19;Female;B.Tech~B.Sc;ECE~ME~Civil;5~7;0;2~3;2~4;3~6;62~81;6~7;1~2;0~1;Not Placed
18~19;Female;B.Tech~B.Sc;ECE~ME~Civil;5~7;0;2~3;2~4;3~6;62~81;6~7;1~2;0~1;Not Placed
18~19;Female;B.Tech~B.Sc;ECE~ME~Civil;5~7;0;2~3;2~4;3~6;62~81;6~7;1~2;0~1;Not Placed
18~19;Female;B.Tech~B.Sc;ECE~ME~Civil;5~7;0;2~3;2~4;3~6;62~81;6~7;1~2;0~1;Not Placed
18~19;Female;B.Tech~B.Sc;ECE~ME~Civil;5~7;0;2~3;2~4;3~6;62~81;6~7;1~2;0~1;Not Placed
18~19;Female;B.Tech~B.Sc;ECE~ME~Civil;5~7;0;2~3;2~4;3~6;62~81;6~7;1~2;0~1;Not Placed
20~21;Female;B.Tech~B.Sc;ECE~ME~Civil;5~7;0;2~3;2~4;4~6;62~77;6~7;1;0~1;Not Placed
20~21;Female;B.Tech~B.Sc;ECE~ME~Civil;5~7;0;2~3;2~4;4~6;62~77;6~7;1;0~1;Not Placed
20~21;Female;B.Tech~B.Sc;ECE~ME~Civil;5~7;0;2~3;2~4;4~6;62~77;6~7;1;0~1;Not Placed
20~21;Female;B.Tech~B.Sc;ECE~ME~Civil;5~7;0;2~3;2~4;4~6;62~77;6~7;1;0~1;Not Placed
20~21;Female;B.Tech~B.Sc;ECE~ME~Civil;5~7;0;2~3;2~4;4~6;62~77;6~7;1;0~1;Not Placed
20~21;Female;B.Tech~B.Sc;ECE~ME~Civil;5~7;0;2~3;2~4;4~6;62~77;6~7;1;0~1;Not Placed
20~21;Female;B.Tech~B.Sc;ECE~ME~Civil;5~7;0;2~3;2~4;4~6;62~77;6~7;1;0~1;Not Placed
18~21;Female;BCA;ECE~ME~Civil;5~7;0;2~3;2~4;2~6;66~72;6~7;1;0~1;Not Placed
18~21;Female;BCA;ECE~ME~Civil;5~7;0;2~3;2~4;2~6;66~72;6~7;1;0~1;Not Placed
18~21;Female;BCA;ECE~ME~Civil;5~7;0;2~3;2~4;2~6;66~72;6~7;1;0~1;Not Placed
18~21;Female;BCA;ECE~ME~Civil;5~7;0;2~3;2~4;2~6;66~72;6~7;1;0~1;Not Placed
18~21;Female;BCA;ECE~ME~Civil;5~7;0;2~3;2~4;2~6;66~72;6~7;1;0~1;Not Placed
18~21;Female;BCA;ECE~ME~Civil;5~7;0;2~3;2~4;2~6;66~72;6~7;1;0~1;Not Placed
18~21;Female;BCA;ECE~ME~Civil;5~7;0;2~3;2~4;2~6;66~72;6~7;1;0~1;Not Placed
18~21;Female;BCA;ECE~ME~Civil;5~7;0;2~3;2~4;2~6;66~72;6~7;1;0~1;Not Placed
18~21;Female;BCA;ECE~ME~Civil;5~7;0;2~3;2~4;2~6;66~72;6~7;1;0~1;Not Placed
18~20;Female;B.Tech~B.Sc;ECE;5~6;0;2~3;1~4;3~5;63~85;6~8;1~2;2~3;Not Placed
18~20;Female;B.Tech~B.Sc;ECE;5~6;0;2~3;1~4;3~5;63~85;6~8;1~2;2~3;Not Placed
18~20;Female;B.Tech~B.Sc;ECE;5~6;0;2~3;1~4;3~5;63~85;6~8;1~2;2~3;Not Placed
18~20;Female;B.Tech~B.Sc;ECE;5~6;0;2~3;1~4;3~5;63~85;6~8;1~2;2~3;Not Placed
18~20;Female;B.Tech~B.Sc;ECE;5~6;0;2~3;1~4;3~5;63~85;6~8;1~2;2~3;Not Placed
18~20;Female;B.Tech~B.Sc;ECE;5~6;0;2~3;1~4;3~5;63~85;6~8;1~2;2~3;Not Placed
19~21;Female;B.Tech~B.Sc;ME~Civil;5~6;0;2~3;2~4;4~6;65~82;6~8;1~2;2~3;Not Placed
19~21;Female;B.Tech~B.Sc;ME~Civil;5~6;0;2~3;2~4;4~6;65~82;6~8;1~2;2~3;Not Placed
19~21;Female;B.Tech~B.Sc;ME~Civil;5~6;0;2~3;2~4;4~6;65~82;6~8;1~2;2~3;Not Placed
19~21;Female;B.Tech~B.Sc;ME~Civil;5~6;0;2~3;2~4;4~6;65~82;6~8;1~2;2~3;Not Placed
19~21;Female;B.Tech~B.Sc;ME~Civil;5~6;0;2~3;2~4;4~6;65~82;6~8;1~2;2~3;Not Placed
18~21;Female;BCA;ME~Civil;5~6;0;2~3;2~4;4~6;63~68;6~7;1;2~3;Not Placed
18~21;Female;BCA;ME~Civil;5~6;0;2~3;2~4;4~6;63~68;6~7;1;2~3;Not Placed
18~21;Female;BCA;ME~Civil;5~6;0;2~3;2~4;4~6;63~68;6~7;1;2~3;Not Placed
18~21;Female;BCA;ME~Civil;5~6;0;2~3;2~4;4~6;63~68;6~7;1;2~3;Not Placed
18~21;Female;BCA;ME~Civil;5~6;0;2~3;2~4;4~6;63~68;6~7;1;2~3;Not Placed
18;Female;B.Tech;ECE~ME~Civil;5~6;0;2~3;1~4;7~10;35~54;4~6;0~1;1~2;Not Placed
18;Female;B.Tech;ECE~ME~Civil;5~6;0;2~3;1~4;7~10;35~54;4~6;0~1;1~2;Not Placed
18;Female;B.Tech;ECE~ME~Civil;5~6;0;2~3;1~4;7~10;35~54;4~6;0~1;1~2;Not Placed
18;Female;B.Tech;ECE~ME~Civil;5~6;0;2~3;1~4;7~10;35~54;4~6;0~1;1~2;Not Placed
18;Female;B.Tech;ECE~ME~Civil;5~6;0;2~3;1~4;7~10;35~54;4~6;0~1;1~2;Not Placed
18;Female;B.Tech;ECE~ME~Civil;5~6;0;2~3;1~4;7~10;35~54;4~6;0~1;1~2;Not Placed
18;Female;B.Tech;ECE~ME~Civil;5~6;0;2~3;1~4;7~10;35~54;4~6;0~1;1~2;Not Placed
19~21;Female;B.Tech;ECE~ME~Civil;4~6;0;2~3;2~4;7~8;35~54;4~6;0~1;0~2;Not Placed
19~21;Female;B.Tech;ECE~ME~Civil;4~6;0;2~3;2~4;7~8;35~54;4~6;0~1;0~2;Not Placed
19~21;Female;B.Tech;ECE~ME~Civil;4~6;0;2~3;2~4;7~8;35~54;4~6;0~1;0~2;Not Placed
19~21;Female;B.Tech;ECE~ME~Civil;4~6;0;2~3;2~4;7~8;35~54;4~6;0~1;0~2;Not Placed
19~21;Female;B.Tech;ECE~ME~Civil;4~6;0;2~3;2~4;7~8;35~54;4~6;0~1;0~2;Not Placed
19~21;Female;B.Tech;ECE~ME~Civil;4~6;0;2~3;2~4;7~8;35~54;4~6;0~1;0~2;Not Placed
19~21;Female;B.Sc~BCA;ECE~ME~Civil;5~6;0;2~3;2~4;7~9;40~53;2~6;1;1;Not Placed
19~21;Female;B.Sc~BCA;ECE~ME~Civil;5~6;0;2~3;2~4;7~9;40~53;2~6;1;1;Not Placed
19~21;Female;B.Sc~BCA;ECE~ME~Civil;5~6;0;2~3;2~4;7~9;40~53;2~6;1;1;Not Placed
19~21;Female;B.Sc~BCA;ECE~ME~Civil;5~6;0;2~3;2~4;7~9;40~53;2~6;1;1;Not Placed
19~21;Female;B.Sc~BCA;ECE~ME~Civil;5~6;0;2~3;2~4;7~9;40~53;2~6;1;1;Not Placed
19~21;Female;B.Sc~BCA;ECE~ME~Civil;5~6;0;2~3;2~4;7~9;40~53;2~6;1;1;Not Placed
18~21;Female;B.Sc~BCA;ECE~ME~Civil;4~6;0;1~3;1~4;7~8;44~53;4~6;0~1;2~3;Not Placed
18~21;Female;B.Sc~BCA;ECE~ME~Civil;4~6;0;1~3;1~4;7~8;44~53;4~6;0~1;2~3;Not Placed
18~21;Female;B.Sc~BCA;ECE~ME~Civil;4~6;0;1~3;1~4;7~8;44~53;4~6;0~1;2~3;Not Placed
18~21;Female;B.Sc~BCA;ECE~ME~Civil;4~6;0;1~3;1~4;7~8;44~53;4~6;0~1;2~3;Not Placed
18~21;Female;B.Sc~BCA;ECE~ME~Civil;4~6;0;1~3;1~4;7~8;44~53;4~6;0~1;2~3;Not Placed
18~21;Female;B.Sc~BCA;ECE~ME~Civil;4~6;0;1~3;1~4;7~8;44~53;4~6;0~1;2~3;Not Placed
18~21;Female;B.Sc~BCA;ECE~ME~Civil;4~6;0;1~3;1~4;7~8;44~53;4~6;0~1;2~3;Not Placed
18~21;Female;B.Tech~B.Sc~BCA;ECE~ME~Civil;4~6;0;1~3;1~4;7~9;45~54;7~8;0~1;1~3;Not Placed
18~21;Female;B.Tech~B.Sc~BCA;ECE~ME~Civil;4~6;0;1~3;1~4;7~9;45~54;7~8;0~1;1~3;Not Placed
18~21;Female;B.Tech~B.Sc~BCA;ECE~ME~Civil;4~6;0;1~3;1~4;7~9;45~54;7~8;0~1;1~3;Not Placed
18~21;Female;B.Tech~B.Sc~BCA;ECE~ME~Civil;4~6;0;1~3;1~4;7~9;45~54;7~8;0~1;1~3;Not Placed
18~21;Female;B.Tech~B.Sc~BCA;ECE~ME~Civil;4~6;0;1~3;1~4;7~9;45~54;7~8;0~1;1~3;Not Placed
18~21;Female;B.Tech~B.Sc~BCA;ECE~ME~Civil;4~6;0;1~3;1~4;7~9;45~54;7~8;0~1;1~3;Not Placed
18~21;Female;B.Tech~B.Sc~BCA;ECE~ME~Civil;4~6;0;1~3;1~4;7~9;45~54;7~8;0~1;1~3;Not Placed
18~21;Female;B.Tech~B.Sc~BCA;ECE~ME~Civil;4~6;0;1~3;1~4;7~9;45~54;7~8;0~1;1~3;Not Placed
18~21;Female;B.Tech~B.Sc~BCA;ECE~ME~Civil;5~6;0;2~3;1~4;7;60~83;3~5;1~2;0~1;Not Placed
18~21;Female;B.Tech~B.Sc~BCA;ECE~ME~Civil;5~6;0;2~3;1~4;7;60~83;3~5;1~2;0~1;Not Placed
18~21;Female;B.Tech~B.Sc~BCA;ECE~ME~Civil;5~6;0;2~3;1~4;7;60~83;3~5;1~2;0~1;Not Placed
18~21;Female;B.Tech~B.Sc~BCA;ECE~ME~Civil;5~6;0;2~3;1~4;7;60~83;3~5;1~2;0~1;Not Placed
18~21;Female;B.Tech~B.Sc~BCA;ECE~ME~Civil;5~6;0;2~3;1~4;7;60~83;3~5;1~2;0~1;Not Placed
18~21;Female;B.Tech~B.Sc~BCA;ECE~ME~Civil;5~6;0;2~3;1~4;7;60~83;3~5;1~2;0~1;Not Placed
18~21;Female;B.Tech~B.Sc~BCA;ECE~ME~Civil;5~6;0;2~3;1~4;7;60~83;3~5;1~2;0~1;Not Placed
18~21;Female;B.Tech~B.Sc~BCA;ECE~ME~Civil;5~6;0;2~3;1~4;7;60~83;3~5;1~2;0~1;Not Placed
18~21;Female;B.Tech~B.Sc~BCA;ECE~ME~Civil;5~6;0;2~3;1~4;7~8;57~75;3~5;1;2~3;Not Placed
18~21;Female;B.Tech~B.Sc~BCA;ECE~ME~Civil;5~6;0;2~3;1~4;7~8;57~75;3~5;1;2~3;Not Placed
18~21;Female;B.Tech~B.Sc~BCA;ECE~ME~Civil;5~6;0;2~3;1~4;7~8;57~75;3~5;1;2~3;Not Placed
18~21;Female;B.Tech~B.Sc~BCA;ECE~ME~Civil;5~6;0;2~3;1~4;7~8;57~75;3~5;1;2~3;Not Placed
18~21;Female;B.Tech~B.Sc~BCA;ECE~ME~Civil;5~6;0;2~3;1~4;7~8;57~75;3~5;1;2~3;Not Placed
18~21;Female;B.Tech~B.Sc~BCA;ECE~ME~Civil;5~6;0;2~3;1~4;7~8;57~75;3~5;1;2~3;Not Placed
18~21;Female;B.Tech~B.Sc~BCA;ECE~ME~Civil;5~6;0;2~3;1~4;7~8;57~75;3~5;1;2~3;Not Placed
18~21;Female;B.Tech~B.Sc~BCA;ECE~ME~Civil;5~6;0;2~3;1~4;7~8;57~75;3~5;1;2~3;Not Placed
18~21;Female;B.Tech~B.Sc~BCA;ECE~ME~Civil;5~6;0;2~3;1~4;7~8;57~75;3~5;1;2~3;Not Placed
18~21;Female;B.Tech~B.Sc;ECE~ME~Civil;5~6;0;2~3;1~4;7~9;56~72;6~9;1;1;Not Placed
18~21;Female;B.Tech~B.Sc;ECE~ME~Civil;5~6;0;2~3;1~4;7~9;56~72;6~9;1;1;Not Placed
18~21;Female;B.Tech~B.Sc;ECE~ME~Civil;5~6;0;2~3;1~4;7~9;56~72;6~9;1;1;Not Placed
18~21;Female;B.Tech~B.Sc;ECE~ME~Civil;5~6;0;2~3;1~4;7~9;56~72;6~9;1;1;Not Placed
18~21;Female;B.Tech~B.Sc;ECE~ME~Civil;5~6;0;2~3;1~4;7~9;56~72;6~9;1;1;Not Placed
18~21;Female;BCA;ECE~ME~Civil;5~6;0;2~3;3~4;7~8;55~92;6~9;1;0~1;Not Placed
18~21;Female;BCA;ECE~ME~Civil;5~6;0;2~3;3~4;7~8;55~92;6~9;1;0~1;Not Placed
18~21;Female;BCA;ECE~ME~Civil;5~6;0;2~3;3~4;7~8;55~92;6~9;1;0~1;Not Placed
18~21;Female;BCA;ECE~ME~Civil;5~6;0;2~3;3~4;7~8;55~92;6~9;1;0~1;Not Placed
18~21;Female;BCA;ECE~ME~Civil;5~6;0;2~3;3~4;7~8;55~92;6~9;1;0~1;Not Placed
18~21;Female;BCA;ECE~ME~Civil;5~6;0;2~3;3~4;7~8;55~92;6~9;1;0~1;Not Placed
18~21;Female;B.Tech~B.Sc~BCA;ECE~ME~Civil;5~6;0;2~3;2~4;7~10;55~91;6~7;1~2;2~3;Not Placed
18~21;Female;B.Tech~B.Sc~BCA;ECE~ME~Civil;5~6;0;2~3;2~4;7~10;55~91;6~7;1~2;2~3;Not Placed
18~21;Female;B.Tech~B.Sc~BCA;ECE~ME~Civil;5~6;0;2~3;2~4;7~10;55~91;6~7;1~2;2~3;Not Placed
18~21;Female;B.Tech~B.Sc~BCA;ECE~ME~Civil;5~6;0;2~3;2~4;7~10;55~91;6~7;1~2;2~3;Not Placed
18~21;Female;B.Tech~B.Sc~BCA;ECE~ME~Civil;5~6;0;2~3;2~4;7~10;55~91;6~7;1~2;2~3;Not Placed
18~21;Female;B.Tech~B.Sc~BCA;ECE~ME~Civil;5~6;0;2~3;2~4;7~10;55~91;6~7;1~2;2~3;Not Placed
18~21;Female;B.Tech~B.Sc~BCA;ECE~ME~Civil;5~6;0;2~3;2~4;7~10;55~91;6~7;1~2;2~3;Not Placed
18~21;Female;B.Tech~B.Sc~BCA;ME~Civil;5~6;0;3;5;3~6;45~57;4~5;1;1~3;Not Placed
18~21;Female;B.Tech~B.Sc~BCA;ME~Civil;5~6;0;3;5;3~6;45~57;4~5;1;1~3;Not Placed
18~21;Female;B.Tech~B.Sc~BCA;ME~Civil;5~6;0;3;5;3~6;45~57;4~5;1;1~3;Not Placed
18~21;Female;B.Tech~B.Sc~BCA;ME~Civil;5~6;0;3;5;3~6;45~57;4~5;1;1~3;Not Placed
18~21;Female;B.Tech~B.Sc~BCA;ME~Civil;5~6;0;3;5;3~6;45~57;4~5;1;1~3;Not Placed
18~21;Female;B.Tech~B.Sc~BCA;ME~Civil;5~6;0;3;5;3~6;45~57;4~5;1;1~3;Not Placed
18~21;Female;B.Tech~B.Sc~BCA;ECE~ME~Civil;5~6;0;3;5~6;4~6;58~63;4~5;2;1~2;Not Placed
18~21;Female;B.Tech~B.Sc~BCA;ECE~ME~Civil;5~6;0;3;5~6;4~6;58~63;4~5;2;1~2;Not Placed
18~21;Female;B.Tech~B.Sc~BCA;ECE~ME~Civil;5~6;0;3;5~6;4~6;58~63;4~5;2;1~2;Not Placed
18~21;Female;B.Tech~B.Sc~BCA;ECE~ME~Civil;5~6;0;3;5~6;4~6;58~63;4~5;2;1~2;Not Placed
18~21;Female;B.Tech~B.Sc~BCA;ECE~ME~Civil;5~6;0;3;5~6;4~6;58~63;4~5;2;1~2;Not Placed
18~21;Female;B.Tech~B.Sc~BCA;ECE~ME~Civil;5~6;0;3;5~6;4~6;58~63;4~5;2;1~2;Not Placed
18~21;Female;B.Tech;ECE~ME~Civil;5~6;0;3;5;5~6;46~63;6~8;1~2;0~3;Not Placed
18~21;Female;B.Tech;ECE~ME~Civil;5~6;0;3;5;5~6;46~63;6~8;1~2;0~3;Not Placed
18~21;Female;B.Tech;ECE~ME~Civil;5~6;0;3;5;5~6;46~63;6~8;1~2;0~3;Placed
18~21;Female;B.Tech;ECE~ME~Civil;5~6;0;3;5;5~6;46~63;6~8;1~2;0~3;Not Placed
18~21;Female;B.Tech;ECE~ME~Civil;5~6;0;3;5;5~6;46~63;6~8;1~2;0~3;Not Placed
18~21;Female;B.Tech;ECE~ME~Civil;5~6;0;3;5;5~6;46~63;6~8;1~2;0~3;Not Placed
18~21;Female;B.Sc~BCA;ECE~ME~Civil;4~6;0;3;5;3~6;35~62;6~7;1~2;0~3;Not Placed
18~21;Female;B.Sc~BCA;ECE~ME~Civil;4~6;0;3;5;3~6;35~62;6~7;1~2;0~3;Not Placed
18~21;Female;B.Sc~BCA;ECE~ME~Civil;4~6;0;3;5;3~6;35~62;6~7;1~2;0~3;Not Placed
18~21;Female;B.Sc~BCA;ECE~ME~Civil;4~6;0;3;5;3~6;35~62;6~7;1~2;0~3;Not Placed
18~21;Female;B.Sc~BCA;ECE~ME~Civil;4~6;0;3;5;3~6;35~62;6~7;1~2;0~3;Not Placed
18~21;Female;B.Sc~BCA;ECE~ME~Civil;4~6;0;3;5;3~6;35~62;6~7;1~2;0~3;Placed
18~21;Female;B.Sc~BCA;ECE~ME~Civil;4~6;0;3;5;3~6;35~62;6~7;1~2;0~3;Not Placed
18~20;Female;B.Tech~B.Sc~BCA;ECE~ME~Civil;5~6;0;3;5;3~6;64~76;2~6;2;0~1;Not Placed
18~20;Female;B.Tech~B.Sc~BCA;ECE~ME~Civil;5~6;0;3;5;3~6;64~76;2~6;2;0~1;Not Placed
18~20;Female;B.Tech~B.Sc~BCA;ECE~ME~Civil;5~6;0;3;5;3~6;64~76;2~6;2;0~1;Not Placed
18~20;Female;B.Tech~B.Sc~BCA;ECE~ME~Civil;5~6;0;3;5;3~6;64~76;2~6;2;0~1;Not Placed
18~20;Female;B.Tech~B.Sc~BCA;ECE~ME~Civil;5~6;0;3;5;3~6;64~76;2~6;2;0~1;Not Placed
18~20;Female;B.Tech~B.Sc~BCA;ECE~ME~Civil;5~6;0;3;5;3~6;64~76;2~6;2;0~1;Not Placed
18~21;Female;B.Tech~B.Sc~BCA;ME~Civil;6~6;0;3;5;4~6;66~81;4~6;2;0~1;Placed
18~21;Female;B.Tech~B.Sc~BCA;ME~Civil;6~6;0;3;5;4~6;66~81;4~6;2;0~1;Placed
18~21;Female;B.Tech~B.Sc~BCA;ME~Civil;6~6;0;3;5;4~6;66~81;4~6;2;0~1;Placed
18~21;Female;B.Tech~B.Sc~BCA;ME~Civil;6~6;0;3;5;4~6;66~81;4~6;2;0~1;Not Placed
18~21;Female;B.Tech~B.Sc~BCA;ME~Civil;6~6;0;3;5;4~6;66~81;4~6;2;0~1;Placed
18~21;Female;B.Tech~B.Sc~BCA;ME~Civil;6~6;0;3;5;4~6;66~81;4~6;2;0~1;Placed
18~21;Female;B.Tech~B.Sc~BCA;ME~Civil;6~6;0;3;5;4~6;66~81;4~6;2;0~1;Placed
18~21;Female;B.Tech~B.Sc~BCA;ECE~ME~Civil;6~6;0;3;5;4~6;65~75;5~6;2;2~3;Not Placed
18~21;Female;B.Tech~B.Sc~BCA;ECE~ME~Civil;6~6;0;3;5;4~6;65~75;5~6;2;2~3;Not Placed
18~21;Female;B.Tech~B.Sc~BCA;ECE~ME~Civil;6~6;0;3;5;4~6;65~75;5~6;2;2~3;Not Placed
18~21;Female;B.Tech~B.Sc~BCA;ECE~ME~Civil;6~6;0;3;5;4~6;65~75;5~6;2;2~3;Not Placed
18~21;Female;B.Tech~B.Sc~BCA;ECE~ME~Civil;6~6;0;3;5;4~6;65~75;5~6;2;2~3;Not Placed
18~21;Female;B.Tech~B.Sc~BCA;ECE~ME~Civil;6~6;0;3;5;4~6;65~75;5~6;2;2~3;Not Placed
18~21;Female;B.Tech~B.Sc~BCA;ECE~ME~Civil;6~6;0;3;5;4~6;65~75;5~6;2;2~3;Not Placed
19~21;Female;B.Tech~B.Sc~BCA;ECE~ME~Civil;5~6;0;3;5;2~6;64~81;7~9;2;0~2;Placed
19~21;Female;B.Tech~B.Sc~BCA;ECE~ME~Civil;5~6;0;3;5;2~6;64~81;7~9;2;0~2;Not Placed
19~21;Female;B.Tech~B.Sc~BCA;ECE~ME~Civil;5~6;0;3;5;2~6;64~81;7~9;2;0~2;Not Placed
19~21;Female;B.Tech~B.Sc~BCA;ECE~ME~Civil;5~6;0;3;5;2~6;64~81;7~9;2;0~2;Not Placed
19~21;Female;B.Tech~B.Sc~BCA;ECE~ME~Civil;5~6;0;3;5;2~6;64~81;7~9;2;0~2;Not Placed
18~21;Female;B.Tech~B.Sc~BCA;ECE~ME;4~6;0;3;5~6;7~8;48~66;4~6;1~2;0~3;Not Placed
18~21;Female;B.Tech~B.Sc~BCA;ECE~ME;4~6;0;3;5~6;7~8;48~66;4~6;1~2;0~3;Not Placed
18~21;Female;B.Tech~B.Sc~BCA;ECE~ME;4~6;0;3;5~6;7~8;48~66;4~6;1~2;0~3;Not Placed
18~21;Female;B.Tech~B.Sc~BCA;ECE~ME;4~6;0;3;5~6;7~8;48~66;4~6;1~2;0~3;Not Placed
18~21;Female;B.Tech~B.Sc~BCA;ECE~ME;4~6;0;3;5~6;7~8;48~66;4~6;1~2;0~3;Not Placed
18~21;Female;B.Tech~B.Sc~BCA;ECE~ME;4~6;0;3;5~6;7~8;48~66;4~6;1~2;0~3;Not Placed
18~21;Female;B.Tech~B.Sc~BCA;ECE~ME;4~6;0;3;5~6;7~8;48~66;4~6;1~2;0~3;Not Placed
18~21;Female;B.Tech~B.Sc~BCA;ECE~ME;4~6;0;3;5~6;7~8;48~66;4~6;1~2;0~3;Not Placed
18~21;Female;B.Tech~B.Sc~BCA;ECE~ME~Civil;5~6;0;3;5~6;7~9;67~77;3~8;2;0~3;Placed
18~21;Female;B.Tech~B.Sc~BCA;ECE~ME~Civil;5~6;0;3;5~6;7~9;67~77;3~8;2;0~3;Placed
18~21;Female;B.Tech~B.Sc~BCA;ECE~ME~Civil;5~6;0;3;5~6;7~9;67~77;3~8;2;0~3;Not Placed
18~21;Female;B.Tech~B.Sc~BCA;ECE~ME~Civil;5~6;0;3;5~6;7~9;67~77;3~8;2;0~3;Placed
18~21;Female;B.Tech~B.Sc~BCA;ECE~ME~Civil;5~6;0;3;5~6;7~9;67~77;3~8;2;0~3;Not Placed
18~21;Female;B.Tech~B.Sc~BCA;ECE~ME~Civil;5~6;0;3;5~6;7~9;67~77;3~8;2;0~3;Not Placed
18~21;Female;B.Tech~B.Sc~BCA;ECE~ME~Civil;5~6;0;3;5~6;7~9;67~77;3~8;2;0~3;Placed
18~21;Female;B.Tech~B.Sc~BCA;ECE~ME~Civil;5~6;0;3;5~6;7~9;67~77;3~8;2;0~3;Placed
18~21;Female;B.Tech~B.Sc;ECE~ME~Civil;6~6;0;4;6;5~6;53~69;3~8;2;0~2;Not Placed
18~21;Female;B.Tech~B.Sc;ECE~ME~Civil;6~6;0;4;6;5~6;53~69;3~8;2;0~2;Placed
18~21;Female;B.Tech~B.Sc;ECE~ME~Civil;6~6;0;4;6;5~6;53~69;3~8;2;0~2;Placed
18~21;Female;B.Tech~B.Sc;ECE~ME~Civil;6~6;0;4;6;5~6;53~69;3~8;2;0~2;Not Placed
18~21;Female;B.Tech~B.Sc;ECE~ME~Civil;6~6;0;4;6;5~6;53~69;3~8;2;0~2;Placed
18~21;Female;B.Tech~B.Sc;ECE~ME~Civil;6~6;0;4;6;5~6;53~69;3~8;2;0~2;Not Placed
18~21;Female;BCA;ECE~ME~Civil;6~6;0;4;6;3~6;45~68;5~9;2;0~3;Placed
18~21;Female;BCA;ECE~ME~Civil;6~6;0;4;6;3~6;45~68;5~9;2;0~3;Not Placed
18~21;Female;BCA;ECE~ME~Civil;6~6;0;4;6;3~6;45~68;5~9;2;0~3;Not Placed
18~21;Female;BCA;ECE~ME~Civil;6~6;0;4;6;3~6;45~68;5~9;2;0~3;Placed
18~21;Female;BCA;ECE~ME~Civil;6~6;0;4;6;3~6;45~68;5~9;2;0~3;Placed
18~21;Female;BCA;ECE~ME~Civil;6~6;0;4;6;3~6;45~68;5~9;2;0~3;Not Placed
19~21;Female;B.Tech~B.Sc~BCA;ECE~ME;6~6;0;4;6;3~6;70~86;4~5;2;0~2;Not Placed
19~21;Female;B.Tech~B.Sc~BCA;ECE~ME;6~6;0;4;6;3~6;70~86;4~5;2;0~2;Not Placed
19~21;Female;B.Tech~B.Sc~BCA;ECE~ME;6~6;0;4;6;3~6;70~86;4~5;2;0~2;Placed
19~21;Female;B.Tech~B.Sc~BCA;ECE~ME;6~6;0;4;6;3~6;70~86;4~5;2;0~2;Not Placed
19~21;Female;B.Tech~B.Sc~BCA;ECE~ME;6~6;0;4;6;3~6;70~86;4~5;2;0~2;Placed
18~21;Female;B.Tech~B.Sc~BCA;ECE~ME;6~7;0;4;6;3~6;74~84;4~7;2;0~1;Placed
18~21;Female;B.Tech~B.Sc~BCA;ECE~ME;6~7;0;4;6;3~6;74~84;4~7;2;0~1;Placed
18~21;Female;B.Tech~B.Sc~BCA;ECE~ME;6~7;0;4;6;3~6;74~84;4~7;2;0~1;Placed
18~21;Female;B.Tech~B.Sc~BCA;ECE~ME;6~7;0;4;6;3~6;74~84;4~7;2;0~1;Not Placed
18~21;Female;B.Tech~B.Sc~BCA;ECE~ME;6~7;0;4;6;3~6;74~84;4~7;2;0~1;Placed
18~20;Female;B.Tech~B.Sc~BCA;ECE~ME;6~6;0;4;6;7~9;39~59;4~8;1~2;1~3;Not Placed
18~20;Female;B.Tech~B.Sc~BCA;ECE~ME;6~6;0;4;6;7~9;39~59;4~8;1~2;1~3;Not Placed
18~20;Female;B.Tech~B.Sc~BCA;ECE~ME;6~6;0;4;6;7~9;39~59;4~8;1~2;1~3;Not Placed
18~20;Female;B.Tech~B.Sc~BCA;ECE~ME;6~6;0;4;6;7~9;39~59;4~8;1~2;1~3;Not Placed
18~20;Female;B.Tech~B.Sc~BCA;ECE~ME;6~6;0;4;6;7~9;39~59;4~8;1~2;1~3;Not Placed
18~21;Female;B.Tech~B.Sc~BCA;ME;6~6;0;4;6;7~8;63~74;5~6;2;0~2;Placed
18~21;Female;B.Tech~B.Sc~BCA;ME;6~6;0;4;6;7~8;63~74;5~6;2;0~2;Placed
18~21;Female;B.Tech~B.Sc~BCA;ME;6~6;0;4;6;7~8;63~74;5~6;2;0~2;Not Placed
18~21;Female;B.Tech~B.Sc~BCA;ME;6~6;0;4;6;7~8;63~74;5~6;2;0~2;Placed
18~21;Female;B.Tech~B.Sc~BCA;ME;6~6;0;4;6;7~8;63~74;5~6;2;0~2;Not Placed
19~21;Female;B.Sc~BCA;ECE~ME~Civil;5~6;0;4;7~8;3~5;49~63;5~7;2;0~3;Not Placed
19~21;Female;B.Sc~BCA;ECE~ME~Civil;5~6;0;4;7~8;3~5;49~63;5~7;2;0~3;Not Placed
19~21;Female;B.Sc~BCA;ECE~ME~Civil;5~6;0;4;7~8;3~5;49~63;5~7;2;0~3;Not Placed
19~21;Female;B.Sc~BCA;ECE~ME~Civil;5~6;0;4;7~8;3~5;49~63;5~7;2;0~3;Not Placed
19~21;Female;B.Sc~BCA;ECE~ME~Civil;5~6;0;4;7~8;3~5;49~63;5~7;2;0~3;Not Placed
19~21;Female;B.Sc~BCA;ECE~ME~Civil;5~6;0;4;7~8;3~5;49~63;5~7;2;0~3;Not Placed
18~21;Female;B.Sc~BCA;ECE~ME~Civil;5~6;0;4;7~8;3~5;64~74;3~8;2;0~2;Placed
18~21;Female;B.Sc~BCA;ECE~ME~Civil;5~6;0;4;7~8;3~5;64~74;3~8;2;0~2;Not Placed
18~21;Female;B.Sc~BCA;ECE~ME~Civil;5~6;0;4;7~8;3~5;64~74;3~8;2;0~2;Not Placed
18~21;Female;B.Sc~BCA;ECE~ME~Civil;5~6;0;4;7~8;3~5;64~74;3~8;2;0~2;Not Placed
18~21;Female;B.Sc~BCA;ECE~ME~Civil;5~6;0;4;7~8;3~5;64~74;3~8;2;0~2;Placed
18~21;Female;B.Sc~BCA;ECE~ME~Civil;5~6;0;4;7~8;3~5;64~74;3~8;2;0~2;Not Placed
18~21;Female;B.Sc~BCA;ECE~ME~Civil;5~6;0;4;7~8;3~5;64~74;3~8;2;0~2;Not Placed
18~21;Female;B.Tech~B.Sc~BCA;ECE~ME~Civil;5~6;0;4;7;6~9;50~60;4~6;2;0~1;Not Placed
18~21;Female;B.Tech~B.Sc~BCA;ECE~ME~Civil;5~6;0;4;7;6~9;50~60;4~6;2;0~1;Not Placed
18~21;Female;B.Tech~B.Sc~BCA;ECE~ME~Civil;5~6;0;4;7;6~9;50~60;4~6;2;0~1;Placed
18~21;Female;B.Tech~B.Sc~BCA;ECE~ME~Civil;5~6;0;4;7;6~9;50~60;4~6;2;0~1;Not Placed
18~21;Female;B.Tech~B.Sc~BCA;ECE~ME~Civil;5~6;0;4;7;6~9;50~60;4~6;2;0~1;Placed
18~21;Female;B.Tech~B.Sc~BCA;ECE~ME~Civil;5~6;0;4;7;6~9;50~60;4~6;2;0~1;Placed
18~20;Female;B.Tech~B.Sc~BCA;ECE~ME~Civil;5~6;0;4;7~8;6~8;61~79;4~7;2;0~3;Not Placed
18~20;Female;B.Tech~B.Sc~BCA;ECE~ME~Civil;5~6;0;4;7~8;6~8;61~79;4~7;2;0~3;Not Placed
18~20;Female;B.Tech~B.Sc~BCA;ECE~ME~Civil;5~6;0;4;7~8;6~8;61~79;4~7;2;0~3;Placed
18~20;Female;B.Tech~B.Sc~BCA;ECE~ME~Civil;5~6;0;4;7~8;6~8;61~79;4~7;2;0~3;Not Placed
18~20;Female;B.Tech~B.Sc~BCA;ECE~ME~Civil;5~6;0;4;7~8;6~8;61~79;4~7;2;0~3;Not Placed
18~20;Female;B.Tech~B.Sc~BCA;ECE~ME~Civil;5~6;0;4;7~8;6~8;61~79;4~7;2;0~3;Placed
18~19;Female;B.Tech~B.Sc;ECE~ME~Civil;4~6;1~2;2~3;3~5;3~6;41~62;4~5;1~2;0~1;Not Placed
18~19;Female;B.Tech~B.Sc;ECE~ME~Civil;4~6;1~2;2~3;3~5;3~6;41~62;4~5;1~2;0~1;Not Placed
18~19;Female;B.Tech~B.Sc;ECE~ME~Civil;4~6;1~2;2~3;3~5;3~6;41~62;4~5;1~2;0~1;Not Placed
18~19;Female;B.Tech~B.Sc;ECE~ME~Civil;4~6;1~2;2~3;3~5;3~6;41~62;4~5;1~2;0~1;Not Placed
18~19;Female;B.Tech~B.Sc;ECE~ME~Civil;4~6;1~2;2~3;3~5;3~6;41~62;4~5;1~2;0~1;Not Placed
18~19;Female;B.Tech~B.Sc;ECE~ME~Civil;4~6;1~2;2~3;3~5;3~6;41~62;4~5;1~2;0~1;Not Placed
18~19;Female;B.Tech~B.Sc;ECE~ME~Civil;4~6;1~2;2~3;3~5;3~6;41~62;4~5;1~2;0~1;Not Placed
18~21;Female;BCA;ECE~ME~Civil;5~6;1~2;2~3;2~5;4~6;36~61;4~5;0~2;0~1;Not Placed
18~21;Female;BCA;ECE~ME~Civil;5~6;1~2;2~3;2~5;4~6;36~61;4~5;0~2;0~1;Not Placed
18~21;Female;BCA;ECE~ME~Civil;5~6;1~2;2~3;2~5;4~6;36~61;4~5;0~2;0~1;Placed
18~21;Female;BCA;ECE~ME~Civil;5~6;1~2;2~3;2~5;4~6;36~61;4~5;0~2;0~1;Not Placed
18~21;Female;BCA;ECE~ME~Civil;5~6;1~2;2~3;2~5;4~6;36~61;4~5;0~2;0~1;Not Placed
18~21;Female;BCA;ECE~ME~Civil;5~6;1~2;2~3;2~5;4~6;36~61;4~5;0~2;0~1;Placed
18~21;Female;B.Tech~B.Sc;ECE~ME~Civil;5~6;1~2;2~3;1~5;4~6;39~57;3~5;0~1;2~3;Not Placed
18~21;Female;B.Tech~B.Sc;ECE~ME~Civil;5~6;1~2;2~3;1~5;4~6;39~57;3~5;0~1;2~3;Not Placed
18~21;Female;B.Tech~B.Sc;ECE~ME~Civil;5~6;1~2;2~3;1~5;4~6;39~57;3~5;0~1;2~3;Not Placed
18~21;Female;B.Tech~B.Sc;ECE~ME~Civil;5~6;1~2;2~3;1~5;4~6;39~57;3~5;0~1;2~3;Not Placed
18~21;Female;B.Tech~B.Sc;ECE~ME~Civil;5~6;1~2;2~3;1~5;4~6;39~57;3~5;0~1;2~3;Not Placed
18~21;Female;B.Tech~B.Sc;ECE~ME~Civil;5~6;1~2;2~3;1~5;4~6;39~57;3~5;0~1;2~3;Not Placed
18~21;Female;B.Tech~B.Sc;ECE~ME~Civil;5~6;1~2;2~3;1~5;4~6;39~57;3~5;0~1;2~3;Not Placed
18~21;Female;B.Tech~B.Sc;ECE~ME~Civil;5~6;1~2;2~3;1~5;4~6;39~57;3~5;0~1;2~3;Not Placed
18~21;Female;BCA;ECE~ME~Civil;5~6;1;2~3;1~5;5~6;43~62;3~5;0~2;2~3;Not Placed
18~21;Female;BCA;ECE~ME~Civil;5~6;1;2~3;1~5;5~6;43~62;3~5;0~2;2~3;Not Placed
18~21;Female;BCA;ECE~ME~Civil;5~6;1;2~3;1~5;5~6;43~62;3~5;0~2;2~3;Not Placed
18~21;Female;BCA;ECE~ME~Civil;5~6;1;2~3;1~5;5~6;43~62;3~5;0~2;2~3;Not Placed
18~21;Female;BCA;ECE~ME~Civil;5~6;1;2~3;1~5;5~6;43~62;3~5;0~2;2~3;Not Placed
18~21;Female;BCA;ECE~ME~Civil;5~6;1;2~3;1~5;5~6;43~62;3~5;0~2;2~3;Not Placed
18~21;Female;B.Tech;ECE~ME~Civil;5~6;1~2;3;4~5;3~6;47~60;6~7;1~2;0~1;Not Placed
18~21;Female;B.Tech;ECE~ME~Civil;5~6;1~2;3;4~5;3~6;47~60;6~7;1~2;0~1;Not Placed
18~21;Female;B.Tech;ECE~ME~Civil;5~6;1~2;3;4~5;3~6;47~60;6~7;1~2;0~1;Not Placed
18~21;Female;B.Tech;ECE~ME~Civil;5~6;1~2;3;4~5;3~6;47~60;6~7;1~2;0~1;Not Placed
18~21;Female;B.Tech;ECE~ME~Civil;5~6;1~2;3;4~5;3~6;47~60;6~7;1~2;0~1;Not Placed
18~21;Female;B.Tech;ECE~ME~Civil;5~6;1~2;3;4~5;3~6;47~60;6~7;1~2;0~1;Not Placed
18~20;Female;B.Sc~BCA;ECE~ME~Civil;5~6;1;2~3;3~5;4~6;50~58;6~8;1;0~1;Not Placed
18~20;Female;B.Sc~BCA;ECE~ME~Civil;5~6;1;2~3;3~5;4~6;50~58;6~8;1;0~1;Not Placed
18~20;Female;B.Sc~BCA;ECE~ME~Civil;5~6;1;2~3;3~5;4~6;50~58;6~8;1;0~1;Not Placed
18~20;Female;B.Sc~BCA;ECE~ME~Civil;5~6;1;2~3;3~5;4~6;50~58;6~8;1;0~1;Not Placed
18~20;Female;B.Sc~BCA;ECE~ME~Civil;5~6;1;2~3;3~5;4~6;50~58;6~8;1;0~1;Not Placed
19~21;Female;B.Tech~B.Sc~BCA;ECE~ME;4~5;1;1~3;1~5;3~6;35~53;6~7;0~1;2~3;Not Placed
19~21;Female;B.Tech~B.Sc~BCA;ECE~ME;4~5;1;1~3;1~5;3~6;35~53;6~7;0~1;2~3;Not Placed
19~21;Female;B.Tech~B.Sc~BCA;ECE~ME;4~5;1;1~3;1~5;3~6;35~53;6~7;0~1;2~3;Not Placed
19~21;Female;B.Tech~B.Sc~BCA;ECE~ME;4~5;1;1~3;1~5;3~6;35~53;6~7;0~1;2~3;Not Placed
19~21;Female;B.Tech~B.Sc~BCA;ECE~ME;4~5;1;1~3;1~5;3~6;35~53;6~7;0~1;2~3;Not Placed
18~21;Female;B.Tech~B.Sc~BCA;ECE~ME~Civil;5~6;1~2;2~3;2~5;3~6;44~62;7~8;1~2;2~3;Not Placed
18~21;Female;B.Tech~B.Sc~BCA;ECE~ME~Civil;5~6;1~2;2~3;2~5;3~6;44~62;7~8;1~2;2~3;Not Placed
18~21;Female;B.Tech~B.Sc~BCA;ECE~ME~Civil;5~6;1~2;2~3;2~5;3~6;44~62;7~8;1~2;2~3;Not Placed
18~21;Female;B.Tech~B.Sc~BCA;ECE~ME~Civil;5~6;1~2;2~3;2~5;3~6;44~62;7~8;1~2;2~3;Not Placed
18~21;Female;B.Tech~B.Sc~BCA;ECE~ME~Civil;5~6;1~2;2~3;2~5;3~6;44~62;7~8;1~2;2~3;Not Placed
18~21;Female;B.Tech~B.Sc;ME~Civil;5~6;1~2;2~3;1~5;4~6;66~88;4~5;1~2;0~1;Not Placed
18~21;Female;B.Tech~B.Sc;ME~Civil;5~6;1~2;2~3;1~5;4~6;66~88;4~5;1~2;0~1;Not Placed
18~21;Female;B.Tech~B.Sc;ME~Civil;5~6;1~2;2~3;1~5;4~6;66~88;4~5;1~2;0~1;Not Placed
18~21;Female;B.Tech~B.Sc;ME~Civil;5~6;1~2;2~3;1~5;4~6;66~88;4~5;1~2;0~1;Not Placed
18~21;Female;B.Tech~B.Sc;ME~Civil;5~6;1~2;2~3;1~5;4~6;66~88;4~5;1~2;0~1;Not Placed
18~21;Female;B.Tech~B.Sc;ECE~ME;6~6;1;3;4~5;3~6;65~71;4~5;1~2;0~1;Not Placed
18~21;Female;B.Tech~B.Sc;ECE~ME;6~6;1;3;4~5;3~6;65~71;4~5;1~2;0~1;Placed
18~21;Female;B.Tech~B.Sc;ECE~ME;6~6;1;3;4~5;3~6;65~71;4~5;1~2;0~1;Not Placed
18~21;Female;B.Tech~B.Sc;ECE~ME;6~6;1;3;4~5;3~6;65~71;4~5;1~2;0~1;Not Placed
18~21;Female;B.Tech~B.Sc;ECE~ME;6~6;1;3;4~5;3~6;65~71;4~5;1~2;0~1;Not Placed
18~21;Female;BCA;ECE~ME~Civil;5~6;1~2;2~3;2~5;2~6;63~88;3~5;1~2;0~1;Not Placed
18~21;Female;BCA;ECE~ME~Civil;5~6;1~2;2~3;2~5;2~6;63~88;3~5;1~2;0~1;Not Placed
18~21;Female;BCA;ECE~ME~Civil;5~6;1~2;2~3;2~5;2~6;63~88;3~5;1~2;0~1;Not Placed
18~21;Female;BCA;ECE~ME~Civil;5~6;1~2;2~3;2~5;2~6;63~88;3~5;1~2;0~1;Placed
18~21;Female;BCA;ECE~ME~Civil;5~6;1~2;2~3;2~5;2~6;63~88;3~5;1~2;0~1;Not Placed
18~21;Female;BCA;ECE~ME~Civil;5~6;1~2;2~3;2~5;2~6;63~88;3~5;1~2;0~1;Not Placed
18~21;Female;BCA;ECE~ME~Civil;5~6;1~2;2~3;2~5;2~6;63~88;3~5;1~2;0~1;Not Placed
18~21;Female;BCA;ECE~ME~Civil;5~6;1~2;2~3;2~5;2~6;63~88;3~5;1~2;0~1;Not Placed
19~21;Female;B.Tech~B.Sc~BCA;ECE~ME~Civil;5~6;1~2;2~3;3~5;3~6;64~78;3~5;1~2;2~3;Not Placed
19~21;Female;B.Tech~B.Sc~BCA;ECE~ME~Civil;5~6;1~2;2~3;3~5;3~6;64~78;3~5;1~2;2~3;Not Placed
19~21;Female;B.Tech~B.Sc~BCA;ECE~ME~Civil;5~6;1~2;2~3;3~5;3~6;64~78;3~5;1~2;2~3;Not Placed
19~21;Female;B.Tech~B.Sc~BCA;ECE~ME~Civil;5~6;1~2;2~3;3~5;3~6;64~78;3~5;1~2;2~3;Not Placed
19~21;Female;B.Tech~B.Sc~BCA;ECE~ME~Civil;5~6;1~2;2~3;3~5;3~6;64~78;3~5;1~2;2~3;Not Placed
19~21;Female;B.Tech~B.Sc~BCA;ECE~ME~Civil;5~6;1~2;2~3;3~5;3~6;64~78;3~5;1~2;2~3;Not Placed
18~21;Female;B.Tech~B.Sc;ECE~ME~Civil;6~6;1~2;2~3;2~5;2~6;68~81;6;1~2;0;Not Placed
18~21;Female;B.Tech~B.Sc;ECE~ME~Civil;6~6;1~2;2~3;2~5;2~6;68~81;6;1~2;0;Placed
18~21;Female;B.Tech~B.Sc;ECE~ME~Civil;6~6;1~2;2~3;2~5;2~6;68~81;6;1~2;0;Placed
18~21;Female;B.Tech~B.Sc;ECE~ME~Civil;6~6;1~2;2~3;2~5;2~6;68~81;6;1~2;0;Not Placed
18~21;Female;B.Tech~B.Sc;ECE~ME~Civil;6~6;1~2;2~3;2~5;2~6;68~81;6;1~2;0;Placed
18~21;Female;B.Tech~B.Sc;ECE~ME~Civil;6~6;1~2;2~3;2~5;2~6;68~81;6;1~2;0;Not Placed
18~21;Female;B.Tech~B.Sc;ECE~ME~Civil;6~6;1~2;2~3;2~5;2~6;68~81;6;1~2;0;Not Placed
18~21;Female;B.Tech~B.Sc;ECE~ME~Civil;6~6;1~2;2~3;2~5;2~6;68~81;6;1~2;0;Not Placed
18~21;Female;BCA;ECE~ME~Civil;6~6;1;3;3~5;4~5;64~93;6~7;1~2;0;Not Placed
18~21;Female;BCA;ECE~ME~Civil;6~6;1;3;3~5;4~5;64~93;6~7;1~2;0;Not Placed
18~21;Female;BCA;ECE~ME~Civil;6~6;1;3;3~5;4~5;64~93;6~7;1~2;0;Placed
18~21;Female;BCA;ECE~ME~Civil;6~6;1;3;3~5;4~5;64~93;6~7;1~2;0;Not Placed
18~21;Female;BCA;ECE~ME~Civil;6~6;1;3;3~5;4~5;64~93;6~7;1~2;0;Not Placed
18~21;Female;B.Tech~B.Sc~BCA;ECE~ME~Civil;5~6;1~2;2~3;1~5;4~6;67~82;6~7;1~2;1~2;Not Placed
18~21;Female;B.Tech~B.Sc~BCA;ECE~ME~Civil;5~6;1~2;2~3;1~5;4~6;67~82;6~7;1~2;1~2;Not Placed
18~21;Female;B.Tech~B.Sc~BCA;ECE~ME~Civil;5~6;1~2;2~3;1~5;4~6;67~82;6~7;1~2;1~2;Not Placed
18~21;Female;B.Tech~B.Sc~BCA;ECE~ME~Civil;5~6;1~2;2~3;1~5;4~6;67~82;6~7;1~2;1~2;Not Placed
18~21;Female;B.Tech~B.Sc~BCA;ECE~ME~Civil;5~6;1~2;2~3;1~5;4~6;67~82;6~7;1~2;1~2;Not Placed
18~21;Female;B.Tech~B.Sc~BCA;ECE~ME~Civil;5~6;1~2;2~3;1~5;4~6;67~82;6~7;1~2;1~2;Not Placed
18~21;Female;B.Tech~B.Sc~BCA;ECE~ME~Civil;5~6;1~2;2~3;1~5;4~6;67~82;6~7;1~2;1~2;Not Placed
18~21;Female;B.Tech~B.Sc~BCA;ECE~ME~Civil;5~6;1~2;2~3;1~5;4~6;67~82;6~7;1~2;1~2;Not Placed
18~20;Female;B.Tech~B.Sc~BCA;ECE~ME~Civil;4~6;1~2;2~3;3~5;7~10;46~62;4~5;1~2;0~1;Placed
18~20;Female;B.Tech~B.Sc~BCA;ECE~ME~Civil;4~6;1~2;2~3;3~5;7~10;46~62;4~5;1~2;0~1;Not Placed
18~20;Female;B.Tech~B.Sc~BCA;ECE~ME~Civil;4~6;1~2;2~3;3~5;7~10;46~62;4~5;1~2;0~1;Not Placed
18~20;Female;B.Tech~B.Sc~BCA;ECE~ME~Civil;4~6;1~2;2~3;3~5;7~10;46~62;4~5;1~2;0~1;Not Placed
18~20;Female;B.Tech~B.Sc~BCA;ECE~ME~Civil;4~6;1~2;2~3;3~5;7~10;46~62;4~5;1~2;0~1;Not Placed
18~20;Female;B.Tech~B.Sc~BCA;ECE~ME~Civil;4~6;1~2;2~3;3~5;7~10;46~62;4~5;1~2;0~1;Not Placed
18~20;Female;B.Tech~B.Sc~BCA;ECE~ME~Civil;4~6;1~2;2~3;3~5;7~10;46~62;4~5;1~2;0~1;Not Placed
18~20;Female;B.Tech~B.Sc~BCA;ECE~ME~Civil;4~6;1~2;2~3;3~5;7~10;46~62;4~5;1~2;0~1;Not Placed
19~21;Female;B.Tech~B.Sc;ECE~ME~Civil;5~6;1;2~3;1~5;7~8;35~62;3~5;0~1;2~3;Not Placed
19~21;Female;B.Tech~B.Sc;ECE~ME~Civil;5~6;1;2~3;1~5;7~8;35~62;3~5;0~1;2~3;Not Placed
19~21;Female;B.Tech~B.Sc;ECE~ME~Civil;5~6;1;2~3;1~5;7~8;35~62;3~5;0~1;2~3;Not Placed
19~21;Female;B.Tech~B.Sc;ECE~ME~Civil;5~6;1;2~3;1~5;7~8;35~62;3~5;0~1;2~3;Not Placed
19~21;Female;B.Tech~B.Sc;ECE~ME~Civil;5~6;1;2~3;1~5;7~8;35~62;3~5;0~1;2~3;Not Placed
19~21;Female;B.Tech~B.Sc;ECE~ME~Civil;5~6;1;2~3;1~5;7~8;35~62;3~5;0~1;2~3;Not Placed
18~21;Female;B.Tech~B.Sc~BCA;ECE~ME~Civil;5~6;1~2;2~3;2~5;7;48~62;6~8;1;0~2;Not Placed
18~21;Female;B.Tech~B.Sc~BCA;ECE~ME~Civil;5~6;1~2;2~3;2~5;7;48~62;6~8;1;0~2;Not Placed
18~21;Female;B.Tech~B.Sc~BCA;ECE~ME~Civil;5~6;1~2;2~3;2~5;7;48~62;6~8;1;0~2;Not Placed
18~21;Female;B.Tech~B.Sc~BCA;ECE~ME~Civil;5~6;1~2;2~3;2~5;7;48~62;6~8;1;0~2;Not Placed
18~21;Female;B.Tech~B.Sc~BCA;ECE~ME~Civil;5~6;1~2;2~3;2~5;7;48~62;6~8;1;0~2;Not Placed
18~21;Female;B.Tech~B.Sc~BCA;ECE~ME~Civil;5~6;1~2;2~3;2~5;7;48~62;6~8;1;0~2;Not Placed
18~21;Female;B.Tech~B.Sc~BCA;ECE~ME~Civil;5~6;1~2;2~3;2~5;7;48~62;6~8;1;0~2;Not Placed
18~21;Female;B.Tech~B.Sc~BCA;ECE~ME~Civil;5~6;1~2;2~3;2~5;7;48~62;6~8;1;0~2;Not Placed
18~21;Female;B.Tech~B.Sc~BCA;ECE~ME~Civil;6~6;1~2;3;3~5;7~8;63~94;4~8;1~2;0;Placed
18~21;Female;B.Tech~B.Sc~BCA;ECE~ME~Civil;6~6;1~2;3;3~5;7~8;63~94;4~8;1~2;0;Placed
18~21;Female;B.Tech~B.Sc~BCA;ECE~ME~Civil;6~6;1~2;3;3~5;7~8;63~94;4~8;1~2;0;Not Placed
18~21;Female;B.Tech~B.Sc~BCA;ECE~ME~Civil;6~6;1~2;3;3~5;7~8;63~94;4~8;1~2;0;Not Placed
18~21;Female;B.Tech~B.Sc~BCA;ECE~ME~Civil;6~6;1~2;3;3~5;7~8;63~94;4~8;1~2;0;Placed
18~21;Female;B.Tech~B.Sc~BCA;ECE~ME~Civil;6~6;1~2;3;3~5;7~8;63~94;4~8;1~2;0;Placed
18~21;Female;B.Tech~B.Sc~BCA;ECE~ME~Civil;6~6;1~2;3;3~5;7~8;63~94;4~8;1~2;0;Placed
18~21;Female;B.Tech~B.Sc~BCA;ECE~ME~Civil;6~6;1~2;3;3~5;7~8;63~94;4~8;1~2;0;Placed
18~21;Female;B.Tech~B.Sc~BCA;ECE~ME~Civil;6~6;1~2;3;3~5;7~8;63~94;4~8;1~2;0;Placed
18~21;Female;B.Tech~B.Sc~BCA;ECE~ME~Civil;6~6;1~2;3;3~5;7~10;65~87;3~9;1~2;1~3;Not Placed
18~21;Female;B.Tech~B.Sc~BCA;ECE~ME~Civil;6~6;1~2;3;3~5;7~10;65~87;3~9;1~2;1~3;Placed
18~21;Female;B.Tech~B.Sc~BCA;ECE~ME~Civil;6~6;1~2;3;3~5;7~10;65~87;3~9;1~2;1~3;Not Placed
18~21;Female;B.Tech~B.Sc~BCA;ECE~ME~Civil;6~6;1~2;3;3~5;7~10;65~87;3~9;1~2;1~3;Not Placed
18~21;Female;B.Tech~B.Sc~BCA;ECE~ME~Civil;6~6;1~2;3;3~5;7~10;65~87;3~9;1~2;1~3;Not Placed
18~21;Female;B.Tech~B.Sc~BCA;ECE~ME~Civil;6~6;1~2;3;3~5;7~10;65~87;3~9;1~2;1~3;Placed
18~21;Female;B.Tech~B.Sc~BCA;ECE~ME~Civil;6~6;1~2;3;3~5;7~10;65~87;3~9;1~2;1~3;Not Placed
18~21;Female;B.Tech~B.Sc~BCA;ECE~ME~Civil;6~6;1~2;3;3~5;7~10;65~87;3~9;1~2;1~3;Not Placed
18~21;Female;B.Tech~B.Sc~BCA;ECE~ME~Civil;6~6;1~2;3;3~5;7~10;65~87;3~9;1~2;1~3;Not Placed
18~21;Female;B.Tech~B.Sc~BCA;ECE~ME~Civil;4~5;1~2;3;6;1~8;35~85;4~7;1~2;1~3;Not Placed
18~21;Female;B.Tech~B.Sc~BCA;ECE~ME~Civil;4~5;1~2;3;6;1~8;35~85;4~7;1~2;1~3;Not Placed
18~21;Female;B.Tech~B.Sc~BCA;ECE~ME~Civil;4~5;1~2;3;6;1~8;35~85;4~7;1~2;1~3;Not Placed
18~21;Female;B.Tech~B.Sc~BCA;ECE~ME~Civil;4~5;1~2;3;6;1~8;35~85;4~7;1~2;1~3;Not Placed
18~21;Female;B.Tech~B.Sc~BCA;ECE~ME~Civil;4~5;1~2;3;6;1~8;35~85;4~7;1~2;1~3;Not Placed
18~21;Female;B.Tech~B.Sc~BCA;ECE~ME~Civil;4~5;1~2;3;6;1~8;35~85;4~7;1~2;1~3;Not Placed
18~21;Female;B.Tech~B.Sc~BCA;ECE~ME~Civil;4~5;1~2;3;6;1~8;35~85;4~7;1~2;1~3;Not Placed
18~21;Female;B.Tech~B.Sc~BCA;ECE~ME~Civil;4~5;1~2;3;6;1~8;35~85;4~7;1~2;1~3;Not Placed
18~21;Female;B.Tech~B.Sc~BCA;ECE~ME~Civil;4~5;1~2;3;6;1~8;35~85;4~7;1~2;1~3;Not Placed
19~21;Female;B.Tech~B.Sc~BCA;ECE~ME~Civil;6~6;1~2;4;6;4~6;45~67;5~8;2;0~1;Placed
19~21;Female;B.Tech~B.Sc~BCA;ECE~ME~Civil;6~6;1~2;4;6;4~6;45~67;5~8;2;0~1;Placed
19~21;Female;B.Tech~B.Sc~BCA;ECE~ME~Civil;6~6;1~2;4;6;4~6;45~67;5~8;2;0~1;Not Placed
19~21;Female;B.Tech~B.Sc~BCA;ECE~ME~Civil;6~6;1~2;4;6;4~6;45~67;5~8;2;0~1;Placed
19~21;Female;B.Tech~B.Sc~BCA;ECE~ME~Civil;6~6;1~2;4;6;4~6;45~67;5~8;2;0~1;Not Placed
19~21;Female;B.Tech~B.Sc~BCA;ECE~ME~Civil;6~6;1~2;4;6;4~6;45~67;5~8;2;0~1;Not Placed
19~21;Female;B.Tech~B.Sc~BCA;ECE~ME~Civil;6~6;1~2;4;6;4~6;45~67;5~8;2;0~1;Not Placed
19~21;Female;B.Sc~BCA;ECE~ME~Civil;6~6;1;4;6;4~6;41~65;3~5;2;2~3;Not Placed
19~21;Female;B.Sc~BCA;ECE~ME~Civil;6~6;1;4;6;4~6;41~65;3~5;2;2~3;Not Placed
19~21;Female;B.Sc~BCA;ECE~ME~Civil;6~6;1;4;6;4~6;41~65;3~5;2;2~3;Not Placed
19~21;Female;B.Sc~BCA;ECE~ME~Civil;6~6;1;4;6;4~6;41~65;3~5;2;2~3;Not Placed
19~21;Female;B.Sc~BCA;ECE~ME~Civil;6~6;1;4;6;4~6;41~65;3~5;2;2~3;Not Placed
19~21;Female;B.Sc~BCA;ECE~ME~Civil;6~6;1;4;6;4~6;41~65;3~5;2;2~3;Not Placed
18~20;Female;B.Tech~B.Sc~BCA;ECE~ME;6~6;1;4;6;2~6;70~82;5~7;2;0;Placed
18~20;Female;B.Tech~B.Sc~BCA;ECE~ME;6~6;1;4;6;2~6;70~82;5~7;2;0;Placed
18~20;Female;B.Tech~B.Sc~BCA;ECE~ME;6~6;1;4;6;2~6;70~82;5~7;2;0;Not Placed
18~20;Female;B.Tech~B.Sc~BCA;ECE~ME;6~6;1;4;6;2~6;70~82;5~7;2;0;Placed
18~20;Female;B.Tech~B.Sc~BCA;ECE~ME;6~6;1;4;6;2~6;70~82;5~7;2;0;Placed
18~20;Female;B.Tech~B.Sc~BCA;ECE~ME;6~6;1;4;6;2~6;70~82;5~7;2;0;Not Placed
18~21;Female;B.Tech~B.Sc;ECE~ME~Civil;6~6;1~2;4;6;3~6;68~77;3~6;2;1~3;Not Placed
18~21;Female;B.Tech~B.Sc;ECE~ME~Civil;6~6;1~2;4;6;3~6;68~77;3~6;2;1~3;Not Placed
18~21;Female;B.Tech~B.Sc;ECE~ME~Civil;6~6;1~2;4;6;3~6;68~77;3~6;2;1~3;Not Placed
18~21;Female;B.Tech~B.Sc;ECE~ME~Civil;6~6;1~2;4;6;3~6;68~77;3~6;2;1~3;Not Placed
18~21;Female;B.Tech~B.Sc;ECE~ME~Civil;6~6;1~2;4;6;3~6;68~77;3~6;2;1~3;Not Placed
18~21;Female;B.Tech~B.Sc;ECE~ME~Civil;6~6;1~2;4;6;3~6;68~77;3~6;2;1~3;Not Placed
18~21;Female;B.Tech~B.Sc;ECE~ME~Civil;6~6;1~2;4;6;3~6;68~77;3~6;2;1~3;Not Placed
18~20;Female;B.Tech~B.Sc~BCA;ECE~ME~Civil;6~6;1~2;4;6;7~10;51~73;5~8;2;0~3;Placed
18~20;Female;B.Tech~B.Sc~BCA;ECE~ME~Civil;6~6;1~2;4;6;7~10;51~73;5~8;2;0~3;Not Placed
18~20;Female;B.Tech~B.Sc~BCA;ECE~ME~Civil;6~6;1~2;4;6;7~10;51~73;5~8;2;0~3;Not Placed
18~20;Female;B.Tech~B.Sc~BCA;ECE~ME~Civil;6~6;1~2;4;6;7~10;51~73;5~8;2;0~3;Not Placed
18~20;Female;B.Tech~B.Sc~BCA;ECE~ME~Civil;6~6;1~2;4;6;7~10;51~73;5~8;2;0~3;Not Placed
18~20;Female;B.Tech~B.Sc~BCA;ECE~ME~Civil;6~6;1~2;4;6;7~10;51~73;5~8;2;0~3;Not Placed
19~21;Female;B.Tech~B.Sc~BCA;ECE~ME~Civil;6~6;1~2;4;6;7~8;74~83;4~7;2;0~3;Not Placed
19~21;Female;B.Tech~B.Sc~BCA;ECE~ME~Civil;6~6;1~2;4;6;7~8;74~83;4~7;2;0~3;Placed
19~21;Female;B.Tech~B.Sc~BCA;ECE~ME~Civil;6~6;1~2;4;6;7~8;74~83;4~7;2;0~3;Placed
19~21;Female;B.Tech~B.Sc~BCA;ECE~ME~Civil;6~6;1~2;4;6;7~8;74~83;4~7;2;0~3;Placed
19~21;Female;B.Tech~B.Sc~BCA;ECE~ME~Civil;6~6;1~2;4;6;7~8;74~83;4~7;2;0~3;Not Placed
19~21;Female;B.Tech~B.Sc~BCA;ECE~ME~Civil;6~6;1~2;4;6;7~8;74~83;4~7;2;0~3;Placed
19~21;Female;B.Tech~B.Sc~BCA;ECE~ME~Civil;6~6;1~2;4;6;7~8;74~83;4~7;2;0~3;Placed
18~21;Female;B.Tech~B.Sc;ECE;5~6;1~2;4;7~8;3~5;43~74;4~5;2;0~3;Not Placed
18~21;Female;B.Tech~B.Sc;ECE;5~6;1~2;4;7~8;3~5;43~74;4~5;2;0~3;Not Placed
18~21;Female;B.Tech~B.Sc;ECE;5~6;1~2;4;7~8;3~5;43~74;4~5;2;0~3;Not Placed
18~21;Female;B.Tech~B.Sc;ECE;5~6;1~2;4;7~8;3~5;43~74;4~5;2;0~3;Placed
18~21;Female;B.Tech~B.Sc;ECE;5~6;1~2;4;7~8;3~5;43~74;4~5;2;0~3;Not Placed
19~21;Female;B.Sc~BCA;ECE~ME~Civil;6~6;1~2;4;7~8;4~5;53~86;6~7;2~3;0~3;Not Placed
19~21;Female;B.Sc~BCA;ECE~ME~Civil;6~6;1~2;4;7~8;4~5;53~86;6~7;2~3;0~3;Not Placed
19~21;Female;B.Sc~BCA;ECE~ME~Civil;6~6;1~2;4;7~8;4~5;53~86;6~7;2~3;0~3;Placed
19~21;Female;B.Sc~BCA;ECE~ME~Civil;6~6;1~2;4;7~8;4~5;53~86;6~7;2~3;0~3;Not Placed
19~21;Female;B.Sc~BCA;ECE~ME~Civil;6~6;1~2;4;7~8;4~5;53~86;6~7;2~3;0~3;Not Placed
18~21;Female;B.Tech~B.Sc~BCA;ECE~ME~Civil;6~6;1~2;4;7~8;6~9;56~70;5~8;2;0~2;Placed
18~21;Female;B.Tech~B.Sc~BCA;ECE~ME~Civil;6~6;1~2;4;7~8;6~9;56~70;5~8;2;0~2;Placed
18~21;Female;B.Tech~B.Sc~BCA;ECE~ME~Civil;6~6;1~2;4;7~8;6~9;56~70;5~8;2;0~2;Placed
18~21;Female;B.Tech~B.Sc~BCA;ECE~ME~Civil;6~6;1~2;4;7~8;6~9;56~70;5~8;2;0~2;Placed
18~21;Female;B.Tech~B.Sc~BCA;ECE~ME~Civil;6~6;1~2;4;7~8;6~9;56~70;5~8;2;0~2;Placed
18~21;Female;B.Tech~B.Sc~BCA;ECE~ME~Civil;6~6;1~2;4;7~8;6~9;56~70;5~8;2;0~2;Placed
18~21;Female;B.Tech~B.Sc~BCA;ECE~ME~Civil;6~6;1~2;4;7~8;6~9;56~70;5~8;2;0~2;Not Placed
18~21;Female;B.Tech~B.Sc~BCA;ECE~ME~Civil;6~6;1~2;4;7~8;6~9;56~70;5~8;2;0~2;Not Placed
18~21;Female;B.Tech~B.Sc;ECE~ME~Civil;7~8;0~1;3~4;3~5;2~5;59~69;4~5;1;0;Not Placed
18~21;Female;B.Tech~B.Sc;ECE~ME~Civil;7~8;0~1;3~4;3~5;2~5;59~69;4~5;1;0;Not Placed
18~21;Female;B.Tech~B.Sc;ECE~ME~Civil;7~8;0~1;3~4;3~5;2~5;59~69;4~5;1;0;Not Placed
18~21;Female;B.Tech~B.Sc;ECE~ME~Civil;7~8;0~1;3~4;3~5;2~5;59~69;4~5;1;0;Not Placed
18~21;Female;B.Tech~B.Sc;ECE~ME~Civil;7~8;0~1;3~4;3~5;2~5;59~69;4~5;1;0;Not Placed
18~21;Female;B.Tech~B.Sc;ECE~ME~Civil;7~8;0~1;3~4;3~5;2~5;59~69;4~5;1;0;Not Placed
18~21;Female;B.Tech~B.Sc;ECE~ME~Civil;7~8;0~1;3~4;3~5;2~5;59~69;4~5;1;0;Not Placed
19~20;Female;BCA;ME~Civil;7~8;0~1;3~4;2~5;2~5;54~73;4~5;1;0;Not Placed
19~20;Female;BCA;ME~Civil;7~8;0~1;3~4;2~5;2~5;54~73;4~5;1;0;Not Placed
19~20;Female;BCA;ME~Civil;7~8;0~1;3~4;2~5;2~5;54~73;4~5;1;0;Not Placed
19~20;Female;BCA;ME~Civil;7~8;0~1;3~4;2~5;2~5;54~73;4~5;1;0;Not Placed
19~20;Female;BCA;ME~Civil;7~8;0~1;3~4;2~5;2~5;54~73;4~5;1;0;Not Placed
19~20;Female;BCA;ME~Civil;7~8;0~1;3~4;2~5;2~5;54~73;4~5;1;0;Not Placed
18~21;Female;B.Sc~BCA;ECE~ME~Civil;7~7;0~1;3;2~4;3~5;67~73;5;1;1~2;Not Placed
18~21;Female;B.Sc~BCA;ECE~ME~Civil;7~7;0~1;3;2~4;3~5;67~73;5;1;1~2;Not Placed
18~21;Female;B.Sc~BCA;ECE~ME~Civil;7~7;0~1;3;2~4;3~5;67~73;5;1;1~2;Not Placed
18~21;Female;B.Sc~BCA;ECE~ME~Civil;7~7;0~1;3;2~4;3~5;67~73;5;1;1~2;Not Placed
18~21;Female;B.Sc~BCA;ECE~ME~Civil;7~7;0~1;3;2~4;3~5;67~73;5;1;1~2;Not Placed
18~21;Female;B.Sc~BCA;ECE~ME~Civil;7~7;0~1;4;5;2~5;63~73;4~5;2;0~1;Not Placed
18~21;Female;B.Sc~BCA;ECE~ME~Civil;7~7;0~1;4;5;2~5;63~73;4~5;2;0~1;Not Placed
18~21;Female;B.Sc~BCA;ECE~ME~Civil;7~7;0~1;4;5;2~5;63~73;4~5;2;0~1;Placed
18~21;Female;B.Sc~BCA;ECE~ME~Civil;7~7;0~1;4;5;2~5;63~73;4~5;2;0~1;Placed
18~21;Female;B.Sc~BCA;ECE~ME~Civil;7~7;0~1;4;5;2~5;63~73;4~5;2;0~1;Placed
18~21;Female;B.Sc~BCA;ECE~ME~Civil;7~7;0~1;4;5;2~5;63~73;4~5;2;0~1;Not Placed
18~21;Female;B.Tech~B.Sc;ECE~ME~Civil;7~8;0~1;4;5;3~5;63~73;2~5;2;0~1;Not Placed
18~21;Female;B.Tech~B.Sc;ECE~ME~Civil;7~8;0~1;4;5;3~5;63~73;2~5;2;0~1;Placed
18~21;Female;B.Tech~B.Sc;ECE~ME~Civil;7~8;0~1;4;5;3~5;63~73;2~5;2;0~1;Placed
18~21;Female;B.Tech~B.Sc;ECE~ME~Civil;7~8;0~1;4;5;3~5;63~73;2~5;2;0~1;Not Placed
18~21;Female;B.Tech~B.Sc;ECE~ME~Civil;7~8;0~1;4;5;3~5;63~73;2~5;2;0~1;Not Placed
18~21;Female;B.Tech~B.Sc;ECE~ME~Civil;7~8;0~1;4;5;3~5;63~73;2~5;2;0~1;Placed
18~21;Female;B.Tech~B.Sc;ECE~ME~Civil;7~8;0~1;3~4;3~5;2~5;57~73;6~8;1;0~1;Not Placed
18~21;Female;B.Tech~B.Sc;ECE~ME~Civil;7~8;0~1;3~4;3~5;2~5;57~73;6~8;1;0~1;Not Placed
18~21;Female;B.Tech~B.Sc;ECE~ME~Civil;7~8;0~1;3~4;3~5;2~5;57~73;6~8;1;0~1;Not Placed
18~21;Female;B.Tech~B.Sc;ECE~ME~Civil;7~8;0~1;3~4;3~5;2~5;57~73;6~8;1;0~1;Not Placed
18~21;Female;B.Tech~B.Sc;ECE~ME~Civil;7~8;0~1;3~4;3~5;2~5;57~73;6~8;1;0~1;Not Placed
18~21;Female;B.Tech~B.Sc;ECE~ME~Civil;7~8;0~1;3~4;3~5;2~5;57~73;6~8;1;0~1;Not Placed
18~21;Female;B.Tech~B.Sc;ECE~ME~Civil;7~8;0~1;3~4;3~5;2~5;57~73;6~8;1;0~1;Placed
18~21;Female;B.Tech~B.Sc;ECE~ME~Civil;7~8;0~1;3~4;3~5;2~5;57~73;6~8;1;0~1;Not Placed
18~21;Female;B.Tech~B.Sc;ECE~ME~Civil;7~8;0~1;3~4;3~5;2~5;57~73;6~8;1;0~1;Not Placed
19~21;Female;BCA;ECE~ME~Civil;7~7;0~1;3;2~4;3~5;47~70;6~7;1;0~2;Not Placed
19~21;Female;BCA;ECE~ME~Civil;7~7;0~1;3;2~4;3~5;47~70;6~7;1;0~2;Not Placed
19~21;Female;BCA;ECE~ME~Civil;7~7;0~1;3;2~4;3~5;47~70;6~7;1;0~2;Not Placed
19~21;Female;BCA;ECE~ME~Civil;7~7;0~1;3;2~4;3~5;47~70;6~7;1;0~2;Not Placed
19~21;Female;BCA;ECE~ME~Civil;7~7;0~1;3;2~4;3~5;47~70;6~7;1;0~2;Not Placed
19~21;Female;BCA;ME~Civil;7~7;0;3~4;3~5;4~5;56~68;6~7;1;0~2;Not Placed
19~21;Female;BCA;ME~Civil;7~7;0;3~4;3~5;4~5;56~68;6~7;1;0~2;Not Placed
19~21;Female;BCA;ME~Civil;7~7;0;3~4;3~5;4~5;56~68;6~7;1;0~2;Not Placed
19~21;Female;BCA;ME~Civil;7~7;0;3~4;3~5;4~5;56~68;6~7;1;0~2;Placed
19~21;Female;BCA;ME~Civil;7~7;0;3~4;3~5;4~5;56~68;6~7;1;0~2;Not Placed
18~21;Female;B.Tech~B.Sc~BCA;ECE~ME~Civil;7~7;0~1;4;5;3~5;64~72;6~8;2;0;Not Placed
18~21;Female;B.Tech~B.Sc~BCA;ECE~ME~Civil;7~7;0~1;4;5;3~5;64~72;6~8;2;0;Placed
18~21;Female;B.Tech~B.Sc~BCA;ECE~ME~Civil;7~7;0~1;4;5;3~5;64~72;6~8;2;0;Not Placed
18~21;Female;B.Tech~B.Sc~BCA;ECE~ME~Civil;7~7;0~1;4;5;3~5;64~72;6~8;2;0;Not Placed
18~21;Female;B.Tech~B.Sc~BCA;ECE~ME~Civil;7~7;0~1;4;5;3~5;64~72;6~8;2;0;Not Placed
18~21;Female;B.Tech~B.Sc~BCA;ECE~ME~Civil;7~7;0~1;4;5;3~5;64~72;6~8;2;0;Not Placed
18~21;Female;B.Tech~B.Sc~BCA;ME~Civil;7~7;0~1;4;5;2~5;65~73;6~8;2;1;Placed
18~21;Female;B.Tech~B.Sc~BCA;ME~Civil;7~7;0~1;4;5;2~5;65~73;6~8;2;1;Not Placed
18~21;Female;B.Tech~B.Sc~BCA;ME~Civil;7~7;0~1;4;5;2~5;65~73;6~8;2;1;Not Placed
18~21;Female;B.Tech~B.Sc~BCA;ME~Civil;7~7;0~1;4;5;2~5;65~73;6~8;2;1;Placed
18~21;Female;B.Tech~B.Sc~BCA;ME~Civil;7~7;0~1;4;5;2~5;65~73;6~8;2;1;Placed
18~21;Female;B.Tech~B.Sc;ECE~ME~Civil;7~7;0~1;3~4;3~5;3~5;74~91;3~5;1~2;0;Not Placed
18~21;Female;B.Tech~B.Sc;ECE~ME~Civil;7~7;0~1;3~4;3~5;3~5;74~91;3~5;1~2;0;Not Placed
18~21;Female;B.Tech~B.Sc;ECE~ME~Civil;7~7;0~1;3~4;3~5;3~5;74~91;3~5;1~2;0;Not Placed
18~21;Female;B.Tech~B.Sc;ECE~ME~Civil;7~7;0~1;3~4;3~5;3~5;74~91;3~5;1~2;0;Not Placed
18~21;Female;B.Tech~B.Sc;ECE~ME~Civil;7~7;0~1;3~4;3~5;3~5;74~91;3~5;1~2;0;Not Placed
18~21;Female;B.Tech~B.Sc;ECE~ME~Civil;7~7;0~1;3~4;3~5;3~5;74~91;3~5;1~2;0;Not Placed
18~21;Female;B.Tech~B.Sc;ME~Civil;7~9;0~1;3~4;4~5;3~5;74~100;4~5;1~2;0;Not Placed
18~21;Female;B.Tech~B.Sc;ME~Civil;7~9;0~1;3~4;4~5;3~5;74~100;4~5;1~2;0;Not Placed
18~21;Female;B.Tech~B.Sc;ME~Civil;7~9;0~1;3~4;4~5;3~5;74~100;4~5;1~2;0;Placed
18~21;Female;B.Tech~B.Sc;ME~Civil;7~9;0~1;3~4;4~5;3~5;74~100;4~5;1~2;0;Placed
18~21;Female;B.Tech~B.Sc;ME~Civil;7~9;0~1;3~4;4~5;3~5;74~100;4~5;1~2;0;Placed
18~21;Female;B.Tech~B.Sc;ME~Civil;7~9;0~1;3~4;4~5;3~5;74~100;4~5;1~2;0;Not Placed
18~21;Female;B.Tech~B.Sc;ME~Civil;7~9;0~1;3~4;4~5;3~5;74~100;4~5;1~2;0;Not Placed
18~21;Female;BCA;ME~Civil;7~8;0~1;3~4;4~5;2~5;76~87;4~5;1~2;0;Not Placed
18~21;Female;BCA;ME~Civil;7~8;0~1;3~4;4~5;2~5;76~87;4~5;1~2;0;Not Placed
18~21;Female;BCA;ME~Civil;7~8;0~1;3~4;4~5;2~5;76~87;4~5;1~2;0;Not Placed
18~21;Female;BCA;ME~Civil;7~8;0~1;3~4;4~5;2~5;76~87;4~5;1~2;0;Not Placed
18~21;Female;BCA;ME~Civil;7~8;0~1;3~4;4~5;2~5;76~87;4~5;1~2;0;Not Placed
18~21;Female;BCA;ME~Civil;7~8;0~1;3~4;4~5;2~5;76~87;4~5;1~2;0;Not Placed
18~21;Female;B.Tech~B.Sc;ECE~ME~Civil;7~8;0~1;3~4;3~5;4~5;77~92;4~5;1~2;1~2;Not Placed
18~21;Female;B.Tech~B.Sc;ECE~ME~Civil;7~8;0~1;3~4;3~5;4~5;77~92;4~5;1~2;1~2;Not Placed
18~21;Female;B.Tech~B.Sc;ECE~ME~Civil;7~8;0~1;3~4;3~5;4~5;77~92;4~5;1~2;1~2;Not Placed
18~21;Female;B.Tech~B.Sc;ECE~ME~Civil;7~8;0~1;3~4;3~5;4~5;77~92;4~5;1~2;1~2;Not Placed
18~21;Female;B.Tech~B.Sc;ECE~ME~Civil;7~8;0~1;3~4;3~5;4~5;77~92;4~5;1~2;1~2;Placed
18~21;Female;B.Tech~B.Sc;ECE~ME~Civil;7~8;0~1;3~4;3~5;4~5;77~92;4~5;1~2;1~2;Placed
18~21;Female;B.Tech~B.Sc;ECE~ME~Civil;7~8;0~1;3~4;3~5;4~5;77~92;4~5;1~2;1~2;Not Placed
18~21;Female;B.Tech~B.Sc;ECE~ME~Civil;7~8;0~1;3~4;3~5;4~5;77~92;4~5;1~2;1~2;Not Placed
18~21;Female;BCA;ME~Civil;7~7;0~1;3~4;3~5;3~5;74~87;3~5;1~2;1~2;Not Placed
18~21;Female;BCA;ME~Civil;7~7;0~1;3~4;3~5;3~5;74~87;3~5;1~2;1~2;Placed
18~21;Female;BCA;ME~Civil;7~7;0~1;3~4;3~5;3~5;74~87;3~5;1~2;1~2;Not Placed
18~21;Female;BCA;ME~Civil;7~7;0~1;3~4;3~5;3~5;74~87;3~5;1~2;1~2;Not Placed
18~21;Female;BCA;ME~Civil;7~7;0~1;3~4;3~5;3~5;74~87;3~5;1~2;1~2;Not Placed
18~21;Female;B.Tech~B.Sc;ECE~ME~Civil;7~7;0~1;3~4;4~5;3~5;74~92;6~8;1~2;0;Not Placed
18~21;Female;B.Tech~B.Sc;ECE~ME~Civil;7~7;0~1;3~4;4~5;3~5;74~92;6~8;1~2;0;Not Placed
18~21;Female;B.Tech~B.Sc;ECE~ME~Civil;7~7;0~1;3~4;4~5;3~5;74~92;6~8;1~2;0;Not Placed
18~21;Female;B.Tech~B.Sc;ECE~ME~Civil;7~7;0~1;3~4;4~5;3~5;74~92;6~8;1~2;0;Placed
18~21;Female;B.Tech~B.Sc;ECE~ME~Civil;7~7;0~1;3~4;4~5;3~5;74~92;6~8;1~2;0;Not Placed
18~21;Female;B.Tech~B.Sc;ECE~ME~Civil;7~7;0~1;3~4;4~5;3~5;74~92;6~8;1~2;0;Not Placed
18~21;Female;B.Tech~B.Sc;ME~Civil;7~9;0~1;3~4;3~5;2~5;77~100;6~8;1~2;0;Placed
18~21;Female;B.Tech~B.Sc;ME~Civil;7~9;0~1;3~4;3~5;2~5;77~100;6~8;1~2;0;Placed
18~21;Female;B.Tech~B.Sc;ME~Civil;7~9;0~1;3~4;3~5;2~5;77~100;6~8;1~2;0;Not Placed
18~21;Female;B.Tech~B.Sc;ME~Civil;7~9;0~1;3~4;3~5;2~5;77~100;6~8;1~2;0;Not Placed
18~21;Female;B.Tech~B.Sc;ME~Civil;7~9;0~1;3~4;3~5;2~5;77~100;6~8;1~2;0;Not Placed
18~21;Female;B.Tech~B.Sc;ME~Civil;7~9;0~1;3~4;3~5;2~5;77~100;6~8;1~2;0;Not Placed
18~21;Female;B.Tech~B.Sc;ME~Civil;7~9;0~1;3~4;3~5;2~5;77~100;6~8;1~2;0;Not Placed
18~21;Female;BCA;ECE~ME~Civil;7~8;0~1;3~4;3~5;3~5;74~96;6~8;1~2;0;Not Placed
18~21;Female;BCA;ECE~ME~Civil;7~8;0~1;3~4;3~5;3~5;74~96;6~8;1~2;0;Not Placed
18~21;Female;BCA;ECE~ME~Civil;7~8;0~1;3~4;3~5;3~5;74~96;6~8;1~2;0;Not Placed
18~21;Female;BCA;ECE~ME~Civil;7~8;0~1;3~4;3~5;3~5;74~96;6~8;1~2;0;Not Placed
18~21;Female;BCA;ECE~ME~Civil;7~8;0~1;3~4;3~5;3~5;74~96;6~8;1~2;0;Not Placed
18~21;Female;BCA;ECE~ME~Civil;7~8;0~1;3~4;3~5;3~5;74~96;6~8;1~2;0;Not Placed
18~21;Female;BCA;ECE~ME~Civil;7~8;0~1;3~4;3~5;3~5;74~96;6~8;1~2;0;Placed
18~21;Female;B.Tech~B.Sc~BCA;ECE~ME~Civil;7~7;0~1;3~4;2~5;2~5;77~87;6~8;1~2;1~2;Not Placed
18~21;Female;B.Tech~B.Sc~BCA;ECE~ME~Civil;7~7;0~1;3~4;2~5;2~5;77~87;6~8;1~2;1~2;Not Placed
18~21;Female;B.Tech~B.Sc~BCA;ECE~ME~Civil;7~7;0~1;3~4;2~5;2~5;77~87;6~8;1~2;1~2;Not Placed
18~21;Female;B.Tech~B.Sc~BCA;ECE~ME~Civil;7~7;0~1;3~4;2~5;2~5;77~87;6~8;1~2;1~2;Placed
18~21;Female;B.Tech~B.Sc~BCA;ECE~ME~Civil;7~7;0~1;3~4;2~5;2~5;77~87;6~8;1~2;1~2;Not Placed
18~21;Female;B.Tech~B.Sc~BCA;ECE~ME~Civil;7~7;0~1;3~4;2~5;2~5;77~87;6~8;1~2;1~2;Not Placed
18~21;Female;B.Tech~B.Sc~BCA;ECE~ME~Civil;7~7;0~1;3~4;2~5;2~5;77~87;6~8;1~2;1~2;Not Placed
18~21;Female;B.Tech~B.Sc~BCA;ECE~ME~Civil;7~7;0~1;3~4;2~5;2~5;77~87;6~8;1~2;1~2;Not Placed
19~20;Female;B.Tech~B.Sc~BCA;ME~Civil;7~7;0~1;3~4;2~5;6~8;53~74;4~5;1;0;Placed
19~20;Female;B.Tech~B.Sc~BCA;ME~Civil;7~7;0~1;3~4;2~5;6~8;53~74;4~5;1;0;Not Placed
19~20;Female;B.Tech~B.Sc~BCA;ME~Civil;7~7;0~1;3~4;2~5;6~8;53~74;4~5;1;0;Not Placed
19~20;Female;B.Tech~B.Sc~BCA;ME~Civil;7~7;0~1;3~4;2~5;6~8;53~74;4~5;1;0;Not Placed
19~20;Female;B.Tech~B.Sc~BCA;ME~Civil;7~7;0~1;3~4;2~5;6~8;53~74;4~5;1;0;Not Placed
19~20;Female;B.Tech~B.Sc~BCA;ME~Civil;7~7;0~1;3~4;2~5;6~8;53~74;4~5;1;0;Not Placed
18~21;Female;B.Tech~B.Sc~BCA;ECE~ME~Civil;7~8;0~1;3~4;3~4;6~9;56~75;3~5;1;0;Not Placed
18~21;Female;B.Tech~B.Sc~BCA;ECE~ME~Civil;7~8;0~1;3~4;3~4;6~9;56~75;3~5;1;0;Not Placed
18~21;Female;B.Tech~B.Sc~BCA;ECE~ME~Civil;7~8;0~1;3~4;3~4;6~9;56~75;3~5;1;0;Not Placed
18~21;Female;B.Tech~B.Sc~BCA;ECE~ME~Civil;7~8;0~1;3~4;3~4;6~9;56~75;3~5;1;0;Not Placed
18~21;Female;B.Tech~B.Sc~BCA;ECE~ME~Civil;7~8;0~1;3~4;3~4;6~9;56~75;3~5;1;0;Not Placed
18~21;Female;B.Tech~B.Sc~BCA;ECE~ME~Civil;7~8;0~1;3~4;3~4;6~9;56~75;3~5;1;0;Not Placed
18~21;Female;B.Tech~B.Sc~BCA;ECE~ME~Civil;7~8;0~1;3~4;3~4;6~9;56~75;3~5;1;0;Not Placed
19~21;Female;B.Tech;ECE~ME~Civil;7~7;0~1;3~4;2~5;6~8;43~71;3~5;1;1~2;Not Placed
19~21;Female;B.Tech;ECE~ME~Civil;7~7;0~1;3~4;2~5;6~8;43~71;3~5;1;1~2;Not Placed
19~21;Female;B.Tech;ECE~ME~Civil;7~7;0~1;3~4;2~5;6~8;43~71;3~5;1;1~2;Not Placed
19~21;Female;B.Tech;ECE~ME~Civil;7~7;0~1;3~4;2~5;6~8;43~71;3~5;1;1~2;Not Placed
19~21;Female;B.Tech;ECE~ME~Civil;7~7;0~1;3~4;2~5;6~8;43~71;3~5;1;1~2;Not Placed
19~21;Female;B.Tech;ECE~ME~Civil;7~7;0~1;3~4;2~5;6~8;43~71;3~5;1;1~2;Not Placed
18~21;Female;B.Sc~BCA;ECE~ME~Civil;7~7;0~1;3;2~4;6~9;49~76;3~5;1;1;Not Placed
18~21;Female;B.Sc~BCA;ECE~ME~Civil;7~7;0~1;3;2~4;6~9;49~76;3~5;1;1;Not Placed
18~21;Female;B.Sc~BCA;ECE~ME~Civil;7~7;0~1;3;2~4;6~9;49~76;3~5;1;1;Not Placed
18~21;Female;B.Sc~BCA;ECE~ME~Civil;7~7;0~1;3;2~4;6~9;49~76;3~5;1;1;Not Placed
18~21;Female;B.Sc~BCA;ECE~ME~Civil;7~7;0~1;3;2~4;6~9;49~76;3~5;1;1;Not Placed
18~21;Female;B.Tech~B.Sc~BCA;ECE~ME~Civil;7~8;0~1;4;5;6~7;61~76;4~5;2;0;Placed
18~21;Female;B.Tech~B.Sc~BCA;ECE~ME~Civil;7~8;0~1;4;5;6~7;61~76;4~5;2;0;Placed
18~21;Female;B.Tech~B.Sc~BCA;ECE~ME~Civil;7~8;0~1;4;5;6~7;61~76;4~5;2;0;Placed
18~21;Female;B.Tech~B.Sc~BCA;ECE~ME~Civil;7~8;0~1;4;5;6~7;61~76;4~5;2;0;Placed
18~21;Female;B.Tech~B.Sc~BCA;ECE~ME~Civil;7~8;0~1;4;5;6~7;61~76;4~5;2;0;Placed
18~21;Female;B.Tech~B.Sc~BCA;ECE~ME~Civil;7~8;0~1;4;5;6~7;61~76;4~5;2;0;Placed
19~21;Female;B.Tech~B.Sc~BCA;ECE~ME~Civil;7~7;0~1;4;5;6~7;63~76;4~5;2;1~2;Not Placed
19~21;Female;B.Tech~B.Sc~BCA;ECE~ME~Civil;7~7;0~1;4;5;6~7;63~76;4~5;2;1~2;Placed
19~21;Female;B.Tech~B.Sc~BCA;ECE~ME~Civil;7~7;0~1;4;5;6~7;63~76;4~5;2;1~2;Placed
19~21;Female;B.Tech~B.Sc~BCA;ECE~ME~Civil;7~7;0~1;4;5;6~7;63~76;4~5;2;1~2;Placed
19~21;Female;B.Tech~B.Sc~BCA;ECE~ME~Civil;7~7;0~1;4;5;6~7;63~76;4~5;2;1~2;Placed
18~20;Female;B.Tech~B.Sc;ECE~ME~Civil;7~7;0~1;3;2~4;6~8;51~76;6~7;1;0~2;Not Placed
18~20;Female;B.Tech~B.Sc;ECE~ME~Civil;7~7;0~1;3;2~4;6~8;51~76;6~7;1;0~2;Not Placed
18~20;Female;B.Tech~B.Sc;ECE~ME~Civil;7~7;0~1;3;2~4;6~8;51~76;6~7;1;0~2;Not Placed
18~20;Female;B.Tech~B.Sc;ECE~ME~Civil;7~7;0~1;3;2~4;6~8;51~76;6~7;1;0~2;Not Placed
18~20;Female;B.Tech~B.Sc;ECE~ME~Civil;7~7;0~1;3;2~4;6~8;51~76;6~7;1;0~2;Not Placed
18~20;Female;B.Tech~B.Sc;ECE~ME~Civil;7~7;0~1;3;2~4;6~8;51~76;6~7;1;0~2;Not Placed
18~20;Female;B.Tech~B.Sc;ECE~ME~Civil;7~7;0~1;3;2~4;6~8;51~76;6~7;1;0~2;Not Placed
18~20;Female;B.Tech~B.Sc;ECE~ME~Civil;7~7;0~1;3;2~4;6~8;51~76;6~7;1;0~2;Not Placed
18~20;Female;BCA;ECE~ME~Civil;7~8;0;2~3;1~4;6~8;58~76;6~8;1;0~2;Not Placed
18~20;Female;BCA;ECE~ME~Civil;7~8;0;2~3;1~4;6~8;58~76;6~8;1;0~2;Not Placed
18~20;Female;BCA;ECE~ME~Civil;7~8;0;2~3;1~4;6~8;58~76;6~8;1;0~2;Not Placed
18~20;Female;BCA;ECE~ME~Civil;7~8;0;2~3;1~4;6~8;58~76;6~8;1;0~2;Not Placed
18~20;Female;BCA;ECE~ME~Civil;7~8;0;2~3;1~4;6~8;58~76;6~8;1;0~2;Not Placed
18~20;Female;BCA;ECE~ME~Civil;7~8;0;2~3;1~4;6~8;58~76;6~8;1;0~2;Not Placed
18~21;Female;B.Tech~B.Sc~BCA;ECE~ME~Civil;7~8;0~1;4;5;6~8;62~76;6~7;2;0~1;Placed
18~21;Female;B.Tech~B.Sc~BCA;ECE~ME~Civil;7~8;0~1;4;5;6~8;62~76;6~7;2;0~1;Placed
18~21;Female;B.Tech~B.Sc~BCA;ECE~ME~Civil;7~8;0~1;4;5;6~8;62~76;6~7;2;0~1;Placed
18~21;Female;B.Tech~B.Sc~BCA;ECE~ME~Civil;7~8;0~1;4;5;6~8;62~76;6~7;2;0~1;Placed
18~21;Female;B.Tech~B.Sc~BCA;ECE~ME~Civil;7~8;0~1;4;5;6~8;62~76;6~7;2;0~1;Placed
18~21;Female;B.Tech~B.Sc~BCA;ECE~ME~Civil;7~8;0~1;4;5;6~8;62~76;6~7;2;0~1;Placed
18~21;Female;B.Tech~B.Sc;ECE~ME~Civil;7~8;0~1;3~4;3~5;6~8;77~88;3~5;1~2;0;Placed
18~21;Female;B.Tech~B.Sc;ECE~ME~Civil;7~8;0~1;3~4;3~5;6~8;77~88;3~5;1~2;0;Not Placed
18~21;Female;B.Tech~B.Sc;ECE~ME~Civil;7~8;0~1;3~4;3~5;6~8;77~88;3~5;1~2;0;Not Placed
18~21;Female;B.Tech~B.Sc;ECE~ME~Civil;7~8;0~1;3~4;3~5;6~8;77~88;3~5;1~2;0;Placed
18~21;Female;B.Tech~B.Sc;ECE~ME~Civil;7~8;0~1;3~4;3~5;6~8;77~88;3~5;1~2;0;Not Placed
18~21;Female;B.Tech~B.Sc;ECE~ME~Civil;7~8;0~1;3~4;3~5;6~8;77~88;3~5;1~2;0;Not Placed
18~21;Female;B.Tech~B.Sc;ECE~ME~Civil;7~8;0~1;3~4;3~5;6~8;77~88;3~5;1~2;0;Placed
18~21;Female;B.Tech~B.Sc;ECE~ME~Civil;7~8;0~1;3~4;3~5;6~8;77~88;3~5;1~2;0;Placed
18~21;Female;B.Tech~B.Sc;ECE~ME~Civil;7~8;0~1;3~4;3~5;6~8;77~88;3~5;1~2;0;Not Placed
18~21;Female;BCA;ECE~ME;7~9;0;3~4;4~5;6~9;80~100;4~5;2;0;Not Placed
18~21;Female;BCA;ECE~ME;7~9;0;3~4;4~5;6~9;80~100;4~5;2;0;Placed
18~21;Female;BCA;ECE~ME;7~9;0;3~4;4~5;6~9;80~100;4~5;2;0;Placed
18~21;Female;BCA;ECE~ME;7~9;0;3~4;4~5;6~9;80~100;4~5;2;0;Not Placed
18~21;Female;BCA;ECE~ME;7~9;0;3~4;4~5;6~9;80~100;4~5;2;0;Not Placed
18~21;Female;BCA;ECE~ME;7~9;0;3~4;4~5;6~9;80~100;4~5;2;0;Not Placed
19~21;Female;B.Tech~B.Sc~BCA;ECE~ME~Civil;7~8;0~1;3~4;3~5;6~9;80~87;4~5;1~2;1~2;Not Placed
19~21;Female;B.Tech~B.Sc~BCA;ECE~ME~Civil;7~8;0~1;3~4;3~5;6~9;80~87;4~5;1~2;1~2;Placed
19~21;Female;B.Tech~B.Sc~BCA;ECE~ME~Civil;7~8;0~1;3~4;3~5;6~9;80~87;4~5;1~2;1~2;Not Placed
19~21;Female;B.Tech~B.Sc~BCA;ECE~ME~Civil;7~8;0~1;3~4;3~5;6~9;80~87;4~5;1~2;1~2;Not Placed
19~21;Female;B.Tech~B.Sc~BCA;ECE~ME~Civil;7~8;0~1;3~4;3~5;6~9;80~87;4~5;1~2;1~2;Not Placed
19~21;Female;B.Tech~B.Sc~BCA;ECE~ME~Civil;7~8;0~1;3~4;3~5;6~9;80~87;4~5;1~2;1~2;Placed
19~21;Female;B.Tech~B.Sc~BCA;ECE~ME~Civil;7~8;0~1;3~4;3~5;6~9;80~87;4~5;1~2;1~2;Not Placed
19~21;Female;B.Tech~B.Sc~BCA;ECE~ME~Civil;7~8;0~1;3~4;3~5;6~9;80~87;4~5;1~2;1~2;Placed
18~21;Female;B.Tech~B.Sc;ECE~ME~Civil;7~7;0~1;3~4;3~5;6~8;77~87;6~8;1~2;0~2;Not Placed
18~21;Female;B.Tech~B.Sc;ECE~ME~Civil;7~7;0~1;3~4;3~5;6~8;77~87;6~8;1~2;0~2;Placed
18~21;Female;B.Tech~B.Sc;ECE~ME~Civil;7~7;0~1;3~4;3~5;6~8;77~87;6~8;1~2;0~2;Placed
18~21;Female;B.Tech~B.Sc;ECE~ME~Civil;7~7;0~1;3~4;3~5;6~8;77~87;6~8;1~2;0~2;Not Placed
18~21;Female;B.Tech~B.Sc;ECE~ME~Civil;7~7;0~1;3~4;3~5;6~8;77~87;6~8;1~2;0~2;Not Placed
18~21;Female;B.Tech~B.Sc;ECE~ME~Civil;7~7;0~1;3~4;3~5;6~8;77~87;6~8;1~2;0~2;Not Placed
18~21;Female;B.Tech~B.Sc;ECE~ME~Civil;7~7;0~1;3~4;3~5;6~8;77~87;6~8;1~2;0~2;Placed
18~21;Female;B.Tech~B.Sc;ECE~ME~Civil;7~8;0~1;2~4;1~5;6~7;77~100;6~7;1~2;0;Not Placed
18~21;Female;B.Tech~B.Sc;ECE~ME~Civil;7~8;0~1;2~4;1~5;6~7;77~100;6~7;1~2;0;Placed
18~21;Female;B.Tech~B.Sc;ECE~ME~Civil;7~8;0~1;2~4;1~5;6~7;77~100;6~7;1~2;0;Placed
18~21;Female;B.Tech~B.Sc;ECE~ME~Civil;7~8;0~1;2~4;1~5;6~7;77~100;6~7;1~2;0;Placed
18~21;Female;B.Tech~B.Sc;ECE~ME~Civil;7~8;0~1;2~4;1~5;6~7;77~100;6~7;1~2;0;Not Placed
18~21;Female;B.Tech~B.Sc;ECE~ME~Civil;7~8;0~1;2~4;1~5;6~7;77~100;6~7;1~2;0;Not Placed
18~21;Female;B.Tech~B.Sc;ECE~ME~Civil;7~8;0~1;2~4;1~5;6~7;77~100;6~7;1~2;0;Placed
18~21;Female;BCA;ECE~ME~Civil;7~8;0~1;3~4;2~5;6~9;77~100;6~8;1~2;0;Not Placed
18~21;Female;BCA;ECE~ME~Civil;7~8;0~1;3~4;2~5;6~9;77~100;6~8;1~2;0;Not Placed
18~21;Female;BCA;ECE~ME~Civil;7~8;0~1;3~4;2~5;6~9;77~100;6~8;1~2;0;Not Placed
18~21;Female;BCA;ECE~ME~Civil;7~8;0~1;3~4;2~5;6~9;77~100;6~8;1~2;0;Placed
18~21;Female;BCA;ECE~ME~Civil;7~8;0~1;3~4;2~5;6~9;77~100;6~8;1~2;0;Placed
18~21;Female;BCA;ECE~ME~Civil;7~8;0~1;3~4;2~5;6~9;77~100;6~8;1~2;0;Not Placed
18~21;Female;BCA;ECE~ME~Civil;7~8;0~1;3~4;2~5;6~9;77~100;6~8;1~2;0;Not Placed
18~21;Female;BCA;ECE~ME~Civil;7~8;0~1;3~4;2~5;6~9;77~100;6~8;1~2;0;Not Placed
18~21;Female;BCA;ECE~ME~Civil;7~8;0~1;3~4;2~5;6~9;77~100;6~8;1~2;0;Not Placed
18~21;Female;B.Tech~B.Sc;ECE~ME~Civil;7~8;0~1;4;6~7;4~5;57~70;3~5;2;0;Placed
18~21;Female;B.Tech~B.Sc;ECE~ME~Civil;7~8;0~1;4;6~7;4~5;57~70;3~5;2;0;Not Placed
18~21;Female;B.Tech~B.Sc;ECE~ME~Civil;7~8;0~1;4;6~7;4~5;57~70;3~5;2;0;Placed
18~21;Female;B.Tech~B.Sc;ECE~ME~Civil;7~8;0~1;4;6~7;4~5;57~70;3~5;2;0;Not Placed
18~21;Female;B.Tech~B.Sc;ECE~ME~Civil;7~8;0~1;4;6~7;4~5;57~70;3~5;2;0;Placed
18~21;Female;B.Tech~B.Sc;ECE~ME~Civil;7~8;0~1;4;6~7;4~5;57~70;3~5;2;0;Not Placed
18~21;Female;B.Tech~B.Sc;ECE~ME~Civil;7~8;0~1;4;6~7;4~5;57~70;3~5;2;0;Placed
18~21;Female;BCA;ECE~ME~Civil;7~7;0~1;4;6~7;2~5;48~72;4~5;2;0;Placed
18~21;Female;BCA;ECE~ME~Civil;7~7;0~1;4;6~7;2~5;48~72;4~5;2;0;Placed
18~21;Female;BCA;ECE~ME~Civil;7~7;0~1;4;6~7;2~5;48~72;4~5;2;0;Not Placed
18~21;Female;BCA;ECE~ME~Civil;7~7;0~1;4;6~7;2~5;48~72;4~5;2;0;Not Placed
18~21;Female;BCA;ECE~ME~Civil;7~7;0~1;4;6~7;2~5;48~72;4~5;2;0;Not Placed
18~21;Female;BCA;ECE~ME~Civil;7~7;0~1;4;6~7;2~5;48~72;4~5;2;0;Not Placed
18~21;Female;BCA;ECE~ME~Civil;7~7;0~1;4;6~7;2~5;48~72;4~5;2;0;Not Placed
18~21;Female;BCA;ECE~ME~Civil;7~7;0~1;4;6~7;2~5;48~72;4~5;2;0;Not Placed
18~21;Female;B.Tech~B.Sc~BCA;ECE~ME~Civil;7~7;0~1;4;6~7;4~5;52~74;3~5;2;1~2;Placed
18~21;Female;B.Tech~B.Sc~BCA;ECE~ME~Civil;7~7;0~1;4;6~7;4~5;52~74;3~5;2;1~2;Placed
18~21;Female;B.Tech~B.Sc~BCA;ECE~ME~Civil;7~7;0~1;4;6~7;4~5;52~74;3~5;2;1~2;Not Placed
18~21;Female;B.Tech~B.Sc~BCA;ECE~ME~Civil;7~7;0~1;4;6~7;4~5;52~74;3~5;2;1~2;Placed
18~21;Female;B.Tech~B.Sc~BCA;ECE~ME~Civil;7~7;0~1;4;6~7;4~5;52~74;3~5;2;1~2;Not Placed
18~21;Female;B.Tech~B.Sc~BCA;ECE~ME~Civil;7~7;0~1;4;6~7;4~5;52~74;3~5;2;1~2;Placed
18~21;Female;B.Tech~B.Sc~BCA;ECE~ME~Civil;7~7;0~1;4;6~7;4~5;52~74;3~5;2;1~2;Not Placed
18~21;Female;B.Tech~B.Sc~BCA;ECE~ME~Civil;7~7;0~1;4;6~7;4~5;52~74;3~5;2;1~2;Not Placed
18~21;Female;B.Tech~B.Sc~BCA;ECE~ME~Civil;7~7;0~1;4;6~7;4~5;52~74;3~5;2;1~2;Placed
18~21;Female;B.Tech~B.Sc;ECE~ME~Civil;7~8;0~1;4;6~7;3~5;44~73;6~8;2;0;Placed
18~21;Female;B.Tech~B.Sc;ECE~ME~Civil;7~8;0~1;4;6~7;3~5;44~73;6~8;2;0;Placed
18~21;Female;B.Tech~B.Sc;ECE~ME~Civil;7~8;0~1;4;6~7;3~5;44~73;6~8;2;0;Not Placed
18~21;Female;B.Tech~B.Sc;ECE~ME~Civil;7~8;0~1;4;6~7;3~5;44~73;6~8;2;0;Placed
18~21;Female;B.Tech~B.Sc;ECE~ME~Civil;7~8;0~1;4;6~7;3~5;44~73;6~8;2;0;Not Placed
18~21;Female;B.Tech~B.Sc;ECE~ME~Civil;7~8;0~1;4;6~7;3~5;44~73;6~8;2;0;Not Placed
18~21;Female;B.Tech~B.Sc;ECE~ME~Civil;7~7;0~1;4;6;3~5;53~72;6~7;2;1~2;Not Placed
18~21;Female;B.Tech~B.Sc;ECE~ME~Civil;7~7;0~1;4;6;3~5;53~72;6~7;2;1~2;Placed
18~21;Female;B.Tech~B.Sc;ECE~ME~Civil;7~7;0~1;4;6;3~5;53~72;6~7;2;1~2;Not Placed
18~21;Female;B.Tech~B.Sc;ECE~ME~Civil;7~7;0~1;4;6;3~5;53~72;6~7;2;1~2;Not Placed
18~21;Female;B.Tech~B.Sc;ECE~ME~Civil;7~7;0~1;4;6;3~5;53~72;6~7;2;1~2;Not Placed
18~21;Female;B.Tech~B.Sc;ECE~ME~Civil;7~7;0~1;4;6;3~5;53~72;6~7;2;1~2;Placed
18~21;Female;B.Tech~B.Sc;ECE~ME~Civil;7~7;0~1;4;6;3~5;53~72;6~7;2;1~2;Not Placed
18~21;Female;BCA;ECE~ME~Civil;7~7;0~1;4;6~7;4~5;60~73;6~8;2;0~2;Not Placed
18~21;Female;BCA;ECE~ME~Civil;7~7;0~1;4;6~7;4~5;60~73;6~8;2;0~2;Not Placed
18~21;Female;BCA;ECE~ME~Civil;7~7;0~1;4;6~7;4~5;60~73;6~8;2;0~2;Placed
18~21;Female;BCA;ECE~ME~Civil;7~7;0~1;4;6~7;4~5;60~73;6~8;2;0~2;Placed
18~21;Female;BCA;ECE~ME~Civil;7~7;0~1;4;6~7;4~5;60~73;6~8;2;0~2;Placed
18~21;Female;BCA;ECE~ME~Civil;7~7;0~1;4;6~7;4~5;60~73;6~8;2;0~2;Placed
18~21;Female;B.Tech~B.Sc;ECE~ME;7~7;0~1;4;6;4~5;75~91;5~6;2;0;Placed
18~21;Female;B.Tech~B.Sc;ECE~ME;7~7;0~1;4;6;4~5;75~91;5~6;2;0;Not Placed
18~21;Female;B.Tech~B.Sc;ECE~ME;7~7;0~1;4;6;4~5;75~91;5~6;2;0;Not Placed
18~21;Female;B.Tech~B.Sc;ECE~ME;7~7;0~1;4;6;4~5;75~91;5~6;2;0;Placed
18~21;Female;B.Tech~B.Sc;ECE~ME;7~7;0~1;4;6;4~5;75~91;5~6;2;0;Not Placed
18~21;Female;B.Tech~B.Sc;ECE~ME~Civil;7~8;0~1;4;6;3~5;75~86;4~6;2;0;Placed
18~21;Female;B.Tech~B.Sc;ECE~ME~Civil;7~8;0~1;4;6;3~5;75~86;4~6;2;0;Placed
18~21;Female;B.Tech~B.Sc;ECE~ME~Civil;7~8;0~1;4;6;3~5;75~86;4~6;2;0;Placed
18~21;Female;B.Tech~B.Sc;ECE~ME~Civil;7~8;0~1;4;6;3~5;75~86;4~6;2;0;Placed
18~21;Female;B.Tech~B.Sc;ECE~ME~Civil;7~8;0~1;4;6;3~5;75~86;4~6;2;0;Not Placed
18~21;Female;B.Tech~B.Sc;ECE~ME~Civil;7~8;0~1;4;6;3~5;75~86;4~6;2;0;Placed
18~21;Female;BCA;ECE~ME~Civil;7~7;0~1;4;6~7;4~5;77~84;4~6;2;0;Not Placed
18~21;Female;BCA;ECE~ME~Civil;7~7;0~1;4;6~7;4~5;77~84;4~6;2;0;Placed
18~21;Female;BCA;ECE~ME~Civil;7~7;0~1;4;6~7;4~5;77~84;4~6;2;0;Not Placed
18~21;Female;BCA;ECE~ME~Civil;7~7;0~1;4;6~7;4~5;77~84;4~6;2;0;Not Placed
18~21;Female;BCA;ECE~ME~Civil;7~7;0~1;4;6~7;4~5;77~84;4~6;2;0;Placed
18~21;Female;BCA;ECE~ME;7~8;0~1;4;6~7;3~5;78~97;4~6;2;0;Not Placed
18~21;Female;BCA;ECE~ME;7~8;0~1;4;6~7;3~5;78~97;4~6;2;0;Not Placed
18~21;Female;BCA;ECE~ME;7~8;0~1;4;6~7;3~5;78~97;4~6;2;0;Placed
18~21;Female;BCA;ECE~ME;7~8;0~1;4;6~7;3~5;78~97;4~6;2;0;Not Placed
18~21;Female;BCA;ECE~ME;7~8;0~1;4;6~7;3~5;78~97;4~6;2;0;Placed
18~21;Female;B.Tech;ECE~ME~Civil;7~8;0~1;4;6~7;3~5;77~100;5~6;2;1~2;Not Placed
18~21;Female;B.Tech;ECE~ME~Civil;7~8;0~1;4;6~7;3~5;77~100;5~6;2;1~2;Not Placed
18~21;Female;B.Tech;ECE~ME~Civil;7~8;0~1;4;6~7;3~5;77~100;5~6;2;1~2;Placed
18~21;Female;B.Tech;ECE~ME~Civil;7~8;0~1;4;6~7;3~5;77~100;5~6;2;1~2;Not Placed
18~21;Female;B.Tech;ECE~ME~Civil;7~8;0~1;4;6~7;3~5;77~100;5~6;2;1~2;Not Placed
18~21;Female;B.Sc~BCA;ECE~ME;7~7;0~1;4;6~7;2~5;77~94;3~6;2;1~2;Not Placed
18~21;Female;B.Sc~BCA;ECE~ME;7~7;0~1;4;6~7;2~5;77~94;3~6;2;1~2;Not Placed
18~21;Female;B.Sc~BCA;ECE~ME;7~7;0~1;4;6~7;2~5;77~94;3~6;2;1~2;Not Placed
18~21;Female;B.Sc~BCA;ECE~ME;7~7;0~1;4;6~7;2~5;77~94;3~6;2;1~2;Placed
18~21;Female;B.Sc~BCA;ECE~ME;7~7;0~1;4;6~7;2~5;77~94;3~6;2;1~2;Not Placed
18~21;Female;B.Sc~BCA;ECE~ME;7~7;0~1;4;6~7;2~5;77~94;3~6;2;1~2;Not Placed
18~21;Female;B.Tech~B.Sc~BCA;ECE~ME;7~8;0~1;4;6~7;3~5;82~94;7~9;2;0~2;Not Placed
18~21;Female;B.Tech~B.Sc~BCA;ECE~ME;7~8;0~1;4;6~7;3~5;82~94;7~9;2;0~2;Not Placed
18~21;Female;B.Tech~B.Sc~BCA;ECE~ME;7~8;0~1;4;6~7;3~5;82~94;7~9;2;0~2;Placed
18~21;Female;B.Tech~B.Sc~BCA;ECE~ME;7~8;0~1;4;6~7;3~5;82~94;7~9;2;0~2;Not Placed
18~21;Female;B.Tech~B.Sc~BCA;ECE~ME;7~8;0~1;4;6~7;3~5;82~94;7~9;2;0~2;Not Placed
18~21;Female;B.Tech~B.Sc~BCA;ECE~ME;7~8;0~1;4;6~7;3~5;82~94;7~9;2;0~2;Not Placed
18~21;Female;B.Tech~B.Sc~BCA;ECE~ME;7~8;0~1;4;6~7;3~5;82~94;7~9;2;0~2;Placed
18~19;Female;B.Tech~B.Sc~BCA;ECE~ME~Civil;7~7;0~1;4;6~7;6~8;63~73;5~6;2;0;Placed
18~19;Female;B.Tech~B.Sc~BCA;ECE~ME~Civil;7~7;0~1;4;6~7;6~8;63~73;5~6;2;0;Placed
18~19;Female;B.Tech~B.Sc~BCA;ECE~ME~Civil;7~7;0~1;4;6~7;6~8;63~73;5~6;2;0;Placed
18~19;Female;B.Tech~B.Sc~BCA;ECE~ME~Civil;7~7;0~1;4;6~7;6~8;63~73;5~6;2;0;Placed
18~19;Female;B.Tech~B.Sc~BCA;ECE~ME~Civil;7~7;0~1;4;6~7;6~8;63~73;5~6;2;0;Placed
18~19;Female;B.Tech~B.Sc~BCA;ECE~ME~Civil;7~7;0~1;4;6~7;6~8;63~73;5~6;2;0;Placed
18~21;Female;B.Tech~B.Sc~BCA;ECE~ME;7~8;0~1;4;6~7;6~8;57~73;3~6;2;0;Placed
18~21;Female;B.Tech~B.Sc~BCA;ECE~ME;7~8;0~1;4;6~7;6~8;57~73;3~6;2;0;Placed
18~21;Female;B.Tech~B.Sc~BCA;ECE~ME;7~8;0~1;4;6~7;6~8;57~73;3~6;2;0;Placed
18~21;Female;B.Tech~B.Sc~BCA;ECE~ME;7~8;0~1;4;6~7;6~8;57~73;3~6;2;0;Placed
18~21;Female;B.Tech~B.Sc~BCA;ECE~ME;7~8;0~1;4;6~7;6~8;57~73;3~6;2;0;Placed
18~21;Female;B.Tech~B.Sc~BCA;ECE~ME;7~8;0~1;4;6~7;6~8;57~73;3~6;2;0;Placed
18~21;Female;B.Tech~B.Sc~BCA;ECE~ME;7~8;0~1;4;6~7;6~8;57~73;3~6;2;0;Placed
18~20;Female;B.Tech~B.Sc;ECE~ME~Civil;7~7;0~1;4;6~7;6~8;55~67;2~6;2;1~2;Placed
18~20;Female;B.Tech~B.Sc;ECE~ME~Civil;7~7;0~1;4;6~7;6~8;55~67;2~6;2;1~2;Not Placed
18~20;Female;B.Tech~B.Sc;ECE~ME~Civil;7~7;0~1;4;6~7;6~8;55~67;2~6;2;1~2;Placed
18~20;Female;B.Tech~B.Sc;ECE~ME~Civil;7~7;0~1;4;6~7;6~8;55~67;2~6;2;1~2;Not Placed
18~20;Female;B.Tech~B.Sc;ECE~ME~Civil;7~7;0~1;4;6~7;6~8;55~67;2~6;2;1~2;Not Placed
18~21;Female;B.Sc~BCA;ECE~ME~Civil;7~8;0~1;4;6~7;6~9;64~75;4~6;2;1~2;Placed
18~21;Female;B.Sc~BCA;ECE~ME~Civil;7~8;0~1;4;6~7;6~9;64~75;4~6;2;1~2;Placed
18~21;Female;B.Sc~BCA;ECE~ME~Civil;7~8;0~1;4;6~7;6~9;64~75;4~6;2;1~2;Placed
18~21;Female;B.Sc~BCA;ECE~ME~Civil;7~8;0~1;4;6~7;6~9;64~75;4~6;2;1~2;Placed
18~21;Female;B.Sc~BCA;ECE~ME~Civil;7~8;0~1;4;6~7;6~9;64~75;4~6;2;1~2;Not Placed
18~21;Female;B.Sc~BCA;ECE~ME~Civil;7~8;0~1;4;6~7;6~9;64~75;4~6;2;1~2;Placed
18~21;Female;B.Tech~B.Sc~BCA;ECE~ME~Civil;7~8;0~1;4;6~7;6~8;49~75;7;2;0~2;Placed
18~21;Female;B.Tech~B.Sc~BCA;ECE~ME~Civil;7~8;0~1;4;6~7;6~8;49~75;7;2;0~2;Placed
18~21;Female;B.Tech~B.Sc~BCA;ECE~ME~Civil;7~8;0~1;4;6~7;6~8;49~75;7;2;0~2;Placed
18~21;Female;B.Tech~B.Sc~BCA;ECE~ME~Civil;7~8;0~1;4;6~7;6~8;49~75;7;2;0~2;Not Placed
18~21;Female;B.Tech~B.Sc~BCA;ECE~ME~Civil;7~8;0~1;4;6~7;6~8;49~75;7;2;0~2;Placed
18~21;Female;B.Tech~B.Sc~BCA;ECE~ME~Civil;7~8;0~1;4;6~7;6~8;49~75;7;2;0~2;Not Placed
18~21;Female;B.Tech~B.Sc~BCA;ECE~ME~Civil;7~8;0~1;4;6~7;6~8;49~75;7;2;0~2;Placed
18~21;Female;B.Tech~B.Sc~BCA;ECE~ME~Civil;7~8;0~1;4;6~7;6~8;49~75;7;2;0~2;Not Placed
18~21;Female;B.Tech~B.Sc~BCA;ECE~ME~Civil;7~8;0~1;4;6~7;6~8;49~75;7;2;0~2;Placed
19~21;Female;B.Tech~B.Sc;ECE~ME;7~8;0~1;4;6~7;6~8;76~100;3~5;2;0;Placed
19~21;Female;B.Tech~B.Sc;ECE~ME;7~8;0~1;4;6~7;6~8;76~100;3~5;2;0;Placed
19~21;Female;B.Tech~B.Sc;ECE~ME;7~8;0~1;4;6~7;6~8;76~100;3~5;2;0;Placed
19~21;Female;B.Tech~B.Sc;ECE~ME;7~8;0~1;4;6~7;6~8;76~100;3~5;2;0;Placed
19~21;Female;B.Tech~B.Sc;ECE~ME;7~8;0~1;4;6~7;6~8;76~100;3~5;2;0;Placed
19~21;Female;B.Tech~B.Sc;ECE~ME;7~8;0~1;4;6~7;6~8;76~100;3~5;2;0;Placed
19~21;Female;B.Tech~B.Sc;ECE~ME;7~8;0~1;4;6~7;6~8;76~100;3~5;2;0;Placed
19~21;Female;B.Tech~B.Sc;ECE~ME;7~8;0~1;4;6~7;6~8;76~100;3~5;2;0;Placed
18~21;Female;BCA;ECE~ME~Civil;7~7;0~1;4;6~7;7~8;76~88;4~5;2;0;Placed
18~21;Female;BCA;ECE~ME~Civil;7~7;0~1;4;6~7;7~8;76~88;4~5;2;0;Placed
18~21;Female;BCA;ECE~ME~Civil;7~7;0~1;4;6~7;7~8;76~88;4~5;2;0;Placed
18~21;Female;BCA;ECE~ME~Civil;7~7;0~1;4;6~7;7~8;76~88;4~5;2;0;Placed
18~21;Female;BCA;ECE~ME~Civil;7~7;0~1;4;6~7;7~8;76~88;4~5;2;0;Placed
18~21;Female;B.Tech~B.Sc~BCA;ECE~ME~Civil;7~7;1;4;6~7;6~8;79~89;3~5;2;1~2;Not Placed
18~21;Female;B.Tech~B.Sc~BCA;ECE~ME~Civil;7~7;1;4;6~7;6~8;79~89;3~5;2;1~2;Placed
18~21;Female;B.Tech~B.Sc~BCA;ECE~ME~Civil;7~7;1;4;6~7;6~8;79~89;3~5;2;1~2;Not Placed
18~21;Female;B.Tech~B.Sc~BCA;ECE~ME~Civil;7~7;1;4;6~7;6~8;79~89;3~5;2;1~2;Placed
18~21;Female;B.Tech~B.Sc~BCA;ECE~ME~Civil;7~7;1;4;6~7;6~8;79~89;3~5;2;1~2;Placed
18~21;Female;B.Tech~B.Sc;ECE~ME~Civil;7~8;0~1;4;6;6~9;78~99;6~7;2;0;Placed
18~21;Female;B.Tech~B.Sc;ECE~ME~Civil;7~8;0~1;4;6;6~9;78~99;6~7;2;0;Placed
18~21;Female;B.Tech~B.Sc;ECE~ME~Civil;7~8;0~1;4;6;6~9;78~99;6~7;2;0;Placed
18~21;Female;B.Tech~B.Sc;ECE~ME~Civil;7~8;0~1;4;6;6~9;78~99;6~7;2;0;Placed
18~21;Female;B.Tech~B.Sc;ECE~ME~Civil;7~8;0~1;4;6;6~9;78~99;6~7;2;0;Placed
18~21;Female;B.Tech~B.Sc;ECE~ME~Civil;7~8;0~1;4;6;6~9;78~99;6~7;2;0;Placed
18~21;Female;B.Tech~B.Sc;ECE~ME~Civil;7~8;0~1;4;6;6~9;78~99;6~7;2;0;Placed
18~21;Female;B.Tech~B.Sc;ECE~ME~Civil;7~8;0~1;4;6;6~9;78~99;6~7;2;0;Placed
19~21;Female;BCA;ECE~ME~Civil;7~8;0~1;4;6~7;6~8;76~100;6~7;2;0~1;Placed
19~21;Female;BCA;ECE~ME~Civil;7~8;0~1;4;6~7;6~8;76~100;6~7;2;0~1;Placed
19~21;Female;BCA;ECE~ME~Civil;7~8;0~1;4;6~7;6~8;76~100;6~7;2;0~1;Placed
19~21;Female;BCA;ECE~ME~Civil;7~8;0~1;4;6~7;6~8;76~100;6~7;2;0~1;Placed
19~21;Female;BCA;ECE~ME~Civil;7~8;0~1;4;6~7;6~8;76~100;6~7;2;0~1;Placed
18~21;Female;B.Tech~B.Sc;ECE~ME;7~8;1;5;7~8;5~6;60~85;3~6;2;0~1;Placed
18~21;Female;B.Tech~B.Sc;ECE~ME;7~8;1;5;7~8;5~6;60~85;3~6;2;0~1;Placed
18~21;Female;B.Tech~B.Sc;ECE~ME;7~8;1;5;7~8;5~6;60~85;3~6;2;0~1;Placed
18~21;Female;B.Tech~B.Sc;ECE~ME;7~8;1;5;7~8;5~6;60~85;3~6;2;0~1;Placed
18~21;Female;B.Tech~B.Sc;ECE~ME;7~8;1;5;7~8;5~6;60~85;3~6;2;0~1;Placed
18~21;Female;B.Tech~B.Sc;ECE~ME;7~8;1;5;7~8;5~6;60~85;3~6;2;0~1;Placed
18~21;Female;B.Tech~B.Sc;ECE~ME;7~8;1;5;7~8;5~6;60~85;3~6;2;0~1;Placed
18~21;Female;B.Tech~B.Sc;ECE~ME;7~8;1;5;7~8;5~6;60~85;3~6;2;0~1;Placed
18~21;Female;BCA;ECE~ME~Civil;7~8;1;5;7~8;3~6;62~85;4~6;2;0~1;Placed
18~21;Female;BCA;ECE~ME~Civil;7~8;1;5;7~8;3~6;62~85;4~6;2;0~1;Placed
18~21;Female;BCA;ECE~ME~Civil;7~8;1;5;7~8;3~6;62~85;4~6;2;0~1;Placed
18~21;Female;BCA;ECE~ME~Civil;7~8;1;5;7~8;3~6;62~85;4~6;2;0~1;Placed
18~21;Female;BCA;ECE~ME~Civil;7~8;1;5;7~8;3~6;62~85;4~6;2;0~1;Placed
18~21;Female;BCA;ECE~ME~Civil;7~8;1;5;7~8;3~6;62~85;4~6;2;0~1;Not Placed
18~21;Female;B.Tech~B.Sc~BCA;ME~Civil;7~9;1;5;8;3~6;81~85;4~6;3;0~2;Not Placed
18~21;Female;B.Tech~B.Sc~BCA;ME~Civil;7~9;1;5;8;3~6;81~85;4~6;3;0~2;Placed
18~21;Female;B.Tech~B.Sc~BCA;ME~Civil;7~9;1;5;8;3~6;81~85;4~6;3;0~2;Placed
18~21;Female;B.Tech~B.Sc~BCA;ME~Civil;7~9;1;5;8;3~6;81~85;4~6;3;0~2;Not Placed
18~21;Female;B.Tech~B.Sc~BCA;ME~Civil;7~9;1;5;8;3~6;81~85;4~6;3;0~2;Not Placed
18~21;Female;B.Tech~B.Sc~BCA;ECE~ME~Civil;7~9;1;5;7~8;3~6;61~84;7~8;2~3;0~1;Not Placed
18~21;Female;B.Tech~B.Sc~BCA;ECE~ME~Civil;7~9;1;5;7~8;3~6;61~84;7~8;2~3;0~1;Not Placed
18~21;Female;B.Tech~B.Sc~BCA;ECE~ME~Civil;7~9;1;5;7~8;3~6;61~84;7~8;2~3;0~1;Placed
18~21;Female;B.Tech~B.Sc~BCA;ECE~ME~Civil;7~9;1;5;7~8;3~6;61~84;7~8;2~3;0~1;Not Placed
18~21;Female;B.Tech~B.Sc~BCA;ECE~ME~Civil;7~9;1;5;7~8;3~6;61~84;7~8;2~3;0~1;Placed
18~21;Female;B.Tech~B.Sc~BCA;ECE~ME~Civil;7~9;1;5;7~8;3~6;61~84;7~8;2~3;0~1;Not Placed
18~21;Female;B.Tech~B.Sc~BCA;ECE~ME~Civil;7~8;1;5;7~8;3~6;88~100;3~5;2~3;0~1;Placed
18~21;Female;B.Tech~B.Sc~BCA;ECE~ME~Civil;7~8;1;5;7~8;3~6;88~100;3~5;2~3;0~1;Not Placed
18~21;Female;B.Tech~B.Sc~BCA;ECE~ME~Civil;7~8;1;5;7~8;3~6;88~100;3~5;2~3;0~1;Not Placed
18~21;Female;B.Tech~B.Sc~BCA;ECE~ME~Civil;7~8;1;5;7~8;3~6;88~100;3~5;2~3;0~1;Placed
18~21;Female;B.Tech~B.Sc~BCA;ECE~ME~Civil;7~8;1;5;7~8;3~6;88~100;3~5;2~3;0~1;Placed
18~21;Female;B.Tech~B.Sc~BCA;ECE~ME~Civil;7~8;1;5;7~8;3~6;88~100;3~5;2~3;0~1;Placed
18~21;Female;B.Tech~B.Sc~BCA;ECE~ME~Civil;7~8;1;5;7~8;3~6;88~100;3~5;2~3;0~1;Placed
18~21;Female;B.Tech~B.Sc~BCA;ECE~ME~Civil;7~8;1;5;7~8;3~6;88~100;3~5;2~3;0~1;Placed
18~21;Female;B.Sc~BCA;ECE~ME~Civil;8~9;1;5;7~8;3~6;89~100;3~5;2~3;0;Not Placed
18~21;Female;B.Sc~BCA;ECE~ME~Civil;8~9;1;5;7~8;3~6;89~100;3~5;2~3;0;Placed
18~21;Female;B.Sc~BCA;ECE~ME~Civil;8~9;1;5;7~8;3~6;89~100;3~5;2~3;0;Not Placed
18~21;Female;B.Sc~BCA;ECE~ME~Civil;8~9;1;5;7~8;3~6;89~100;3~5;2~3;0;Placed
18~21;Female;B.Sc~BCA;ECE~ME~Civil;8~9;1;5;7~8;3~6;89~100;3~5;2~3;0;Not Placed
18~21;Female;B.Sc~BCA;ECE~ME~Civil;8~9;1;5;7~8;3~6;89~100;3~5;2~3;0;Placed
18~21;Female;B.Sc~BCA;ECE~ME~Civil;8~9;1;5;7~8;3~6;89~100;3~5;2~3;0;Placed
18~21;Female;B.Sc~BCA;ECE~ME~Civil;8~9;1;5;7~8;3~6;89~100;3~5;2~3;0;Placed
18~21;Female;B.Tech~B.Sc~BCA;ECE~ME~Civil;7~9;1;5;6~8;4~6;89~100;6~8;2~3;0~1;Placed
18~21;Female;B.Tech~B.Sc~BCA;ECE~ME~Civil;7~9;1;5;6~8;4~6;89~100;6~8;2~3;0~1;Placed
18~21;Female;B.Tech~B.Sc~BCA;ECE~ME~Civil;7~9;1;5;6~8;4~6;89~100;6~8;2~3;0~1;Placed
18~21;Female;B.Tech~B.Sc~BCA;ECE~ME~Civil;7~9;1;5;6~8;4~6;89~100;6~8;2~3;0~1;Not Placed
18~21;Female;B.Tech~B.Sc~BCA;ECE~ME~Civil;7~9;1;5;6~8;4~6;89~100;6~8;2~3;0~1;Placed
18~21;Female;B.Tech~B.Sc~BCA;ECE~ME~Civil;7~9;1;5;6~8;4~6;89~100;6~8;2~3;0~1;Not Placed
18~21;Female;B.Tech~B.Sc~BCA;ECE~ME~Civil;7~9;1;5;6~8;4~6;89~100;6~8;2~3;0~1;Placed
18~21;Female;B.Tech~B.Sc~BCA;ECE~ME~Civil;7~8;1;5;7~8;7~9;64~79;5~6;2;0;Placed
18~21;Female;B.Tech~B.Sc~BCA;ECE~ME~Civil;7~8;1;5;7~8;7~9;64~79;5~6;2;0;Placed
18~21;Female;B.Tech~B.Sc~BCA;ECE~ME~Civil;7~8;1;5;7~8;7~9;64~79;5~6;2;0;Placed
18~21;Female;B.Tech~B.Sc~BCA;ECE~ME~Civil;7~8;1;5;7~8;7~9;64~79;5~6;2;0;Placed
18~21;Female;B.Tech~B.Sc~BCA;ECE~ME~Civil;7~8;1;5;7~8;7~9;64~79;5~6;2;0;Placed
18~21;Female;B.Tech~B.Sc~BCA;ECE~ME~Civil;7~8;1;5;7~8;7~9;64~79;5~6;2;0;Placed
18~21;Female;B.Tech~B.Sc~BCA;ECE~ME~Civil;7~8;1;5;7~8;7~9;64~79;5~6;2;0;Placed
18~21;Female;B.Tech~B.Sc~BCA;ECE~ME~Civil;7~8;1;5;7~8;7~9;64~79;5~6;2;0;Placed
18~21;Female;B.Tech~B.Sc~BCA;ECE~ME~Civil;7~9;1;5;7~8;7~8;85~100;4~7;2~3;0~1;Placed
18~21;Female;B.Tech~B.Sc~BCA;ECE~ME~Civil;7~9;1;5;7~8;7~8;85~100;4~7;2~3;0~1;Placed
18~21;Female;B.Tech~B.Sc~BCA;ECE~ME~Civil;7~9;1;5;7~8;7~8;85~100;4~7;2~3;0~1;Placed
18~21;Female;B.Tech~B.Sc~BCA;ECE~ME~Civil;7~9;1;5;7~8;7~8;85~100;4~7;2~3;0~1;Placed
18~21;Female;B.Tech~B.Sc~BCA;ECE~ME~Civil;7~9;1;5;7~8;7~8;85~100;4~7;2~3;0~1;Placed
18~21;Female;B.Tech~B.Sc~BCA;ECE~ME~Civil;7~9;1;5;7~8;7~8;85~100;4~7;2~3;0~1;Placed
18~21;Female;B.Tech~B.Sc~BCA;ECE~ME~Civil;7~9;1;5;7~8;7~8;85~100;4~7;2~3;0~1;Placed
18~21;Female;B.Tech~B.Sc~BCA;ECE~ME~Civil;7~9;1;5;7~8;7~8;85~100;4~7;2~3;0~1;Placed
18~21;Female;B.Tech~B.Sc~BCA;ECE~ME~Civil;7~9;1;5~6;9;3~5;68~84;3~7;3;0;Not Placed
18~21;Female;B.Tech~B.Sc~BCA;ECE~ME~Civil;7~9;1;5~6;9;3~5;68~84;3~7;3;0;Not Placed
18~21;Female;B.Tech~B.Sc~BCA;ECE~ME~Civil;7~9;1;5~6;9;3~5;68~84;3~7;3;0;Placed
18~21;Female;B.Tech~B.Sc~BCA;ECE~ME~Civil;7~9;1;5~6;9;3~5;68~84;3~7;3;0;Not Placed
18~21;Female;B.Tech~B.Sc~BCA;ECE~ME~Civil;7~9;1;5~6;9;3~5;68~84;3~7;3;0;Placed
18~21;Female;B.Tech~B.Sc~BCA;ECE~ME~Civil;7~9;1;5~6;9;3~5;68~84;3~7;3;0;Not Placed
18~21;Female;B.Tech~B.Sc~BCA;ECE~ME~Civil;7~9;1;5~6;9;3~5;68~84;3~7;3;0;Not Placed
18~20;Female;B.Tech~B.Sc~BCA;ECE~ME~Civil;7~9;1;5~6;9~10;1~5;86~92;5~8;3;0;Not Placed
18~20;Female;B.Tech~B.Sc~BCA;ECE~ME~Civil;7~9;1;5~6;9~10;1~5;86~92;5~8;3;0;Placed
18~20;Female;B.Tech~B.Sc~BCA;ECE~ME~Civil;7~9;1;5~6;9~10;1~5;86~92;5~8;3;0;Not Placed
18~20;Female;B.Tech~B.Sc~BCA;ECE~ME~Civil;7~9;1;5~6;9~10;1~5;86~92;5~8;3;0;Not Placed
18~20;Female;B.Tech~B.Sc~BCA;ECE~ME~Civil;7~9;1;5~6;9~10;1~5;86~92;5~8;3;0;Not Placed
19~21;Female;B.Tech~B.Sc~BCA;ECE~ME;7~9;1;5~6;9~10;6~7;74~100;4~7;3;0~1;Placed
19~21;Female;B.Tech~B.Sc~BCA;ECE~ME;7~9;1;5~6;9~10;6~7;74~100;4~7;3;0~1;Placed
19~21;Female;B.Tech~B.Sc~BCA;ECE~ME;7~9;1;5~6;9~10;6~7;74~100;4~7;3;0~1;Placed
19~21;Female;B.Tech~B.Sc~BCA;ECE~ME;7~9;1;5~6;9~10;6~7;74~100;4~7;3;0~1;Placed
19~21;Female;B.Tech~B.Sc~BCA;ECE~ME;7~9;1;5~6;9~10;6~7;74~100;4~7;3;0~1;Placed
19~21;Female;B.Tech~B.Sc~BCA;ECE~ME;7~9;1;5~6;9~10;6~7;74~100;4~7;3;0~1;Placed
19~21;Female;B.Tech~B.Sc~BCA;ECE~ME;7~9;1;5~6;9~10;6~7;74~100;4~7;3;0~1;Placed
19~21;Female;B.Tech~B.Sc~BCA;ECE~ME;7~9;1;5~6;9~10;6~7;74~100;4~7;3;0~1;Placed
18~20;Female;B.Tech~B.Sc~BCA;ECE~ME~Civil;7~8;2;4;5~6;3~6;56~71;4~6;1~2;0~2;Not Placed
18~20;Female;B.Tech~B.Sc~BCA;ECE~ME~Civil;7~8;2;4;5~6;3~6;56~71;4~6;1~2;0~2;Not Placed
18~20;Female;B.Tech~B.Sc~BCA;ECE~ME~Civil;7~8;2;4;5~6;3~6;56~71;4~6;1~2;0~2;Not Placed
18~20;Female;B.Tech~B.Sc~BCA;ECE~ME~Civil;7~8;2;4;5~6;3~6;56~71;4~6;1~2;0~2;Not Placed
18~20;Female;B.Tech~B.Sc~BCA;ECE~ME~Civil;7~8;2;4;5~6;3~6;56~71;4~6;1~2;0~2;Placed
18~20;Female;B.Tech~B.Sc~BCA;ECE~ME~Civil;7~8;2;4;5~6;3~6;56~71;4~6;1~2;0~2;Placed
18~20;Female;B.Tech~B.Sc~BCA;ECE~ME~Civil;7~8;2;4;5~6;3~6;56~71;4~6;1~2;0~2;Not Placed
18~20;Female;B.Tech~B.Sc~BCA;ECE~ME~Civil;7~8;2;4;5~6;3~6;56~71;4~6;1~2;0~2;Not Placed
18~20;Female;B.Tech~B.Sc;ECE~ME~Civil;7~8;2;4;5~6;4~6;63~73;7~8;2;0~1;Placed
18~20;Female;B.Tech~B.Sc;ECE~ME~Civil;7~8;2;4;5~6;4~6;63~73;7~8;2;0~1;Not Placed
18~20;Female;B.Tech~B.Sc;ECE~ME~Civil;7~8;2;4;5~6;4~6;63~73;7~8;2;0~1;Placed
18~20;Female;B.Tech~B.Sc;ECE~ME~Civil;7~8;2;4;5~6;4~6;63~73;7~8;2;0~1;Placed
18~20;Female;B.Tech~B.Sc;ECE~ME~Civil;7~8;2;4;5~6;4~6;63~73;7~8;2;0~1;Placed
18~21;Female;B.Tech~B.Sc~BCA;ECE~ME~Civil;7~8;2;4;5~6;4~6;75~91;2~5;2;0~2;Not Placed
18~21;Female;B.Tech~B.Sc~BCA;ECE~ME~Civil;7~8;2;4;5~6;4~6;75~91;2~5;2;0~2;Placed
18~21;Female;B.Tech~B.Sc~BCA;ECE~ME~Civil;7~8;2;4;5~6;4~6;75~91;2~5;2;0~2;Placed
18~21;Female;B.Tech~B.Sc~BCA;ECE~ME~Civil;7~8;2;4;5~6;4~6;75~91;2~5;2;0~2;Placed
18~21;Female;B.Tech~B.Sc~BCA;ECE~ME~Civil;7~8;2;4;5~6;4~6;75~91;2~5;2;0~2;Not Placed
18~21;Female;B.Tech~B.Sc~BCA;ECE~ME~Civil;7~8;2;4;5~6;4~6;75~91;2~5;2;0~2;Placed
18~21;Female;B.Tech~B.Sc~BCA;ECE~ME~Civil;7~8;2;4;5~6;4~6;75~91;2~5;2;0~2;Placed
18~21;Female;B.Tech~B.Sc~BCA;ECE~ME~Civil;7~8;2;4;5~6;4~6;75~91;2~5;2;0~2;Not Placed
18~21;Female;B.Tech~B.Sc~BCA;ECE~ME~Civil;7~8;2;4;5~6;4~6;77~88;6~8;2;0~1;Placed
18~21;Female;B.Tech~B.Sc~BCA;ECE~ME~Civil;7~8;2;4;5~6;4~6;77~88;6~8;2;0~1;Placed
18~21;Female;B.Tech~B.Sc~BCA;ECE~ME~Civil;7~8;2;4;5~6;4~6;77~88;6~8;2;0~1;Placed
18~21;Female;B.Tech~B.Sc~BCA;ECE~ME~Civil;7~8;2;4;5~6;4~6;77~88;6~8;2;0~1;Not Placed
18~21;Female;B.Tech~B.Sc~BCA;ECE~ME~Civil;7~8;2;4;5~6;4~6;77~88;6~8;2;0~1;Placed
18~21;Female;B.Tech~B.Sc~BCA;ECE~ME~Civil;7~8;2;4;5~6;4~6;77~88;6~8;2;0~1;Placed
18~20;Female;B.Tech~B.Sc;ECE~ME~Civil;7~8;2;4;5;7~8;55~63;5~8;1~2;0~1;Placed
18~20;Female;B.Tech~B.Sc;ECE~ME~Civil;7~8;2;4;5;7~8;55~63;5~8;1~2;0~1;Placed
18~20;Female;B.Tech~B.Sc;ECE~ME~Civil;7~8;2;4;5;7~8;55~63;5~8;1~2;0~1;Placed
18~20;Female;B.Tech~B.Sc;ECE~ME~Civil;7~8;2;4;5;7~8;55~63;5~8;1~2;0~1;Placed
18~20;Female;B.Tech~B.Sc;ECE~ME~Civil;7~8;2;4;5;7~8;55~63;5~8;1~2;0~1;Placed
18~20;Female;B.Tech~B.Sc;ECE~ME~Civil;7~8;2;4;5;7~8;55~63;5~8;1~2;0~1;Placed
18~21;Female;B.Tech~B.Sc~BCA;ECE~ME~Civil;7~8;2;4;5~6;7~9;64~81;3~6;2;0~2;Placed
18~21;Female;B.Tech~B.Sc~BCA;ECE~ME~Civil;7~8;2;4;5~6;7~9;64~81;3~6;2;0~2;Placed
18~21;Female;B.Tech~B.Sc~BCA;ECE~ME~Civil;7~8;2;4;5~6;7~9;64~81;3~6;2;0~2;Placed
18~21;Female;B.Tech~B.Sc~BCA;ECE~ME~Civil;7~8;2;4;5~6;7~9;64~81;3~6;2;0~2;Not Placed
18~21;Female;B.Tech~B.Sc~BCA;ECE~ME~Civil;7~8;2;4;5~6;7~9;64~81;3~6;2;0~2;Placed
18~21;Female;B.Tech~B.Sc~BCA;ECE~ME~Civil;7~8;2;4;5~6;7~9;64~81;3~6;2;0~2;Placed
18~21;Female;B.Tech~B.Sc~BCA;ECE~ME~Civil;7~8;2;4;5~6;7~9;64~81;3~6;2;0~2;Placed
19~21;Female;B.Tech~B.Sc~BCA;ECE~ME~Civil;7~7;2~3;4;7;3~5;50~73;5~8;2;0~2;Not Placed
19~21;Female;B.Tech~B.Sc~BCA;ECE~ME~Civil;7~7;2~3;4;7;3~5;50~73;5~8;2;0~2;Not Placed
19~21;Female;B.Tech~B.Sc~BCA;ECE~ME~Civil;7~7;2~3;4;7;3~5;50~73;5~8;2;0~2;Not Placed
19~21;Female;B.Tech~B.Sc~BCA;ECE~ME~Civil;7~7;2~3;4;7;3~5;50~73;5~8;2;0~2;Placed
19~21;Female;B.Tech~B.Sc~BCA;ECE~ME~Civil;7~7;2~3;4;7;3~5;50~73;5~8;2;0~2;Not Placed
19~21;Female;B.Tech~B.Sc~BCA;ECE~ME~Civil;7~7;2~3;4;7;3~5;50~73;5~8;2;0~2;Not Placed
19~21;Female;B.Tech~B.Sc~BCA;ECE~ME~Civil;7~7;2~3;4;7;3~5;50~73;5~8;2;0~2;Placed
19~21;Female;B.Tech~B.Sc~BCA;ECE~ME~Civil;7~7;2~3;4;7;3~5;50~73;5~8;2;0~2;Placed
19~21;Female;B.Tech~B.Sc~BCA;ECE~ME~Civil;7~7;2~3;4;7;3~5;50~73;5~8;2;0~2;Not Placed
18~21;Female;B.Tech~B.Sc~BCA;ECE~ME~Civil;7~7;2~3;4;7;4~5;76~89;4~7;2;0~1;Placed
18~21;Female;B.Tech~B.Sc~BCA;ECE~ME~Civil;7~7;2~3;4;7;4~5;76~89;4~7;2;0~1;Placed
18~21;Female;B.Tech~B.Sc~BCA;ECE~ME~Civil;7~7;2~3;4;7;4~5;76~89;4~7;2;0~1;Placed
18~21;Female;B.Tech~B.Sc~BCA;ECE~ME~Civil;7~7;2~3;4;7;4~5;76~89;4~7;2;0~1;Placed
18~21;Female;B.Tech~B.Sc~BCA;ECE~ME~Civil;7~7;2~3;4;7;4~5;76~89;4~7;2;0~1;Not Placed
18~21;Female;B.Tech~B.Sc~BCA;ECE~ME~Civil;7~7;2~3;4;7;4~5;76~89;4~7;2;0~1;Placed
18~21;Female;B.Tech~B.Sc~BCA;ECE~ME~Civil;7~7;2~3;4;7;4~5;76~89;4~7;2;0~1;Placed
18~21;Female;B.Tech~B.Sc~BCA;ECE~ME~Civil;7~7;2~3;4;7;4~5;76~89;4~7;2;0~1;Placed
18~21;Female;B.Tech~B.Sc~BCA;ECE~ME~Civil;7~7;2~3;4;7;4~5;76~89;4~7;2;0~1;Placed
18~20;Female;B.Tech~B.Sc~BCA;ECE~ME;7~7;2~3;4;7;6~7;55~76;4~6;2;0~2;Placed
18~20;Female;B.Tech~B.Sc~BCA;ECE~ME;7~7;2~3;4;7;6~7;55~76;4~6;2;0~2;Placed
18~20;Female;B.Tech~B.Sc~BCA;ECE~ME;7~7;2~3;4;7;6~7;55~76;4~6;2;0~2;Not Placed
18~20;Female;B.Tech~B.Sc~BCA;ECE~ME;7~7;2~3;4;7;6~7;55~76;4~6;2;0~2;Placed
18~20;Female;B.Tech~B.Sc~BCA;ECE~ME;7~7;2~3;4;7;6~7;55~76;4~6;2;0~2;Not Placed
18~20;Female;B.Tech~B.Sc~BCA;ECE~ME;7~7;2~3;4;7;6~7;55~76;4~6;2;0~2;Placed
18~20;Female;B.Tech~B.Sc~BCA;ECE~ME;7~7;2~3;4;7;6~7;55~76;4~6;2;0~2;Placed
19~21;Female;B.Tech~B.Sc~BCA;ECE~ME~Civil;7~7;2~3;4;7;6~9;79~87;3~7;2;0~2;Placed
19~21;Female;B.Tech~B.Sc~BCA;ECE~ME~Civil;7~7;2~3;4;7;6~9;79~87;3~7;2;0~2;Placed
19~21;Female;B.Tech~B.Sc~BCA;ECE~ME~Civil;7~7;2~3;4;7;6~9;79~87;3~7;2;0~2;Placed
19~21;Female;B.Tech~B.Sc~BCA;ECE~ME~Civil;7~7;2~3;4;7;6~9;79~87;3~7;2;0~2;Placed
19~21;Female;B.Tech~B.Sc~BCA;ECE~ME~Civil;7~7;2~3;4;7;6~9;79~87;3~7;2;0~2;Placed
19~21;Female;B.Tech~B.Sc~BCA;ECE~ME~Civil;7~7;2~3;4;7;6~9;79~87;3~7;2;0~2;Placed
19~21;Female;B.Tech~B.Sc~BCA;ECE~ME~Civil;7~7;2~3;4;7;6~9;79~87;3~7;2;0~2;Not Placed
19~21;Female;B.Tech~B.Sc~BCA;ECE~ME~Civil;7~7;2~3;4;7;6~9;79~87;3~7;2;0~2;Not Placed
18~21;Female;B.Tech~B.Sc~BCA;ECE~ME~Civil;7~9;2~3;5;7~8;4~6;57~81;3~5;2;0~1;Not Placed
18~21;Female;B.Tech~B.Sc~BCA;ECE~ME~Civil;7~9;2~3;5;7~8;4~6;57~81;3~5;2;0~1;Not Placed
18~21;Female;B.Tech~B.Sc~BCA;ECE~ME~Civil;7~9;2~3;5;7~8;4~6;57~81;3~5;2;0~1;Placed
18~21;Female;B.Tech~B.Sc~BCA;ECE~ME~Civil;7~9;2~3;5;7~8;4~6;57~81;3~5;2;0~1;Placed
18~21;Female;B.Tech~B.Sc~BCA;ECE~ME~Civil;7~9;2~3;5;7~8;4~6;57~81;3~5;2;0~1;Placed
18~21;Female;B.Tech~B.Sc~BCA;ECE~ME~Civil;7~9;2~3;5;7~8;4~6;57~81;3~5;2;0~1;Placed
18~21;Female;B.Tech~B.Sc~BCA;ECE~ME~Civil;7~9;2~3;5;7~8;4~6;57~81;3~5;2;0~1;Placed
18~21;Female;B.Tech~B.Sc~BCA;ECE~ME~Civil;7~9;2~3;5;7~8;4~6;57~81;3~5;2;0~1;Placed
18~21;Female;B.Sc~BCA;ECE~ME~Civil;7~8;2~3;5;7~8;4~6;63~81;6~7;2~3;0~1;Placed
18~21;Female;B.Sc~BCA;ECE~ME~Civil;7~8;2~3;5;7~8;4~6;63~81;6~7;2~3;0~1;Placed
18~21;Female;B.Sc~BCA;ECE~ME~Civil;7~8;2~3;5;7~8;4~6;63~81;6~7;2~3;0~1;Not Placed
18~21;Female;B.Sc~BCA;ECE~ME~Civil;7~8;2~3;5;7~8;4~6;63~81;6~7;2~3;0~1;Placed
18~21;Female;B.Sc~BCA;ECE~ME~Civil;7~8;2~3;5;7~8;4~6;63~81;6~7;2~3;0~1;Not Placed
18~21;Female;B.Sc~BCA;ECE~ME~Civil;7~8;2~3;5;7~8;4~6;63~81;6~7;2~3;0~1;Placed
18~21;Female;B.Sc~BCA;ECE~ME~Civil;7~8;2~3;5;7~8;4~6;63~81;6~7;2~3;0~1;Placed
18~21;Female;B.Tech~B.Sc~BCA;ECE~ME;8~9;2~3;5;7~8;4~6;84~100;4~5;2~3;0~1;Placed
18~21;Female;B.Tech~B.Sc~BCA;ECE~ME;8~9;2~3;5;7~8;4~6;84~100;4~5;2~3;0~1;Placed
18~21;Female;B.Tech~B.Sc~BCA;ECE~ME;8~9;2~3;5;7~8;4~6;84~100;4~5;2~3;0~1;Not Placed
18~21;Female;B.Tech~B.Sc~BCA;ECE~ME;8~9;2~3;5;7~8;4~6;84~100;4~5;2~3;0~1;Placed
18~21;Female;B.Tech~B.Sc~BCA;ECE~ME;8~9;2~3;5;7~8;4~6;84~100;4~5;2~3;0~1;Placed
18~21;Female;B.Tech~B.Sc~BCA;ECE~ME;8~9;2~3;5;7~8;4~6;84~100;4~5;2~3;0~1;Not Placed
18~21;Female;B.Tech~B.Sc~BCA;ECE~ME;8~9;2~3;5;7~8;4~6;84~100;4~5;2~3;0~1;Placed
18~21;Female;B.Tech~B.Sc~BCA;ECE~ME;8~8;2~3;5;7~8;3~6;89~96;6~7;2~3;0~1;Placed
18~21;Female;B.Tech~B.Sc~BCA;ECE~ME;8~8;2~3;5;7~8;3~6;89~96;6~7;2~3;0~1;Placed
18~21;Female;B.Tech~B.Sc~BCA;ECE~ME;8~8;2~3;5;7~8;3~6;89~96;6~7;2~3;0~1;Not Placed
18~21;Female;B.Tech~B.Sc~BCA;ECE~ME;8~8;2~3;5;7~8;3~6;89~96;6~7;2~3;0~1;Placed
18~21;Female;B.Tech~B.Sc~BCA;ECE~ME;8~8;2~3;5;7~8;3~6;89~96;6~7;2~3;0~1;Not Placed
18~21;Female;B.Tech~B.Sc~BCA;ECE~ME;8~8;2~3;5;7~8;3~6;89~96;6~7;2~3;0~1;Not Placed
18~21;Female;B.Tech~B.Sc~BCA;ECE~ME~Civil;7~8;2~3;5;7~8;7;57~82;6~7;2;0~1;Placed
18~21;Female;B.Tech~B.Sc~BCA;ECE~ME~Civil;7~8;2~3;5;7~8;7;57~82;6~7;2;0~1;Placed
18~21;Female;B.Tech~B.Sc~BCA;ECE~ME~Civil;7~8;2~3;5;7~8;7;57~82;6~7;2;0~1;Placed
18~21;Female;B.Tech~B.Sc~BCA;ECE~ME~Civil;7~8;2~3;5;7~8;7;57~82;6~7;2;0~1;Placed
18~21;Female;B.Tech~B.Sc~BCA;ECE~ME~Civil;7~8;2~3;5;7~8;7;57~82;6~7;2;0~1;Placed
18~21;Female;B.Tech~B.Sc~BCA;ECE~ME~Civil;7~9;2~3;5;7~8;7~9;84~100;4~7;2~3;0~1;Placed
18~21;Female;B.Tech~B.Sc~BCA;ECE~ME~Civil;7~9;2~3;5;7~8;7~9;84~100;4~7;2~3;0~1;Placed
18~21;Female;B.Tech~B.Sc~BCA;ECE~ME~Civil;7~9;2~3;5;7~8;7~9;84~100;4~7;2~3;0~1;Placed
18~21;Female;B.Tech~B.Sc~BCA;ECE~ME~Civil;7~9;2~3;5;7~8;7~9;84~100;4~7;2~3;0~1;Placed
18~21;Female;B.Tech~B.Sc~BCA;ECE~ME~Civil;7~9;2~3;5;7~8;7~9;84~100;4~7;2~3;0~1;Placed
18~21;Female;B.Tech~B.Sc~BCA;ECE~ME~Civil;7~9;2~3;5;7~8;7~9;84~100;4~7;2~3;0~1;Placed
18~20;Female;B.Tech~B.Sc~BCA;ECE~ME~Civil;7~9;2;5~6;9;4~5;79~94;4~7;3;0~2;Placed
18~20;Female;B.Tech~B.Sc~BCA;ECE~ME~Civil;7~9;2;5~6;9;4~5;79~94;4~7;3;0~2;Placed
18~20;Female;B.Tech~B.Sc~BCA;ECE~ME~Civil;7~9;2;5~6;9;4~5;79~94;4~7;3;0~2;Not Placed
18~20;Female;B.Tech~B.Sc~BCA;ECE~ME~Civil;7~9;2;5~6;9;4~5;79~94;4~7;3;0~2;Not Placed
18~20;Female;B.Tech~B.Sc~BCA;ECE~ME~Civil;7~9;2;5~6;9;4~5;79~94;4~7;3;0~2;Placed
18~20;Female;B.Tech~B.Sc~BCA;ECE~ME~Civil;7~9;2;5~6;9;4~5;79~94;4~7;3;0~2;Not Placed
18~21;Female;B.Tech~B.Sc~BCA;ECE~ME~Civil;7~9;2;5~6;9~10;6~7;75~100;4~7;3;0~1;Placed
18~21;Female;B.Tech~B.Sc~BCA;ECE~ME~Civil;7~9;2;5~6;9~10;6~7;75~100;4~7;3;0~1;Placed
18~21;Female;B.Tech~B.Sc~BCA;ECE~ME~Civil;7~9;2;5~6;9~10;6~7;75~100;4~7;3;0~1;Placed
18~21;Female;B.Tech~B.Sc~BCA;ECE~ME~Civil;7~9;2;5~6;9~10;6~7;75~100;4~7;3;0~1;Placed
18~21;Female;B.Tech~B.Sc~BCA;ECE~ME~Civil;7~9;2;5~6;9~10;6~7;75~100;4~7;3;0~1;Placed
18~19;Female;B.Tech~B.Sc;CSE~IT;4~6;0;2~3;3~5;3~5;38~56;3~5;1;0~2;Not Placed
18~19;Female;B.Tech~B.Sc;CSE~IT;4~6;0;2~3;3~5;3~5;38~56;3~5;1;0~2;Not Placed
18~19;Female;B.Tech~B.Sc;CSE~IT;4~6;0;2~3;3~5;3~5;38~56;3~5;1;0~2;Not Placed
18~19;Female;B.Tech~B.Sc;CSE~IT;4~6;0;2~3;3~5;3~5;38~56;3~5;1;0~2;Not Placed
18~19;Female;B.Tech~B.Sc;CSE~IT;4~6;0;2~3;3~5;3~5;38~56;3~5;1;0~2;Not Placed
20~21;Female;B.Tech~B.Sc;CSE~IT;5~6;0;3;4~5;2~5;54~59;6;1;0~2;Not Placed
20~21;Female;B.Tech~B.Sc;CSE~IT;5~6;0;3;4~5;2~5;54~59;6;1;0~2;Not Placed
20~21;Female;B.Tech~B.Sc;CSE~IT;5~6;0;3;4~5;2~5;54~59;6;1;0~2;Not Placed
20~21;Female;B.Tech~B.Sc;CSE~IT;5~6;0;3;4~5;2~5;54~59;6;1;0~2;Placed
20~21;Female;B.Tech~B.Sc;CSE~IT;5~6;0;3;4~5;2~5;54~59;6;1;0~2;Not Placed
18~21;Female;BCA;CSE~IT;4~5;0;2~3;2~5;4~5;37~57;3~6;1;1~2;Not Placed
18~21;Female;BCA;CSE~IT;4~5;0;2~3;2~5;4~5;37~57;3~6;1;1~2;Not Placed
18~21;Female;BCA;CSE~IT;4~5;0;2~3;2~5;4~5;37~57;3~6;1;1~2;Not Placed
18~21;Female;BCA;CSE~IT;4~5;0;2~3;2~5;4~5;37~57;3~6;1;1~2;Not Placed
18~21;Female;BCA;CSE~IT;4~5;0;2~3;2~5;4~5;37~57;3~6;1;1~2;Not Placed
18~21;Female;BCA;CSE~IT;4~5;0;2~3;2~5;4~5;37~57;3~6;1;1~2;Not Placed
18~21;Female;BCA;CSE~IT;4~5;0;2~3;2~5;4~5;37~57;3~6;1;1~2;Not Placed
18~21;Female;B.Tech~B.Sc~BCA;CSE~IT;4~6;0;1~3;1~5;2~5;40~57;5~6;0~1;3;Not Placed
18~21;Female;B.Tech~B.Sc~BCA;CSE~IT;4~6;0;1~3;1~5;2~5;40~57;5~6;0~1;3;Not Placed
18~21;Female;B.Tech~B.Sc~BCA;CSE~IT;4~6;0;1~3;1~5;2~5;40~57;5~6;0~1;3;Not Placed
18~21;Female;B.Tech~B.Sc~BCA;CSE~IT;4~6;0;1~3;1~5;2~5;40~57;5~6;0~1;3;Not Placed
18~21;Female;B.Tech~B.Sc~BCA;CSE~IT;4~6;0;1~3;1~5;2~5;40~57;5~6;0~1;3;Not Placed
18~21;Female;B.Tech~B.Sc~BCA;CSE~IT;4~6;0;1~3;1~5;2~5;40~57;5~6;0~1;3;Not Placed
18~21;Female;B.Tech~B.Sc~BCA;CSE~IT;4~6;0;1~3;1~5;2~5;40~57;5~6;0~1;3;Not Placed
18~21;Female;B.Tech~B.Sc~BCA;CSE~IT;4~6;0;1~3;1~5;2~5;40~57;5~6;0~1;3;Not Placed
18~21;Female;B.Tech~B.Sc~BCA;CSE~IT;4~6;0;1~3;1~5;2~5;40~57;5~6;0~1;3;Not Placed
18~20;Female;B.Tech~B.Sc~BCA;CSE~IT;5~6;0;3~4;6;4~5;43~59;4~6;2;0~3;Not Placed
18~20;Female;B.Tech~B.Sc~BCA;CSE~IT;5~6;0;3~4;6;4~5;43~59;4~6;2;0~3;Not Placed
18~20;Female;B.Tech~B.Sc~BCA;CSE~IT;5~6;0;3~4;6;4~5;43~59;4~6;2;0~3;Not Placed
18~20;Female;B.Tech~B.Sc~BCA;CSE~IT;5~6;0;3~4;6;4~5;43~59;4~6;2;0~3;Not Placed
18~20;Female;B.Tech~B.Sc~BCA;CSE~IT;5~6;0;3~4;6;4~5;43~59;4~6;2;0~3;Not Placed
18~20;Female;B.Tech~B.Sc~BCA;CSE~IT;5~6;0;3~4;6;4~5;43~59;4~6;2;0~3;Not Placed
18~20;Female;B.Tech~B.Sc~BCA;CSE~IT;5~6;0;3~4;6;4~5;43~59;4~6;2;0~3;Not Placed
18~20;Female;B.Tech~B.Sc~BCA;CSE~IT;4~6;0;2~4;3~6;3~5;43~58;7;1~2;1~3;Not Placed
18~20;Female;B.Tech~B.Sc~BCA;CSE~IT;4~6;0;2~4;3~6;3~5;43~58;7;1~2;1~3;Not Placed
18~20;Female;B.Tech~B.Sc~BCA;CSE~IT;4~6;0;2~4;3~6;3~5;43~58;7;1~2;1~3;Not Placed
18~20;Female;B.Tech~B.Sc~BCA;CSE~IT;4~6;0;2~4;3~6;3~5;43~58;7;1~2;1~3;Not Placed
18~20;Female;B.Tech~B.Sc~BCA;CSE~IT;4~6;0;2~4;3~6;3~5;43~58;7;1~2;1~3;Not Placed
18~20;Female;B.Sc~BCA;CSE~IT;6~6;0;3;4~5;4~5;63~90;5;1~2;0~1;Not Placed
18~20;Female;B.Sc~BCA;CSE~IT;6~6;0;3;4~5;4~5;63~90;5;1~2;0~1;Not Placed
18~20;Female;B.Sc~BCA;CSE~IT;6~6;0;3;4~5;4~5;63~90;5;1~2;0~1;Not Placed
18~20;Female;B.Sc~BCA;CSE~IT;6~6;0;3;4~5;4~5;63~90;5;1~2;0~1;Not Placed
18~20;Female;B.Sc~BCA;CSE~IT;6~6;0;3;4~5;4~5;63~90;5;1~2;0~1;Placed
18~21;Female;B.Sc~BCA;CSE~IT;5~6;0;3~4;6;3~5;63~76;4~5;2;0~1;Placed
18~21;Female;B.Sc~BCA;CSE~IT;5~6;0;3~4;6;3~5;63~76;4~5;2;0~1;Placed
18~21;Female;B.Sc~BCA;CSE~IT;5~6;0;3~4;6;3~5;63~76;4~5;2;0~1;Not Placed
18~21;Female;B.Sc~BCA;CSE~IT;5~6;0;3~4;6;3~5;63~76;4~5;2;0~1;Not Placed
18~21;Female;B.Sc~BCA;CSE~IT;5~6;0;3~4;6;3~5;63~76;4~5;2;0~1;Not Placed
18~21;Female;B.Sc~BCA;CSE~IT;5~6;0;2~3;2~5;3~5;61~70;4~5;1~2;2~3;Not Placed
18~21;Female;B.Sc~BCA;CSE~IT;5~6;0;2~3;2~5;3~5;61~70;4~5;1~2;2~3;Not Placed
18~21;Female;B.Sc~BCA;CSE~IT;5~6;0;2~3;2~5;3~5;61~70;4~5;1~2;2~3;Not Placed
18~21;Female;B.Sc~BCA;CSE~IT;5~6;0;2~3;2~5;3~5;61~70;4~5;1~2;2~3;Not Placed
18~21;Female;B.Sc~BCA;CSE~IT;5~6;0;2~3;2~5;3~5;61~70;4~5;1~2;2~3;Not Placed
18~21;Female;B.Sc~BCA;CSE~IT;5~6;0;2~3;2~5;3~5;61~70;4~5;1~2;2~3;Not Placed
18~21;Female;B.Tech~B.Sc~BCA;CSE~IT;5~6;0;3~4;3~6;4~5;62~81;6~7;1~2;0~1;Not Placed
18~21;Female;B.Tech~B.Sc~BCA;CSE~IT;5~6;0;3~4;3~6;4~5;62~81;6~7;1~2;0~1;Not Placed
18~21;Female;B.Tech~B.Sc~BCA;CSE~IT;5~6;0;3~4;3~6;4~5;62~81;6~7;1~2;0~1;Not Placed
18~21;Female;B.Tech~B.Sc~BCA;CSE~IT;5~6;0;3~4;3~6;4~5;62~81;6~7;1~2;0~1;Not Placed
18~21;Female;B.Tech~B.Sc~BCA;CSE~IT;5~6;0;3~4;3~6;4~5;62~81;6~7;1~2;0~1;Not Placed
18~21;Female;B.Tech~B.Sc~BCA;CSE~IT;5~6;0;3~4;3~6;4~5;62~81;6~7;1~2;0~1;Not Placed
18~21;Female;B.Tech~B.Sc~BCA;CSE~IT;5~6;0;3~4;3~6;4~5;62~81;6~7;1~2;0~1;Not Placed
18~21;Female;B.Tech~B.Sc~BCA;CSE~IT;5~6;0;3~4;3~6;4~5;62~81;6~7;1~2;0~1;Placed
18~21;Female;B.Tech~B.Sc~BCA;CSE~IT;5~6;0;2~4;3~6;2~5;61~79;6~8;1~2;2~3;Not Placed
18~21;Female;B.Tech~B.Sc~BCA;CSE~IT;5~6;0;2~4;3~6;2~5;61~79;6~8;1~2;2~3;Not Placed
18~21;Female;B.Tech~B.Sc~BCA;CSE~IT;5~6;0;2~4;3~6;2~5;61~79;6~8;1~2;2~3;Not Placed
18~21;Female;B.Tech~B.Sc~BCA;CSE~IT;5~6;0;2~4;3~6;2~5;61~79;6~8;1~2;2~3;Not Placed
18~21;Female;B.Tech~B.Sc~BCA;CSE~IT;5~6;0;2~4;3~6;2~5;61~79;6~8;1~2;2~3;Not Placed
18~21;Female;B.Tech~B.Sc~BCA;CSE~IT;5~6;0;2~4;3~6;2~5;61~79;6~8;1~2;2~3;Not Placed
18~21;Female;B.Tech~B.Sc~BCA;CSE~IT;5~6;0;2~4;3~6;2~5;61~79;6~8;1~2;2~3;Not Placed
18~21;Female;B.Tech~B.Sc~BCA;CSE~IT;5~6;0;2~4;3~6;2~5;61~79;6~8;1~2;2~3;Not Placed
18~21;Female;B.Tech~B.Sc~BCA;CSE~IT;4~6;0;2~3;2~5;6~8;41~61;2~5;1;0~1;Not Placed
18~21;Female;B.Tech~B.Sc~BCA;CSE~IT;4~6;0;2~3;2~5;6~8;41~61;2~5;1;0~1;Not Placed
18~21;Female;B.Tech~B.Sc~BCA;CSE~IT;4~6;0;2~3;2~5;6~8;41~61;2~5;1;0~1;Not Placed
18~21;Female;B.Tech~B.Sc~BCA;CSE~IT;4~6;0;2~3;2~5;6~8;41~61;2~5;1;0~1;Not Placed
18~21;Female;B.Tech~B.Sc~BCA;CSE~IT;4~6;0;2~3;2~5;6~8;41~61;2~5;1;0~1;Not Placed
18~21;Female;B.Tech~B.Sc~BCA;CSE~IT;4~6;0;2~3;2~5;6~8;41~61;2~5;1;0~1;Not Placed
18~21;Female;B.Tech~B.Sc~BCA;CSE~IT;4~6;0;2~3;2~5;6~8;41~61;2~5;1;0~1;Not Placed
18~21;Female;B.Tech~B.Sc~BCA;CSE~IT;4~6;0;2~3;2~5;6~8;41~61;2~5;1;0~1;Placed
19~21;Female;B.Tech~B.Sc~BCA;CSE~IT;4~6;0;2~3;3~5;6~8;49~60;4~5;1;2~3;Not Placed
19~21;Female;B.Tech~B.Sc~BCA;CSE~IT;4~6;0;2~3;3~5;6~8;49~60;4~5;1;2~3;Not Placed
19~21;Female;B.Tech~B.Sc~BCA;CSE~IT;4~6;0;2~3;3~5;6~8;49~60;4~5;1;2~3;Not Placed
19~21;Female;B.Tech~B.Sc~BCA;CSE~IT;4~6;0;2~3;3~5;6~8;49~60;4~5;1;2~3;Not Placed
19~21;Female;B.Tech~B.Sc~BCA;CSE~IT;4~6;0;2~3;3~5;6~8;49~60;4~5;1;2~3;Not Placed
19~21;Female;B.Tech~B.Sc~BCA;CSE~IT;4~6;0;2~3;3~5;6~8;49~60;4~5;1;2~3;Not Placed
19~21;Female;B.Tech~B.Sc~BCA;CSE~IT;4~6;0;2~3;3~5;6~8;49~60;4~5;1;2~3;Not Placed
19~21;Female;B.Tech~B.Sc~BCA;CSE~IT;4~6;0;2~3;3~5;6~8;49~60;4~5;1;2~3;Not Placed
19~21;Female;B.Tech~B.Sc~BCA;CSE~IT;4~6;0;2~3;3~5;6~8;49~60;4~5;1;2~3;Not Placed
18~21;Female;B.Tech~B.Sc~BCA;CSE~IT;5~6;0;3~4;5~6;6~8;53~61;4~5;2;0~3;Not Placed
18~21;Female;B.Tech~B.Sc~BCA;CSE~IT;5~6;0;3~4;5~6;6~8;53~61;4~5;2;0~3;Not Placed
18~21;Female;B.Tech~B.Sc~BCA;CSE~IT;5~6;0;3~4;5~6;6~8;53~61;4~5;2;0~3;Not Placed
18~21;Female;B.Tech~B.Sc~BCA;CSE~IT;5~6;0;3~4;5~6;6~8;53~61;4~5;2;0~3;Placed
18~21;Female;B.Tech~B.Sc~BCA;CSE~IT;5~6;0;3~4;5~6;6~8;53~61;4~5;2;0~3;Not Placed
18~21;Female;B.Tech~B.Sc;CSE~IT;4~5;0;2;3~4;6~8;35~58;6~8;1;1~3;Not Placed
18~21;Female;B.Tech~B.Sc;CSE~IT;4~5;0;2;3~4;6~8;35~58;6~8;1;1~3;Not Placed
18~21;Female;B.Tech~B.Sc;CSE~IT;4~5;0;2;3~4;6~8;35~58;6~8;1;1~3;Not Placed
18~21;Female;B.Tech~B.Sc;CSE~IT;4~5;0;2;3~4;6~8;35~58;6~8;1;1~3;Not Placed
18~21;Female;B.Tech~B.Sc;CSE~IT;4~5;0;2;3~4;6~8;35~58;6~8;1;1~3;Not Placed
18~19;Female;B.Tech~B.Sc~BCA;CSE~IT;6~6;0;3~4;3~6;6~7;37~61;6~8;1;0~2;Not Placed
18~19;Female;B.Tech~B.Sc~BCA;CSE~IT;6~6;0;3~4;3~6;6~7;37~61;6~8;1;0~2;Not Placed
18~19;Female;B.Tech~B.Sc~BCA;CSE~IT;6~6;0;3~4;3~6;6~7;37~61;6~8;1;0~2;Not Placed
18~19;Female;B.Tech~B.Sc~BCA;CSE~IT;6~6;0;3~4;3~6;6~7;37~61;6~8;1;0~2;Not Placed
18~19;Female;B.Tech~B.Sc~BCA;CSE~IT;6~6;0;3~4;3~6;6~7;37~61;6~8;1;0~2;Not Placed
18~20;Female;B.Tech~B.Sc~BCA;CSE~IT;5~6;0;3~4;5~6;6~9;41~61;6~7;2;1~3;Placed
18~20;Female;B.Tech~B.Sc~BCA;CSE~IT;5~6;0;3~4;5~6;6~9;41~61;6~7;2;1~3;Not Placed
18~20;Female;B.Tech~B.Sc~BCA;CSE~IT;5~6;0;3~4;5~6;6~9;41~61;6~7;2;1~3;Not Placed
18~20;Female;B.Tech~B.Sc~BCA;CSE~IT;5~6;0;3~4;5~6;6~9;41~61;6~7;2;1~3;Not Placed
18~20;Female;B.Tech~B.Sc~BCA;CSE~IT;5~6;0;3~4;5~6;6~9;41~61;6~7;2;1~3;Not Placed
18~20;Female;B.Tech~B.Sc~BCA;CSE~IT;5~6;0;3~4;5~6;6~9;41~61;6~7;2;1~3;Not Placed
19~21;Female;B.Tech~B.Sc~BCA;CSE~IT;4~6;0;2~3;1~4;6~8;62~77;5;1;0~3;Not Placed
19~21;Female;B.Tech~B.Sc~BCA;CSE~IT;4~6;0;2~3;1~4;6~8;62~77;5;1;0~3;Not Placed
19~21;Female;B.Tech~B.Sc~BCA;CSE~IT;4~6;0;2~3;1~4;6~8;62~77;5;1;0~3;Not Placed
19~21;Female;B.Tech~B.Sc~BCA;CSE~IT;4~6;0;2~3;1~4;6~8;62~77;5;1;0~3;Not Placed
19~21;Female;B.Tech~B.Sc~BCA;CSE~IT;4~6;0;2~3;1~4;6~8;62~77;5;1;0~3;Not Placed
19~21;Female;B.Tech~B.Sc~BCA;CSE~IT;4~6;0;2~3;1~4;6~8;62~77;5;1;0~3;Not Placed
19~21;Female;B.Tech~B.Sc~BCA;CSE~IT;4~6;0;2~3;1~4;6~8;62~77;5;1;0~3;Not Placed
19~21;Female;B.Tech~B.Sc~BCA;CSE~IT;4~6;0;2~3;1~4;6~8;62~77;5;1;0~3;Not Placed
19~21;Female;B.Tech~B.Sc~BCA;CSE~IT;4~6;0;2~3;1~4;6~8;62~77;5;1;0~3;Not Placed
18~21;Female;B.Tech~B.Sc~BCA;CSE~IT;5~6;0;3~4;5~6;6~9;63~76;4~5;2;0~3;Not Placed
18~21;Female;B.Tech~B.Sc~BCA;CSE~IT;5~6;0;3~4;5~6;6~9;63~76;4~5;2;0~3;Not Placed
18~21;Female;B.Tech~B.Sc~BCA;CSE~IT;5~6;0;3~4;5~6;6~9;63~76;4~5;2;0~3;Placed
18~21;Female;B.Tech~B.Sc~BCA;CSE~IT;5~6;0;3~4;5~6;6~9;63~76;4~5;2;0~3;Not Placed
18~21;Female;B.Tech~B.Sc~BCA;CSE~IT;5~6;0;3~4;5~6;6~9;63~76;4~5;2;0~3;Not Placed
18~21;Female;B.Tech~B.Sc~BCA;CSE~IT;5~6;0;3~4;5~6;6~9;63~76;4~5;2;0~3;Placed
18~21;Female;B.Tech~B.Sc~BCA;CSE~IT;5~6;0;3~4;5~6;6~9;63~76;4~5;2;0~3;Placed
18~21;Female;B.Tech~B.Sc~BCA;CSE~IT;5~6;0;3~4;5~6;6~9;63~76;4~5;2;0~3;Placed
18~21;Female;B.Tech~B.Sc~BCA;CSE~IT;5~6;0;3~4;5~6;6~9;63~76;4~5;2;0~3;Placed
18~21;Female;B.Tech~B.Sc~BCA;CSE~IT;5~6;0;3~4;4~6;6~8;62~78;6~7;1~2;1~3;Not Placed
18~21;Female;B.Tech~B.Sc~BCA;CSE~IT;5~6;0;3~4;4~6;6~8;62~78;6~7;1~2;1~3;Not Placed
18~21;Female;B.Tech~B.Sc~BCA;CSE~IT;5~6;0;3~4;4~6;6~8;62~78;6~7;1~2;1~3;Not Placed
18~21;Female;B.Tech~B.Sc~BCA;CSE~IT;5~6;0;3~4;4~6;6~8;62~78;6~7;1~2;1~3;Not Placed
18~21;Female;B.Tech~B.Sc~BCA;CSE~IT;5~6;0;3~4;4~6;6~8;62~78;6~7;1~2;1~3;Not Placed
18~21;Female;B.Tech~B.Sc~BCA;CSE~IT;6~6;0;3~4;5~6;6~8;64~78;6~8;2;0~1;Placed
18~21;Female;B.Tech~B.Sc~BCA;CSE~IT;6~6;0;3~4;5~6;6~8;64~78;6~8;2;0~1;Placed
18~21;Female;B.Tech~B.Sc~BCA;CSE~IT;6~6;0;3~4;5~6;6~8;64~78;6~8;2;0~1;Placed
18~21;Female;B.Tech~B.Sc~BCA;CSE~IT;6~6;0;3~4;5~6;6~8;64~78;6~8;2;0~1;Placed
18~21;Female;B.Tech~B.Sc~BCA;CSE~IT;6~6;0;3~4;5~6;6~8;64~78;6~8;2;0~1;Placed
18~21;Female;B.Tech~B.Sc;CSE~IT;5~6;0;4;7~8;4~6;35~66;4~5;2;1~3;Not Placed
18~21;Female;B.Tech~B.Sc;CSE~IT;5~6;0;4;7~8;4~6;35~66;4~5;2;1~3;Not Placed
18~21;Female;B.Tech~B.Sc;CSE~IT;5~6;0;4;7~8;4~6;35~66;4~5;2;1~3;Not Placed
18~21;Female;B.Tech~B.Sc;CSE~IT;5~6;0;4;7~8;4~6;35~66;4~5;2;1~3;Not Placed
18~21;Female;B.Tech~B.Sc;CSE~IT;5~6;0;4;7~8;4~6;35~66;4~5;2;1~3;Not Placed
18~21;Female;B.Tech~B.Sc;CSE~IT;5~6;0;4;7~8;4~6;35~66;4~5;2;1~3;Not Placed
18~21;Female;B.Tech~B.Sc;CSE~IT;5~6;0;4;7~8;4~6;35~66;4~5;2;1~3;Not Placed
18~21;Female;B.Tech~B.Sc;CSE~IT;5~6;0;4;7~8;4~6;35~66;4~5;2;1~3;Not Placed
18~21;Female;B.Tech~B.Sc;CSE~IT;5~6;0;4;7~8;4~6;35~66;4~5;2;1~3;Not Placed
18~21;Female;BCA;CSE~IT;4~6;0;4;7~8;4~6;41~66;3~5;2;0~3;Placed
18~21;Female;BCA;CSE~IT;4~6;0;4;7~8;4~6;41~66;3~5;2;0~3;Not Placed
18~21;Female;BCA;CSE~IT;4~6;0;4;7~8;4~6;41~66;3~5;2;0~3;Not Placed
18~21;Female;BCA;CSE~IT;4~6;0;4;7~8;4~6;41~66;3~5;2;0~3;Not Placed
18~21;Female;BCA;CSE~IT;4~6;0;4;7~8;4~6;41~66;3~5;2;0~3;Placed
18~21;Female;BCA;CSE~IT;4~6;0;4;7~8;4~6;41~66;3~5;2;0~3;Not Placed
18~21;Female;BCA;CSE~IT;4~6;0;4;7~8;4~6;41~66;3~5;2;0~3;Not Placed
18~21;Female;BCA;CSE~IT;4~6;0;4;7~8;4~6;41~66;3~5;2;0~3;Not Placed
18~21;Female;BCA;CSE~IT;4~6;0;4;7~8;4~6;41~66;3~5;2;0~3;Not Placed
18~19;Female;B.Tech~B.Sc~BCA;CSE~IT;5~6;0;4;7~8;3~5;44~66;6~8;2;0~3;Not Placed
18~19;Female;B.Tech~B.Sc~BCA;CSE~IT;5~6;0;4;7~8;3~5;44~66;6~8;2;0~3;Not Placed
18~19;Female;B.Tech~B.Sc~BCA;CSE~IT;5~6;0;4;7~8;3~5;44~66;6~8;2;0~3;Not Placed
18~19;Female;B.Tech~B.Sc~BCA;CSE~IT;5~6;0;4;7~8;3~5;44~66;6~8;2;0~3;Not Placed
18~19;Female;B.Tech~B.Sc~BCA;CSE~IT;5~6;0;4;7~8;3~5;44~66;6~8;2;0~3;Placed
18~19;Female;B.Tech~B.Sc~BCA;CSE~IT;5~6;0;4;7~8;3~5;44~66;6~8;2;0~3;Not Placed
18~19;Female;B.Tech~B.Sc~BCA;CSE~IT;5~6;0;4;7~8;3~5;44~66;6~8;2;0~3;Placed
20~21;Female;B.Tech~B.Sc~BCA;CSE~IT;5~6;0;4;7~8;3~6;40~62;6;2;0~2;Not Placed
20~21;Female;B.Tech~B.Sc~BCA;CSE~IT;5~6;0;4;7~8;3~6;40~62;6;2;0~2;Not Placed
20~21;Female;B.Tech~B.Sc~BCA;CSE~IT;5~6;0;4;7~8;3~6;40~62;6;2;0~2;Not Placed
20~21;Female;B.Tech~B.Sc~BCA;CSE~IT;5~6;0;4;7~8;3~6;40~62;6;2;0~2;Not Placed
20~21;Female;B.Tech~B.Sc~BCA;CSE~IT;5~6;0;4;7~8;3~6;40~62;6;2;0~2;Not Placed
18~21;Female;B.Tech~B.Sc;CSE~IT;6~6;0;4;7;4~6;68~82;5;2;0~1;Not Placed
18~21;Female;B.Tech~B.Sc;CSE~IT;6~6;0;4;7;4~6;68~82;5;2;0~1;Placed
18~21;Female;B.Tech~B.Sc;CSE~IT;6~6;0;4;7;4~6;68~82;5;2;0~1;Not Placed
18~21;Female;B.Tech~B.Sc;CSE~IT;6~6;0;4;7;4~6;68~82;5;2;0~1;Not Placed
18~21;Female;B.Tech~B.Sc;CSE~IT;6~6;0;4;7;4~6;68~82;5;2;0~1;Not Placed
19~21;Female;B.Tech~B.Sc~BCA;CSE;6~6;0;4~5;7~9;2~6;70~82;2~5;2~3;0~1;Placed
19~21;Female;B.Tech~B.Sc~BCA;CSE;6~6;0;4~5;7~9;2~6;70~82;2~5;2~3;0~1;Placed
19~21;Female;B.Tech~B.Sc~BCA;CSE;6~6;0;4~5;7~9;2~6;70~82;2~5;2~3;0~1;Placed
19~21;Female;B.Tech~B.Sc~BCA;CSE;6~6;0;4~5;7~9;2~6;70~82;2~5;2~3;0~1;Placed
19~21;Female;B.Tech~B.Sc~BCA;CSE;6~6;0;4~5;7~9;2~6;70~82;2~5;2~3;0~1;Not Placed
18~21;Female;B.Tech~B.Sc~BCA;CSE~IT;5~6;0;4~5;7~10;4~6;69~78;4~5;2~3;2;Not Placed
18~21;Female;B.Tech~B.Sc~BCA;CSE~IT;5~6;0;4~5;7~10;4~6;69~78;4~5;2~3;2;Not Placed
18~21;Female;B.Tech~B.Sc~BCA;CSE~IT;5~6;0;4~5;7~10;4~6;69~78;4~5;2~3;2;Not Placed
18~21;Female;B.Tech~B.Sc~BCA;CSE~IT;5~6;0;4~5;7~10;4~6;69~78;4~5;2~3;2;Not Placed
18~21;Female;B.Tech~B.Sc~BCA;CSE~IT;5~6;0;4~5;7~10;4~6;69~78;4~5;2~3;2;Not Placed
18~21;Female;B.Tech~B.Sc~BCA;CSE~IT;5~6;0;4~5;7~10;4~6;69~78;4~5;2~3;2;Not Placed
18~21;Female;B.Tech~B.Sc~BCA;CSE~IT;5~6;0;4~5;7~10;4~6;69~78;4~5;2~3;2;Not Placed
18~20;Female;B.Tech~B.Sc;CSE~IT;6~6;0;4;7~8;3~6;67~83;6~8;2~3;0~1;Not Placed
18~20;Female;B.Tech~B.Sc;CSE~IT;6~6;0;4;7~8;3~6;67~83;6~8;2~3;0~1;Placed
18~20;Female;B.Tech~B.Sc;CSE~IT;6~6;0;4;7~8;3~6;67~83;6~8;2~3;0~1;Not Placed
18~20;Female;B.Tech~B.Sc;CSE~IT;6~6;0;4;7~8;3~6;67~83;6~8;2~3;0~1;Not Placed
18~20;Female;B.Tech~B.Sc;CSE~IT;6~6;0;4;7~8;3~6;67~83;6~8;2~3;0~1;Not Placed
18~20;Female;B.Tech~B.Sc;CSE~IT;6~6;0;4;7~8;3~6;67~83;6~8;2~3;0~1;Not Placed
18~21;Female;B.Tech~B.Sc~BCA;CSE~IT;6~6;0;4~5;7~10;4~6;67~88;6~7;2~3;2~3;Not Placed
18~21;Female;B.Tech~B.Sc~BCA;CSE~IT;6~6;0;4~5;7~10;4~6;67~88;6~7;2~3;2~3;Not Placed
18~21;Female;B.Tech~B.Sc~BCA;CSE~IT;6~6;0;4~5;7~10;4~6;67~88;6~7;2~3;2~3;Not Placed
18~21;Female;B.Tech~B.Sc~BCA;CSE~IT;6~6;0;4~5;7~10;4~6;67~88;6~7;2~3;2~3;Not Placed
18~21;Female;B.Tech~B.Sc~BCA;CSE~IT;6~6;0;4~5;7~10;4~6;67~88;6~7;2~3;2~3;Not Placed
18~20;Female;B.Tech~B.Sc~BCA;CSE~IT;5~6;0;4~5;7~9;7~10;53~63;3~5;2~3;0~1;Not Placed
18~20;Female;B.Tech~B.Sc~BCA;CSE~IT;5~6;0;4~5;7~9;7~10;53~63;3~5;2~3;0~1;Placed
18~20;Female;B.Tech~B.Sc~BCA;CSE~IT;5~6;0;4~5;7~9;7~10;53~63;3~5;2~3;0~1;Not Placed
18~20;Female;B.Tech~B.Sc~BCA;CSE~IT;5~6;0;4~5;7~9;7~10;53~63;3~5;2~3;0~1;Placed
18~20;Female;B.Tech~B.Sc~BCA;CSE~IT;5~6;0;4~5;7~9;7~10;53~63;3~5;2~3;0~1;Placed
18~20;Female;B.Tech~B.Sc~BCA;CSE~IT;5~6;0;4~5;7~9;7~10;53~63;3~5;2~3;0~1;Placed
18~20;Female;B.Tech~B.Sc~BCA;CSE~IT;5~6;0;4~5;7~9;7~10;53~63;3~5;2~3;0~1;Not Placed
18~21;Female;B.Tech~B.Sc~BCA;CSE~IT;5~6;0;4;7;7~8;35~63;6~7;2;0~3;Placed
18~21;Female;B.Tech~B.Sc~BCA;CSE~IT;5~6;0;4;7;7~8;35~63;6~7;2;0~3;Placed
18~21;Female;B.Tech~B.Sc~BCA;CSE~IT;5~6;0;4;7;7~8;35~63;6~7;2;0~3;Not Placed
18~21;Female;B.Tech~B.Sc~BCA;CSE~IT;5~6;0;4;7;7~8;35~63;6~7;2;0~3;Placed
18~21;Female;B.Tech~B.Sc~BCA;CSE~IT;5~6;0;4;7;7~8;35~63;6~7;2;0~3;Not Placed
19~21;Female;B.Tech~B.Sc~BCA;CSE~IT;5~6;0;4;7;7~8;68~80;4~5;2;1~2;Not Placed
19~21;Female;B.Tech~B.Sc~BCA;CSE~IT;5~6;0;4;7;7~8;68~80;4~5;2;1~2;Not Placed
19~21;Female;B.Tech~B.Sc~BCA;CSE~IT;5~6;0;4;7;7~8;68~80;4~5;2;1~2;Placed
19~21;Female;B.Tech~B.Sc~BCA;CSE~IT;5~6;0;4;7;7~8;68~80;4~5;2;1~2;Not Placed
19~21;Female;B.Tech~B.Sc~BCA;CSE~IT;5~6;0;4;7;7~8;68~80;4~5;2;1~2;Not Placed
19~21;Female;B.Tech~B.Sc~BCA;CSE;5~6;0;4;7~8;7~8;65~72;6~8;2;0~2;Placed
19~21;Female;B.Tech~B.Sc~BCA;CSE;5~6;0;4;7~8;7~8;65~72;6~8;2;0~2;Placed
19~21;Female;B.Tech~B.Sc~BCA;CSE;5~6;0;4;7~8;7~8;65~72;6~8;2;0~2;Placed
19~21;Female;B.Tech~B.Sc~BCA;CSE;5~6;0;4;7~8;7~8;65~72;6~8;2;0~2;Not Placed
19~21;Female;B.Tech~B.Sc~BCA;CSE;5~6;0;4;7~8;7~8;65~72;6~8;2;0~2;Placed
19~21;Female;B.Tech~B.Sc~BCA;CSE;5~6;0;4;7~8;7~8;65~72;6~8;2;0~2;Not Placed
18~21;Female;B.Tech;CSE~IT;4~6;1~2;2~4;3~6;4~5;37~55;4~6;1~2;0~3;Not Placed
18~21;Female;B.Tech;CSE~IT;4~6;1~2;2~4;3~6;4~5;37~55;4~6;1~2;0~3;Not Placed
18~21;Female;B.Tech;CSE~IT;4~6;1~2;2~4;3~6;4~5;37~55;4~6;1~2;0~3;Not Placed
18~21;Female;B.Tech;CSE~IT;4~6;1~2;2~4;3~6;4~5;37~55;4~6;1~2;0~3;Not Placed
18~21;Female;B.Tech;CSE~IT;4~6;1~2;2~4;3~6;4~5;37~55;4~6;1~2;0~3;Not Placed
18~21;Female;B.Tech;CSE~IT;4~6;1~2;2~4;3~6;4~5;37~55;4~6;1~2;0~3;Not Placed
18~21;Female;B.Tech;CSE~IT;4~6;1~2;2~4;3~6;4~5;37~55;4~6;1~2;0~3;Not Placed
18~21;Female;B.Tech;CSE~IT;4~6;1~2;2~4;3~6;4~5;37~55;4~6;1~2;0~3;Not Placed
18~21;Female;B.Tech;CSE~IT;4~6;1~2;2~4;3~6;4~5;37~55;4~6;1~2;0~3;Not Placed
19~20;Female;B.Sc~BCA;CSE~IT;5~6;1~2;3~4;5~6;4~5;40~55;2~6;1~2;0~3;Not Placed
19~20;Female;B.Sc~BCA;CSE~IT;5~6;1~2;3~4;5~6;4~5;40~55;2~6;1~2;0~3;Not Placed
19~20;Female;B.Sc~BCA;CSE~IT;5~6;1~2;3~4;5~6;4~5;40~55;2~6;1~2;0~3;Not Placed
19~20;Female;B.Sc~BCA;CSE~IT;5~6;1~2;3~4;5~6;4~5;40~55;2~6;1~2;0~3;Placed
19~20;Female;B.Sc~BCA;CSE~IT;5~6;1~2;3~4;5~6;4~5;40~55;2~6;1~2;0~3;Not Placed
19~20;Female;B.Sc~BCA;CSE~IT;5~6;1~2;3~4;5~6;4~5;40~55;2~6;1~2;0~3;Not Placed
19~20;Female;B.Sc~BCA;CSE~IT;5~6;1~2;3~4;5~6;4~5;40~55;2~6;1~2;0~3;Not Placed
18~21;Female;B.Tech~B.Sc~BCA;CSE~IT;4~6;1~2;2~3;3~6;4~5;35~55;7~10;1~2;0~3;Not Placed
18~21;Female;B.Tech~B.Sc~BCA;CSE~IT;4~6;1~2;2~3;3~6;4~5;35~55;7~10;1~2;0~3;Not Placed
18~21;Female;B.Tech~B.Sc~BCA;CSE~IT;4~6;1~2;2~3;3~6;4~5;35~55;7~10;1~2;0~3;Not Placed
18~21;Female;B.Tech~B.Sc~BCA;CSE~IT;4~6;1~2;2~3;3~6;4~5;35~55;7~10;1~2;0~3;Not Placed
18~21;Female;B.Tech~B.Sc~BCA;CSE~IT;4~6;1~2;2~3;3~6;4~5;35~55;7~10;1~2;0~3;Not Placed
18~21;Female;B.Tech~B.Sc~BCA;CSE~IT;4~6;1~2;2~3;3~6;4~5;35~55;7~10;1~2;0~3;Not Placed
18~21;Female;B.Tech~B.Sc~BCA;CSE~IT;4~6;1~2;2~3;3~6;4~5;35~55;7~10;1~2;0~3;Not Placed
18~21;Female;B.Tech~B.Sc~BCA;CSE~IT;4~6;1~2;2~3;3~6;4~5;35~55;7~10;1~2;0~3;Not Placed
18~21;Female;B.Tech~B.Sc~BCA;CSE~IT;4~6;1~2;2~3;3~6;4~5;35~55;7~10;1~2;0~3;Not Placed
19~20;Female;B.Tech~B.Sc;CSE~IT;5~6;1~2;3;4~6;3~5;61~67;4~5;1~2;1~3;Not Placed
19~20;Female;B.Tech~B.Sc;CSE~IT;5~6;1~2;3;4~6;3~5;61~67;4~5;1~2;1~3;Not Placed
19~20;Female;B.Tech~B.Sc;CSE~IT;5~6;1~2;3;4~6;3~5;61~67;4~5;1~2;1~3;Not Placed
19~20;Female;B.Tech~B.Sc;CSE~IT;5~6;1~2;3;4~6;3~5;61~67;4~5;1~2;1~3;Not Placed
19~20;Female;B.Tech~B.Sc;CSE~IT;5~6;1~2;3;4~6;3~5;61~67;4~5;1~2;1~3;Not Placed
19~20;Female;B.Tech~B.Sc;CSE~IT;5~6;1~2;3;4~6;3~5;61~67;4~5;1~2;1~3;Not Placed
18~19;Female;BCA;CSE~IT;5~6;1~2;3~4;4~6;4~5;56~79;3~5;1~2;0~2;Not Placed
18~19;Female;BCA;CSE~IT;5~6;1~2;3~4;4~6;4~5;56~79;3~5;1~2;0~2;Placed
18~19;Female;BCA;CSE~IT;5~6;1~2;3~4;4~6;4~5;56~79;3~5;1~2;0~2;Not Placed
18~19;Female;BCA;CSE~IT;5~6;1~2;3~4;4~6;4~5;56~79;3~5;1~2;0~2;Not Placed
18~19;Female;BCA;CSE~IT;5~6;1~2;3~4;4~6;4~5;56~79;3~5;1~2;0~2;Not Placed
18~19;Female;BCA;CSE~IT;5~6;1~2;3~4;4~6;4~5;56~79;3~5;1~2;0~2;Not Placed
18~19;Female;BCA;CSE~IT;5~6;1~2;3~4;4~6;4~5;56~79;3~5;1~2;0~2;Not Placed
18~21;Female;B.Tech~B.Sc~BCA;CSE~IT;5~6;1~2;3~4;5~6;3~5;58~69;6~8;1~2;0~1;Not Placed
18~21;Female;B.Tech~B.Sc~BCA;CSE~IT;5~6;1~2;3~4;5~6;3~5;58~69;6~8;1~2;0~1;Not Placed
18~21;Female;B.Tech~B.Sc~BCA;CSE~IT;5~6;1~2;3~4;5~6;3~5;58~69;6~8;1~2;0~1;Not Placed
18~21;Female;B.Tech~B.Sc~BCA;CSE~IT;5~6;1~2;3~4;5~6;3~5;58~69;6~8;1~2;0~1;Placed
18~21;Female;B.Tech~B.Sc~BCA;CSE~IT;5~6;1~2;3~4;5~6;3~5;58~69;6~8;1~2;0~1;Not Placed
18~21;Female;B.Tech~B.Sc~BCA;CSE~IT;5~6;1~2;3~4;5~6;3~5;58~69;6~8;1~2;0~1;Not Placed
19~21;Female;B.Tech~B.Sc;CSE~IT;5~6;1~2;3~4;4~6;4~5;56~66;6~8;1~2;2~3;Not Placed
19~21;Female;B.Tech~B.Sc;CSE~IT;5~6;1~2;3~4;4~6;4~5;56~66;6~8;1~2;2~3;Not Placed
19~21;Female;B.Tech~B.Sc;CSE~IT;5~6;1~2;3~4;4~6;4~5;56~66;6~8;1~2;2~3;Not Placed
19~21;Female;B.Tech~B.Sc;CSE~IT;5~6;1~2;3~4;4~6;4~5;56~66;6~8;1~2;2~3;Not Placed
19~21;Female;B.Tech~B.Sc;CSE~IT;5~6;1~2;3~4;4~6;4~5;56~66;6~8;1~2;2~3;Not Placed
19~21;Female;B.Tech~B.Sc;CSE~IT;5~6;1~2;3~4;4~6;4~5;56~66;6~8;1~2;2~3;Not Placed
19~21;Female;B.Tech~B.Sc~BCA;CSE~IT;5~5;1~2;2~3;3~5;6~7;39~60;4~5;1;1~3;Not Placed
19~21;Female;B.Tech~B.Sc~BCA;CSE~IT;5~5;1~2;2~3;3~5;6~7;39~60;4~5;1;1~3;Not Placed
19~21;Female;B.Tech~B.Sc~BCA;CSE~IT;5~5;1~2;2~3;3~5;6~7;39~60;4~5;1;1~3;Not Placed
19~21;Female;B.Tech~B.Sc~BCA;CSE~IT;5~5;1~2;2~3;3~5;6~7;39~60;4~5;1;1~3;Not Placed
19~21;Female;B.Tech~B.Sc~BCA;CSE~IT;5~5;1~2;2~3;3~5;6~7;39~60;4~5;1;1~3;Not Placed
19~21;Female;B.Tech~B.Sc~BCA;CSE~IT;5~5;1~2;2~3;3~5;6~7;39~60;4~5;1;1~3;Not Placed
19~21;Female;B.Tech~B.Sc~BCA;CSE~IT;5~6;1~2;3~4;5~6;6~10;47~60;3~5;2;1~3;Not Placed
19~21;Female;B.Tech~B.Sc~BCA;CSE~IT;5~6;1~2;3~4;5~6;6~10;47~60;3~5;2;1~3;Not Placed
19~21;Female;B.Tech~B.Sc~BCA;CSE~IT;5~6;1~2;3~4;5~6;6~10;47~60;3~5;2;1~3;Placed
19~21;Female;B.Tech~B.Sc~BCA;CSE~IT;5~6;1~2;3~4;5~6;6~10;47~60;3~5;2;1~3;Not Placed
19~21;Female;B.Tech~B.Sc~BCA;CSE~IT;5~6;1~2;3~4;5~6;6~10;47~60;3~5;2;1~3;Not Placed
19~21;Female;B.Tech~B.Sc~BCA;CSE~IT;5~6;1~2;3~4;5~6;6~10;47~60;3~5;2;1~3;Not Placed
18~20;Female;B.Tech;CSE~IT;4~6;1~2;2~4;1~6;6~8;51~57;6~8;0~2;0~3;Not Placed
18~20;Female;B.Tech;CSE~IT;4~6;1~2;2~4;1~6;6~8;51~57;6~8;0~2;0~3;Not Placed
18~20;Female;B.Tech;CSE~IT;4~6;1~2;2~4;1~6;6~8;51~57;6~8;0~2;0~3;Not Placed
18~20;Female;B.Tech;CSE~IT;4~6;1~2;2~4;1~6;6~8;51~57;6~8;0~2;0~3;Not Placed
18~20;Female;B.Tech;CSE~IT;4~6;1~2;2~4;1~6;6~8;51~57;6~8;0~2;0~3;Not Placed
18~20;Female;B.Tech;CSE~IT;4~6;1~2;2~4;1~6;6~8;51~57;6~8;0~2;0~3;Not Placed
18~20;Female;B.Tech;CSE~IT;4~6;1~2;2~4;1~6;6~8;51~57;6~8;0~2;0~3;Placed
18~21;Female;B.Sc~BCA;CSE~IT;4~6;1~2;3~4;5~6;6~7;45~61;6~7;1~2;1~3;Not Placed
18~21;Female;B.Sc~BCA;CSE~IT;4~6;1~2;3~4;5~6;6~7;45~61;6~7;1~2;1~3;Not Placed
18~21;Female;B.Sc~BCA;CSE~IT;4~6;1~2;3~4;5~6;6~7;45~61;6~7;1~2;1~3;Placed
18~21;Female;B.Sc~BCA;CSE~IT;4~6;1~2;3~4;5~6;6~7;45~61;6~7;1~2;1~3;Not Placed
18~21;Female;B.Sc~BCA;CSE~IT;4~6;1~2;3~4;5~6;6~7;45~61;6~7;1~2;1~3;Not Placed
18~21;Female;B.Sc~BCA;CSE~IT;4~6;1~2;3~4;5~6;6~7;45~61;6~7;1~2;1~3;Not Placed
18~21;Female;B.Tech~B.Sc;CSE~IT;5~6;1;2~3;3~5;6~7;62~78;5~6;1~2;0~2;Not Placed
18~21;Female;B.Tech~B.Sc;CSE~IT;5~6;1;2~3;3~5;6~7;62~78;5~6;1~2;0~2;Not Placed
18~21;Female;B.Tech~B.Sc;CSE~IT;5~6;1;2~3;3~5;6~7;62~78;5~6;1~2;0~2;Not Placed
18~21;Female;B.Tech~B.Sc;CSE~IT;5~6;1;2~3;3~5;6~7;62~78;5~6;1~2;0~2;Placed
18~21;Female;B.Tech~B.Sc;CSE~IT;5~6;1;2~3;3~5;6~7;62~78;5~6;1~2;0~2;Not Placed
18~21;Female;B.Tech~B.Sc;CSE~IT;6~6;1~2;4;6;6~7;70~89;4~6;2;0~3;Placed
18~21;Female;B.Tech~B.Sc;CSE~IT;6~6;1~2;4;6;6~7;70~89;4~6;2;0~3;Placed
18~21;Female;B.Tech~B.Sc;CSE~IT;6~6;1~2;4;6;6~7;70~89;4~6;2;0~3;Not Placed
18~21;Female;B.Tech~B.Sc;CSE~IT;6~6;1~2;4;6;6~7;70~89;4~6;2;0~3;Placed
18~21;Female;B.Tech~B.Sc;CSE~IT;6~6;1~2;4;6;6~7;70~89;4~6;2;0~3;Not Placed
18~21;Female;BCA;CSE~IT;5~6;1~2;3~4;3~6;6~10;63~75;4~5;1~2;0~3;Not Placed
18~21;Female;BCA;CSE~IT;5~6;1~2;3~4;3~6;6~10;63~75;4~5;1~2;0~3;Not Placed
18~21;Female;BCA;CSE~IT;5~6;1~2;3~4;3~6;6~10;63~75;4~5;1~2;0~3;Not Placed
18~21;Female;BCA;CSE~IT;5~6;1~2;3~4;3~6;6~10;63~75;4~5;1~2;0~3;Not Placed
18~21;Female;BCA;CSE~IT;5~6;1~2;3~4;3~6;6~10;63~75;4~5;1~2;0~3;Not Placed
18~21;Female;BCA;CSE~IT;5~6;1~2;3~4;3~6;6~10;63~75;4~5;1~2;0~3;Placed
19~21;Female;B.Tech~B.Sc~BCA;CSE~IT;4~6;1;3~4;4~6;6~8;63~81;7~8;1~2;0~3;Placed
19~21;Female;B.Tech~B.Sc~BCA;CSE~IT;4~6;1;3~4;4~6;6~8;63~81;7~8;1~2;0~3;Not Placed
19~21;Female;B.Tech~B.Sc~BCA;CSE~IT;4~6;1;3~4;4~6;6~8;63~81;7~8;1~2;0~3;Placed
19~21;Female;B.Tech~B.Sc~BCA;CSE~IT;4~6;1;3~4;4~6;6~8;63~81;7~8;1~2;0~3;Not Placed
19~21;Female;B.Tech~B.Sc~BCA;CSE~IT;4~6;1;3~4;4~6;6~8;63~81;7~8;1~2;0~3;Not Placed
19~21;Female;B.Tech~B.Sc~BCA;CSE~IT;4~6;1;3~4;4~6;6~8;63~81;7~8;1~2;0~3;Not Placed
19~21;Female;B.Tech~B.Sc~BCA;CSE~IT;4~6;1;3~4;4~6;6~8;63~81;7~8;1~2;0~3;Not Placed
19~21;Female;B.Tech~B.Sc~BCA;CSE~IT;4~6;1;3~4;4~6;6~8;63~81;7~8;1~2;0~3;Placed
19~21;Female;B.Tech~B.Sc~BCA;CSE~IT;4~6;1;3~4;4~6;6~8;63~81;7~8;1~2;0~3;Placed
18~21;Female;B.Tech~B.Sc~BCA;CSE~IT;5~6;1~2;4;7~8;3~5;43~60;5~6;2;0~1;Not Placed
18~21;Female;B.Tech~B.Sc~BCA;CSE~IT;5~6;1~2;4;7~8;3~5;43~60;5~6;2;0~1;Not Placed
18~21;Female;B.Tech~B.Sc~BCA;CSE~IT;5~6;1~2;4;7~8;3~5;43~60;5~6;2;0~1;Not Placed
18~21;Female;B.Tech~B.Sc~BCA;CSE~IT;5~6;1~2;4;7~8;3~5;43~60;5~6;2;0~1;Placed
18~21;Female;B.Tech~B.Sc~BCA;CSE~IT;5~6;1~2;4;7~8;3~5;43~60;5~6;2;0~1;Not Placed
18~21;Female;B.Tech~B.Sc~BCA;CSE~IT;5~6;1~2;4;7~8;3~5;43~60;5~6;2;0~1;Not Placed
18~21;Female;B.Tech~B.Sc~BCA;CSE~IT;5~6;1~2;4;7~8;3~5;43~60;5~6;2;0~1;Not Placed
18~21;Female;B.Tech~B.Sc~BCA;CSE~IT;5~6;1~2;4;7~8;3~5;43~60;5~6;2;0~1;Not Placed
18~20;Female;B.Tech~B.Sc~BCA;CSE~IT;4~6;1;3~4;7~8;3~5;42~60;4~7;2;2~3;Not Placed
18~20;Female;B.Tech~B.Sc~BCA;CSE~IT;4~6;1;3~4;7~8;3~5;42~60;4~7;2;2~3;Not Placed
18~20;Female;B.Tech~B.Sc~BCA;CSE~IT;4~6;1;3~4;7~8;3~5;42~60;4~7;2;2~3;Not Placed
18~20;Female;B.Tech~B.Sc~BCA;CSE~IT;4~6;1;3~4;7~8;3~5;42~60;4~7;2;2~3;Not Placed
18~20;Female;B.Tech~B.Sc~BCA;CSE~IT;4~6;1;3~4;7~8;3~5;42~60;4~7;2;2~3;Not Placed
18~21;Female;B.Tech~B.Sc~BCA;CSE~IT;5~6;1~2;4;7~8;3~5;63~78;4~5;2;0~2;Not Placed
18~21;Female;B.Tech~B.Sc~BCA;CSE~IT;5~6;1~2;4;7~8;3~5;63~78;4~5;2;0~2;Not Placed
18~21;Female;B.Tech~B.Sc~BCA;CSE~IT;5~6;1~2;4;7~8;3~5;63~78;4~5;2;0~2;Not Placed
18~21;Female;B.Tech~B.Sc~BCA;CSE~IT;5~6;1~2;4;7~8;3~5;63~78;4~5;2;0~2;Not Placed
18~21;Female;B.Tech~B.Sc~BCA;CSE~IT;5~6;1~2;4;7~8;3~5;63~78;4~5;2;0~2;Not Placed
18~21;Female;B.Tech~B.Sc~BCA;CSE~IT;5~6;1~2;4;7~8;3~5;63~78;4~5;2;0~2;Not Placed
18~20;Female;B.Tech~B.Sc~BCA;CSE~IT;6~6;1~2;4;7~8;4~5;66~82;6~7;2;0~1;Not Placed
18~20;Female;B.Tech~B.Sc~BCA;CSE~IT;6~6;1~2;4;7~8;4~5;66~82;6~7;2;0~1;Not Placed
18~20;Female;B.Tech~B.Sc~BCA;CSE~IT;6~6;1~2;4;7~8;4~5;66~82;6~7;2;0~1;Placed
18~20;Female;B.Tech~B.Sc~BCA;CSE~IT;6~6;1~2;4;7~8;4~5;66~82;6~7;2;0~1;Not Placed
18~20;Female;B.Tech~B.Sc~BCA;CSE~IT;6~6;1~2;4;7~8;4~5;66~82;6~7;2;0~1;Placed
18~20;Female;B.Tech~B.Sc~BCA;CSE~IT;6~6;1~2;4;7~8;4~5;66~82;6~7;2;0~1;Placed
18~20;Female;B.Tech~B.Sc~BCA;CSE~IT;6~6;1~2;4;7~8;4~5;66~82;6~7;2;0~1;Placed
19~21;Female;B.Tech~B.Sc~BCA;CSE~IT;5~6;1~2;4;7~8;6~7;38~57;4~6;2;0~1;Not Placed
19~21;Female;B.Tech~B.Sc~BCA;CSE~IT;5~6;1~2;4;7~8;6~7;38~57;4~6;2;0~1;Not Placed
19~21;Female;B.Tech~B.Sc~BCA;CSE~IT;5~6;1~2;4;7~8;6~7;38~57;4~6;2;0~1;Not Placed
19~21;Female;B.Tech~B.Sc~BCA;CSE~IT;5~6;1~2;4;7~8;6~7;38~57;4~6;2;0~1;Not Placed
19~21;Female;B.Tech~B.Sc~BCA;CSE~IT;5~6;1~2;4;7~8;6~7;38~57;4~6;2;0~1;Placed
19~21;Female;B.Tech~B.Sc~BCA;CSE~IT;5~6;1~2;4;7~8;6~7;38~57;4~6;2;0~1;Not Placed
19~21;Female;B.Tech~B.Sc~BCA;CSE~IT;5~6;1~2;4;7~8;6~7;38~57;4~6;2;0~1;Not Placed
19~21;Female;B.Tech~B.Sc~BCA;CSE~IT;5~6;1~2;4;7~8;6~7;38~57;4~6;2;0~1;Not Placed
18~20;Female;B.Tech~B.Sc~BCA;CSE~IT;4~6;1~2;3~4;7~8;6~7;35~54;4~8;2;2;Not Placed
18~20;Female;B.Tech~B.Sc~BCA;CSE~IT;4~6;1~2;3~4;7~8;6~7;35~54;4~8;2;2;Not Placed
18~20;Female;B.Tech~B.Sc~BCA;CSE~IT;4~6;1~2;3~4;7~8;6~7;35~54;4~8;2;2;Not Placed
18~20;Female;B.Tech~B.Sc~BCA;CSE~IT;4~6;1~2;3~4;7~8;6~7;35~54;4~8;2;2;Not Placed
18~20;Female;B.Tech~B.Sc~BCA;CSE~IT;4~6;1~2;3~4;7~8;6~7;35~54;4~8;2;2;Not Placed
19~21;Female;B.Tech~B.Sc~BCA;CSE~IT;6~6;1~2;4;7~8;6~8;59~76;3~5;2;0~2;Not Placed
19~21;Female;B.Tech~B.Sc~BCA;CSE~IT;6~6;1~2;4;7~8;6~8;59~76;3~5;2;0~2;Placed
19~21;Female;B.Tech~B.Sc~BCA;CSE~IT;6~6;1~2;4;7~8;6~8;59~76;3~5;2;0~2;Not Placed
19~21;Female;B.Tech~B.Sc~BCA;CSE~IT;6~6;1~2;4;7~8;6~8;59~76;3~5;2;0~2;Not Placed
19~21;Female;B.Tech~B.Sc~BCA;CSE~IT;6~6;1~2;4;7~8;6~8;59~76;3~5;2;0~2;Placed
19~21;Female;B.Tech~B.Sc~BCA;CSE~IT;6~6;1~2;4;7~8;6~8;59~76;3~5;2;0~2;Not Placed
19~21;Female;B.Tech~B.Sc~BCA;CSE~IT;6~6;1~2;4;7~8;6~8;59~76;3~5;2;0~2;Not Placed
18~21;Female;B.Tech~B.Sc~BCA;CSE~IT;6~6;1;4;7~8;6~8;59~70;6;2;0~2;Not Placed
18~21;Female;B.Tech~B.Sc~BCA;CSE~IT;6~6;1;4;7~8;6~8;59~70;6;2;0~2;Not Placed
18~21;Female;B.Tech~B.Sc~BCA;CSE~IT;6~6;1;4;7~8;6~8;59~70;6;2;0~2;Placed
18~21;Female;B.Tech~B.Sc~BCA;CSE~IT;6~6;1;4;7~8;6~8;59~70;6;2;0~2;Placed
18~21;Female;B.Tech~B.Sc~BCA;CSE~IT;6~6;1;4;7~8;6~8;59~70;6;2;0~2;Not Placed
18~21;Female;B.Tech~B.Sc~BCA;CSE~IT;6~6;1;4;7~8;6~8;59~70;6;2;0~2;Placed
18~21;Female;B.Tech~B.Sc~BCA;CSE~IT;6~6;1~2;5;9~10;2~5;54~84;5~7;2~3;0~1;Not Placed
18~21;Female;B.Tech~B.Sc~BCA;CSE~IT;6~6;1~2;5;9~10;2~5;54~84;5~7;2~3;0~1;Placed
18~21;Female;B.Tech~B.Sc~BCA;CSE~IT;6~6;1~2;5;9~10;2~5;54~84;5~7;2~3;0~1;Not Placed
18~21;Female;B.Tech~B.Sc~BCA;CSE~IT;6~6;1~2;5;9~10;2~5;54~84;5~7;2~3;0~1;Not Placed
18~21;Female;B.Tech~B.Sc~BCA;CSE~IT;6~6;1~2;5;9~10;2~5;54~84;5~7;2~3;0~1;Not Placed
18~21;Female;B.Tech~B.Sc~BCA;CSE~IT;6~6;1;5;9;6~9;51~69;5~7;2~3;0~1;Placed
18~21;Female;B.Tech~B.Sc~BCA;CSE~IT;6~6;1;5;9;6~9;51~69;5~7;2~3;0~1;Placed
18~21;Female;B.Tech~B.Sc~BCA;CSE~IT;6~6;1;5;9;6~9;51~69;5~7;2~3;0~1;Placed
18~21;Female;B.Tech~B.Sc~BCA;CSE~IT;6~6;1;5;9;6~9;51~69;5~7;2~3;0~1;Placed
18~21;Female;B.Tech~B.Sc~BCA;CSE~IT;6~6;1;5;9;6~9;51~69;5~7;2~3;0~1;Placed
18~21;Female;B.Tech~B.Sc~BCA;CSE~IT;6~6;1;5;9;6~9;51~69;5~7;2~3;0~1;Not Placed
18~21;Female;B.Tech~B.Sc;CSE~IT;6~8;0~1;3~4;4~6;3~5;51~74;5~6;1~2;0;Not Placed
18~21;Female;B.Tech~B.Sc;CSE~IT;6~8;0~1;3~4;4~6;3~5;51~74;5~6;1~2;0;Not Placed
18~21;Female;B.Tech~B.Sc;CSE~IT;6~8;0~1;3~4;4~6;3~5;51~74;5~6;1~2;0;Not Placed
18~21;Female;B.Tech~B.Sc;CSE~IT;6~8;0~1;3~4;4~6;3~5;51~74;5~6;1~2;0;Placed
18~21;Female;B.Tech~B.Sc;CSE~IT;6~8;0~1;3~4;4~6;3~5;51~74;5~6;1~2;0;Placed
18~21;Female;B.Tech~B.Sc;CSE~IT;6~8;0~1;3~4;4~6;3~5;51~74;5~6;1~2;0;Not Placed
18~21;Female;B.Tech~B.Sc;CSE~IT;6~8;0~1;3~4;4~6;3~5;51~74;5~6;1~2;0;Not Placed
18~21;Female;BCA;CSE~IT;6~7;0~1;3~4;4~6;3~5;52~74;4~6;1~2;0;Placed
18~21;Female;BCA;CSE~IT;6~7;0~1;3~4;4~6;3~5;52~74;4~6;1~2;0;Placed
18~21;Female;BCA;CSE~IT;6~7;0~1;3~4;4~6;3~5;52~74;4~6;1~2;0;Not Placed
18~21;Female;BCA;CSE~IT;6~7;0~1;3~4;4~6;3~5;52~74;4~6;1~2;0;Not Placed
18~21;Female;BCA;CSE~IT;6~7;0~1;3~4;4~6;3~5;52~74;4~6;1~2;0;Not Placed
18~21;Female;BCA;CSE~IT;6~7;0~1;3~4;4~6;3~5;52~74;4~6;1~2;0;Not Placed
18~21;Female;BCA;CSE~IT;6~7;0~1;3~4;4~6;3~5;52~74;4~6;1~2;0;Not Placed
18~21;Female;BCA;CSE~IT;6~7;0~1;3~4;4~6;3~5;52~74;4~6;1~2;0;Not Placed
18~21;Female;B.Tech~B.Sc~BCA;CSE~IT;6~7;0~1;4;6;4~5;53~74;4~6;2;1~2;Not Placed
18~21;Female;B.Tech~B.Sc~BCA;CSE~IT;6~7;0~1;4;6;4~5;53~74;4~6;2;1~2;Placed
18~21;Female;B.Tech~B.Sc~BCA;CSE~IT;6~7;0~1;4;6;4~5;53~74;4~6;2;1~2;Not Placed
18~21;Female;B.Tech~B.Sc~BCA;CSE~IT;6~7;0~1;4;6;4~5;53~74;4~6;2;1~2;Not Placed
18~21;Female;B.Tech~B.Sc~BCA;CSE~IT;6~7;0~1;4;6;4~5;53~74;4~6;2;1~2;Placed
18~21;Female;B.Tech~B.Sc~BCA;CSE~IT;7~7;0~1;4;5~6;3~5;63~74;4~6;2;1~2;Placed
18~21;Female;B.Tech~B.Sc~BCA;CSE~IT;7~7;0~1;4;5~6;3~5;63~74;4~6;2;1~2;Not Placed
18~21;Female;B.Tech~B.Sc~BCA;CSE~IT;7~7;0~1;4;5~6;3~5;63~74;4~6;2;1~2;Not Placed
18~21;Female;B.Tech~B.Sc~BCA;CSE~IT;7~7;0~1;4;5~6;3~5;63~74;4~6;2;1~2;Not Placed
18~21;Female;B.Tech~B.Sc~BCA;CSE~IT;7~7;0~1;4;5~6;3~5;63~74;4~6;2;1~2;Not Placed
18~21;Female;B.Tech~B.Sc~BCA;CSE~IT;7~7;0~1;4;5~6;3~5;63~74;4~6;2;1~2;Not Placed
19~21;Female;B.Sc~BCA;IT;6~7;0~1;3~4;4~6;3~5;65~74;7~8;1~2;0~2;Not Placed
19~21;Female;B.Sc~BCA;IT;6~7;0~1;3~4;4~6;3~5;65~74;7~8;1~2;0~2;Not Placed
19~21;Female;B.Sc~BCA;IT;6~7;0~1;3~4;4~6;3~5;65~74;7~8;1~2;0~2;Not Placed
19~21;Female;B.Sc~BCA;IT;6~7;0~1;3~4;4~6;3~5;65~74;7~8;1~2;0~2;Placed
19~21;Female;B.Sc~BCA;IT;6~7;0~1;3~4;4~6;3~5;65~74;7~8;1~2;0~2;Placed
18~21;Female;B.Tech~B.Sc;CSE~IT;6~7;0;3~4;4~6;3~5;78~90;5~6;1~2;0~1;Not Placed
18~21;Female;B.Tech~B.Sc;CSE~IT;6~7;0;3~4;4~6;3~5;78~90;5~6;1~2;0~1;Not Placed
18~21;Female;B.Tech~B.Sc;CSE~IT;6~7;0;3~4;4~6;3~5;78~90;5~6;1~2;0~1;Placed
18~21;Female;B.Tech~B.Sc;CSE~IT;6~7;0;3~4;4~6;3~5;78~90;5~6;1~2;0~1;Not Placed
18~21;Female;B.Tech~B.Sc;CSE~IT;6~7;0;3~4;4~6;3~5;78~90;5~6;1~2;0~1;Not Placed
18~20;Female;B.Tech~B.Sc;CSE~IT;7~8;0~1;4;5~6;3~5;78~96;3~6;2;0~1;Placed
18~20;Female;B.Tech~B.Sc;CSE~IT;7~8;0~1;4;5~6;3~5;78~96;3~6;2;0~1;Not Placed
18~20;Female;B.Tech~B.Sc;CSE~IT;7~8;0~1;4;5~6;3~5;78~96;3~6;2;0~1;Not Placed
18~20;Female;B.Tech~B.Sc;CSE~IT;7~8;0~1;4;5~6;3~5;78~96;3~6;2;0~1;Placed
18~20;Female;B.Tech~B.Sc;CSE~IT;7~8;0~1;4;5~6;3~5;78~96;3~6;2;0~1;Placed
18~21;Female;BCA;CSE~IT;7~8;0~1;3~4;3~5;3~5;75~84;4~6;1~2;0~1;Placed
18~21;Female;BCA;CSE~IT;7~8;0~1;3~4;3~5;3~5;75~84;4~6;1~2;0~1;Placed
18~21;Female;BCA;CSE~IT;7~8;0~1;3~4;3~5;3~5;75~84;4~6;1~2;0~1;Not Placed
18~21;Female;BCA;CSE~IT;7~8;0~1;3~4;3~5;3~5;75~84;4~6;1~2;0~1;Not Placed
18~21;Female;BCA;CSE~IT;7~8;0~1;3~4;3~5;3~5;75~84;4~6;1~2;0~1;Not Placed
18~21;Female;BCA;CSE~IT;7~8;0~1;3~4;3~5;3~5;75~84;4~6;1~2;0~1;Not Placed
18~21;Female;BCA;CSE~IT;7~8;0~1;4;6;2~5;79~100;6;2;0;Not Placed
18~21;Female;BCA;CSE~IT;7~8;0~1;4;6;2~5;79~100;6;2;0;Not Placed
18~21;Female;BCA;CSE~IT;7~8;0~1;4;6;2~5;79~100;6;2;0;Not Placed
18~21;Female;BCA;CSE~IT;7~8;0~1;4;6;2~5;79~100;6;2;0;Not Placed
18~21;Female;BCA;CSE~IT;7~8;0~1;4;6;2~5;79~100;6;2;0;Placed
19~21;Female;B.Tech~B.Sc~BCA;CSE~IT;6~7;0~1;2~4;1~6;1~5;79~92;7;1~2;0~2;Placed
19~21;Female;B.Tech~B.Sc~BCA;CSE~IT;6~7;0~1;2~4;1~6;1~5;79~92;7;1~2;0~2;Not Placed
19~21;Female;B.Tech~B.Sc~BCA;CSE~IT;6~7;0~1;2~4;1~6;1~5;79~92;7;1~2;0~2;Placed
19~21;Female;B.Tech~B.Sc~BCA;CSE~IT;6~7;0~1;2~4;1~6;1~5;79~92;7;1~2;0~2;Not Placed
19~21;Female;B.Tech~B.Sc~BCA;CSE~IT;6~7;0~1;2~4;1~6;1~5;79~92;7;1~2;0~2;Not Placed
19~21;Female;B.Tech~B.Sc~BCA;CSE~IT;6~7;0~1;2~4;1~6;1~5;79~92;7;1~2;0~2;Not Placed
18~21;Female;B.Tech~B.Sc~BCA;CSE~IT;6~7;0~1;3~4;5~6;6~8;44~73;4~5;2;0~2;Placed
18~21;Female;B.Tech~B.Sc~BCA;CSE~IT;6~7;0~1;3~4;5~6;6~8;44~73;4~5;2;0~2;Not Placed
18~21;Female;B.Tech~B.Sc~BCA;CSE~IT;6~7;0~1;3~4;5~6;6~8;44~73;4~5;2;0~2;Placed
18~21;Female;B.Tech~B.Sc~BCA;CSE~IT;6~7;0~1;3~4;5~6;6~8;44~73;4~5;2;0~2;Placed
18~21;Female;B.Tech~B.Sc~BCA;CSE~IT;6~7;0~1;3~4;5~6;6~8;44~73;4~5;2;0~2;Not Placed
18~21;Female;B.Tech~B.Sc~BCA;CSE~IT;6~7;0~1;3~4;5~6;6~8;44~73;4~5;2;0~2;Not Placed
18~21;Female;B.Tech~B.Sc~BCA;CSE~IT;6~7;0~1;3~4;5~6;6~8;44~73;4~5;2;0~2;Not Placed
18~21;Female;B.Tech~B.Sc~BCA;CSE~IT;6~7;0~1;3~4;5~6;6~8;44~73;4~5;2;0~2;Placed
18~21;Female;B.Tech~B.Sc~BCA;CSE~IT;6~7;0~1;3~4;4~6;6~8;50~74;6~7;1~2;0~2;Placed
18~21;Female;B.Tech~B.Sc~BCA;CSE~IT;6~7;0~1;3~4;4~6;6~8;50~74;6~7;1~2;0~2;Placed
18~21;Female;B.Tech~B.Sc~BCA;CSE~IT;6~7;0~1;3~4;4~6;6~8;50~74;6~7;1~2;0~2;Placed
18~21;Female;B.Tech~B.Sc~BCA;CSE~IT;6~7;0~1;3~4;4~6;6~8;50~74;6~7;1~2;0~2;Not Placed
18~21;Female;B.Tech~B.Sc~BCA;CSE~IT;6~7;0~1;3~4;4~6;6~8;50~74;6~7;1~2;0~2;Placed
18~21;Female;B.Tech~B.Sc~BCA;CSE~IT;6~7;0~1;3~4;4~6;6~8;50~74;6~7;1~2;0~2;Placed
18~21;Female;B.Tech~B.Sc~BCA;CSE~IT;6~7;0~1;3~4;4~6;6~8;50~74;6~7;1~2;0~2;Placed
18~21;Female;B.Tech~B.Sc~BCA;CSE~IT;6~7;0~1;3~4;4~6;6~8;50~74;6~7;1~2;0~2;Placed
18~21;Female;B.Tech~B.Sc~BCA;CSE~IT;6~7;0~1;3~4;4~6;6~8;50~74;6~7;1~2;0~2;Not Placed
18~21;Female;B.Tech~B.Sc~BCA;CSE~IT;7~7;0~1;3~4;4~6;6~7;75~95;5~6;1~2;0;Placed
18~21;Female;B.Tech~B.Sc~BCA;CSE~IT;7~7;0~1;3~4;4~6;6~7;75~95;5~6;1~2;0;Placed
18~21;Female;B.Tech~B.Sc~BCA;CSE~IT;7~7;0~1;3~4;4~6;6~7;75~95;5~6;1~2;0;Not Placed
18~21;Female;B.Tech~B.Sc~BCA;CSE~IT;7~7;0~1;3~4;4~6;6~7;75~95;5~6;1~2;0;Placed
18~21;Female;B.Tech~B.Sc~BCA;CSE~IT;7~7;0~1;3~4;4~6;6~7;75~95;5~6;1~2;0;Placed
18~21;Female;B.Tech~B.Sc~BCA;CSE~IT;7~7;0~1;3~4;4~6;6~7;75~95;5~6;1~2;0;Not Placed
18~21;Female;B.Tech~B.Sc~BCA;CSE~IT;7~7;0~1;3~4;4~6;6~7;75~95;5~6;1~2;0;Placed
18~21;Female;B.Tech~B.Sc~BCA;CSE~IT;7~8;0;4;5~6;6~7;80~100;5~6;2;1~2;Placed
18~21;Female;B.Tech~B.Sc~BCA;CSE~IT;7~8;0;4;5~6;6~7;80~100;5~6;2;1~2;Placed
18~21;Female;B.Tech~B.Sc~BCA;CSE~IT;7~8;0;4;5~6;6~7;80~100;5~6;2;1~2;Placed
18~21;Female;B.Tech~B.Sc~BCA;CSE~IT;7~8;0;4;5~6;6~7;80~100;5~6;2;1~2;Placed
18~21;Female;B.Tech~B.Sc~BCA;CSE~IT;7~8;0;4;5~6;6~7;80~100;5~6;2;1~2;Not Placed
18~21;Female;B.Tech~B.Sc~BCA;CSE~IT;7~8;0~1;3~4;3~6;6~8;77~90;7~8;1~2;0~2;Not Placed
18~21;Female;B.Tech~B.Sc~BCA;CSE~IT;7~8;0~1;3~4;3~6;6~8;77~90;7~8;1~2;0~2;Not Placed
18~21;Female;B.Tech~B.Sc~BCA;CSE~IT;7~8;0~1;3~4;3~6;6~8;77~90;7~8;1~2;0~2;Placed
18~21;Female;B.Tech~B.Sc~BCA;CSE~IT;7~8;0~1;3~4;3~6;6~8;77~90;7~8;1~2;0~2;Placed
18~21;Female;B.Tech~B.Sc~BCA;CSE~IT;7~8;0~1;3~4;3~6;6~8;77~90;7~8;1~2;0~2;Not Placed
18~21;Female;B.Tech~B.Sc~BCA;CSE~IT;7~8;0~1;3~4;3~6;6~8;77~90;7~8;1~2;0~2;Placed
19~21;Female;B.Tech~B.Sc~BCA;CSE;6~7;1;4;7~8;2~5;41~68;5~6;2;0~1;Not Placed
19~21;Female;B.Tech~B.Sc~BCA;CSE;6~7;1;4;7~8;2~5;41~68;5~6;2;0~1;Placed
19~21;Female;B.Tech~B.Sc~BCA;CSE;6~7;1;4;7~8;2~5;41~68;5~6;2;0~1;Not Placed
19~21;Female;B.Tech~B.Sc~BCA;CSE;6~7;1;4;7~8;2~5;41~68;5~6;2;0~1;Placed
19~21;Female;B.Tech~B.Sc~BCA;CSE;6~7;1;4;7~8;2~5;41~68;5~6;2;0~1;Not Placed
18~21;Female;B.Tech~B.Sc~BCA;CSE~IT;6~7;0~1;4;7;2~5;49~67;7;2;0~1;Placed
18~21;Female;B.Tech~B.Sc~BCA;CSE~IT;6~7;0~1;4;7;2~5;49~67;7;2;0~1;Not Placed
18~21;Female;B.Tech~B.Sc~BCA;CSE~IT;6~7;0~1;4;7;2~5;49~67;7;2;0~1;Not Placed
18~21;Female;B.Tech~B.Sc~BCA;CSE~IT;6~7;0~1;4;7;2~5;49~67;7;2;0~1;Not Placed
18~21;Female;B.Tech~B.Sc~BCA;CSE~IT;6~7;0~1;4;7;2~5;49~67;7;2;0~1;Not Placed
18~20;Female;B.Tech~B.Sc;CSE~IT;7~7;1;4;7;2~4;69~92;2~5;2;0~2;Not Placed
18~20;Female;B.Tech~B.Sc;CSE~IT;7~7;1;4;7;2~4;69~92;2~5;2;0~2;Not Placed
18~20;Female;B.Tech~B.Sc;CSE~IT;7~7;1;4;7;2~4;69~92;2~5;2;0~2;Not Placed
18~20;Female;B.Tech~B.Sc;CSE~IT;7~7;1;4;7;2~4;69~92;2~5;2;0~2;Not Placed
18~20;Female;B.Tech~B.Sc;CSE~IT;7~7;1;4;7;2~4;69~92;2~5;2;0~2;Not Placed
18~20;Female;B.Tech~B.Sc;CSE~IT;7~7;1;4;7;2~4;69~92;2~5;2;0~2;Not Placed
18~21;Female;B.Tech~B.Sc~BCA;IT;7~7;1;4;7;4~5;69~76;6;2;0~2;Placed
18~21;Female;B.Tech~B.Sc~BCA;IT;7~7;1;4;7;4~5;69~76;6;2;0~2;Placed
18~21;Female;B.Tech~B.Sc~BCA;IT;7~7;1;4;7;4~5;69~76;6;2;0~2;Placed
18~21;Female;B.Tech~B.Sc~BCA;IT;7~7;1;4;7;4~5;69~76;6;2;0~2;Not Placed
18~21;Female;B.Tech~B.Sc~BCA;IT;7~7;1;4;7;4~5;69~76;6;2;0~2;Not Placed
19~21;Female;B.Tech~B.Sc~BCA;CSE~IT;6~7;1;4;7;6;61~73;4~6;2;0~2;Placed
19~21;Female;B.Tech~B.Sc~BCA;CSE~IT;6~7;1;4;7;6;61~73;4~6;2;0~2;Placed
19~21;Female;B.Tech~B.Sc~BCA;CSE~IT;6~7;1;4;7;6;61~73;4~6;2;0~2;Not Placed
19~21;Female;B.Tech~B.Sc~BCA;CSE~IT;6~7;1;4;7;6;61~73;4~6;2;0~2;Placed
19~21;Female;B.Tech~B.Sc~BCA;CSE~IT;6~7;1;4;7;6;61~73;4~6;2;0~2;Placed
18~19;Female;B.Tech~B.Sc~BCA;CSE~IT;6~7;0~1;4;7~8;7~8;60~73;4~9;2;0~1;Placed
18~19;Female;B.Tech~B.Sc~BCA;CSE~IT;6~7;0~1;4;7~8;7~8;60~73;4~9;2;0~1;Placed
18~19;Female;B.Tech~B.Sc~BCA;CSE~IT;6~7;0~1;4;7~8;7~8;60~73;4~9;2;0~1;Placed
18~19;Female;B.Tech~B.Sc~BCA;CSE~IT;6~7;0~1;4;7~8;7~8;60~73;4~9;2;0~1;Placed
18~19;Female;B.Tech~B.Sc~BCA;CSE~IT;6~7;0~1;4;7~8;7~8;60~73;4~9;2;0~1;Placed
18~21;Female;B.Tech~B.Sc~BCA;CSE~IT;7~7;1;4;7;6;75~100;3~9;2~3;0~2;Placed
18~21;Female;B.Tech~B.Sc~BCA;CSE~IT;7~7;1;4;7;6;75~100;3~9;2~3;0~2;Not Placed
18~21;Female;B.Tech~B.Sc~BCA;CSE~IT;7~7;1;4;7;6;75~100;3~9;2~3;0~2;Placed
18~21;Female;B.Tech~B.Sc~BCA;CSE~IT;7~7;1;4;7;6;75~100;3~9;2~3;0~2;Placed
18~21;Female;B.Tech~B.Sc~BCA;CSE~IT;7~7;1;4;7;6;75~100;3~9;2~3;0~2;Placed
18~21;Female;B.Tech~B.Sc~BCA;CSE~IT;7~7;1;4;7;6;75~100;3~9;2~3;0~2;Placed
18~21;Female;B.Tech~B.Sc~BCA;CSE~IT;7~7;1;4;7;6;75~100;3~9;2~3;0~2;Placed
18~20;Female;B.Tech~B.Sc~BCA;CSE~IT;7~8;1;5;8;2~5;59~75;3~5;2;0~2;Placed
18~20;Female;B.Tech~B.Sc~BCA;CSE~IT;7~8;1;5;8;2~5;59~75;3~5;2;0~2;Not Placed
18~20;Female;B.Tech~B.Sc~BCA;CSE~IT;7~8;1;5;8;2~5;59~75;3~5;2;0~2;Not Placed
18~20;Female;B.Tech~B.Sc~BCA;CSE~IT;7~8;1;5;8;2~5;59~75;3~5;2;0~2;Not Placed
18~20;Female;B.Tech~B.Sc~BCA;CSE~IT;7~8;1;5;8;2~5;59~75;3~5;2;0~2;Placed
18~20;Female;B.Tech~B.Sc~BCA;CSE~IT;7~8;1;5;8;2~5;59~75;3~5;2;0~2;Placed
18~20;Female;B.Tech~B.Sc~BCA;CSE~IT;7~8;1;5;8;2~5;59~75;3~5;2;0~2;Not Placed
18~21;Female;B.Tech~B.Sc~BCA;CSE~IT;7~8;1;5;7~8;3~5;57~76;6~8;2;0~1;Placed
18~21;Female;B.Tech~B.Sc~BCA;CSE~IT;7~8;1;5;7~8;3~5;57~76;6~8;2;0~1;Placed
18~21;Female;B.Tech~B.Sc~BCA;CSE~IT;7~8;1;5;7~8;3~5;57~76;6~8;2;0~1;Not Placed
18~21;Female;B.Tech~B.Sc~BCA;CSE~IT;7~8;1;5;7~8;3~5;57~76;6~8;2;0~1;Not Placed
18~21;Female;B.Tech~B.Sc~BCA;CSE~IT;7~8;1;5;7~8;3~5;57~76;6~8;2;0~1;Not Placed
18~21;Female;B.Tech~B.Sc~BCA;CSE~IT;7~8;1;5;7~8;3~5;57~76;6~8;2;0~1;Not Placed
18~21;Female;B.Tech~B.Sc~BCA;CSE~IT;7~8;1;5;7~8;3~5;57~76;6~8;2;0~1;Placed
19~20;Female;B.Tech~B.Sc~BCA;CSE~IT;7~8;1;5;7~8;3~5;79~98;4~7;2~3;0;Not Placed
19~20;Female;B.Tech~B.Sc~BCA;CSE~IT;7~8;1;5;7~8;3~5;79~98;4~7;2~3;0;Not Placed
19~20;Female;B.Tech~B.Sc~BCA;CSE~IT;7~8;1;5;7~8;3~5;79~98;4~7;2~3;0;Not Placed
19~20;Female;B.Tech~B.Sc~BCA;CSE~IT;7~8;1;5;7~8;3~5;79~98;4~7;2~3;0;Not Placed
19~20;Female;B.Tech~B.Sc~BCA;CSE~IT;7~8;1;5;7~8;3~5;79~98;4~7;2~3;0;Not Placed
19~20;Female;B.Tech~B.Sc~BCA;CSE~IT;7~8;1;5;7~8;3~5;79~98;4~7;2~3;0;Placed
19~21;Female;B.Tech~B.Sc~BCA;CSE~IT;8~9;1;5;7~8;4~5;79~98;5~7;2;0~1;Placed
19~21;Female;B.Tech~B.Sc~BCA;CSE~IT;8~9;1;5;7~8;4~5;79~98;5~7;2;0~1;Placed
19~21;Female;B.Tech~B.Sc~BCA;CSE~IT;8~9;1;5;7~8;4~5;79~98;5~7;2;0~1;Not Placed
19~21;Female;B.Tech~B.Sc~BCA;CSE~IT;8~9;1;5;7~8;4~5;79~98;5~7;2;0~1;Not Placed
19~21;Female;B.Tech~B.Sc~BCA;CSE~IT;8~9;1;5;7~8;4~5;79~98;5~7;2;0~1;Placed
19~21;Female;B.Tech~B.Sc~BCA;CSE~IT;8~9;1;5;7~8;4~5;79~98;5~7;2;0~1;Placed
20~21;Female;B.Sc~BCA;CSE~IT;7~7;1;5;8;6~7;65~78;4~6;2;0~2;Not Placed
20~21;Female;B.Sc~BCA;CSE~IT;7~7;1;5;8;6~7;65~78;4~6;2;0~2;Placed
20~21;Female;B.Sc~BCA;CSE~IT;7~7;1;5;8;6~7;65~78;4~6;2;0~2;Placed
20~21;Female;B.Sc~BCA;CSE~IT;7~7;1;5;8;6~7;65~78;4~6;2;0~2;Placed
20~21;Female;B.Sc~BCA;CSE~IT;7~7;1;5;8;6~7;65~78;4~6;2;0~2;Placed
20~21;Female;B.Sc~BCA;CSE~IT;7~7;1;5;8;6~7;65~78;4~6;2;0~2;Placed
18~21;Female;B.Tech~B.Sc~BCA;CSE~IT;7~8;1;5;7~8;6~8;62~78;4~9;2;0~1;Placed
18~21;Female;B.Tech~B.Sc~BCA;CSE~IT;7~8;1;5;7~8;6~8;62~78;4~9;2;0~1;Placed
18~21;Female;B.Tech~B.Sc~BCA;CSE~IT;7~8;1;5;7~8;6~8;62~78;4~9;2;0~1;Placed
18~21;Female;B.Tech~B.Sc~BCA;CSE~IT;7~8;1;5;7~8;6~8;62~78;4~9;2;0~1;Placed
18~21;Female;B.Tech~B.Sc~BCA;CSE~IT;7~8;1;5;7~8;6~8;62~78;4~9;2;0~1;Placed
18~21;Female;B.Tech~B.Sc~BCA;CSE~IT;7~8;1;5;7~8;6~8;62~78;4~9;2;0~1;Placed
18~21;Female;B.Tech~B.Sc~BCA;CSE~IT;7~8;1;5;7~8;6~8;62~78;4~9;2;0~1;Placed
18~21;Female;B.Tech~B.Sc;CSE~IT;7~8;1;5;7~8;6~8;79~100;4~8;2~3;0;Placed
18~21;Female;B.Tech~B.Sc;CSE~IT;7~8;1;5;7~8;6~8;79~100;4~8;2~3;0;Placed
18~21;Female;B.Tech~B.Sc;CSE~IT;7~8;1;5;7~8;6~8;79~100;4~8;2~3;0;Placed
18~21;Female;B.Tech~B.Sc;CSE~IT;7~8;1;5;7~8;6~8;79~100;4~8;2~3;0;Placed
18~21;Female;B.Tech~B.Sc;CSE~IT;7~8;1;5;7~8;6~8;79~100;4~8;2~3;0;Placed
18~21;Female;B.Tech~B.Sc;CSE~IT;7~8;1;5;7~8;6~8;79~100;4~8;2~3;0;Placed
18~21;Female;B.Tech~B.Sc;CSE~IT;7~8;1;5;7~8;6~8;79~100;4~8;2~3;0;Placed
19~20;Female;BCA;CSE~IT;7~8;1;5;7~8;6~9;79~97;4~6;2~3;0~2;Placed
19~20;Female;BCA;CSE~IT;7~8;1;5;7~8;6~9;79~97;4~6;2~3;0~2;Placed
19~20;Female;BCA;CSE~IT;7~8;1;5;7~8;6~9;79~97;4~6;2~3;0~2;Placed
19~20;Female;BCA;CSE~IT;7~8;1;5;7~8;6~9;79~97;4~6;2~3;0~2;Not Placed
19~20;Female;BCA;CSE~IT;7~8;1;5;7~8;6~9;79~97;4~6;2~3;0~2;Placed
19~20;Female;BCA;CSE~IT;7~8;1;5;7~8;6~9;79~97;4~6;2~3;0~2;Placed
18~20;Female;B.Tech~B.Sc~BCA;CSE~IT;7~7;1;5;9~10;5;60~78;3~7;3;0~1;Placed
18~20;Female;B.Tech~B.Sc~BCA;CSE~IT;7~7;1;5;9~10;5;60~78;3~7;3;0~1;Placed
18~20;Female;B.Tech~B.Sc~BCA;CSE~IT;7~7;1;5;9~10;5;60~78;3~7;3;0~1;Placed
18~20;Female;B.Tech~B.Sc~BCA;CSE~IT;7~7;1;5;9~10;5;60~78;3~7;3;0~1;Placed
18~20;Female;B.Tech~B.Sc~BCA;CSE~IT;7~7;1;5;9~10;5;60~78;3~7;3;0~1;Placed
18~20;Female;B.Tech~B.Sc~BCA;CSE~IT;7~7;1;5;9~10;5;60~78;3~7;3;0~1;Placed
18~21;Female;B.Tech~B.Sc~BCA;CSE~IT;7~9;1;5~6;9~10;3~5;52~81;3~7;2~3;0~2;Not Placed
18~21;Female;B.Tech~B.Sc~BCA;CSE~IT;7~9;1;5~6;9~10;3~5;52~81;3~7;2~3;0~2;Not Placed
18~21;Female;B.Tech~B.Sc~BCA;CSE~IT;7~9;1;5~6;9~10;3~5;52~81;3~7;2~3;0~2;Not Placed
18~21;Female;B.Tech~B.Sc~BCA;CSE~IT;7~9;1;5~6;9~10;3~5;52~81;3~7;2~3;0~2;Placed
18~21;Female;B.Tech~B.Sc~BCA;CSE~IT;7~9;1;5~6;9~10;3~5;52~81;3~7;2~3;0~2;Placed
18~21;Female;B.Tech~B.Sc~BCA;CSE~IT;7~9;1;5~6;9~10;3~5;52~81;3~7;2~3;0~2;Not Placed
18~20;Female;B.Tech~B.Sc~BCA;CSE~IT;7~9;1;5~6;9;3~5;82~97;4~5;3;0~1;Not Placed
18~20;Female;B.Tech~B.Sc~BCA;CSE~IT;7~9;1;5~6;9;3~5;82~97;4~5;3;0~1;Placed
18~20;Female;B.Tech~B.Sc~BCA;CSE~IT;7~9;1;5~6;9;3~5;82~97;4~5;3;0~1;Not Placed
18~20;Female;B.Tech~B.Sc~BCA;CSE~IT;7~9;1;5~6;9;3~5;82~97;4~5;3;0~1;Placed
18~20;Female;B.Tech~B.Sc~BCA;CSE~IT;7~9;1;5~6;9;3~5;82~97;4~5;3;0~1;Placed
18~20;Female;B.Tech~B.Sc~BCA;CSE~IT;7~9;1;5~6;9;3~5;82~97;4~5;3;0~1;Not Placed
18~20;Female;B.Tech~B.Sc~BCA;CSE~IT;8~9;1;5~6;9;3~5;82~97;6;3;0;Not Placed
18~20;Female;B.Tech~B.Sc~BCA;CSE~IT;8~9;1;5~6;9;3~5;82~97;6;3;0;Not Placed
18~20;Female;B.Tech~B.Sc~BCA;CSE~IT;8~9;1;5~6;9;3~5;82~97;6;3;0;Not Placed
18~20;Female;B.Tech~B.Sc~BCA;CSE~IT;8~9;1;5~6;9;3~5;82~97;6;3;0;Not Placed
18~20;Female;B.Tech~B.Sc~BCA;CSE~IT;8~9;1;5~6;9;3~5;82~97;6;3;0;Placed
18~20;Female;B.Tech~B.Sc~BCA;CSE~IT;8~9;1;5~6;9;3~5;82~97;6;3;0;Placed
19~21;Female;B.Tech~B.Sc~BCA;CSE~IT;6~8;0~1;5;9~10;6~9;55~78;4~6;2~3;0~2;Placed
19~21;Female;B.Tech~B.Sc~BCA;CSE~IT;6~8;0~1;5;9~10;6~9;55~78;4~6;2~3;0~2;Not Placed
19~21;Female;B.Tech~B.Sc~BCA;CSE~IT;6~8;0~1;5;9~10;6~9;55~78;4~6;2~3;0~2;Placed
19~21;Female;B.Tech~B.Sc~BCA;CSE~IT;6~8;0~1;5;9~10;6~9;55~78;4~6;2~3;0~2;Placed
19~21;Female;B.Tech~B.Sc~BCA;CSE~IT;6~8;0~1;5;9~10;6~9;55~78;4~6;2~3;0~2;Placed
19~21;Female;B.Tech~B.Sc~BCA;CSE~IT;6~8;0~1;5;9~10;6~9;55~78;4~6;2~3;0~2;Placed
19~21;Female;B.Tech~B.Sc~BCA;CSE~IT;6~8;0~1;5;9~10;6~9;55~78;4~6;2~3;0~2;Placed
19~21;Female;B.Tech~B.Sc~BCA;CSE~IT;6~8;0~1;5;9~10;6~9;55~78;4~6;2~3;0~2;Not Placed
19~21;Female;B.Tech~B.Sc~BCA;CSE~IT;6~8;0~1;5;9~10;6~9;55~78;4~6;2~3;0~2;Placed
18~21;Female;B.Tech~B.Sc~BCA;CSE~IT;7~9;1;5~6;9~10;6~7;87~100;2~5;3;0~1;Placed
18~21;Female;B.Tech~B.Sc~BCA;CSE~IT;7~9;1;5~6;9~10;6~7;87~100;2~5;3;0~1;Placed
18~21;Female;B.Tech~B.Sc~BCA;CSE~IT;7~9;1;5~6;9~10;6~7;87~100;2~5;3;0~1;Placed
18~21;Female;B.Tech~B.Sc~BCA;CSE~IT;7~9;1;5~6;9~10;6~7;87~100;2~5;3;0~1;Placed
18~21;Female;B.Tech~B.Sc~BCA;CSE~IT;7~9;1;5~6;9~10;6~7;87~100;2~5;3;0~1;Placed
19~21;Female;B.Tech~B.Sc~BCA;CSE~IT;7~9;1;5~6;9~10;6~7;81~100;6~7;3;0~2;Placed
19~21;Female;B.Tech~B.Sc~BCA;CSE~IT;7~9;1;5~6;9~10;6~7;81~100;6~7;3;0~2;Placed
19~21;Female;B.Tech~B.Sc~BCA;CSE~IT;7~9;1;5~6;9~10;6~7;81~100;6~7;3;0~2;Placed
19~21;Female;B.Tech~B.Sc~BCA;CSE~IT;7~9;1;5~6;9~10;6~7;81~100;6~7;3;0~2;Not Placed
19~21;Female;B.Tech~B.Sc~BCA;CSE~IT;7~9;1;5~6;9~10;6~7;81~100;6~7;3;0~2;Placed
18~21;Female;B.Tech~B.Sc;CSE~IT;7~7;2~3;4~5;7~8;3~6;48~76;4~6;2;0;Placed
18~21;Female;B.Tech~B.Sc;CSE~IT;7~7;2~3;4~5;7~8;3~6;48~76;4~6;2;0;Placed
18~21;Female;B.Tech~B.Sc;CSE~IT;7~7;2~3;4~5;7~8;3~6;48~76;4~6;2;0;Not Placed
18~21;Female;B.Tech~B.Sc;CSE~IT;7~7;2~3;4~5;7~8;3~6;48~76;4~6;2;0;Placed
18~21;Female;B.Tech~B.Sc;CSE~IT;7~7;2~3;4~5;7~8;3~6;48~76;4~6;2;0;Not Placed
18~21;Female;B.Tech~B.Sc;CSE~IT;7~7;2~3;4~5;7~8;3~6;48~76;4~6;2;0;Not Placed
18~21;Female;B.Tech~B.Sc;CSE~IT;7~7;2~3;4~5;7~8;3~6;48~76;4~6;2;0;Not Placed
18~21;Female;B.Tech~B.Sc;CSE~IT;7~7;2~3;4~5;7~8;3~6;48~76;4~6;2;0;Not Placed
18~20;Female;B.Tech~B.Sc;CSE~IT;7~8;2~3;4~5;6~8;4~6;61~75;5~6;2;0;Placed
18~20;Female;B.Tech~B.Sc;CSE~IT;7~8;2~3;4~5;6~8;4~6;61~75;5~6;2;0;Placed
18~20;Female;B.Tech~B.Sc;CSE~IT;7~8;2~3;4~5;6~8;4~6;61~75;5~6;2;0;Not Placed
18~20;Female;B.Tech~B.Sc;CSE~IT;7~8;2~3;4~5;6~8;4~6;61~75;5~6;2;0;Placed
18~20;Female;B.Tech~B.Sc;CSE~IT;7~8;2~3;4~5;6~8;4~6;61~75;5~6;2;0;Placed
18~20;Female;B.Tech~B.Sc;CSE~IT;7~8;2~3;4~5;6~8;4~6;61~75;5~6;2;0;Placed
18~20;Female;B.Tech~B.Sc;CSE~IT;7~8;2~3;4~5;6~8;4~6;61~75;5~6;2;0;Not Placed
18~20;Female;B.Tech~B.Sc;CSE~IT;7~8;2~3;4~5;6~8;4~6;61~75;5~6;2;0;Placed
18~21;Female;BCA;CSE~IT;6~7;2~3;4~5;7~8;5~6;64~76;4~6;2;0;Placed
18~21;Female;BCA;CSE~IT;6~7;2~3;4~5;7~8;5~6;64~76;4~6;2;0;Placed
18~21;Female;BCA;CSE~IT;6~7;2~3;4~5;7~8;5~6;64~76;4~6;2;0;Placed
18~21;Female;BCA;CSE~IT;6~7;2~3;4~5;7~8;5~6;64~76;4~6;2;0;Placed
18~21;Female;BCA;CSE~IT;6~7;2~3;4~5;7~8;5~6;64~76;4~6;2;0;Placed
18~21;Female;B.Tech~B.Sc~BCA;CSE~IT;7~7;2~3;4~5;6~8;4~6;64~74;3~6;2;1~2;Not Placed
18~21;Female;B.Tech~B.Sc~BCA;CSE~IT;7~7;2~3;4~5;6~8;4~6;64~74;3~6;2;1~2;Not Placed
18~21;Female;B.Tech~B.Sc~BCA;CSE~IT;7~7;2~3;4~5;6~8;4~6;64~74;3~6;2;1~2;Not Placed
18~21;Female;B.Tech~B.Sc~BCA;CSE~IT;7~7;2~3;4~5;6~8;4~6;64~74;3~6;2;1~2;Not Placed
18~21;Female;B.Tech~B.Sc~BCA;CSE~IT;7~7;2~3;4~5;6~8;4~6;64~74;3~6;2;1~2;Not Placed
18~21;Female;B.Tech~B.Sc~BCA;CSE~IT;7~7;2~3;4~5;6~8;4~6;64~74;3~6;2;1~2;Placed
18~21;Female;B.Tech~B.Sc~BCA;CSE~IT;7~7;2~3;4~5;6~8;4~6;64~74;3~6;2;1~2;Not Placed
18~21;Female;B.Tech~B.Sc~BCA;CSE~IT;7~7;2~3;4~5;6~8;4~6;64~74;3~6;2;1~2;Placed
18~21;Female;B.Tech~B.Sc~BCA;CSE~IT;7~7;2~3;4~5;6~8;4~6;64~74;3~6;2;1~2;Placed
18~21;Female;B.Tech~B.Sc~BCA;CSE~IT;7~8;2~3;4~5;5~8;3~6;62~75;7~8;2;0~2;Not Placed
18~21;Female;B.Tech~B.Sc~BCA;CSE~IT;7~8;2~3;4~5;5~8;3~6;62~75;7~8;2;0~2;Placed
18~21;Female;B.Tech~B.Sc~BCA;CSE~IT;7~8;2~3;4~5;5~8;3~6;62~75;7~8;2;0~2;Placed
18~21;Female;B.Tech~B.Sc~BCA;CSE~IT;7~8;2~3;4~5;5~8;3~6;62~75;7~8;2;0~2;Not Placed
18~21;Female;B.Tech~B.Sc~BCA;CSE~IT;7~8;2~3;4~5;5~8;3~6;62~75;7~8;2;0~2;Placed
18~21;Female;B.Tech~B.Sc~BCA;CSE~IT;7~8;2~3;4~5;5~8;3~6;62~75;7~8;2;0~2;Not Placed
18~21;Female;B.Tech~B.Sc~BCA;CSE~IT;7~8;2~3;4~5;5~8;3~6;62~75;7~8;2;0~2;Placed
18~21;Female;B.Tech~B.Sc~BCA;CSE~IT;7~8;2~3;4~5;5~8;3~6;62~75;7~8;2;0~2;Placed
18~21;Female;B.Tech~B.Sc;CSE~IT;7~7;2~3;4;7;4~6;80~89;4~6;2;0;Not Placed
18~21;Female;B.Tech~B.Sc;CSE~IT;7~7;2~3;4;7;4~6;80~89;4~6;2;0;Placed
18~21;Female;B.Tech~B.Sc;CSE~IT;7~7;2~3;4;7;4~6;80~89;4~6;2;0;Placed
18~21;Female;B.Tech~B.Sc;CSE~IT;7~7;2~3;4;7;4~6;80~89;4~6;2;0;Placed
18~21;Female;B.Tech~B.Sc;CSE~IT;7~7;2~3;4;7;4~6;80~89;4~6;2;0;Placed
18~20;Female;B.Tech~B.Sc~BCA;CSE~IT;7~8;2~3;4~5;7;5~6;79~89;4~6;2;0;Placed
18~20;Female;B.Tech~B.Sc~BCA;CSE~IT;7~8;2~3;4~5;7;5~6;79~89;4~6;2;0;Placed
18~20;Female;B.Tech~B.Sc~BCA;CSE~IT;7~8;2~3;4~5;7;5~6;79~89;4~6;2;0;Placed
18~20;Female;B.Tech~B.Sc~BCA;CSE~IT;7~8;2~3;4~5;7;5~6;79~89;4~6;2;0;Placed
18~20;Female;B.Tech~B.Sc~BCA;CSE~IT;7~8;2~3;4~5;7;5~6;79~89;4~6;2;0;Placed
18~20;Female;B.Tech~B.Sc~BCA;CSE~IT;7~8;2~3;4~5;7;5~6;79~89;4~6;2;0;Placed
19~21;Female;B.Tech~B.Sc~BCA;CSE~IT;7~8;2~3;4~5;7;4~6;79~87;3~6;2;1~2;Placed
19~21;Female;B.Tech~B.Sc~BCA;CSE~IT;7~8;2~3;4~5;7;4~6;79~87;3~6;2;1~2;Placed
19~21;Female;B.Tech~B.Sc~BCA;CSE~IT;7~8;2~3;4~5;7;4~6;79~87;3~6;2;1~2;Not Placed
19~21;Female;B.Tech~B.Sc~BCA;CSE~IT;7~8;2~3;4~5;7;4~6;79~87;3~6;2;1~2;Not Placed
19~21;Female;B.Tech~B.Sc~BCA;CSE~IT;7~8;2~3;4~5;7;4~6;79~87;3~6;2;1~2;Placed
19~21;Female;B.Tech~B.Sc~BCA;CSE~IT;7~8;2~3;4~5;7;4~6;79~87;3~6;2;1~2;Placed
18~20;Female;B.Tech;CSE~IT;7~9;2~3;5;8;3~6;82~93;4~6;3;0~1;Placed
18~20;Female;B.Tech;CSE~IT;7~9;2~3;5;8;3~6;82~93;4~6;3;0~1;Not Placed
18~20;Female;B.Tech;CSE~IT;7~9;2~3;5;8;3~6;82~93;4~6;3;0~1;Not Placed
18~20;Female;B.Tech;CSE~IT;7~9;2~3;5;8;3~6;82~93;4~6;3;0~1;Placed
18~20;Female;B.Tech;CSE~IT;7~9;2~3;5;8;3~6;82~93;4~6;3;0~1;Placed
18~20;Female;B.Sc~BCA;CSE~IT;7~8;2~3;5;8;4~6;81~90;5~6;3;0~2;Not Placed
18~20;Female;B.Sc~BCA;CSE~IT;7~8;2~3;5;8;4~6;81~90;5~6;3;0~2;Not Placed
18~20;Female;B.Sc~BCA;CSE~IT;7~8;2~3;5;8;4~6;81~90;5~6;3;0~2;Placed
18~20;Female;B.Sc~BCA;CSE~IT;7~8;2~3;5;8;4~6;81~90;5~6;3;0~2;Not Placed
18~20;Female;B.Sc~BCA;CSE~IT;7~8;2~3;5;8;4~6;81~90;5~6;3;0~2;Placed
18~21;Female;B.Tech~B.Sc~BCA;CSE~IT;7~9;2~3;4~5;5~8;4~6;79~94;7~8;2~3;0;Not Placed
18~21;Female;B.Tech~B.Sc~BCA;CSE~IT;7~9;2~3;4~5;5~8;4~6;79~94;7~8;2~3;0;Not Placed
18~21;Female;B.Tech~B.Sc~BCA;CSE~IT;7~9;2~3;4~5;5~8;4~6;79~94;7~8;2~3;0;Placed
18~21;Female;B.Tech~B.Sc~BCA;CSE~IT;7~9;2~3;4~5;5~8;4~6;79~94;7~8;2~3;0;Placed
18~21;Female;B.Tech~B.Sc~BCA;CSE~IT;7~9;2~3;4~5;5~8;4~6;79~94;7~8;2~3;0;Placed
18~21;Female;B.Tech~B.Sc~BCA;CSE~IT;7~9;2~3;4~5;5~8;4~6;79~94;7~8;2~3;0;Placed
18~21;Female;B.Tech~B.Sc~BCA;CSE~IT;7~9;2~3;4~5;5~8;4~6;79~94;7~8;2~3;0;Placed
18~21;Female;B.Tech~B.Sc~BCA;CSE~IT;7~9;2~3;4~5;5~8;4~6;79~94;7~8;2~3;0;Placed
18~21;Female;B.Tech~B.Sc~BCA;CSE~IT;7~9;2~3;4~5;5~8;4~6;79~94;7~8;2~3;0;Placed
18~21;Female;B.Tech~B.Sc~BCA;CSE~IT;7~8;2;4~5;5~8;7~10;54~75;4~5;2;0~2;Placed
18~21;Female;B.Tech~B.Sc~BCA;CSE~IT;7~8;2;4~5;5~8;7~10;54~75;4~5;2;0~2;Placed
18~21;Female;B.Tech~B.Sc~BCA;CSE~IT;7~8;2;4~5;5~8;7~10;54~75;4~5;2;0~2;Placed
18~21;Female;B.Tech~B.Sc~BCA;CSE~IT;7~8;2;4~5;5~8;7~10;54~75;4~5;2;0~2;Not Placed
18~21;Female;B.Tech~B.Sc~BCA;CSE~IT;7~8;2;4~5;5~8;7~10;54~75;4~5;2;0~2;Placed
18~21;Female;B.Tech~B.Sc~BCA;CSE~IT;7~8;2;4~5;5~8;7~10;54~75;4~5;2;0~2;Placed
18~21;Female;B.Tech~B.Sc~BCA;CSE~IT;7~8;2;4~5;5~8;7~10;54~75;4~5;2;0~2;Placed
18~21;Female;B.Tech~B.Sc~BCA;CSE~IT;7~8;2;4~5;5~8;7~10;54~75;4~5;2;0~2;Not Placed
18~21;Female;B.Tech~B.Sc~BCA;CSE~IT;7~8;2;4~5;5~8;7~10;54~75;4~5;2;0~2;Not Placed
18~21;Female;B.Tech~B.Sc~BCA;CSE~IT;7~8;2~3;4~5;7~8;7~10;59~75;6~7;2;0~1;Placed
18~21;Female;B.Tech~B.Sc~BCA;CSE~IT;7~8;2~3;4~5;7~8;7~10;59~75;6~7;2;0~1;Placed
18~21;Female;B.Tech~B.Sc~BCA;CSE~IT;7~8;2~3;4~5;7~8;7~10;59~75;6~7;2;0~1;Placed
18~21;Female;B.Tech~B.Sc~BCA;CSE~IT;7~8;2~3;4~5;7~8;7~10;59~75;6~7;2;0~1;Placed
18~21;Female;B.Tech~B.Sc~BCA;CSE~IT;7~8;2~3;4~5;7~8;7~10;59~75;6~7;2;0~1;Placed
18~21;Female;B.Tech~B.Sc~BCA;CSE~IT;7~8;2~3;4~5;7~8;7~10;59~75;6~7;2;0~1;Placed
18~21;Female;B.Tech~B.Sc~BCA;CSE~IT;7~8;2~3;4~5;7~8;7~10;59~75;6~7;2;0~1;Placed
18~21;Female;B.Tech~B.Sc~BCA;CSE~IT;7~9;2~3;4~5;7~8;7~9;76~100;3~5;2~3;0~1;Placed
18~21;Female;B.Tech~B.Sc~BCA;CSE~IT;7~9;2~3;4~5;7~8;7~9;76~100;3~5;2~3;0~1;Placed
18~21;Female;B.Tech~B.Sc~BCA;CSE~IT;7~9;2~3;4~5;7~8;7~9;76~100;3~5;2~3;0~1;Placed
18~21;Female;B.Tech~B.Sc~BCA;CSE~IT;7~9;2~3;4~5;7~8;7~9;76~100;3~5;2~3;0~1;Placed
18~21;Female;B.Tech~B.Sc~BCA;CSE~IT;7~9;2~3;4~5;7~8;7~9;76~100;3~5;2~3;0~1;Placed
18~21;Female;B.Tech~B.Sc~BCA;CSE~IT;7~9;2~3;4~5;7~8;7~9;76~100;3~5;2~3;0~1;Placed
18~21;Female;B.Tech~B.Sc~BCA;CSE~IT;7~9;2~3;4~5;7~8;7~9;76~100;3~5;2~3;0~1;Placed
18~21;Female;B.Tech~B.Sc~BCA;CSE~IT;7~9;2~3;4~5;7~8;7~9;76~100;3~5;2~3;0~1;Placed
18~21;Female;B.Tech~B.Sc~BCA;CSE~IT;7~9;2~3;4~5;7~8;7~9;76~100;3~5;2~3;0~1;Placed
18~20;Female;B.Tech~B.Sc~BCA;CSE~IT;7~8;2~3;4~5;7~8;7~9;85~97;6~8;2~3;0~2;Placed
18~20;Female;B.Tech~B.Sc~BCA;CSE~IT;7~8;2~3;4~5;7~8;7~9;85~97;6~8;2~3;0~2;Not Placed
18~20;Female;B.Tech~B.Sc~BCA;CSE~IT;7~8;2~3;4~5;7~8;7~9;85~97;6~8;2~3;0~2;Placed
18~20;Female;B.Tech~B.Sc~BCA;CSE~IT;7~8;2~3;4~5;7~8;7~9;85~97;6~8;2~3;0~2;Placed
18~20;Female;B.Tech~B.Sc~BCA;CSE~IT;7~8;2~3;4~5;7~8;7~9;85~97;6~8;2~3;0~2;Placed
19~21;Female;B.Tech~B.Sc~BCA;CSE~IT;6~8;2~3;5;9~10;4~6;56~77;4~7;3;0;Placed
19~21;Female;B.Tech~B.Sc~BCA;CSE~IT;6~8;2~3;5;9~10;4~6;56~77;4~7;3;0;Placed
19~21;Female;B.Tech~B.Sc~BCA;CSE~IT;6~8;2~3;5;9~10;4~6;56~77;4~7;3;0;Not Placed
19~21;Female;B.Tech~B.Sc~BCA;CSE~IT;6~8;2~3;5;9~10;4~6;56~77;4~7;3;0;Placed
19~21;Female;B.Tech~B.Sc~BCA;CSE~IT;6~8;2~3;5;9~10;4~6;56~77;4~7;3;0;Placed
19~21;Female;B.Tech~B.Sc~BCA;CSE~IT;6~8;2~3;5;9~10;4~6;56~77;4~7;3;0;Placed
19~21;Female;B.Tech~B.Sc~BCA;CSE~IT;6~8;2~3;5;9~10;4~6;56~77;4~7;3;0;Placed
18~20;Female;B.Tech~B.Sc~BCA;CSE~IT;7~8;2~3;5;9~10;5~6;70~71;4~7;3;1;Placed
18~20;Female;B.Tech~B.Sc~BCA;CSE~IT;7~8;2~3;5;9~10;5~6;70~71;4~7;3;1;Placed
18~20;Female;B.Tech~B.Sc~BCA;CSE~IT;7~8;2~3;5;9~10;5~6;70~71;4~7;3;1;Placed
18~20;Female;B.Tech~B.Sc~BCA;CSE~IT;7~8;2~3;5;9~10;5~6;70~71;4~7;3;1;Placed
18~20;Female;B.Tech~B.Sc~BCA;CSE~IT;7~8;2~3;5;9~10;5~6;70~71;4~7;3;1;Placed
18~19;Female;B.Tech~B.Sc~BCA;CSE~IT;7~8;2~3;5;9;3~6;78~98;4~5;3;0~1;Placed
18~19;Female;B.Tech~B.Sc~BCA;CSE~IT;7~8;2~3;5;9;3~6;78~98;4~5;3;0~1;Placed
18~19;Female;B.Tech~B.Sc~BCA;CSE~IT;7~8;2~3;5;9;3~6;78~98;4~5;3;0~1;Placed
18~19;Female;B.Tech~B.Sc~BCA;CSE~IT;7~8;2~3;5;9;3~6;78~98;4~5;3;0~1;Not Placed
18~19;Female;B.Tech~B.Sc~BCA;CSE~IT;7~8;2~3;5;9;3~6;78~98;4~5;3;0~1;Placed
18~21;Female;B.Tech~B.Sc~BCA;IT;7~8;2~3;5;9~10;3~6;79~92;6~8;3;0~2;Placed
18~21;Female;B.Tech~B.Sc~BCA;IT;7~8;2~3;5;9~10;3~6;79~92;6~8;3;0~2;Not Placed
18~21;Female;B.Tech~B.Sc~BCA;IT;7~8;2~3;5;9~10;3~6;79~92;6~8;3;0~2;Placed
18~21;Female;B.Tech~B.Sc~BCA;IT;7~8;2~3;5;9~10;3~6;79~92;6~8;3;0~2;Not Placed
18~21;Female;B.Tech~B.Sc~BCA;IT;7~8;2~3;5;9~10;3~6;79~92;6~8;3;0~2;Not Placed
18~21;Female;B.Tech~B.Sc~BCA;IT;7~8;2~3;5;9~10;3~6;79~92;6~8;3;0~2;Not Placed
18~21;Female;B.Sc~BCA;CSE~IT;7~8;2;5;9~10;7~9;61~97;3~6;3;0~2;Placed
18~21;Female;B.Sc~BCA;CSE~IT;7~8;2;5;9~10;7~9;61~97;3~6;3;0~2;Placed
18~21;Female;B.Sc~BCA;CSE~IT;7~8;2;5;9~10;7~9;61~97;3~6;3;0~2;Not Placed
18~21;Female;B.Sc~BCA;CSE~IT;7~8;2;5;9~10;7~9;61~97;3~6;3;0~2;Placed
18~21;Female;B.Sc~BCA;CSE~IT;7~8;2;5;9~10;7~9;61~97;3~6;3;0~2;Placed
18~21;Female;B.Sc~BCA;CSE~IT;7~8;2;5;9~10;7~9;61~97;3~6;3;0~2;Placed
18~21;Female;B.Sc~BCA;CSE~IT;7~8;2;5;9~10;7~9;61~97;3~6;3;0~2;Placed
18~21;Female;B.Sc~BCA;CSE~IT;7~8;2;5;9~10;7~9;61~97;3~6;3;0~2;Placed
18~21;Female;B.Sc~BCA;CSE~IT;7~8;2;5;9~10;7~9;61~97;3~6;3;0~2;Placed
18~21;Female;B.Tech~B.Sc~BCA;CSE~IT;8~9;2~3;6;10;4~7;62~86;4~6;3;0;Placed
18~21;Female;B.Tech~B.Sc~BCA;CSE~IT;8~9;2~3;6;10;4~7;62~86;4~6;3;0;Placed
18~21;Female;B.Tech~B.Sc~BCA;CSE~IT;8~9;2~3;6;10;4~7;62~86;4~6;3;0;Placed
18~21;Female;B.Tech~B.Sc~BCA;CSE~IT;8~9;2~3;6;10;4~7;62~86;4~6;3;0;Placed
18~21;Female;B.Tech~B.Sc~BCA;CSE~IT;8~9;2~3;6;10;4~7;62~86;4~6;3;0;Placed
18~21;Female;B.Tech~B.Sc~BCA;CSE~IT;8~9;2~3;6;10;4~7;62~86;4~6;3;0;Placed
18~21;Female;B.Tech~B.Sc~BCA;CSE~IT;8~9;2~3;6;10;4~7;62~86;4~6;3;0;Placed
18~21;Female;B.Tech~B.Sc~BCA;CSE~IT;8~9;2~3;6;10;4~7;62~86;4~6;3;0;Placed
18~21;Female;B.Tech~B.Sc~BCA;CSE~IT;8~9;2~3;6;10;4~7;62~86;4~6;3;0;Not Placed
18~21;Female;B.Tech;CSE~IT;8~9;2;6;9~10;4~7;87~99;3~5;3;0~1;Placed
18~21;Female;B.Tech;CSE~IT;8~9;2;6;9~10;4~7;87~99;3~5;3;0~1;Not Placed
18~21;Female;B.Tech;CSE~IT;8~9;2;6;9~10;4~7;87~99;3~5;3;0~1;Placed
18~21;Female;B.Tech;CSE~IT;8~9;2;6;9~10;4~7;87~99;3~5;3;0~1;Not Placed
18~21;Female;B.Tech;CSE~IT;8~9;2;6;9~10;4~7;87~99;3~5;3;0~1;Placed
18~21;Female;B.Sc;CSE~IT;8~9;2~3;6;9~10;4~7;92~100;5;3;0~1;Placed
18~21;Female;B.Sc;CSE~IT;8~9;2~3;6;9~10;4~7;92~100;5;3;0~1;Not Placed
18~21;Female;B.Sc;CSE~IT;8~9;2~3;6;9~10;4~7;92~100;5;3;0~1;Placed
18~21;Female;B.Sc;CSE~IT;8~9;2~3;6;9~10;4~7;92~100;5;3;0~1;Placed
18~21;Female;B.Sc;CSE~IT;8~9;2~3;6;9~10;4~7;92~100;5;3;0~1;Placed
18~21;Male;MCA;ECE~ME~Civil;5~6;0;2~3;2~4;4~5;45~60;4~5;1;0~1;Not Placed
18~21;Male;MCA;ECE~ME~Civil;5~6;0;2~3;2~4;4~5;45~60;4~5;1;0~1;Not Placed
18~21;Male;MCA;ECE~ME~Civil;5~6;0;2~3;2~4;4~5;45~60;4~5;1;0~1;Not Placed
18~21;Male;MCA;ECE~ME~Civil;5~6;0;2~3;2~4;4~5;45~60;4~5;1;0~1;Not Placed
18~21;Male;MCA;ECE~ME~Civil;5~6;0;2~3;2~4;4~5;45~60;4~5;1;0~1;Not Placed
18~21;Male;MCA;ECE~ME~Civil;5~6;0;2~3;2~4;4~5;45~60;4~5;1;0~1;Not Placed
18~21;Male;MCA;ECE~ME~Civil;5~6;0;2~3;2~4;4~5;45~60;4~5;1;0~1;Not Placed
18~21;Male;MCA;ME~Civil;4~6;0;1~3;1~4;3~5;37~55;3~5;0~1;2~3;Not Placed
18~21;Male;MCA;ME~Civil;4~6;0;1~3;1~4;3~5;37~55;3~5;0~1;2~3;Not Placed
18~21;Male;MCA;ME~Civil;4~6;0;1~3;1~4;3~5;37~55;3~5;0~1;2~3;Not Placed
18~21;Male;MCA;ME~Civil;4~6;0;1~3;1~4;3~5;37~55;3~5;0~1;2~3;Not Placed
18~21;Male;MCA;ME~Civil;4~6;0;1~3;1~4;3~5;37~55;3~5;0~1;2~3;Not Placed
18~21;Male;MCA;ME~Civil;4~6;0;1~3;1~4;3~5;37~55;3~5;0~1;2~3;Not Placed
18~21;Male;MCA;ECE~ME~Civil;5~6;0;2~3;1~4;3~5;35~60;6~7;0~1;0~3;Not Placed
18~21;Male;MCA;ECE~ME~Civil;5~6;0;2~3;1~4;3~5;35~60;6~7;0~1;0~3;Not Placed
18~21;Male;MCA;ECE~ME~Civil;5~6;0;2~3;1~4;3~5;35~60;6~7;0~1;0~3;Not Placed
18~21;Male;MCA;ECE~ME~Civil;5~6;0;2~3;1~4;3~5;35~60;6~7;0~1;0~3;Not Placed
18~21;Male;MCA;ECE~ME~Civil;5~6;0;2~3;1~4;3~5;35~60;6~7;0~1;0~3;Not Placed
18~21;Male;MCA;ECE~ME~Civil;5~6;0;2~3;1~4;3~5;35~60;6~7;0~1;0~3;Not Placed
18~21;Male;MCA;ECE~ME~Civil;5~6;0;2~3;1~4;3~5;35~60;6~7;0~1;0~3;Not Placed
18~21;Male;MCA;ECE~ME~Civil;5~6;0;2~3;1~4;3~5;35~60;6~7;0~1;0~3;Not Placed
18~21;Male;MCA;ECE~ME~Civil;5~6;0;2~3;1~4;3~5;35~60;6~7;0~1;0~3;Not Placed
18~20;Male;MCA;ECE~ME~Civil;6~6;0;3;3~4;3~5;64~86;3~5;1~2;0~1;Not Placed
18~20;Male;MCA;ECE~ME~Civil;6~6;0;3;3~4;3~5;64~86;3~5;1~2;0~1;Not Placed
18~20;Male;MCA;ECE~ME~Civil;6~6;0;3;3~4;3~5;64~86;3~5;1~2;0~1;Not Placed
18~20;Male;MCA;ECE~ME~Civil;6~6;0;3;3~4;3~5;64~86;3~5;1~2;0~1;Not Placed
18~20;Male;MCA;ECE~ME~Civil;6~6;0;3;3~4;3~5;64~86;3~5;1~2;0~1;Not Placed
18~20;Male;MCA;ECE~ME~Civil;6~6;0;3;3~4;3~5;64~86;3~5;1~2;0~1;Not Placed
18~21;Male;MCA;ME~Civil;5~6;0;2~3;2~4;4~5;61~70;3~5;1;2~3;Not Placed
18~21;Male;MCA;ME~Civil;5~6;0;2~3;2~4;4~5;61~70;3~5;1;2~3;Not Placed
18~21;Male;MCA;ME~Civil;5~6;0;2~3;2~4;4~5;61~70;3~5;1;2~3;Not Placed
18~21;Male;MCA;ME~Civil;5~6;0;2~3;2~4;4~5;61~70;3~5;1;2~3;Not Placed
18~21;Male;MCA;ME~Civil;5~6;0;2~3;2~4;4~5;61~70;3~5;1;2~3;Not Placed
18~21;Male;MCA;ME~Civil;5~6;0;2~3;2~4;4~5;61~70;3~5;1;2~3;Not Placed
18~20;Male;MCA;ECE~ME~Civil;5~6;0;2~3;2~4;4~5;61~82;6~7;1~2;0~3;Not Placed
18~20;Male;MCA;ECE~ME~Civil;5~6;0;2~3;2~4;4~5;61~82;6~7;1~2;0~3;Not Placed
18~20;Male;MCA;ECE~ME~Civil;5~6;0;2~3;2~4;4~5;61~82;6~7;1~2;0~3;Not Placed
18~20;Male;MCA;ECE~ME~Civil;5~6;0;2~3;2~4;4~5;61~82;6~7;1~2;0~3;Not Placed
18~20;Male;MCA;ECE~ME~Civil;5~6;0;2~3;2~4;4~5;61~82;6~7;1~2;0~3;Not Placed
18~20;Male;MCA;ECE~ME~Civil;5~6;0;2~3;2~4;4~5;61~82;6~7;1~2;0~3;Not Placed
18~20;Male;MCA;ECE~ME~Civil;5~6;0;2~3;2~4;4~5;61~82;6~7;1~2;0~3;Not Placed
18~20;Male;MCA;ECE~ME~Civil;5~6;0;2~3;2~4;4~5;61~82;6~7;1~2;0~3;Not Placed
18~20;Male;MCA;ECE~ME~Civil;5~6;0;2~3;2~4;4~5;61~82;6~7;1~2;0~3;Not Placed
18~19;Male;MCA;ECE~ME~Civil;5~6;0;2~3;3~4;6~8;35~63;3~5;1;1~3;Not Placed
18~19;Male;MCA;ECE~ME~Civil;5~6;0;2~3;3~4;6~8;35~63;3~5;1;1~3;Not Placed
18~19;Male;MCA;ECE~ME~Civil;5~6;0;2~3;3~4;6~8;35~63;3~5;1;1~3;Not Placed
18~19;Male;MCA;ECE~ME~Civil;5~6;0;2~3;3~4;6~8;35~63;3~5;1;1~3;Not Placed
18~19;Male;MCA;ECE~ME~Civil;5~6;0;2~3;3~4;6~8;35~63;3~5;1;1~3;Not Placed
18~19;Male;MCA;ECE~ME~Civil;5~6;0;2~3;3~4;6~8;35~63;3~5;1;1~3;Not Placed
20~21;Male;MCA;ECE~ME~Civil;4~6;0;2~3;2~4;6~8;36~56;3~5;1;1~3;Not Placed
20~21;Male;MCA;ECE~ME~Civil;4~6;0;2~3;2~4;6~8;36~56;3~5;1;1~3;Not Placed
20~21;Male;MCA;ECE~ME~Civil;4~6;0;2~3;2~4;6~8;36~56;3~5;1;1~3;Not Placed
20~21;Male;MCA;ECE~ME~Civil;4~6;0;2~3;2~4;6~8;36~56;3~5;1;1~3;Not Placed
20~21;Male;MCA;ECE~ME~Civil;4~6;0;2~3;2~4;6~8;36~56;3~5;1;1~3;Not Placed
18~21;Male;MCA;ECE~ME~Civil;5~6;0;2~3;3~4;6~7;41~63;6~7;1;0~1;Not Placed
18~21;Male;MCA;ECE~ME~Civil;5~6;0;2~3;3~4;6~7;41~63;6~7;1;0~1;Not Placed
18~21;Male;MCA;ECE~ME~Civil;5~6;0;2~3;3~4;6~7;41~63;6~7;1;0~1;Not Placed
18~21;Male;MCA;ECE~ME~Civil;5~6;0;2~3;3~4;6~7;41~63;6~7;1;0~1;Not Placed
18~21;Male;MCA;ECE~ME~Civil;5~6;0;2~3;3~4;6~7;41~63;6~7;1;0~1;Not Placed
18~21;Male;MCA;ECE~ME~Civil;5~5;0;2~3;1~4;6~7;44~61;6~7;1;2~3;Not Placed
18~21;Male;MCA;ECE~ME~Civil;5~5;0;2~3;1~4;6~7;44~61;6~7;1;2~3;Not Placed
18~21;Male;MCA;ECE~ME~Civil;5~5;0;2~3;1~4;6~7;44~61;6~7;1;2~3;Not Placed
18~21;Male;MCA;ECE~ME~Civil;5~5;0;2~3;1~4;6~7;44~61;6~7;1;2~3;Not Placed
18~21;Male;MCA;ECE~ME~Civil;5~5;0;2~3;1~4;6~7;44~61;6~7;1;2~3;Not Placed
18~21;Male;MCA;ECE~ME~Civil;5~5;0;2~3;1~4;6~7;44~61;6~7;1;2~3;Not Placed
18~20;Male;MCA;ME~Civil;5~6;0;2~3;2~4;6~8;64~83;4~7;1~2;0~1;Not Placed
18~20;Male;MCA;ME~Civil;5~6;0;2~3;2~4;6~8;64~83;4~7;1~2;0~1;Not Placed
18~20;Male;MCA;ME~Civil;5~6;0;2~3;2~4;6~8;64~83;4~7;1~2;0~1;Not Placed
18~20;Male;MCA;ME~Civil;5~6;0;2~3;2~4;6~8;64~83;4~7;1~2;0~1;Not Placed
18~20;Male;MCA;ME~Civil;5~6;0;2~3;2~4;6~8;64~83;4~7;1~2;0~1;Not Placed
18~20;Male;MCA;ME~Civil;5~6;0;2~3;2~4;6~8;64~83;4~7;1~2;0~1;Not Placed
21;Male;MCA;ECE~ME~Civil;4~6;0;2~3;2~4;6~7;66~83;3~7;1;0~1;Not Placed
21;Male;MCA;ECE~ME~Civil;4~6;0;2~3;2~4;6~7;66~83;3~7;1;0~1;Not Placed
21;Male;MCA;ECE~ME~Civil;4~6;0;2~3;2~4;6~7;66~83;3~7;1;0~1;Not Placed
21;Male;MCA;ECE~ME~Civil;4~6;0;2~3;2~4;6~7;66~83;3~7;1;0~1;Not Placed
21;Male;MCA;ECE~ME~Civil;4~6;0;2~3;2~4;6~7;66~83;3~7;1;0~1;Not Placed
21;Male;MCA;ECE~ME~Civil;4~6;0;2~3;2~4;6~7;66~83;3~7;1;0~1;Not Placed
18~21;Male;MCA;ECE~ME~Civil;5~6;0;2~3;2~4;6~9;66~85;4~7;1~2;2~3;Not Placed
18~21;Male;MCA;ECE~ME~Civil;5~6;0;2~3;2~4;6~9;66~85;4~7;1~2;2~3;Not Placed
18~21;Male;MCA;ECE~ME~Civil;5~6;0;2~3;2~4;6~9;66~85;4~7;1~2;2~3;Not Placed
18~21;Male;MCA;ECE~ME~Civil;5~6;0;2~3;2~4;6~9;66~85;4~7;1~2;2~3;Not Placed
18~21;Male;MCA;ECE~ME~Civil;5~6;0;2~3;2~4;6~9;66~85;4~7;1~2;2~3;Not Placed
18~21;Male;MCA;ECE~ME~Civil;5~6;0;2~3;2~4;6~9;66~85;4~7;1~2;2~3;Not Placed
18~21;Male;MCA;ECE~ME~Civil;5~6;0;2~3;2~4;6~9;66~85;4~7;1~2;2~3;Not Placed
18~21;Male;MCA;ECE~ME~Civil;5~6;0;2~3;2~4;6~9;66~85;4~7;1~2;2~3;Not Placed
18~21;Male;MCA;ECE~ME~Civil;5~6;0;2~3;2~4;6~9;66~85;4~7;1~2;2~3;Not Placed
18~21;Male;MCA;ECE~ME~Civil;5~6;0;3;5~6;2~5;45~59;4~8;1~2;1~3;Not Placed
18~21;Male;MCA;ECE~ME~Civil;5~6;0;3;5~6;2~5;45~59;4~8;1~2;1~3;Not Placed
18~21;Male;MCA;ECE~ME~Civil;5~6;0;3;5~6;2~5;45~59;4~8;1~2;1~3;Not Placed
18~21;Male;MCA;ECE~ME~Civil;5~6;0;3;5~6;2~5;45~59;4~8;1~2;1~3;Not Placed
18~21;Male;MCA;ECE~ME~Civil;5~6;0;3;5~6;2~5;45~59;4~8;1~2;1~3;Not Placed
18~21;Male;MCA;ECE~ME~Civil;5~6;0;3;5~6;2~5;45~59;4~8;1~2;1~3;Not Placed
18~21;Male;MCA;ECE~ME~Civil;5~6;0;3;5~6;2~5;45~59;4~8;1~2;1~3;Not Placed
18~21;Male;MCA;ECE~ME~Civil;5~6;0;3;5~6;3~5;62~78;5~7;2;0~3;Not Placed
18~21;Male;MCA;ECE~ME~Civil;5~6;0;3;5~6;3~5;62~78;5~7;2;0~3;Placed
18~21;Male;MCA;ECE~ME~Civil;5~6;0;3;5~6;3~5;62~78;5~7;2;0~3;Not Placed
18~21;Male;MCA;ECE~ME~Civil;5~6;0;3;5~6;3~5;62~78;5~7;2;0~3;Not Placed
18~21;Male;MCA;ECE~ME~Civil;5~6;0;3;5~6;3~5;62~78;5~7;2;0~3;Not Placed
18~21;Male;MCA;ECE~ME~Civil;5~6;0;3;5~6;3~5;62~78;5~7;2;0~3;Not Placed
18~21;Male;MCA;ECE~ME~Civil;5~6;0;3;5~6;3~5;62~78;5~7;2;0~3;Not Placed
18~21;Male;MCA;ECE~ME~Civil;5~6;0;3;5~6;3~5;62~78;5~7;2;0~3;Not Placed
18~20;Male;MCA;ECE~ME~Civil;5~6;0;3;5~6;6~8;47~53;4~8;1~2;0~3;Not Placed
18~20;Male;MCA;ECE~ME~Civil;5~6;0;3;5~6;6~8;47~53;4~8;1~2;0~3;Not Placed
18~20;Male;MCA;ECE~ME~Civil;5~6;0;3;5~6;6~8;47~53;4~8;1~2;0~3;Not Placed
18~20;Male;MCA;ECE~ME~Civil;5~6;0;3;5~6;6~8;47~53;4~8;1~2;0~3;Not Placed
18~20;Male;MCA;ECE~ME~Civil;5~6;0;3;5~6;6~8;47~53;4~8;1~2;0~3;Not Placed
18~20;Male;MCA;ECE~ME~Civil;5~6;0;3;5~6;6~8;47~53;4~8;1~2;0~3;Not Placed
18~21;Male;MCA;ECE~ME~Civil;6~6;0;3;5;6~7;54~84;4~7;1~2;0~3;Not Placed
18~21;Male;MCA;ECE~ME~Civil;6~6;0;3;5;6~7;54~84;4~7;1~2;0~3;Not Placed
18~21;Male;MCA;ECE~ME~Civil;6~6;0;3;5;6~7;54~84;4~7;1~2;0~3;Placed
18~21;Male;MCA;ECE~ME~Civil;6~6;0;3;5;6~7;54~84;4~7;1~2;0~3;Placed
18~21;Male;MCA;ECE~ME~Civil;6~6;0;3;5;6~7;54~84;4~7;1~2;0~3;Placed
18~21;Male;MCA;ECE~ME~Civil;6~6;0;3;5;6~7;54~84;4~7;1~2;0~3;Not Placed
18~21;Male;MCA;ECE~ME~Civil;6~6;0;3;5;6~7;54~84;4~7;1~2;0~3;Not Placed
18~19;Female;MCA;ECE~ME~Civil;4~6;0;2~3;1~4;4~6;37~55;4~6;0~1;0~1;Not Placed
18~19;Female;MCA;ECE~ME~Civil;4~6;0;2~3;1~4;4~6;37~55;4~6;0~1;0~1;Not Placed
18~19;Female;MCA;ECE~ME~Civil;4~6;0;2~3;1~4;4~6;37~55;4~6;0~1;0~1;Not Placed
18~19;Female;MCA;ECE~ME~Civil;4~6;0;2~3;1~4;4~6;37~55;4~6;0~1;0~1;Not Placed
18~19;Female;MCA;ECE~ME~Civil;4~6;0;2~3;1~4;4~6;37~55;4~6;0~1;0~1;Not Placed
18~19;Female;MCA;ECE~ME~Civil;4~6;0;2~3;1~4;4~6;37~55;4~6;0~1;0~1;Not Placed
18~19;Female;MCA;ECE~ME~Civil;4~6;0;2~3;1~4;4~6;37~55;4~6;0~1;0~1;Not Placed
18~19;Female;MCA;ECE~ME~Civil;4~6;0;2~3;1~4;4~6;37~55;4~6;0~1;0~1;Not Placed
18~19;Female;MCA;ECE~ME~Civil;4~6;0;2~3;1~4;4~6;37~55;4~6;0~1;0~1;Not Placed
20~21;Female;MCA;ME~Civil;4~6;0;1~3;1~4;2~6;40~58;4~6;0~1;0~1;Not Placed
20~21;Female;MCA;ME~Civil;4~6;0;1~3;1~4;2~6;40~58;4~6;0~1;0~1;Not Placed
20~21;Female;MCA;ME~Civil;4~6;0;1~3;1~4;2~6;40~58;4~6;0~1;0~1;Not Placed
20~21;Female;MCA;ME~Civil;4~6;0;1~3;1~4;2~6;40~58;4~6;0~1;0~1;Not Placed
20~21;Female;MCA;ME~Civil;4~6;0;1~3;1~4;2~6;40~58;4~6;0~1;0~1;Not Placed
20~21;Female;MCA;ME~Civil;4~6;0;1~3;1~4;2~6;40~58;4~6;0~1;0~1;Not Placed
20~21;Female;MCA;ME~Civil;4~6;0;1~3;1~4;2~6;40~58;4~6;0~1;0~1;Not Placed
20~21;Female;MCA;ME~Civil;4~6;0;1~3;1~4;2~6;40~58;4~6;0~1;0~1;Not Placed
20~21;Female;MCA;ME~Civil;4~6;0;1~3;1~4;2~6;40~58;4~6;0~1;0~1;Not Placed
18~20;Female;MCA;ECE~ME~Civil;5~6;0;2~3;1~4;2~6;39~58;4~6;0~1;2~3;Not Placed
18~20;Female;MCA;ECE~ME~Civil;5~6;0;2~3;1~4;2~6;39~58;4~6;0~1;2~3;Not Placed
18~20;Female;MCA;ECE~ME~Civil;5~6;0;2~3;1~4;2~6;39~58;4~6;0~1;2~3;Not Placed
18~20;Female;MCA;ECE~ME~Civil;5~6;0;2~3;1~4;2~6;39~58;4~6;0~1;2~3;Not Placed
18~20;Female;MCA;ECE~ME~Civil;5~6;0;2~3;1~4;2~6;39~58;4~6;0~1;2~3;Not Placed
18~20;Female;MCA;ECE~ME~Civil;5~6;0;2~3;1~4;2~6;39~58;4~6;0~1;2~3;Not Placed
18~20;Female;MCA;ECE~ME~Civil;5~6;0;2~3;1~4;2~6;39~58;4~6;0~1;2~3;Not Placed
21;Female;MCA;ECE~ME~Civil;4~6;0;1~3;1~4;3~6;36~52;4~6;0~1;2~3;Not Placed
21;Female;MCA;ECE~ME~Civil;4~6;0;1~3;1~4;3~6;36~52;4~6;0~1;2~3;Not Placed
21;Female;MCA;ECE~ME~Civil;4~6;0;1~3;1~4;3~6;36~52;4~6;0~1;2~3;Not Placed
21;Female;MCA;ECE~ME~Civil;4~6;0;1~3;1~4;3~6;36~52;4~6;0~1;2~3;Not Placed
21;Female;MCA;ECE~ME~Civil;4~6;0;1~3;1~4;3~6;36~52;4~6;0~1;2~3;Not Placed
21;Female;MCA;ECE~ME~Civil;4~6;0;1~3;1~4;3~6;36~52;4~6;0~1;2~3;Not Placed
21;Female;MCA;ECE~ME~Civil;4~6;0;1~3;1~4;3~6;36~52;4~6;0~1;2~3;Not Placed
21;Female;MCA;ECE~ME~Civil;4~6;0;1~3;1~4;3~6;36~52;4~6;0~1;2~3;Not Placed
18~21;Female;MCA;ECE~ME~Civil;5~6;0;2~3;1~4;4~6;45~58;7~8;0~1;2~3;Not Placed
18~21;Female;MCA;ECE~ME~Civil;5~6;0;2~3;1~4;4~6;45~58;7~8;0~1;2~3;Not Placed
18~21;Female;MCA;ECE~ME~Civil;5~6;0;2~3;1~4;4~6;45~58;7~8;0~1;2~3;Not Placed
18~21;Female;MCA;ECE~ME~Civil;5~6;0;2~3;1~4;4~6;45~58;7~8;0~1;2~3;Not Placed
18~21;Female;MCA;ECE~ME~Civil;5~6;0;2~3;1~4;4~6;45~58;7~8;0~1;2~3;Not Placed
19~21;Female;MCA;ECE~ME;6~6;0;2~3;2~4;4~6;59~78;4~6;1;0~1;Not Placed
19~21;Female;MCA;ECE~ME;6~6;0;2~3;2~4;4~6;59~78;4~6;1;0~1;Not Placed
19~21;Female;MCA;ECE~ME;6~6;0;2~3;2~4;4~6;59~78;4~6;1;0~1;Not Placed
19~21;Female;MCA;ECE~ME;6~6;0;2~3;2~4;4~6;59~78;4~6;1;0~1;Not Placed
19~21;Female;MCA;ECE~ME;6~6;0;2~3;2~4;4~6;59~78;4~6;1;0~1;Not Placed
19~21;Female;MCA;ECE~ME;6~6;0;2~3;2~4;4~6;59~78;4~6;1;0~1;Not Placed
19~21;Female;MCA;ECE~ME;6~6;0;2~3;2~4;4~6;59~78;4~6;1;0~1;Not Placed
18~21;Female;MCA;Civil;5~6;0;3;3~4;3~6;59~80;3~6;1~2;0~1;Not Placed
18~21;Female;MCA;Civil;5~6;0;3;3~4;3~6;59~80;3~6;1~2;0~1;Not Placed
18~21;Female;MCA;Civil;5~6;0;3;3~4;3~6;59~80;3~6;1~2;0~1;Not Placed
18~21;Female;MCA;Civil;5~6;0;3;3~4;3~6;59~80;3~6;1~2;0~1;Not Placed
18~21;Female;MCA;Civil;5~6;0;3;3~4;3~6;59~80;3~6;1~2;0~1;Not Placed
18~21;Female;MCA;Civil;5~6;0;3;3~4;3~6;59~80;3~6;1~2;0~1;Not Placed
18~20;Female;MCA;ECE~ME~Civil;5~5;0;2~3;2~4;4~6;59~65;4~6;1;2;Not Placed
18~20;Female;MCA;ECE~ME~Civil;5~5;0;2~3;2~4;4~6;59~65;4~6;1;2;Not Placed
18~20;Female;MCA;ECE~ME~Civil;5~5;0;2~3;2~4;4~6;59~65;4~6;1;2;Not Placed
18~20;Female;MCA;ECE~ME~Civil;5~5;0;2~3;2~4;4~6;59~65;4~6;1;2;Not Placed
18~20;Female;MCA;ECE~ME~Civil;5~5;0;2~3;2~4;4~6;59~65;4~6;1;2;Not Placed
19~21;Female;MCA;ME~Civil;6~6;0;2~3;1~4;4~6;66~75;4~6;1;2~3;Not Placed
19~21;Female;MCA;ME~Civil;6~6;0;2~3;1~4;4~6;66~75;4~6;1;2~3;Not Placed
19~21;Female;MCA;ME~Civil;6~6;0;2~3;1~4;4~6;66~75;4~6;1;2~3;Not Placed
19~21;Female;MCA;ME~Civil;6~6;0;2~3;1~4;4~6;66~75;4~6;1;2~3;Not Placed
19~21;Female;MCA;ME~Civil;6~6;0;2~3;1~4;4~6;66~75;4~6;1;2~3;Not Placed
19~21;Female;MCA;ME~Civil;6~6;0;2~3;1~4;4~6;66~75;4~6;1;2~3;Not Placed
18~21;Female;MCA;ECE~ME~Civil;5~6;0;2~3;2~4;3~6;59~86;7~8;1;0~3;Not Placed
18~21;Female;MCA;ECE~ME~Civil;5~6;0;2~3;2~4;3~6;59~86;7~8;1;0~3;Not Placed
18~21;Female;MCA;ECE~ME~Civil;5~6;0;2~3;2~4;3~6;59~86;7~8;1;0~3;Not Placed
18~21;Female;MCA;ECE~ME~Civil;5~6;0;2~3;2~4;3~6;59~86;7~8;1;0~3;Not Placed
18~21;Female;MCA;ECE~ME~Civil;5~6;0;2~3;2~4;3~6;59~86;7~8;1;0~3;Not Placed
18~21;Female;MCA;ECE~ME~Civil;5~6;0;2~3;2~4;3~6;59~86;7~8;1;0~3;Not Placed
18~21;Female;MCA;ECE~ME~Civil;5~6;0;2~3;2~4;3~6;59~86;7~8;1;0~3;Not Placed
18~21;Female;MCA;ECE~ME~Civil;5~6;0;2~3;2~4;3~6;59~86;7~8;1;0~3;Not Placed
18~21;Female;MCA;ECE~ME~Civil;5~6;0;2~3;2~4;3~6;59~86;7~8;1;0~3;Not Placed
18~21;Female;MCA;ECE~ME~Civil;4~6;0;2~3;2~4;7~8;44~55;3~6;1;1;Not Placed
18~21;Female;MCA;ECE~ME~Civil;4~6;0;2~3;2~4;7~8;44~55;3~6;1;1;Not Placed
18~21;Female;MCA;ECE~ME~Civil;4~6;0;2~3;2~4;7~8;44~55;3~6;1;1;Not Placed
18~21;Female;MCA;ECE~ME~Civil;4~6;0;2~3;2~4;7~8;44~55;3~6;1;1;Not Placed
18~21;Female;MCA;ECE~ME~Civil;4~6;0;2~3;2~4;7~8;44~55;3~6;1;1;Not Placed
18~21;Female;MCA;ECE~ME~Civil;4~6;0;2~3;1~4;7~8;35~55;4~7;0~1;2~3;Not Placed
18~21;Female;MCA;ECE~ME~Civil;4~6;0;2~3;1~4;7~8;35~55;4~7;0~1;2~3;Not Placed
18~21;Female;MCA;ECE~ME~Civil;4~6;0;2~3;1~4;7~8;35~55;4~7;0~1;2~3;Not Placed
18~21;Female;MCA;ECE~ME~Civil;4~6;0;2~3;1~4;7~8;35~55;4~7;0~1;2~3;Not Placed
18~21;Female;MCA;ECE~ME~Civil;4~6;0;2~3;1~4;7~8;35~55;4~7;0~1;2~3;Not Placed
18~21;Female;MCA;ECE~ME~Civil;4~6;0;2~3;1~4;7~8;35~55;4~7;0~1;2~3;Not Placed
18~20;Female;MCA;ECE~ME~Civil;5~6;0;2~3;1~4;7~9;56~67;4~5;1;1~3;Not Placed
18~20;Female;MCA;ECE~ME~Civil;5~6;0;2~3;1~4;7~9;56~67;4~5;1;1~3;Not Placed
18~20;Female;MCA;ECE~ME~Civil;5~6;0;2~3;1~4;7~9;56~67;4~5;1;1~3;Not Placed
18~20;Female;MCA;ECE~ME~Civil;5~6;0;2~3;1~4;7~9;56~67;4~5;1;1~3;Not Placed
18~20;Female;MCA;ECE~ME~Civil;5~6;0;2~3;1~4;7~9;56~67;4~5;1;1~3;Not Placed
18~21;Female;MCA;ECE~ME~Civil;5~6;0;2~3;1~4;7;63~81;6~9;1~2;1~3;Not Placed
18~21;Female;MCA;ECE~ME~Civil;5~6;0;2~3;1~4;7;63~81;6~9;1~2;1~3;Not Placed
18~21;Female;MCA;ECE~ME~Civil;5~6;0;2~3;1~4;7;63~81;6~9;1~2;1~3;Not Placed
18~21;Female;MCA;ECE~ME~Civil;5~6;0;2~3;1~4;7;63~81;6~9;1~2;1~3;Not Placed
18~21;Female;MCA;ECE~ME~Civil;5~6;0;2~3;1~4;7;63~81;6~9;1~2;1~3;Not Placed
18~21;Female;MCA;ECE~ME~Civil;5~6;0;3;5~6;3~5;49~65;4~8;1~2;0~3;Not Placed
18~21;Female;MCA;ECE~ME~Civil;5~6;0;3;5~6;3~5;49~65;4~8;1~2;0~3;Placed
18~21;Female;MCA;ECE~ME~Civil;5~6;0;3;5~6;3~5;49~65;4~8;1~2;0~3;Not Placed
18~21;Female;MCA;ECE~ME~Civil;5~6;0;3;5~6;3~5;49~65;4~8;1~2;0~3;Not Placed
18~21;Female;MCA;ECE~ME~Civil;5~6;0;3;5~6;3~5;49~65;4~8;1~2;0~3;Not Placed
18~21;Female;MCA;ECE~ME~Civil;5~6;0;3;5~6;3~5;49~65;4~8;1~2;0~3;Not Placed
18~21;Female;MCA;ECE~ME~Civil;5~6;0;3;5~6;3~5;49~65;4~8;1~2;0~3;Not Placed
18~21;Female;MCA;ECE~ME~Civil;6~6;0;3;5;4~5;67~71;4~8;2;0~3;Placed
18~21;Female;MCA;ECE~ME~Civil;6~6;0;3;5;4~5;67~71;4~8;2;0~3;Not Placed
18~21;Female;MCA;ECE~ME~Civil;6~6;0;3;5;4~5;67~71;4~8;2;0~3;Not Placed
18~21;Female;MCA;ECE~ME~Civil;6~6;0;3;5;4~5;67~71;4~8;2;0~3;Not Placed
18~21;Female;MCA;ECE~ME~Civil;6~6;0;3;5;4~5;67~71;4~8;2;0~3;Placed
18~21;Female;MCA;ECE~ME~Civil;5~6;0;3;5~6;6~8;42~64;4~8;1~2;1~3;Not Placed
18~21;Female;MCA;ECE~ME~Civil;5~6;0;3;5~6;6~8;42~64;4~8;1~2;1~3;Not Placed
18~21;Female;MCA;ECE~ME~Civil;5~6;0;3;5~6;6~8;42~64;4~8;1~2;1~3;Not Placed
18~21;Female;MCA;ECE~ME~Civil;5~6;0;3;5~6;6~8;42~64;4~8;1~2;1~3;Not Placed
18~21;Female;MCA;ECE~ME~Civil;5~6;0;3;5~6;6~8;42~64;4~8;1~2;1~3;Not Placed
18~21;Female;MCA;ECE~ME~Civil;6~6;0;3;5;6;56~82;3~6;1~2;0~2;Placed
18~21;Female;MCA;ECE~ME~Civil;6~6;0;3;5;6;56~82;3~6;1~2;0~2;Placed
18~21;Female;MCA;ECE~ME~Civil;6~6;0;3;5;6;56~82;3~6;1~2;0~2;Not Placed
18~21;Female;MCA;ECE~ME~Civil;6~6;0;3;5;6;56~82;3~6;1~2;0~2;Placed
18~21;Female;MCA;ECE~ME~Civil;6~6;0;3;5;6;56~82;3~6;1~2;0~2;Placed
18~21;Male;MCA;ECE~ME~Civil;6~6;0;4;6;3~7;59~81;4~6;2;0~3;Not Placed
18~21;Male;MCA;ECE~ME~Civil;6~6;0;4;6;3~7;59~81;4~6;2;0~3;Placed
18~21;Male;MCA;ECE~ME~Civil;6~6;0;4;6;3~7;59~81;4~6;2;0~3;Not Placed
18~21;Male;MCA;ECE~ME~Civil;6~6;0;4;6;3~7;59~81;4~6;2;0~3;Not Placed
18~21;Male;MCA;ECE~ME~Civil;6~6;0;4;6;3~7;59~81;4~6;2;0~3;Not Placed
18~21;Male;MCA;ECE~ME~Civil;6~6;0;4;6;3~7;59~81;4~6;2;0~3;Placed
18~21;Male;MCA;ECE~ME~Civil;6~6;0;4;6;3~7;59~81;4~6;2;0~3;Not Placed
18~21;Male;MCA;ECE~ME~Civil;6~6;0;4;6;3~7;59~81;4~6;2;0~3;Placed
18~21;Male;MCA;ECE~ME~Civil;6~6;0;4;6;3~7;59~81;4~6;2;0~3;Not Placed
18~21;Female;MCA;ECE~ME~Civil;6~6;0;4;6;4~8;45~69;2~9;2;0~3;Not Placed
18~21;Female;MCA;ECE~ME~Civil;6~6;0;4;6;4~8;45~69;2~9;2;0~3;Placed
18~21;Female;MCA;ECE~ME~Civil;6~6;0;4;6;4~8;45~69;2~9;2;0~3;Not Placed
18~21;Female;MCA;ECE~ME~Civil;6~6;0;4;6;4~8;45~69;2~9;2;0~3;Placed
18~21;Female;MCA;ECE~ME~Civil;6~6;0;4;6;4~8;45~69;2~9;2;0~3;Placed
18~21;Female;MCA;ECE~ME~Civil;6~6;0;4;6;4~8;45~69;2~9;2;0~3;Not Placed
18~21;Female;MCA;ECE~ME~Civil;6~6;0;4;6;4~8;45~69;2~9;2;0~3;Not Placed
18~21;Female;MCA;ECE~ME~Civil;6~6;0;4;6;4~8;45~69;2~9;2;0~3;Placed
18~21;Female;MCA;ECE~ME~Civil;6~6;0;4;6;4~8;45~69;2~9;2;0~3;Not Placed
18~21;Male~Female;MCA;ECE~ME~Civil;5~6;0;4;7~8;3~5;50~70;3~7;2;0~2;Not Placed
18~21;Male~Female;MCA;ECE~ME~Civil;5~6;0;4;7~8;3~5;50~70;3~7;2;0~2;Not Placed
18~21;Male~Female;MCA;ECE~ME~Civil;5~6;0;4;7~8;3~5;50~70;3~7;2;0~2;Not Placed
18~21;Male~Female;MCA;ECE~ME~Civil;5~6;0;4;7~8;3~5;50~70;3~7;2;0~2;Not Placed
18~21;Male~Female;MCA;ECE~ME~Civil;5~6;0;4;7~8;3~5;50~70;3~7;2;0~2;Not Placed
18~21;Male~Female;MCA;ECE~ME~Civil;5~6;0;4;7~8;3~5;50~70;3~7;2;0~2;Not Placed
18~21;Male~Female;MCA;ECE~ME~Civil;5~6;0;4;7~8;3~5;50~70;3~7;2;0~2;Not Placed
18~21;Male~Female;MCA;ECE~ME~Civil;5~6;0;4;7~8;3~5;50~70;3~7;2;0~2;Not Placed
18~20;Male~Female;MCA;ECE~ME~Civil;5~6;0;4;7~8;6~9;47~81;5~7;2;0~3;Not Placed
18~20;Male~Female;MCA;ECE~ME~Civil;5~6;0;4;7~8;6~9;47~81;5~7;2;0~3;Placed
18~20;Male~Female;MCA;ECE~ME~Civil;5~6;0;4;7~8;6~9;47~81;5~7;2;0~3;Placed
18~20;Male~Female;MCA;ECE~ME~Civil;5~6;0;4;7~8;6~9;47~81;5~7;2;0~3;Placed
18~20;Male~Female;MCA;ECE~ME~Civil;5~6;0;4;7~8;6~9;47~81;5~7;2;0~3;Placed
18~20;Male~Female;MCA;ECE~ME~Civil;5~6;0;4;7~8;6~9;47~81;5~7;2;0~3;Not Placed
18~20;Male~Female;MCA;ECE~ME~Civil;5~6;0;4;7~8;6~9;47~81;5~7;2;0~3;Not Placed
18~20;Male~Female;MCA;ECE~ME~Civil;5~6;0;4;7~8;6~9;47~81;5~7;2;0~3;Not Placed
18~20;Male~Female;MCA;ECE~ME~Civil;5~6;0;4;7~8;6~9;47~81;5~7;2;0~3;Not Placed
18~21;Male~Female;MCA;ECE~ME~Civil;4~6;1;1~3;1~4;2~5;37~50;4~5;0~1;1~3;Not Placed
18~21;Male~Female;MCA;ECE~ME~Civil;4~6;1;1~3;1~4;2~5;37~50;4~5;0~1;1~3;Not Placed
18~21;Male~Female;MCA;ECE~ME~Civil;4~6;1;1~3;1~4;2~5;37~50;4~5;0~1;1~3;Not Placed
18~21;Male~Female;MCA;ECE~ME~Civil;4~6;1;1~3;1~4;2~5;37~50;4~5;0~1;1~3;Not Placed
18~21;Male~Female;MCA;ECE~ME~Civil;4~6;1;1~3;1~4;2~5;37~50;4~5;0~1;1~3;Not Placed
18~21;Male~Female;MCA;ECE~ME~Civil;4~6;1;1~3;1~4;2~5;35~51;6~7;0~1;1~3;Not Placed
18~21;Male~Female;MCA;ECE~ME~Civil;4~6;1;1~3;1~4;2~5;35~51;6~7;0~1;1~3;Not Placed
18~21;Male~Female;MCA;ECE~ME~Civil;4~6;1;1~3;1~4;2~5;35~51;6~7;0~1;1~3;Not Placed
18~21;Male~Female;MCA;ECE~ME~Civil;4~6;1;1~3;1~4;2~5;35~51;6~7;0~1;1~3;Not Placed
18~21;Male~Female;MCA;ECE~ME~Civil;4~6;1;1~3;1~4;2~5;35~51;6~7;0~1;1~3;Not Placed
18~21;Male~Female;MCA;ECE~ME~Civil;4~6;1;1~3;1~4;2~5;35~51;6~7;0~1;1~3;Not Placed
18~19;Female;MCA;ECE~ME~Civil;5~6;1;2~3;2~4;2~5;57~86;3~7;1~2;0~3;Not Placed
18~19;Female;MCA;ECE~ME~Civil;5~6;1;2~3;2~4;2~5;57~86;3~7;1~2;0~3;Not Placed
18~19;Female;MCA;ECE~ME~Civil;5~6;1;2~3;2~4;2~5;57~86;3~7;1~2;0~3;Not Placed
18~19;Female;MCA;ECE~ME~Civil;5~6;1;2~3;2~4;2~5;57~86;3~7;1~2;0~3;Not Placed
18~19;Female;MCA;ECE~ME~Civil;5~6;1;2~3;2~4;2~5;57~86;3~7;1~2;0~3;Not Placed
18~19;Female;MCA;ECE~ME~Civil;5~6;1;2~3;2~4;2~5;57~86;3~7;1~2;0~3;Not Placed
20~21;Male~Female;MCA;ECE~ME~Civil;5~6;1;2~3;1~4;3~5;54~77;3~7;1;1~3;Not Placed
20~21;Male~Female;MCA;ECE~ME~Civil;5~6;1;2~3;1~4;3~5;54~77;3~7;1;1~3;Not Placed
20~21;Male~Female;MCA;ECE~ME~Civil;5~6;1;2~3;1~4;3~5;54~77;3~7;1;1~3;Not Placed
20~21;Male~Female;MCA;ECE~ME~Civil;5~6;1;2~3;1~4;3~5;54~77;3~7;1;1~3;Not Placed
20~21;Male~Female;MCA;ECE~ME~Civil;5~6;1;2~3;1~4;3~5;54~77;3~7;1;1~3;Not Placed
20~21;Male~Female;MCA;ECE~ME~Civil;5~6;1;2~3;1~4;3~5;54~77;3~7;1;1~3;Not Placed
18~21;Male~Female;MCA;ME~Civil;4~6;1;2~3;1~4;6~9;37~64;4~7;0~1;1;Not Placed
18~21;Male~Female;MCA;ME~Civil;4~6;1;2~3;1~4;6~9;37~64;4~7;0~1;1;Not Placed
18~21;Male~Female;MCA;ME~Civil;4~6;1;2~3;1~4;6~9;37~64;4~7;0~1;1;Not Placed
18~21;Male~Female;MCA;ME~Civil;4~6;1;2~3;1~4;6~9;37~64;4~7;0~1;1;Not Placed
18~21;Male~Female;MCA;ME~Civil;4~6;1;2~3;1~4;6~9;37~64;4~7;0~1;1;Not Placed
18~21;Male~Female;MCA;ME~Civil;4~6;1;2~3;1~4;6~9;37~64;4~7;0~1;1;Not Placed
18~21;Male~Female;MCA;ECE~ME~Civil;6~6;1;2~3;1~4;6~8;47~65;5~6;0~1;2~3;Not Placed
18~21;Male~Female;MCA;ECE~ME~Civil;6~6;1;2~3;1~4;6~8;47~65;5~6;0~1;2~3;Not Placed
18~21;Male~Female;MCA;ECE~ME~Civil;6~6;1;2~3;1~4;6~8;47~65;5~6;0~1;2~3;Not Placed
18~21;Male~Female;MCA;ECE~ME~Civil;6~6;1;2~3;1~4;6~8;47~65;5~6;0~1;2~3;Not Placed
18~21;Male~Female;MCA;ECE~ME~Civil;6~6;1;2~3;1~4;6~8;47~65;5~6;0~1;2~3;Not Placed
18~21;Male~Female;MCA;ECE~ME~Civil;6~6;1;2~3;1~4;6~8;47~65;5~6;0~1;2~3;Not Placed
18~21;Male~Female;MCA;ECE~ME~Civil;6~6;1;2~3;1~4;6~8;66~82;4~7;1;0~1;Not Placed
18~21;Male~Female;MCA;ECE~ME~Civil;6~6;1;2~3;1~4;6~8;66~82;4~7;1;0~1;Not Placed
18~21;Male~Female;MCA;ECE~ME~Civil;6~6;1;2~3;1~4;6~8;66~82;4~7;1;0~1;Not Placed
18~21;Male~Female;MCA;ECE~ME~Civil;6~6;1;2~3;1~4;6~8;66~82;4~7;1;0~1;Not Placed
18~21;Male~Female;MCA;ECE~ME~Civil;6~6;1;2~3;1~4;6~8;66~82;4~7;1;0~1;Not Placed
18~21;Male~Female;MCA;ECE~ME~Civil;6~6;1;2~3;1~4;6~8;66~82;4~7;1;0~1;Not Placed
18~21;Male~Female;MCA;ECE~ME~Civil;6~6;1;2~3;1~4;6~8;66~82;4~7;1;0~1;Not Placed
18~20;Male~Female;MCA;ECE~ME~Civil;5~6;1;2~3;2~4;6~7;66~71;3~8;1;2~3;Not Placed
18~20;Male~Female;MCA;ECE~ME~Civil;5~6;1;2~3;2~4;6~7;66~71;3~8;1;2~3;Not Placed
18~20;Male~Female;MCA;ECE~ME~Civil;5~6;1;2~3;2~4;6~7;66~71;3~8;1;2~3;Not Placed
18~20;Male~Female;MCA;ECE~ME~Civil;5~6;1;2~3;2~4;6~7;66~71;3~8;1;2~3;Not Placed
18~20;Male~Female;MCA;ECE~ME~Civil;5~6;1;2~3;2~4;6~7;66~71;3~8;1;2~3;Not Placed
18~21;Male;MCA;ECE~ME~Civil;4~6;1~2;3;5~6;4~5;37~63;4~8;1~2;0~3;Placed
18~21;Male;MCA;ECE~ME~Civil;4~6;1~2;3;5~6;4~5;37~63;4~8;1~2;0~3;Not Placed
18~21;Male;MCA;ECE~ME~Civil;4~6;1~2;3;5~6;4~5;37~63;4~8;1~2;0~3;Not Placed
18~21;Male;MCA;ECE~ME~Civil;4~6;1~2;3;5~6;4~5;37~63;4~8;1~2;0~3;Not Placed
18~21;Male;MCA;ECE~ME~Civil;4~6;1~2;3;5~6;4~5;37~63;4~8;1~2;0~3;Placed
18~21;Male;MCA;ECE~ME~Civil;4~6;1~2;3;5~6;4~5;37~63;4~8;1~2;0~3;Not Placed
18~21;Male;MCA;ECE~ME~Civil;4~6;1~2;3;5~6;4~5;37~63;4~8;1~2;0~3;Placed
18~21;Male;MCA;ECE~ME~Civil;4~6;1~2;3;5~6;4~5;37~63;4~8;1~2;0~3;Not Placed
18~21;Male;MCA;ECE~ME~Civil;4~6;1~2;3;5~6;4~5;37~63;4~8;1~2;0~3;Not Placed
18~19;Male;MCA;ECE~ME~Civil;5~6;1~2;3;5~6;4~5;67~85;4~6;2;0~3;Placed
18~19;Male;MCA;ECE~ME~Civil;5~6;1~2;3;5~6;4~5;67~85;4~6;2;0~3;Placed
18~19;Male;MCA;ECE~ME~Civil;5~6;1~2;3;5~6;4~5;67~85;4~6;2;0~3;Not Placed
18~19;Male;MCA;ECE~ME~Civil;5~6;1~2;3;5~6;4~5;67~85;4~6;2;0~3;Not Placed
18~19;Male;MCA;ECE~ME~Civil;5~6;1~2;3;5~6;4~5;67~85;4~6;2;0~3;Placed
18~19;Male;MCA;ECE~ME~Civil;5~6;1~2;3;5~6;4~5;67~85;4~6;2;0~3;Not Placed
18~19;Male;MCA;ECE~ME~Civil;5~6;1~2;3;5~6;4~5;67~85;4~6;2;0~3;Not Placed
18~21;Male;MCA;ECE~ME~Civil;5~6;1;3;5~6;6~7;48~61;4~7;1~2;0~3;Placed
18~21;Male;MCA;ECE~ME~Civil;5~6;1;3;5~6;6~7;48~61;4~7;1~2;0~3;Not Placed
18~21;Male;MCA;ECE~ME~Civil;5~6;1;3;5~6;6~7;48~61;4~7;1~2;0~3;Not Placed
18~21;Male;MCA;ECE~ME~Civil;5~6;1;3;5~6;6~7;48~61;4~7;1~2;0~3;Not Placed
18~21;Male;MCA;ECE~ME~Civil;5~6;1;3;5~6;6~7;48~61;4~7;1~2;0~3;Not Placed
18~21;Male;MCA;ECE~ME~Civil;5~6;1;3;5;6~10;62~77;4~6;2;0~2;Placed
18~21;Male;MCA;ECE~ME~Civil;5~6;1;3;5;6~10;62~77;4~6;2;0~2;Not Placed
18~21;Male;MCA;ECE~ME~Civil;5~6;1;3;5;6~10;62~77;4~6;2;0~2;Not Placed
18~21;Male;MCA;ECE~ME~Civil;5~6;1;3;5;6~10;62~77;4~6;2;0~2;Placed
18~21;Male;MCA;ECE~ME~Civil;5~6;1;3;5;6~10;62~77;4~6;2;0~2;Not Placed
18~21;Female;MCA;ECE~ME~Civil;5~6;1~2;3;5~6;5;35~61;4~6;1~2;1~3;Not Placed
18~21;Female;MCA;ECE~ME~Civil;5~6;1~2;3;5~6;5;35~61;4~6;1~2;1~3;Not Placed
18~21;Female;MCA;ECE~ME~Civil;5~6;1~2;3;5~6;5;35~61;4~6;1~2;1~3;Not Placed
18~21;Female;MCA;ECE~ME~Civil;5~6;1~2;3;5~6;5;35~61;4~6;1~2;1~3;Not Placed
18~21;Female;MCA;ECE~ME~Civil;5~6;1~2;3;5~6;5;35~61;4~6;1~2;1~3;Not Placed
19~21;Female;MCA;ME~Civil;5~6;1~2;3;5;4~5;64~75;4~9;2;0~3;Placed
19~21;Female;MCA;ME~Civil;5~6;1~2;3;5;4~5;64~75;4~9;2;0~3;Not Placed
19~21;Female;MCA;ME~Civil;5~6;1~2;3;5;4~5;64~75;4~9;2;0~3;Not Placed
19~21;Female;MCA;ME~Civil;5~6;1~2;3;5;4~5;64~75;4~9;2;0~3;Not Placed
19~21;Female;MCA;ME~Civil;5~6;1~2;3;5;4~5;64~75;4~9;2;0~3;Not Placed
18~21;Female;MCA;ECE~ME~Civil;5~6;1~2;3;5;6~8;45~70;5~8;1~2;0~2;Not Placed
18~21;Female;MCA;ECE~ME~Civil;5~6;1~2;3;5;6~8;45~70;5~8;1~2;0~2;Not Placed
18~21;Female;MCA;ECE~ME~Civil;5~6;1~2;3;5;6~8;45~70;5~8;1~2;0~2;Not Placed
18~21;Female;MCA;ECE~ME~Civil;5~6;1~2;3;5;6~8;45~70;5~8;1~2;0~2;Placed
18~21;Female;MCA;ECE~ME~Civil;5~6;1~2;3;5;6~8;45~70;5~8;1~2;0~2;Not Placed
18~20;Male;MCA;ECE~ME~Civil;6~6;1;4;6;3~6;51~69;4~8;2;0~1;Not Placed
18~20;Male;MCA;ECE~ME~Civil;6~6;1;4;6;3~6;51~69;4~8;2;0~1;Not Placed
18~20;Male;MCA;ECE~ME~Civil;6~6;1;4;6;3~6;51~69;4~8;2;0~1;Not Placed
18~20;Male;MCA;ECE~ME~Civil;6~6;1;4;6;3~6;51~69;4~8;2;0~1;Placed
18~20;Male;MCA;ECE~ME~Civil;6~6;1;4;6;3~6;51~69;4~8;2;0~1;Not Placed
19~21;Male;MCA;ECE~ME~Civil;6~6;1~2;4;6;3~10;74~92;4~9;2;0~2;Not Placed
19~21;Male;MCA;ECE~ME~Civil;6~6;1~2;4;6;3~10;74~92;4~9;2;0~2;Not Placed
19~21;Male;MCA;ECE~ME~Civil;6~6;1~2;4;6;3~10;74~92;4~9;2;0~2;Placed
19~21;Male;MCA;ECE~ME~Civil;6~6;1~2;4;6;3~10;74~92;4~9;2;0~2;Not Placed
19~21;Male;MCA;ECE~ME~Civil;6~6;1~2;4;6;3~10;74~92;4~9;2;0~2;Not Placed
18~19;Male;MCA;ECE;5~6;1~2;4;7~8;3~5;55~67;3~6;2;0~2;Not Placed
18~19;Male;MCA;ECE;5~6;1~2;4;7~8;3~5;55~67;3~6;2;0~2;Not Placed
18~19;Male;MCA;ECE;5~6;1~2;4;7~8;3~5;55~67;3~6;2;0~2;Not Placed
18~19;Male;MCA;ECE;5~6;1~2;4;7~8;3~5;55~67;3~6;2;0~2;Not Placed
18~19;Male;MCA;ECE;5~6;1~2;4;7~8;3~5;55~67;3~6;2;0~2;Placed
19~21;Male;MCA;ECE~ME~Civil;5~6;1~2;4;7~8;6~8;54~83;4~8;2~3;0~3;Placed
19~21;Male;MCA;ECE~ME~Civil;5~6;1~2;4;7~8;6~8;54~83;4~8;2~3;0~3;Not Placed
19~21;Male;MCA;ECE~ME~Civil;5~6;1~2;4;7~8;6~8;54~83;4~8;2~3;0~3;Not Placed
19~21;Male;MCA;ECE~ME~Civil;5~6;1~2;4;7~8;6~8;54~83;4~8;2~3;0~3;Not Placed
19~21;Male;MCA;ECE~ME~Civil;5~6;1~2;4;7~8;6~8;54~83;4~8;2~3;0~3;Not Placed
18~21;Female;MCA;ECE~ME~Civil;5~6;1~2;4;6~8;3~5;51~64;5~7;2;0~2;Not Placed
18~21;Female;MCA;ECE~ME~Civil;5~6;1~2;4;6~8;3~5;51~64;5~7;2;0~2;Not Placed
18~21;Female;MCA;ECE~ME~Civil;5~6;1~2;4;6~8;3~5;51~64;5~7;2;0~2;Not Placed
18~21;Female;MCA;ECE~ME~Civil;5~6;1~2;4;6~8;3~5;51~64;5~7;2;0~2;Not Placed
18~21;Female;MCA;ECE~ME~Civil;5~6;1~2;4;6~8;3~5;51~64;5~7;2;0~2;Not Placed
18~21;Female;MCA;ECE~ME;6~6;1~2;4;6~7;3~5;65~100;4~6;2;0~1;Placed
18~21;Female;MCA;ECE~ME;6~6;1~2;4;6~7;3~5;65~100;4~6;2;0~1;Not Placed
18~21;Female;MCA;ECE~ME;6~6;1~2;4;6~7;3~5;65~100;4~6;2;0~1;Placed
18~21;Female;MCA;ECE~ME;6~6;1~2;4;6~7;3~5;65~100;4~6;2;0~1;Placed
18~21;Female;MCA;ECE~ME;6~6;1~2;4;6~7;3~5;65~100;4~6;2;0~1;Not Placed
19~21;Female;MCA;ECE~ME~Civil;6~6;1~2;4;6~7;6~8;45~81;3~8;2;0~3;Placed
19~21;Female;MCA;ECE~ME~Civil;6~6;1~2;4;6~7;6~8;45~81;3~8;2;0~3;Not Placed
19~21;Female;MCA;ECE~ME~Civil;6~6;1~2;4;6~7;6~8;45~81;3~8;2;0~3;Not Placed
19~21;Female;MCA;ECE~ME~Civil;6~6;1~2;4;6~7;6~8;45~81;3~8;2;0~3;Placed
19~21;Female;MCA;ECE~ME~Civil;6~6;1~2;4;6~7;6~8;45~81;3~8;2;0~3;Not Placed
19~21;Female;MCA;ECE~ME~Civil;6~6;1~2;4;6~7;6~8;45~81;3~8;2;0~3;Placed
19~21;Female;MCA;ECE~ME~Civil;6~6;1~2;4;6~7;6~8;45~81;3~8;2;0~3;Placed
19~21;Female;MCA;ECE~ME~Civil;6~6;1~2;4;6~7;6~8;45~81;3~8;2;0~3;Not Placed
19~21;Female;MCA;ECE~ME~Civil;6~6;1~2;4;6~7;6~8;45~81;3~8;2;0~3;Placed
18~21;Male;MCA;ECE~ME~Civil;6~7;0~1;3~4;2~5;3~6;47~73;4~6;1;0~2;Not Placed
18~21;Male;MCA;ECE~ME~Civil;6~7;0~1;3~4;2~5;3~6;47~73;4~6;1;0~2;Not Placed
18~21;Male;MCA;ECE~ME~Civil;6~7;0~1;3~4;2~5;3~6;47~73;4~6;1;0~2;Not Placed
18~21;Male;MCA;ECE~ME~Civil;6~7;0~1;3~4;2~5;3~6;47~73;4~6;1;0~2;Not Placed
18~21;Male;MCA;ECE~ME~Civil;6~7;0~1;3~4;2~5;3~6;47~73;4~6;1;0~2;Not Placed
18~21;Male;MCA;ECE~ME~Civil;6~7;0~1;3~4;2~5;3~6;47~73;4~6;1;0~2;Not Placed
18~21;Male;MCA;ECE~ME~Civil;6~7;0~1;3~4;2~5;3~6;47~73;4~6;1;0~2;Placed
18~21;Male;MCA;ECE~ME~Civil;6~7;0~1;3~4;2~5;3~6;47~73;4~6;1;0~2;Not Placed
18~21;Male;MCA;ECE~ME~Civil;6~7;0~1;3~4;2~5;3~6;47~73;4~6;1;0~2;Not Placed
18~21;Male;MCA;ME~Civil;7~7;0~1;3;2~4;3~6;48~73;4~6;1;0~2;Not Placed
18~21;Male;MCA;ME~Civil;7~7;0~1;3;2~4;3~6;48~73;4~6;1;0~2;Not Placed
18~21;Male;MCA;ME~Civil;7~7;0~1;3;2~4;3~6;48~73;4~6;1;0~2;Not Placed
18~21;Male;MCA;ME~Civil;7~7;0~1;3;2~4;3~6;48~73;4~6;1;0~2;Not Placed
18~21;Male;MCA;ME~Civil;7~7;0~1;3;2~4;3~6;48~73;4~6;1;0~2;Not Placed
18~21;Male;MCA;ME~Civil;7~7;0~1;3;2~4;3~6;48~73;4~6;1;0~2;Not Placed
18~21;Male;MCA;ME~Civil;7~7;0~1;3;2~4;3~6;48~73;4~6;1;0~2;Not Placed
18~21;Male;MCA;ECE~ME~Civil;7~7;0~1;4;5;5~6;65~73;2~5;2;0~2;Not Placed
18~21;Male;MCA;ECE~ME~Civil;7~7;0~1;4;5;5~6;65~73;2~5;2;0~2;Placed
18~21;Male;MCA;ECE~ME~Civil;7~7;0~1;4;5;5~6;65~73;2~5;2;0~2;Placed
18~21;Male;MCA;ECE~ME~Civil;7~7;0~1;4;5;5~6;65~73;2~5;2;0~2;Placed
18~21;Male;MCA;ECE~ME~Civil;7~7;0~1;4;5;5~6;65~73;2~5;2;0~2;Placed
18~21;Male;MCA;ECE~ME~Civil;7~7;0~1;4;5;5~6;65~73;2~5;2;0~2;Placed
18~21;Male;MCA;ECE~ME~Civil;7~8;0~1;4;5;4~6;66~74;4~6;2;0~2;Placed
18~21;Male;MCA;ECE~ME~Civil;7~8;0~1;4;5;4~6;66~74;4~6;2;0~2;Placed
18~21;Male;MCA;ECE~ME~Civil;7~8;0~1;4;5;4~6;66~74;4~6;2;0~2;Not Placed
18~21;Male;MCA;ECE~ME~Civil;7~8;0~1;4;5;4~6;66~74;4~6;2;0~2;Not Placed
18~21;Male;MCA;ECE~ME~Civil;7~8;0~1;4;5;4~6;66~74;4~6;2;0~2;Not Placed
18~21;Male;MCA;ECE~ME~Civil;7~8;0~1;4;5;4~6;66~74;4~6;2;0~2;Not Placed
18~21;Male;MCA;ECE~ME~Civil;7~8;0~1;4;5;4~6;66~74;4~6;2;0~2;Not Placed
18~21;Male;MCA;ECE~ME~Civil;7~7;0~1;2~4;1~5;3~6;42~74;7~8;0~2;0~1;Placed
18~21;Male;MCA;ECE~ME~Civil;7~7;0~1;2~4;1~5;3~6;42~74;7~8;0~2;0~1;Not Placed
18~21;Male;MCA;ECE~ME~Civil;7~7;0~1;2~4;1~5;3~6;42~74;7~8;0~2;0~1;Not Placed
18~21;Male;MCA;ECE~ME~Civil;7~7;0~1;2~4;1~5;3~6;42~74;7~8;0~2;0~1;Placed
18~21;Male;MCA;ECE~ME~Civil;7~7;0~1;2~4;1~5;3~6;42~74;7~8;0~2;0~1;Not Placed
18~21;Male;MCA;ECE~ME~Civil;7~7;0~1;2~4;1~5;3~6;42~74;7~8;0~2;0~1;Placed
18~21;Male;MCA;ECE~ME~Civil;7~7;0~1;2~4;1~5;3~6;42~74;7~8;0~2;0~1;Not Placed
18~21;Male;MCA;ECE~ME~Civil;7~7;0~1;2~4;1~5;3~6;42~74;7~8;0~2;0~1;Not Placed
18~21;Male;MCA;ME~Civil;7~7;0~1;3~4;2~5;5~6;75~100;3~5;1~2;0~2;Not Placed
18~21;Male;MCA;ME~Civil;7~7;0~1;3~4;2~5;5~6;75~100;3~5;1~2;0~2;Not Placed
18~21;Male;MCA;ME~Civil;7~7;0~1;3~4;2~5;5~6;75~100;3~5;1~2;0~2;Placed
18~21;Male;MCA;ME~Civil;7~7;0~1;3~4;2~5;5~6;75~100;3~5;1~2;0~2;Not Placed
18~21;Male;MCA;ME~Civil;7~7;0~1;3~4;2~5;5~6;75~100;3~5;1~2;0~2;Placed
18~21;Male;MCA;ME~Civil;7~7;0~1;3~4;2~5;5~6;75~100;3~5;1~2;0~2;Not Placed
18~21;Male;MCA;ME~Civil;7~7;0~1;3~4;2~5;5~6;75~100;3~5;1~2;0~2;Placed
18~20;Male;MCA;ECE~ME~Civil;7~9;0~1;3~4;1~5;2~6;75~95;4~5;1~2;0~2;Not Placed
18~20;Male;MCA;ECE~ME~Civil;7~9;0~1;3~4;1~5;2~6;75~95;4~5;1~2;0~2;Not Placed
18~20;Male;MCA;ECE~ME~Civil;7~9;0~1;3~4;1~5;2~6;75~95;4~5;1~2;0~2;Not Placed
18~20;Male;MCA;ECE~ME~Civil;7~9;0~1;3~4;1~5;2~6;75~95;4~5;1~2;0~2;Not Placed
18~20;Male;MCA;ECE~ME~Civil;7~9;0~1;3~4;1~5;2~6;75~95;4~5;1~2;0~2;Not Placed
18~20;Male;MCA;ECE~ME~Civil;7~9;0~1;3~4;1~5;2~6;75~95;4~5;1~2;0~2;Not Placed
18~20;Male;MCA;ECE~ME~Civil;7~9;0~1;3~4;1~5;2~6;75~95;4~5;1~2;0~2;Placed
18~20;Male;MCA;ECE~ME~Civil;7~9;0~1;3~4;1~5;2~6;75~95;4~5;1~2;0~2;Not Placed
18~21;Male;MCA;ECE~ME~Civil;7~8;0~1;3~4;4~5;3~6;75~90;6~7;1~2;0;Placed
18~21;Male;MCA;ECE~ME~Civil;7~8;0~1;3~4;4~5;3~6;75~90;6~7;1~2;0;Not Placed
18~21;Male;MCA;ECE~ME~Civil;7~8;0~1;3~4;4~5;3~6;75~90;6~7;1~2;0;Not Placed
18~21;Male;MCA;ECE~ME~Civil;7~8;0~1;3~4;4~5;3~6;75~90;6~7;1~2;0;Not Placed
18~21;Male;MCA;ECE~ME~Civil;7~8;0~1;3~4;4~5;3~6;75~90;6~7;1~2;0;Not Placed
18~21;Male;MCA;ECE~ME~Civil;8~9;0~1;4;4~5;5~6;79~100;6~8;2;0;Not Placed
18~21;Male;MCA;ECE~ME~Civil;8~9;0~1;4;4~5;5~6;79~100;6~8;2;0;Placed
18~21;Male;MCA;ECE~ME~Civil;8~9;0~1;4;4~5;5~6;79~100;6~8;2;0;Not Placed
18~21;Male;MCA;ECE~ME~Civil;8~9;0~1;4;4~5;5~6;79~100;6~8;2;0;Placed
18~21;Male;MCA;ECE~ME~Civil;8~9;0~1;4;4~5;5~6;79~100;6~8;2;0;Placed
19~21;Male;MCA;ECE~ME~Civil;7~8;0~1;3~4;4~5;4~6;75~100;6~7;2;1;Placed
19~21;Male;MCA;ECE~ME~Civil;7~8;0~1;3~4;4~5;4~6;75~100;6~7;2;1;Placed
19~21;Male;MCA;ECE~ME~Civil;7~8;0~1;3~4;4~5;4~6;75~100;6~7;2;1;Placed
19~21;Male;MCA;ECE~ME~Civil;7~8;0~1;3~4;4~5;4~6;75~100;6~7;2;1;Placed
19~21;Male;MCA;ECE~ME~Civil;7~8;0~1;3~4;4~5;4~6;75~100;6~7;2;1;Not Placed
19~21;Male;MCA;ECE~ME~Civil;7~8;0~1;3~4;4~5;4~6;75~100;6~7;2;1;Not Placed
18~21;Male;MCA;ECE~ME~Civil;7~8;0~1;3~4;2~5;7~9;52~71;4~5;1;0~2;Not Placed
18~21;Male;MCA;ECE~ME~Civil;7~8;0~1;3~4;2~5;7~9;52~71;4~5;1;0~2;Not Placed
18~21;Male;MCA;ECE~ME~Civil;7~8;0~1;3~4;2~5;7~9;52~71;4~5;1;0~2;Not Placed
18~21;Male;MCA;ECE~ME~Civil;7~8;0~1;3~4;2~5;7~9;52~71;4~5;1;0~2;Not Placed
18~21;Male;MCA;ECE~ME~Civil;7~8;0~1;3~4;2~5;7~9;52~71;4~5;1;0~2;Not Placed
18~21;Male;MCA;ECE~ME~Civil;7~8;0~1;3~4;2~5;7~9;52~71;4~5;1;0~2;Not Placed
18~21;Male;MCA;ECE~ME~Civil;6~9;0~1;3~4;3~5;7~9;49~66;6;1~2;0~2;Not Placed
18~21;Male;MCA;ECE~ME~Civil;6~9;0~1;3~4;3~5;7~9;49~66;6;1~2;0~2;Not Placed
18~21;Male;MCA;ECE~ME~Civil;6~9;0~1;3~4;3~5;7~9;49~66;6;1~2;0~2;Not Placed
18~21;Male;MCA;ECE~ME~Civil;6~9;0~1;3~4;3~5;7~9;49~66;6;1~2;0~2;Not Placed
18~21;Male;MCA;ECE~ME~Civil;6~9;0~1;3~4;3~5;7~9;49~66;6;1~2;0~2;Placed
20~21;Male;MCA;ECE~ME~Civil;6~7;0~1;2~4;2~5;7;72~91;3~5;1~2;0~2;Not Placed
20~21;Male;MCA;ECE~ME~Civil;6~7;0~1;2~4;2~5;7;72~91;3~5;1~2;0~2;Not Placed
20~21;Male;MCA;ECE~ME~Civil;6~7;0~1;2~4;2~5;7;72~91;3~5;1~2;0~2;Placed
20~21;Male;MCA;ECE~ME~Civil;6~7;0~1;2~4;2~5;7;72~91;3~5;1~2;0~2;Not Placed
20~21;Male;MCA;ECE~ME~Civil;6~7;0~1;2~4;2~5;7;72~91;3~5;1~2;0~2;Not Placed
20~21;Male;MCA;ECE~ME~Civil;6~7;0~1;2~4;2~5;7;72~91;3~5;1~2;0~2;Not Placed
18~21;Male;MCA;ECE~ME~Civil;7~8;0~1;3~4;3~5;7~9;73~88;6~8;1~2;0~2;Not Placed
18~21;Male;MCA;ECE~ME~Civil;7~8;0~1;3~4;3~5;7~9;73~88;6~8;1~2;0~2;Not Placed
18~21;Male;MCA;ECE~ME~Civil;7~8;0~1;3~4;3~5;7~9;73~88;6~8;1~2;0~2;Not Placed
18~21;Male;MCA;ECE~ME~Civil;7~8;0~1;3~4;3~5;7~9;73~88;6~8;1~2;0~2;Placed
18~21;Male;MCA;ECE~ME~Civil;7~8;0~1;3~4;3~5;7~9;73~88;6~8;1~2;0~2;Not Placed
18~21;Male;MCA;ECE~ME~Civil;7~8;0~1;3~4;3~5;7~9;73~88;6~8;1~2;0~2;Placed
18~21;Male;MCA;ECE~ME~Civil;7~7;0~1;4;6~7;4~5;60~70;3~7;2;0~1;Not Placed
18~21;Male;MCA;ECE~ME~Civil;7~7;0~1;4;6~7;4~5;60~70;3~7;2;0~1;Not Placed
18~21;Male;MCA;ECE~ME~Civil;7~7;0~1;4;6~7;4~5;60~70;3~7;2;0~1;Not Placed
18~21;Male;MCA;ECE~ME~Civil;7~7;0~1;4;6~7;4~5;60~70;3~7;2;0~1;Placed
18~21;Male;MCA;ECE~ME~Civil;7~7;0~1;4;6~7;4~5;60~70;3~7;2;0~1;Placed
18~21;Male;MCA;ECE~ME~Civil;7~8;0~1;4;6~7;3~5;64~73;4~6;2;0~1;Not Placed
18~21;Male;MCA;ECE~ME~Civil;7~8;0~1;4;6~7;3~5;64~73;4~6;2;0~1;Not Placed
18~21;Male;MCA;ECE~ME~Civil;7~8;0~1;4;6~7;3~5;64~73;4~6;2;0~1;Placed
18~21;Male;MCA;ECE~ME~Civil;7~8;0~1;4;6~7;3~5;64~73;4~6;2;0~1;Placed
18~21;Male;MCA;ECE~ME~Civil;7~8;0~1;4;6~7;3~5;64~73;4~6;2;0~1;Not Placed
18~21;Male;MCA;ECE~ME;7~7;1;4;6~7;1~5;77~90;5~6;2;0~2;Placed
18~21;Male;MCA;ECE~ME;7~7;1;4;6~7;1~5;77~90;5~6;2;0~2;Placed
18~21;Male;MCA;ECE~ME;7~7;1;4;6~7;1~5;77~90;5~6;2;0~2;Placed
18~21;Male;MCA;ECE~ME;7~7;1;4;6~7;1~5;77~90;5~6;2;0~2;Not Placed
18~21;Male;MCA;ECE~ME;7~7;1;4;6~7;1~5;77~90;5~6;2;0~2;Not Placed
19~21;Male;MCA;ECE~ME~Civil;7~8;0~1;4;6~7;2~5;79~89;4~8;2;0;Not Placed
19~21;Male;MCA;ECE~ME~Civil;7~8;0~1;4;6~7;2~5;79~89;4~8;2;0;Not Placed
19~21;Male;MCA;ECE~ME~Civil;7~8;0~1;4;6~7;2~5;79~89;4~8;2;0;Not Placed
19~21;Male;MCA;ECE~ME~Civil;7~8;0~1;4;6~7;2~5;79~89;4~8;2;0;Placed
19~21;Male;MCA;ECE~ME~Civil;7~8;0~1;4;6~7;2~5;79~89;4~8;2;0;Not Placed
19~21;Male;MCA;ECE~ME~Civil;7~8;0~1;4;6~7;2~5;79~89;4~8;2;0;Placed
18~21;Male;MCA;ECE~ME~Civil;6~7;0~1;4;6~7;6~7;61~76;4~5;2;0~1;Placed
18~21;Male;MCA;ECE~ME~Civil;6~7;0~1;4;6~7;6~7;61~76;4~5;2;0~1;Placed
18~21;Male;MCA;ECE~ME~Civil;6~7;0~1;4;6~7;6~7;61~76;4~5;2;0~1;Placed
18~21;Male;MCA;ECE~ME~Civil;6~7;0~1;4;6~7;6~7;61~76;4~5;2;0~1;Placed
18~21;Male;MCA;ECE~ME~Civil;6~7;0~1;4;6~7;6~7;61~76;4~5;2;0~1;Placed
18~21;Male;MCA;ME~Civil;7~8;0~1;4;6~7;6~8;58~77;6~7;2;0~1;Placed
18~21;Male;MCA;ME~Civil;7~8;0~1;4;6~7;6~8;58~77;6~7;2;0~1;Placed
18~21;Male;MCA;ME~Civil;7~8;0~1;4;6~7;6~8;58~77;6~7;2;0~1;Placed
18~21;Male;MCA;ME~Civil;7~8;0~1;4;6~7;6~8;58~77;6~7;2;0~1;Placed
18~21;Male;MCA;ME~Civil;7~8;0~1;4;6~7;6~8;58~77;6~7;2;0~1;Placed
18~21;Male;MCA;ME~Civil;7~8;0~1;4;6~7;6~8;58~77;6~7;2;0~1;Placed
18~21;Male;MCA;ECE~ME~Civil;7~8;0~1;4;6~7;6~9;82~90;4~5;2;0~2;Placed
18~21;Male;MCA;ECE~ME~Civil;7~8;0~1;4;6~7;6~9;82~90;4~5;2;0~2;Placed
18~21;Male;MCA;ECE~ME~Civil;7~8;0~1;4;6~7;6~9;82~90;4~5;2;0~2;Placed
18~21;Male;MCA;ECE~ME~Civil;7~8;0~1;4;6~7;6~9;82~90;4~5;2;0~2;Placed
18~21;Male;MCA;ECE~ME~Civil;7~8;0~1;4;6~7;6~9;82~90;4~5;2;0~2;Not Placed
18~21;Male;MCA;ECE~ME~Civil;7~8;0~1;4;6~7;6~9;82~90;4~5;2;0~2;Placed
18~21;Male;MCA;ECE~ME~Civil;7~8;0~1;4;6~7;6~7;78~99;6~7;2;0~2;Placed
18~21;Male;MCA;ECE~ME~Civil;7~8;0~1;4;6~7;6~7;78~99;6~7;2;0~2;Placed
18~21;Male;MCA;ECE~ME~Civil;7~8;0~1;4;6~7;6~7;78~99;6~7;2;0~2;Not Placed
18~21;Male;MCA;ECE~ME~Civil;7~8;0~1;4;6~7;6~7;78~99;6~7;2;0~2;Placed
18~21;Male;MCA;ECE~ME~Civil;7~8;0~1;4;6~7;6~7;78~99;6~7;2;0~2;Placed
18~21;Male;MCA;ECE~ME~Civil;7~9;1;5~6;7~10;3~6;67~91;4~6;2~3;0~1;Not Placed
18~21;Male;MCA;ECE~ME~Civil;7~9;1;5~6;7~10;3~6;67~91;4~6;2~3;0~1;Placed
18~21;Male;MCA;ECE~ME~Civil;7~9;1;5~6;7~10;3~6;67~91;4~6;2~3;0~1;Placed
18~21;Male;MCA;ECE~ME~Civil;7~9;1;5~6;7~10;3~6;67~91;4~6;2~3;0~1;Placed
18~21;Male;MCA;ECE~ME~Civil;7~9;1;5~6;7~10;3~6;67~91;4~6;2~3;0~1;Placed
18~21;Male;MCA;ECE~ME~Civil;7~9;1;5~6;7~10;3~6;67~91;4~6;2~3;0~1;Placed
18~21;Male;MCA;ECE~ME~Civil;7~9;1;5~6;7~10;3~6;67~91;4~6;2~3;0~1;Placed
18~21;Male;MCA;ECE~ME~Civil;7~9;1;5~6;7~10;3~6;67~91;4~6;2~3;0~1;Placed
18~21;Male;MCA;ECE~ME~Civil;7~9;0~1;5~6;6~10;5~6;94~100;4~8;2~3;0~1;Placed
18~21;Male;MCA;ECE~ME~Civil;7~9;0~1;5~6;6~10;5~6;94~100;4~8;2~3;0~1;Placed
18~21;Male;MCA;ECE~ME~Civil;7~9;0~1;5~6;6~10;5~6;94~100;4~8;2~3;0~1;Placed
18~21;Male;MCA;ECE~ME~Civil;7~9;0~1;5~6;6~10;5~6;94~100;4~8;2~3;0~1;Placed
18~21;Male;MCA;ECE~ME~Civil;7~9;0~1;5~6;6~10;5~6;94~100;4~8;2~3;0~1;Placed
18~21;Male;MCA;ECE~ME~Civil;7~9;0~1;5~6;6~10;5~6;94~100;4~8;2~3;0~1;Placed
18~21;Male;MCA;ECE~ME~Civil;7~9;0~1;5~6;6~10;5~6;94~100;4~8;2~3;0~1;Placed
18~21;Male;MCA;ECE~ME~Civil;7~8;1;5;7~9;7~8;76~93;5~6;2~3;0~1;Placed
18~21;Male;MCA;ECE~ME~Civil;7~8;1;5;7~9;7~8;76~93;5~6;2~3;0~1;Placed
18~21;Male;MCA;ECE~ME~Civil;7~8;1;5;7~9;7~8;76~93;5~6;2~3;0~1;Placed
18~21;Male;MCA;ECE~ME~Civil;7~8;1;5;7~9;7~8;76~93;5~6;2~3;0~1;Placed
18~21;Male;MCA;ECE~ME~Civil;7~8;1;5;7~9;7~8;76~93;5~6;2~3;0~1;Placed
18~21;Male;MCA;ECE~ME~Civil;7~8;1;5;7~9;7~8;76~93;5~6;2~3;0~1;Placed
18~20;Female;MCA;ECE~ME~Civil;7~7;0~1;3;2~4;4~5;70~74;4~5;1;0~2;Not Placed
18~20;Female;MCA;ECE~ME~Civil;7~7;0~1;3;2~4;4~5;70~74;4~5;1;0~2;Not Placed
18~20;Female;MCA;ECE~ME~Civil;7~7;0~1;3;2~4;4~5;70~74;4~5;1;0~2;Not Placed
18~20;Female;MCA;ECE~ME~Civil;7~7;0~1;3;2~4;4~5;70~74;4~5;1;0~2;Not Placed
18~20;Female;MCA;ECE~ME~Civil;7~7;0~1;3;2~4;4~5;70~74;4~5;1;0~2;Not Placed
18~20;Female;MCA;ECE~ME~Civil;7~7;0~1;3;2~4;4~5;70~74;4~5;1;0~2;Not Placed
18~20;Female;MCA;ECE~ME~Civil;7~7;0~1;3;2~4;4~5;70~74;4~5;1;0~2;Not Placed
18~20;Female;MCA;ECE~ME~Civil;7~7;0~1;3;2~4;4~5;70~74;4~5;1;0~2;Not Placed
18~21;Female;MCA;ECE~ME~Civil;7~8;0;4;5;3~5;67~74;4~5;2;0~1;Placed
18~21;Female;MCA;ECE~ME~Civil;7~8;0;4;5;3~5;67~74;4~5;2;0~1;Not Placed
18~21;Female;MCA;ECE~ME~Civil;7~8;0;4;5;3~5;67~74;4~5;2;0~1;Placed
18~21;Female;MCA;ECE~ME~Civil;7~8;0;4;5;3~5;67~74;4~5;2;0~1;Placed
18~21;Female;MCA;ECE~ME~Civil;7~8;0;4;5;3~5;67~74;4~5;2;0~1;Placed
18~20;Female;MCA;ECE~ME~Civil;6~7;0~1;3~4;2~5;3~5;54~74;6~8;1;0;Placed
18~20;Female;MCA;ECE~ME~Civil;6~7;0~1;3~4;2~5;3~5;54~74;6~8;1;0;Not Placed
18~20;Female;MCA;ECE~ME~Civil;6~7;0~1;3~4;2~5;3~5;54~74;6~8;1;0;Not Placed
18~20;Female;MCA;ECE~ME~Civil;6~7;0~1;3~4;2~5;3~5;54~74;6~8;1;0;Not Placed
18~20;Female;MCA;ECE~ME~Civil;6~7;0~1;3~4;2~5;3~5;54~74;6~8;1;0;Not Placed
18~20;Female;MCA;ECE~ME~Civil;6~7;0~1;3~4;2~5;3~5;54~74;6~8;1;0;Not Placed
18~20;Female;MCA;ECE~ME~Civil;6~7;0~1;3~4;2~5;3~5;54~74;6~8;1;0;Not Placed
18~21;Female;MCA;ECE~ME~Civil;7~7;0~1;3~4;3~5;1~5;56~73;6~8;1~2;1~2;Not Placed
18~21;Female;MCA;ECE~ME~Civil;7~7;0~1;3~4;3~5;1~5;56~73;6~8;1~2;1~2;Not Placed
18~21;Female;MCA;ECE~ME~Civil;7~7;0~1;3~4;3~5;1~5;56~73;6~8;1~2;1~2;Not Placed
18~21;Female;MCA;ECE~ME~Civil;7~7;0~1;3~4;3~5;1~5;56~73;6~8;1~2;1~2;Placed
18~21;Female;MCA;ECE~ME~Civil;7~7;0~1;3~4;3~5;1~5;56~73;6~8;1~2;1~2;Not Placed
19~21;Female;MCA;ECE~ME~Civil;7~8;0~1;3~4;3~5;3~5;75~90;2~5;1~2;0~2;Not Placed
19~21;Female;MCA;ECE~ME~Civil;7~8;0~1;3~4;3~5;3~5;75~90;2~5;1~2;0~2;Not Placed
19~21;Female;MCA;ECE~ME~Civil;7~8;0~1;3~4;3~5;3~5;75~90;2~5;1~2;0~2;Not Placed
19~21;Female;MCA;ECE~ME~Civil;7~8;0~1;3~4;3~5;3~5;75~90;2~5;1~2;0~2;Not Placed
19~21;Female;MCA;ECE~ME~Civil;7~8;0~1;3~4;3~5;3~5;75~90;2~5;1~2;0~2;Placed
19~21;Female;MCA;ECE~ME~Civil;7~8;0~1;3~4;3~5;3~5;75~90;2~5;1~2;0~2;Placed
19~21;Female;MCA;ECE~ME~Civil;7~8;0~1;3~4;3~5;3~5;75~90;2~5;1~2;0~2;Not Placed
19~21;Female;MCA;ECE~ME~Civil;7~8;0~1;3~4;3~5;3~5;75~90;2~5;1~2;0~2;Not Placed
19~21;Female;MCA;ECE~ME~Civil;7~8;0~1;3~4;3~5;3~5;75~90;2~5;1~2;0~2;Placed
18~21;Female;MCA;ECE~ME~Civil;6~7;0~1;3~4;3~5;4~5;75~82;6~7;1~2;0;Not Placed
18~21;Female;MCA;ECE~ME~Civil;6~7;0~1;3~4;3~5;4~5;75~82;6~7;1~2;0;Placed
18~21;Female;MCA;ECE~ME~Civil;6~7;0~1;3~4;3~5;4~5;75~82;6~7;1~2;0;Placed
18~21;Female;MCA;ECE~ME~Civil;6~7;0~1;3~4;3~5;4~5;75~82;6~7;1~2;0;Not Placed
18~21;Female;MCA;ECE~ME~Civil;6~7;0~1;3~4;3~5;4~5;75~82;6~7;1~2;0;Placed
18~21;Female;MCA;ECE~ME~Civil;7~9;0~1;3~4;3~5;4~5;75~93;6~8;1~2;0~1;Not Placed
18~21;Female;MCA;ECE~ME~Civil;7~9;0~1;3~4;3~5;4~5;75~93;6~8;1~2;0~1;Not Placed
18~21;Female;MCA;ECE~ME~Civil;7~9;0~1;3~4;3~5;4~5;75~93;6~8;1~2;0~1;Not Placed
18~21;Female;MCA;ECE~ME~Civil;7~9;0~1;3~4;3~5;4~5;75~93;6~8;1~2;0~1;Not Placed
18~21;Female;MCA;ECE~ME~Civil;7~9;0~1;3~4;3~5;4~5;75~93;6~8;1~2;0~1;Placed
18~21;Female;MCA;ECE~ME~Civil;6~7;0~1;3~4;3~5;6~8;49~72;3~5;1~2;0~2;Not Placed
18~21;Female;MCA;ECE~ME~Civil;6~7;0~1;3~4;3~5;6~8;49~72;3~5;1~2;0~2;Not Placed
18~21;Female;MCA;ECE~ME~Civil;6~7;0~1;3~4;3~5;6~8;49~72;3~5;1~2;0~2;Not Placed
18~21;Female;MCA;ECE~ME~Civil;6~7;0~1;3~4;3~5;6~8;49~72;3~5;1~2;0~2;Placed
18~21;Female;MCA;ECE~ME~Civil;6~7;0~1;3~4;3~5;6~8;49~72;3~5;1~2;0~2;Not Placed
18~21;Female;MCA;ECE~ME~Civil;6~7;0~1;3~4;3~5;6~8;49~72;3~5;1~2;0~2;Placed
18~21;Female;MCA;ECE~ME~Civil;6~7;0~1;3~4;3~5;6~8;49~72;3~5;1~2;0~2;Not Placed
18~21;Female;MCA;ECE~ME~Civil;6~8;0~1;2~4;2~5;6~9;45~72;6~7;1~2;0~1;Not Placed
18~21;Female;MCA;ECE~ME~Civil;6~8;0~1;2~4;2~5;6~9;45~72;6~7;1~2;0~1;Not Placed
18~21;Female;MCA;ECE~ME~Civil;6~8;0~1;2~4;2~5;6~9;45~72;6~7;1~2;0~1;Not Placed
18~21;Female;MCA;ECE~ME~Civil;6~8;0~1;2~4;2~5;6~9;45~72;6~7;1~2;0~1;Not Placed
18~21;Female;MCA;ECE~ME~Civil;6~8;0~1;2~4;2~5;6~9;45~72;6~7;1~2;0~1;Not Placed
18~21;Female;MCA;ECE~ME~Civil;6~8;0~1;2~4;2~5;6~9;45~72;6~7;1~2;0~1;Placed
18~21;Female;MCA;ECE~ME~Civil;6~8;0~1;2~4;2~5;6~9;45~72;6~7;1~2;0~1;Placed
18~21;Female;MCA;ECE~ME~Civil;6~8;0~1;2~4;2~5;6~9;45~72;6~7;1~2;0~1;Not Placed
18~21;Female;MCA;ECE~ME~Civil;6~7;0;3~4;4~5;6~8;74~100;4~6;1~2;0;Not Placed
18~21;Female;MCA;ECE~ME~Civil;6~7;0;3~4;4~5;6~8;74~100;4~6;1~2;0;Placed
18~21;Female;MCA;ECE~ME~Civil;6~7;0;3~4;4~5;6~8;74~100;4~6;1~2;0;Placed
18~21;Female;MCA;ECE~ME~Civil;6~7;0;3~4;4~5;6~8;74~100;4~6;1~2;0;Not Placed
18~21;Female;MCA;ECE~ME~Civil;6~7;0;3~4;4~5;6~8;74~100;4~6;1~2;0;Placed
18~21;Female;MCA;ECE~ME~Civil;7~8;0~1;3~4;3~5;6~7;81~100;4~7;1~2;0;Placed
18~21;Female;MCA;ECE~ME~Civil;7~8;0~1;3~4;3~5;6~7;81~100;4~7;1~2;0;Not Placed
18~21;Female;MCA;ECE~ME~Civil;7~8;0~1;3~4;3~5;6~7;81~100;4~7;1~2;0;Placed
18~21;Female;MCA;ECE~ME~Civil;7~8;0~1;3~4;3~5;6~7;81~100;4~7;1~2;0;Not Placed
18~21;Female;MCA;ECE~ME~Civil;7~8;0~1;3~4;3~5;6~7;81~100;4~7;1~2;0;Placed
18~21;Female;MCA;ECE~ME~Civil;7~8;0~1;2~4;1~5;6~7;73~91;3~9;1~2;1~2;Placed
18~21;Female;MCA;ECE~ME~Civil;7~8;0~1;2~4;1~5;6~7;73~91;3~9;1~2;1~2;Placed
18~21;Female;MCA;ECE~ME~Civil;7~8;0~1;2~4;1~5;6~7;73~91;3~9;1~2;1~2;Not Placed
18~21;Female;MCA;ECE~ME~Civil;7~8;0~1;2~4;1~5;6~7;73~91;3~9;1~2;1~2;Placed
18~21;Female;MCA;ECE~ME~Civil;7~8;0~1;2~4;1~5;6~7;73~91;3~9;1~2;1~2;Not Placed
18~21;Female;MCA;ECE~ME~Civil;7~8;0~1;2~4;1~5;6~7;73~91;3~9;1~2;1~2;Not Placed
18~21;Female;MCA;ECE~ME~Civil;7~8;0~1;4;6;1~5;62~74;4~5;2;0;Placed
18~21;Female;MCA;ECE~ME~Civil;7~8;0~1;4;6;1~5;62~74;4~5;2;0;Not Placed
18~21;Female;MCA;ECE~ME~Civil;7~8;0~1;4;6;1~5;62~74;4~5;2;0;Placed
18~21;Female;MCA;ECE~ME~Civil;7~8;0~1;4;6;1~5;62~74;4~5;2;0;Placed
18~21;Female;MCA;ECE~ME~Civil;7~8;0~1;4;6;1~5;62~74;4~5;2;0;Not Placed
18~21;Female;MCA;ECE~ME~Civil;7~8;0~1;4;6;1~5;62~74;4~5;2;0;Placed
18~21;Female;MCA;ECE~ME~Civil;7~8;0~1;4;6;1~5;62~74;4~5;2;0;Not Placed
18~21;Female;MCA;ECE~ME~Civil;7~8;0~1;4;6;1~5;62~74;4~5;2;0;Not Placed
18~21;Female;MCA;ECE~ME~Civil;7~8;0~1;4;6;3~5;61~73;6~7;2;0~2;Not Placed
18~21;Female;MCA;ECE~ME~Civil;7~8;0~1;4;6;3~5;61~73;6~7;2;0~2;Not Placed
18~21;Female;MCA;ECE~ME~Civil;7~8;0~1;4;6;3~5;61~73;6~7;2;0~2;Placed
18~21;Female;MCA;ECE~ME~Civil;7~8;0~1;4;6;3~5;61~73;6~7;2;0~2;Not Placed
18~21;Female;MCA;ECE~ME~Civil;7~8;0~1;4;6;3~5;61~73;6~7;2;0~2;Not Placed
19~20;Female;MCA;ECE~ME~Civil;6~7;0~1;4;6~7;3~5;77~89;5~7;2;0~1;Not Placed
19~20;Female;MCA;ECE~ME~Civil;6~7;0~1;4;6~7;3~5;77~89;5~7;2;0~1;Not Placed
19~20;Female;MCA;ECE~ME~Civil;6~7;0~1;4;6~7;3~5;77~89;5~7;2;0~1;Not Placed
19~20;Female;MCA;ECE~ME~Civil;6~7;0~1;4;6~7;3~5;77~89;5~7;2;0~1;Not Placed
19~20;Female;MCA;ECE~ME~Civil;6~7;0~1;4;6~7;3~5;77~89;5~7;2;0~1;Placed
19~20;Female;MCA;ECE~ME~Civil;6~7;0~1;4;6~7;3~5;77~89;5~7;2;0~1;Not Placed
18~21;Female;MCA;ECE~ME~Civil;7~8;0~1;4;6~7;4~5;76~91;4~8;2;0~1;Placed
18~21;Female;MCA;ECE~ME~Civil;7~8;0~1;4;6~7;4~5;76~91;4~8;2;0~1;Placed
18~21;Female;MCA;ECE~ME~Civil;7~8;0~1;4;6~7;4~5;76~91;4~8;2;0~1;Not Placed
18~21;Female;MCA;ECE~ME~Civil;7~8;0~1;4;6~7;4~5;76~91;4~8;2;0~1;Placed
18~21;Female;MCA;ECE~ME~Civil;7~8;0~1;4;6~7;4~5;76~91;4~8;2;0~1;Placed
18~21;Female;MCA;ECE~ME~Civil;7~8;0~1;4;6~7;4~5;76~91;4~8;2;0~1;Placed
18~21;Female;MCA;ECE~ME~Civil;7~8;0~1;4;6~7;4~5;76~91;4~8;2;0~1;Placed
19~21;Female;MCA;ECE~ME~Civil;7~7;0~1;4;6;6~8;57~73;3~8;2;0~1;Placed
19~21;Female;MCA;ECE~ME~Civil;7~7;0~1;4;6;6~8;57~73;3~8;2;0~1;Placed
19~21;Female;MCA;ECE~ME~Civil;7~7;0~1;4;6;6~8;57~73;3~8;2;0~1;Placed
19~21;Female;MCA;ECE~ME~Civil;7~7;0~1;4;6;6~8;57~73;3~8;2;0~1;Placed
19~21;Female;MCA;ECE~ME~Civil;7~7;0~1;4;6;6~8;57~73;3~8;2;0~1;Placed
19~21;Female;MCA;ECE~ME~Civil;7~7;0~1;4;6;6~8;57~73;3~8;2;0~1;Placed
19~21;Female;MCA;ECE~ME~Civil;7~7;0~1;4;6;6~8;57~73;3~8;2;0~1;Placed
19~21;Female;MCA;ECE~ME~Civil;7~7;0~1;4;6;6~8;57~73;3~8;2;0~1;Placed
18~21;Female;MCA;ECE~ME~Civil;7~8;0~1;4;6;6~8;75~90;4~7;2;0~1;Placed
18~21;Female;MCA;ECE~ME~Civil;7~8;0~1;4;6;6~8;75~90;4~7;2;0~1;Placed
18~21;Female;MCA;ECE~ME~Civil;7~8;0~1;4;6;6~8;75~90;4~7;2;0~1;Placed
18~21;Female;MCA;ECE~ME~Civil;7~8;0~1;4;6;6~8;75~90;4~7;2;0~1;Placed
18~21;Female;MCA;ECE~ME~Civil;7~8;0~1;4;6;6~8;75~90;4~7;2;0~1;Placed
18~21;Female;MCA;ECE~ME~Civil;7~8;0~1;4;6;6~8;75~90;4~7;2;0~1;Placed
18~21;Female;MCA;ECE~ME~Civil;7~8;0~1;4;6;6~8;75~90;4~7;2;0~1;Placed
18~21;Female;MCA;ECE~ME~Civil;7~8;0~1;4;6;6~8;75~90;4~7;2;0~1;Placed
18~21;Female;MCA;ECE~ME~Civil;7~8;0~1;4;6;6~8;75~90;4~7;2;0~1;Placed
18~21;Female;MCA;ECE~ME~Civil;7~8;1;5;7~8;4~5;59~91;4~9;2~3;0~1;Placed
18~21;Female;MCA;ECE~ME~Civil;7~8;1;5;7~8;4~5;59~91;4~9;2~3;0~1;Not Placed
18~21;Female;MCA;ECE~ME~Civil;7~8;1;5;7~8;4~5;59~91;4~9;2~3;0~1;Placed
18~21;Female;MCA;ECE~ME~Civil;7~8;1;5;7~8;4~5;59~91;4~9;2~3;0~1;Placed
18~21;Female;MCA;ECE~ME~Civil;7~8;1;5;7~8;4~5;59~91;4~9;2~3;0~1;Not Placed
18~21;Female;MCA;ECE~ME~Civil;7~8;1;5;7~8;4~5;59~91;4~9;2~3;0~1;Placed
18~21;Female;MCA;ECE~ME~Civil;7~8;1;5;7~8;4~5;59~91;4~9;2~3;0~1;Placed
18~21;Female;MCA;ECE~ME~Civil;7~8;1;5;7~8;4~5;59~91;4~9;2~3;0~1;Placed
18~21;Female;MCA;ECE~ME~Civil;7~9;1;5;7~8;6~8;74~100;4~6;2~3;0;Placed
18~21;Female;MCA;ECE~ME~Civil;7~9;1;5;7~8;6~8;74~100;4~6;2~3;0;Placed
18~21;Female;MCA;ECE~ME~Civil;7~9;1;5;7~8;6~8;74~100;4~6;2~3;0;Placed
18~21;Female;MCA;ECE~ME~Civil;7~9;1;5;7~8;6~8;74~100;4~6;2~3;0;Placed
18~21;Female;MCA;ECE~ME~Civil;7~9;1;5;7~8;6~8;74~100;4~6;2~3;0;Placed
18~21;Female;MCA;ECE~ME~Civil;7~9;1;5;7~8;6~8;74~100;4~6;2~3;0;Placed
18~21;Female;MCA;ECE~ME~Civil;7~8;1;5~6;9~10;4~6;62~75;5~6;3;0~1;Not Placed
18~21;Female;MCA;ECE~ME~Civil;7~8;1;5~6;9~10;4~6;62~75;5~6;3;0~1;Placed
18~21;Female;MCA;ECE~ME~Civil;7~8;1;5~6;9~10;4~6;62~75;5~6;3;0~1;Placed
18~21;Female;MCA;ECE~ME~Civil;7~8;1;5~6;9~10;4~6;62~75;5~6;3;0~1;Placed
18~21;Female;MCA;ECE~ME~Civil;7~8;1;5~6;9~10;4~6;62~75;5~6;3;0~1;Placed
19~21;Female;MCA;ECE~ME;7~8;1;5~6;9~10;4~7;76~89;5~8;3;0~1;Placed
19~21;Female;MCA;ECE~ME;7~8;1;5~6;9~10;4~7;76~89;5~8;3;0~1;Placed
19~21;Female;MCA;ECE~ME;7~8;1;5~6;9~10;4~7;76~89;5~8;3;0~1;Placed
19~21;Female;MCA;ECE~ME;7~8;1;5~6;9~10;4~7;76~89;5~8;3;0~1;Placed
19~21;Female;MCA;ECE~ME;7~8;1;5~6;9~10;4~7;76~89;5~8;3;0~1;Not Placed
18~21;Male~Female;MCA;ECE~ME~Civil;7~8;2;4~5;5~7;2~5;61~74;4~5;2;0~2;Placed
18~21;Male~Female;MCA;ECE~ME~Civil;7~8;2;4~5;5~7;2~5;61~74;4~5;2;0~2;Placed
18~21;Male~Female;MCA;ECE~ME~Civil;7~8;2;4~5;5~7;2~5;61~74;4~5;2;0~2;Not Placed
18~21;Male~Female;MCA;ECE~ME~Civil;7~8;2;4~5;5~7;2~5;61~74;4~5;2;0~2;Placed
18~21;Male~Female;MCA;ECE~ME~Civil;7~8;2;4~5;5~7;2~5;61~74;4~5;2;0~2;Not Placed
18~21;Male~Female;MCA;ECE~ME~Civil;7~8;2;4~5;5~7;2~5;61~74;4~5;2;0~2;Not Placed
18~21;Male~Female;MCA;ECE~ME~Civil;7~8;2;4~5;5~7;2~5;61~74;4~5;2;0~2;Not Placed
18~21;Male~Female;MCA;ECE~ME~Civil;7~8;2;4~5;5~7;2~5;61~74;4~5;2;0~2;Not Placed
18~21;Female;MCA;ECE~ME~Civil;7~8;2~3;4~5;6~7;4~5;52~73;6~7;2;0~2;Placed
18~21;Female;MCA;ECE~ME~Civil;7~8;2~3;4~5;6~7;4~5;52~73;6~7;2;0~2;Placed
18~21;Female;MCA;ECE~ME~Civil;7~8;2~3;4~5;6~7;4~5;52~73;6~7;2;0~2;Not Placed
18~21;Female;MCA;ECE~ME~Civil;7~8;2~3;4~5;6~7;4~5;52~73;6~7;2;0~2;Not Placed
18~21;Female;MCA;ECE~ME~Civil;7~8;2~3;4~5;6~7;4~5;52~73;6~7;2;0~2;Not Placed
18~21;Female;MCA;ECE~ME~Civil;7~8;2~3;4~5;6~7;4~5;52~73;6~7;2;0~2;Not Placed
18~21;Male;MCA;ECE~ME~Civil;7~8;2~3;4~5;6~7;4~5;78~97;4~8;2;0~1;Not Placed
18~21;Male;MCA;ECE~ME~Civil;7~8;2~3;4~5;6~7;4~5;78~97;4~8;2;0~1;Not Placed
18~21;Male;MCA;ECE~ME~Civil;7~8;2~3;4~5;6~7;4~5;78~97;4~8;2;0~1;Placed
18~21;Male;MCA;ECE~ME~Civil;7~8;2~3;4~5;6~7;4~5;78~97;4~8;2;0~1;Not Placed
18~21;Male;MCA;ECE~ME~Civil;7~8;2~3;4~5;6~7;4~5;78~97;4~8;2;0~1;Not Placed
18~21;Male;MCA;ECE~ME~Civil;7~8;2~3;4~5;6~7;4~5;78~97;4~8;2;0~1;Placed
18~21;Male;MCA;ECE~ME~Civil;7~8;2~3;4~5;6~7;4~5;78~97;4~8;2;0~1;Not Placed
18~21;Male;MCA;ECE~ME~Civil;7~8;2~3;4~5;6~7;4~5;78~97;4~8;2;0~1;Not Placed
18~21;Female;MCA;ECE~ME~Civil;7~8;2~3;4~5;5~7;3~5;80~100;4~9;2~3;0~1;Placed
18~21;Female;MCA;ECE~ME~Civil;7~8;2~3;4~5;5~7;3~5;80~100;4~9;2~3;0~1;Placed
18~21;Female;MCA;ECE~ME~Civil;7~8;2~3;4~5;5~7;3~5;80~100;4~9;2~3;0~1;Placed
18~21;Female;MCA;ECE~ME~Civil;7~8;2~3;4~5;5~7;3~5;80~100;4~9;2~3;0~1;Not Placed
18~21;Female;MCA;ECE~ME~Civil;7~8;2~3;4~5;5~7;3~5;80~100;4~9;2~3;0~1;Placed
18~21;Female;MCA;ECE~ME~Civil;7~8;2~3;4~5;5~7;3~5;80~100;4~9;2~3;0~1;Placed
18~21;Female;MCA;ECE~ME~Civil;7~8;2~3;4~5;5~7;3~5;80~100;4~9;2~3;0~1;Placed
19~21;Female;MCA;ECE~ME~Civil;7~9;2~3;4~5;5~7;6~9;63~79;4~6;2;0~2;Placed
19~21;Female;MCA;ECE~ME~Civil;7~9;2~3;4~5;5~7;6~9;63~79;4~6;2;0~2;Not Placed
19~21;Female;MCA;ECE~ME~Civil;7~9;2~3;4~5;5~7;6~9;63~79;4~6;2;0~2;Placed
19~21;Female;MCA;ECE~ME~Civil;7~9;2~3;4~5;5~7;6~9;63~79;4~6;2;0~2;Placed
19~21;Female;MCA;ECE~ME~Civil;7~9;2~3;4~5;5~7;6~9;63~79;4~6;2;0~2;Not Placed
19~21;Female;MCA;ECE~ME~Civil;7~9;2~3;4~5;5~7;6~9;63~79;4~6;2;0~2;Placed
19~21;Female;MCA;ECE~ME~Civil;7~9;2~3;4~5;5~7;6~9;63~79;4~6;2;0~2;Not Placed
19~21;Female;MCA;ECE~ME~Civil;7~9;2~3;4~5;5~7;6~9;63~79;4~6;2;0~2;Placed
19~21;Female;MCA;ECE~ME~Civil;7~9;2~3;4~5;5~7;6~9;63~79;4~6;2;0~2;Not Placed
18~21;Male~Female;MCA;ECE~ME~Civil;7~8;2~3;4~5;5~7;6~8;70~79;7~8;2;0~2;Placed
18~21;Male~Female;MCA;ECE~ME~Civil;7~8;2~3;4~5;5~7;6~8;70~79;7~8;2;0~2;Placed
18~21;Male~Female;MCA;ECE~ME~Civil;7~8;2~3;4~5;5~7;6~8;70~79;7~8;2;0~2;Placed
18~21;Male~Female;MCA;ECE~ME~Civil;7~8;2~3;4~5;5~7;6~8;70~79;7~8;2;0~2;Not Placed
18~21;Male~Female;MCA;ECE~ME~Civil;7~8;2~3;4~5;5~7;6~8;70~79;7~8;2;0~2;Placed
18~21;Male;MCA;ECE~ME~Civil;7~8;2~3;4~5;5~7;6~8;80~92;4~7;2;0~1;Placed
18~21;Male;MCA;ECE~ME~Civil;7~8;2~3;4~5;5~7;6~8;80~92;4~7;2;0~1;Placed
18~21;Male;MCA;ECE~ME~Civil;7~8;2~3;4~5;5~7;6~8;80~92;4~7;2;0~1;Placed
18~21;Male;MCA;ECE~ME~Civil;7~8;2~3;4~5;5~7;6~8;80~92;4~7;2;0~1;Placed
18~21;Male;MCA;ECE~ME~Civil;7~8;2~3;4~5;5~7;6~8;80~92;4~7;2;0~1;Placed
18~21;Male;MCA;ECE~ME~Civil;7~8;2~3;4~5;5~7;6~8;80~92;4~7;2;0~1;Placed
18~21;Male;MCA;ECE~ME~Civil;7~8;2~3;4~5;5~7;6~8;80~92;4~7;2;0~1;Placed
18~21;Male;MCA;ECE~ME~Civil;7~8;2~3;4~5;5~7;6~8;80~92;4~7;2;0~1;Placed
18~21;Female;MCA;ECE~ME~Civil;7~8;2~3;4~5;5~7;6~9;82~100;4~7;2~3;0~2;Placed
18~21;Female;MCA;ECE~ME~Civil;7~8;2~3;4~5;5~7;6~9;82~100;4~7;2~3;0~2;Placed
18~21;Female;MCA;ECE~ME~Civil;7~8;2~3;4~5;5~7;6~9;82~100;4~7;2~3;0~2;Placed
18~21;Female;MCA;ECE~ME~Civil;7~8;2~3;4~5;5~7;6~9;82~100;4~7;2~3;0~2;Placed
18~21;Female;MCA;ECE~ME~Civil;7~8;2~3;4~5;5~7;6~9;82~100;4~7;2~3;0~2;Placed
18~21;Female;MCA;ECE~ME~Civil;7~8;2~3;4~5;5~7;6~9;82~100;4~7;2~3;0~2;Not Placed
18~21;Female;MCA;ECE~ME~Civil;7~8;2~3;4~5;5~7;6~9;82~100;4~7;2~3;0~2;Placed
18~19;Male~Female;MCA;ECE~ME~Civil;7~7;2~3;5;8;2~5;65~80;4~6;2~3;0~2;Not Placed
18~19;Male~Female;MCA;ECE~ME~Civil;7~7;2~3;5;8;2~5;65~80;4~6;2~3;0~2;Not Placed
18~19;Male~Female;MCA;ECE~ME~Civil;7~7;2~3;5;8;2~5;65~80;4~6;2~3;0~2;Not Placed
18~19;Male~Female;MCA;ECE~ME~Civil;7~7;2~3;5;8;2~5;65~80;4~6;2~3;0~2;Placed
18~19;Male~Female;MCA;ECE~ME~Civil;7~7;2~3;5;8;2~5;65~80;4~6;2~3;0~2;Not Placed
18~21;Male~Female;MCA;ECE~ME~Civil;8~8;2~3;5;8~9;2~5;64~80;5~8;2~3;0~1;Placed
18~21;Male~Female;MCA;ECE~ME~Civil;8~8;2~3;5;8~9;2~5;64~80;5~8;2~3;0~1;Not Placed
18~21;Male~Female;MCA;ECE~ME~Civil;8~8;2~3;5;8~9;2~5;64~80;5~8;2~3;0~1;Placed
18~21;Male~Female;MCA;ECE~ME~Civil;8~8;2~3;5;8~9;2~5;64~80;5~8;2~3;0~1;Placed
18~21;Male~Female;MCA;ECE~ME~Civil;8~8;2~3;5;8~9;2~5;64~80;5~8;2~3;0~1;Not Placed
18~21;Male~Female;MCA;ECE~ME~Civil;7~9;2~3;5~6;8~9;5;86~97;5~7;3;0~1;Placed
18~21;Male~Female;MCA;ECE~ME~Civil;7~9;2~3;5~6;8~9;5;86~97;5~7;3;0~1;Placed
18~21;Male~Female;MCA;ECE~ME~Civil;7~9;2~3;5~6;8~9;5;86~97;5~7;3;0~1;Placed
18~21;Male~Female;MCA;ECE~ME~Civil;7~9;2~3;5~6;8~9;5;86~97;5~7;3;0~1;Placed
18~21;Male~Female;MCA;ECE~ME~Civil;7~9;2~3;5~6;8~9;5;86~97;5~7;3;0~1;Placed
18~21;Male~Female;MCA;ECE~ME~Civil;7~9;2~3;5~6;8~9;5;86~97;5~7;3;0~1;Placed
19~21;Male;MCA;ECE~ME;7~9;2~3;5~6;8~10;6~8;67~100;4~7;2~3;0~2;Placed
19~21;Male;MCA;ECE~ME;7~9;2~3;5~6;8~10;6~8;67~100;4~7;2~3;0~2;Placed
19~21;Male;MCA;ECE~ME;7~9;2~3;5~6;8~10;6~8;67~100;4~7;2~3;0~2;Placed
19~21;Male;MCA;ECE~ME;7~9;2~3;5~6;8~10;6~8;67~100;4~7;2~3;0~2;Placed
19~21;Male;MCA;ECE~ME;7~9;2~3;5~6;8~10;6~8;67~100;4~7;2~3;0~2;Not Placed
19~21;Male;MCA;ECE~ME;7~9;2~3;5~6;8~10;6~8;67~100;4~7;2~3;0~2;Placed
19~21;Male;MCA;ECE~ME;7~9;2~3;5~6;8~10;6~8;67~100;4~7;2~3;0~2;Placed
19~21;Male;MCA;ECE~ME;7~9;2~3;5~6;8~10;6~8;67~100;4~7;2~3;0~2;Placed
19~21;Male;MCA;ECE~ME;7~9;2~3;5~6;8~10;6~8;67~100;4~7;2~3;0~2;Placed
18~21;Female;MCA;ECE~ME~Civil;7~9;2~3;5~6;8~9;6~8;70~96;5~7;2~3;0~2;Placed
18~21;Female;MCA;ECE~ME~Civil;7~9;2~3;5~6;8~9;6~8;70~96;5~7;2~3;0~2;Not Placed
18~21;Female;MCA;ECE~ME~Civil;7~9;2~3;5~6;8~9;6~8;70~96;5~7;2~3;0~2;Placed
18~21;Female;MCA;ECE~ME~Civil;7~9;2~3;5~6;8~9;6~8;70~96;5~7;2~3;0~2;Placed
18~21;Female;MCA;ECE~ME~Civil;7~9;2~3;5~6;8~9;6~8;70~96;5~7;2~3;0~2;Placed
18~21;Male;MCA;CSE~IT;4~6;0;2~3;2~6;3~5;35~50;4~5;1~2;1~3;Not Placed
18~21;Male;MCA;CSE~IT;4~6;0;2~3;2~6;3~5;35~50;4~5;1~2;1~3;Not Placed
18~21;Male;MCA;CSE~IT;4~6;0;2~3;2~6;3~5;35~50;4~5;1~2;1~3;Not Placed
18~21;Male;MCA;CSE~IT;4~6;0;2~3;2~6;3~5;35~50;4~5;1~2;1~3;Not Placed
18~21;Male;MCA;CSE~IT;4~6;0;2~3;2~6;3~5;35~50;4~5;1~2;1~3;Not Placed
18~21;Male;MCA;CSE~IT;4~6;0;2~3;2~6;3~5;35~50;4~5;1~2;1~3;Not Placed
18~21;Male;MCA;CSE~IT;4~6;0;2~3;2~6;3~5;35~50;4~5;1~2;1~3;Not Placed
18~21;Male;MCA;CSE~IT;4~6;0;2~4;3~6;3~5;35~54;6~7;1~2;1~2;Not Placed
18~21;Male;MCA;CSE~IT;4~6;0;2~4;3~6;3~5;35~54;6~7;1~2;1~2;Not Placed
18~21;Male;MCA;CSE~IT;4~6;0;2~4;3~6;3~5;35~54;6~7;1~2;1~2;Not Placed
18~21;Male;MCA;CSE~IT;4~6;0;2~4;3~6;3~5;35~54;6~7;1~2;1~2;Not Placed
18~21;Male;MCA;CSE~IT;4~6;0;2~4;3~6;3~5;35~54;6~7;1~2;1~2;Not Placed
18~21;Male;MCA;CSE~IT;4~6;0;2~4;3~6;3~5;35~54;6~7;1~2;1~2;Not Placed
18~21;Male;MCA;CSE~IT;5~6;0;3~4;5~6;4~5;55~67;3~5;1~2;1~3;Not Placed
18~21;Male;MCA;CSE~IT;5~6;0;3~4;5~6;4~5;55~67;3~5;1~2;1~3;Not Placed
18~21;Male;MCA;CSE~IT;5~6;0;3~4;5~6;4~5;55~67;3~5;1~2;1~3;Not Placed
18~21;Male;MCA;CSE~IT;5~6;0;3~4;5~6;4~5;55~67;3~5;1~2;1~3;Not Placed
18~21;Male;MCA;CSE~IT;5~6;0;3~4;5~6;4~5;55~67;3~5;1~2;1~3;Not Placed
18~21;Male;MCA;CSE~IT;5~6;0;3~4;5~6;4~5;55~67;3~5;1~2;1~3;Not Placed
18~21;Male;MCA;CSE~IT;5~6;0;3~4;5~6;4~5;55~67;3~5;1~2;1~3;Not Placed
18~21;Male;MCA;CSE~IT;5~6;0;3~4;5~6;4~5;55~67;3~5;1~2;1~3;Not Placed
18~20;Male;MCA;CSE~IT;5~6;0;3~4;4~6;3~5;57~79;6~8;1~2;0~3;Not Placed
18~20;Male;MCA;CSE~IT;5~6;0;3~4;4~6;3~5;57~79;6~8;1~2;0~3;Not Placed
18~20;Male;MCA;CSE~IT;5~6;0;3~4;4~6;3~5;57~79;6~8;1~2;0~3;Placed
18~20;Male;MCA;CSE~IT;5~6;0;3~4;4~6;3~5;57~79;6~8;1~2;0~3;Not Placed
18~20;Male;MCA;CSE~IT;5~6;0;3~4;4~6;3~5;57~79;6~8;1~2;0~3;Not Placed
18~20;Male;MCA;CSE~IT;5~6;0;3~4;4~6;3~5;57~79;6~8;1~2;0~3;Not Placed
19~21;Male;MCA;CSE~IT;4~6;0;2~4;1~6;6~9;46~58;3~6;0~2;1~3;Not Placed
19~21;Male;MCA;CSE~IT;4~6;0;2~4;1~6;6~9;46~58;3~6;0~2;1~3;Not Placed
19~21;Male;MCA;CSE~IT;4~6;0;2~4;1~6;6~9;46~58;3~6;0~2;1~3;Not Placed
19~21;Male;MCA;CSE~IT;4~6;0;2~4;1~6;6~9;46~58;3~6;0~2;1~3;Placed
19~21;Male;MCA;CSE~IT;4~6;0;2~4;1~6;6~9;46~58;3~6;0~2;1~3;Not Placed
19~21;Male;MCA;CSE~IT;4~6;0;2~4;1~6;6~9;46~58;3~6;0~2;1~3;Not Placed
19~21;Male;MCA;CSE~IT;4~6;0;2~4;1~6;6~9;46~58;3~6;0~2;1~3;Not Placed
19~21;Male;MCA;CSE~IT;4~6;0;2~4;1~6;6~9;46~58;3~6;0~2;1~3;Not Placed
19~21;Male;MCA;CSE~IT;4~6;0;2~4;1~6;6~9;46~58;3~6;0~2;1~3;Not Placed
18~20;Male;MCA;CSE~IT;5~6;0;2~4;2~6;6~8;59~76;4~9;1~2;0~3;Not Placed
18~20;Male;MCA;CSE~IT;5~6;0;2~4;2~6;6~8;59~76;4~9;1~2;0~3;Not Placed
18~20;Male;MCA;CSE~IT;5~6;0;2~4;2~6;6~8;59~76;4~9;1~2;0~3;Not Placed
18~20;Male;MCA;CSE~IT;5~6;0;2~4;2~6;6~8;59~76;4~9;1~2;0~3;Not Placed
18~20;Male;MCA;CSE~IT;5~6;0;2~4;2~6;6~8;59~76;4~9;1~2;0~3;Not Placed
18~20;Male;MCA;CSE~IT;5~6;0;2~4;2~6;6~8;59~76;4~9;1~2;0~3;Placed
18~20;Male;MCA;CSE~IT;5~6;0;2~4;2~6;6~8;59~76;4~9;1~2;0~3;Not Placed
18~20;Male;MCA;CSE~IT;5~6;0;2~4;2~6;6~8;59~76;4~9;1~2;0~3;Not Placed
18~21;Male;MCA;CSE~IT;5~6;0;4;7~8;3~5;44~71;4~5;2;0~2;Not Placed
18~21;Male;MCA;CSE~IT;5~6;0;4;7~8;3~5;44~71;4~5;2;0~2;Not Placed
18~21;Male;MCA;CSE~IT;5~6;0;4;7~8;3~5;44~71;4~5;2;0~2;Not Placed
18~21;Male;MCA;CSE~IT;5~6;0;4;7~8;3~5;44~71;4~5;2;0~2;Not Placed
18~21;Male;MCA;CSE~IT;5~6;0;4;7~8;3~5;44~71;4~5;2;0~2;Not Placed
18~21;Male;MCA;CSE~IT;5~6;0;4;7~8;4~5;53~74;6~8;2;0~3;Not Placed
18~21;Male;MCA;CSE~IT;5~6;0;4;7~8;4~5;53~74;6~8;2;0~3;Placed
18~21;Male;MCA;CSE~IT;5~6;0;4;7~8;4~5;53~74;6~8;2;0~3;Placed
18~21;Male;MCA;CSE~IT;5~6;0;4;7~8;4~5;53~74;6~8;2;0~3;Not Placed
18~21;Male;MCA;CSE~IT;5~6;0;4;7~8;4~5;53~74;6~8;2;0~3;Not Placed
18~19;Male;MCA;CSE;6~6;0;4;7~8;6~9;44~59;5~7;2;1~3;Not Placed
18~19;Male;MCA;CSE;6~6;0;4;7~8;6~9;44~59;5~7;2;1~3;Not Placed
18~19;Male;MCA;CSE;6~6;0;4;7~8;6~9;44~59;5~7;2;1~3;Not Placed
18~19;Male;MCA;CSE;6~6;0;4;7~8;6~9;44~59;5~7;2;1~3;Placed
18~19;Male;MCA;CSE;6~6;0;4;7~8;6~9;44~59;5~7;2;1~3;Not Placed
18~21;Male;MCA;CSE~IT;5~6;0;4;7;6~8;60~76;4~6;2;0~2;Placed
18~21;Male;MCA;CSE~IT;5~6;0;4;7;6~8;60~76;4~6;2;0~2;Not Placed
18~21;Male;MCA;CSE~IT;5~6;0;4;7;6~8;60~76;4~6;2;0~2;Not Placed
18~21;Male;MCA;CSE~IT;5~6;0;4;7;6~8;60~76;4~6;2;0~2;Placed
18~21;Male;MCA;CSE~IT;5~6;0;4;7;6~8;60~76;4~6;2;0~2;Not Placed
18~21;Male;MCA;CSE~IT;5~6;0;4;7;6~8;60~76;4~6;2;0~2;Placed
18~21;Male;MCA;CSE~IT;6~6;0;5;9~10;6~7;55~84;5~8;3;1~2;Placed
18~21;Male;MCA;CSE~IT;6~6;0;5;9~10;6~7;55~84;5~8;3;1~2;Not Placed
18~21;Male;MCA;CSE~IT;6~6;0;5;9~10;6~7;55~84;5~8;3;1~2;Not Placed
18~21;Male;MCA;CSE~IT;6~6;0;5;9~10;6~7;55~84;5~8;3;1~2;Not Placed
18~21;Male;MCA;CSE~IT;6~6;0;5;9~10;6~7;55~84;5~8;3;1~2;Not Placed
18~21;Male;MCA;CSE~IT;6~6;0;5;9~10;6~7;55~84;5~8;3;1~2;Placed
18~21;Male;MCA;CSE~IT;6~6;0;5;9~10;6~7;55~84;5~8;3;1~2;Placed
18~21;Female;MCA;CSE~IT;5~6;0;2~3;3~4;3~5;45~59;4~7;1;1~3;Not Placed
18~21;Female;MCA;CSE~IT;5~6;0;2~3;3~4;3~5;45~59;4~7;1;1~3;Not Placed
18~21;Female;MCA;CSE~IT;5~6;0;2~3;3~4;3~5;45~59;4~7;1;1~3;Not Placed
18~21;Female;MCA;CSE~IT;5~6;0;2~3;3~4;3~5;45~59;4~7;1;1~3;Not Placed
18~21;Female;MCA;CSE~IT;5~6;0;2~3;3~4;3~5;45~59;4~7;1;1~3;Not Placed
20~21;Female;MCA;CSE~IT;5~6;0;2~3;2~4;4~5;60~86;3~7;1~2;0~2;Not Placed
20~21;Female;MCA;CSE~IT;5~6;0;2~3;2~4;4~5;60~86;3~7;1~2;0~2;Not Placed
20~21;Female;MCA;CSE~IT;5~6;0;2~3;2~4;4~5;60~86;3~7;1~2;0~2;Not Placed
20~21;Female;MCA;CSE~IT;5~6;0;2~3;2~4;4~5;60~86;3~7;1~2;0~2;Not Placed
20~21;Female;MCA;CSE~IT;5~6;0;2~3;2~4;4~5;60~86;3~7;1~2;0~2;Not Placed
18~21;Female;MCA;CSE~IT;4~6;0;2~3;1~4;6~8;35~73;4~7;0~1;0~3;Not Placed
18~21;Female;MCA;CSE~IT;4~6;0;2~3;1~4;6~8;35~73;4~7;0~1;0~3;Not Placed
18~21;Female;MCA;CSE~IT;4~6;0;2~3;1~4;6~8;35~73;4~7;0~1;0~3;Not Placed
18~21;Female;MCA;CSE~IT;4~6;0;2~3;1~4;6~8;35~73;4~7;0~1;0~3;Not Placed
18~21;Female;MCA;CSE~IT;4~6;0;2~3;1~4;6~8;35~73;4~7;0~1;0~3;Not Placed
18~21;Female;MCA;CSE~IT;4~6;0;2~3;1~4;6~8;35~73;4~7;0~1;0~3;Not Placed
18~21;Female;MCA;CSE~IT;4~6;0;2~3;1~4;6~8;35~73;4~7;0~1;0~3;Not Placed
18~21;Female;MCA;CSE~IT;4~6;0;2~3;1~4;6~8;35~73;4~7;0~1;0~3;Not Placed
18~21;Female;MCA;CSE~IT;4~5;0;3;5~6;4~6;39~54;5~7;1~2;1~3;Not Placed
18~21;Female;MCA;CSE~IT;4~5;0;3;5~6;4~6;39~54;5~7;1~2;1~3;Not Placed
18~21;Female;MCA;CSE~IT;4~5;0;3;5~6;4~6;39~54;5~7;1~2;1~3;Not Placed
18~21;Female;MCA;CSE~IT;4~5;0;3;5~6;4~6;39~54;5~7;1~2;1~3;Not Placed
18~21;Female;MCA;CSE~IT;4~5;0;3;5~6;4~6;39~54;5~7;1~2;1~3;Not Placed
18~21;Female;MCA;CSE~IT;4~5;0;3;5~6;4~6;39~54;5~7;1~2;1~3;Not Placed
18~20;Female;MCA;CSE~IT;5~6;0;3;5~6;4~6;57~90;4~7;2;0~3;Placed
18~20;Female;MCA;CSE~IT;5~6;0;3;5~6;4~6;57~90;4~7;2;0~3;Placed
18~20;Female;MCA;CSE~IT;5~6;0;3;5~6;4~6;57~90;4~7;2;0~3;Not Placed
18~20;Female;MCA;CSE~IT;5~6;0;3;5~6;4~6;57~90;4~7;2;0~3;Not Placed
18~20;Female;MCA;CSE~IT;5~6;0;3;5~6;4~6;57~90;4~7;2;0~3;Not Placed
18~20;Female;MCA;CSE~IT;5~6;0;3;5~6;4~6;57~90;4~7;2;0~3;Placed
18~20;Female;MCA;CSE~IT;5~6;0;3;5~6;4~6;57~90;4~7;2;0~3;Not Placed
18~21;Female;MCA;CSE~IT;4~6;0;3;5~6;7~8;39~64;4~7;1~2;1~2;Not Placed
18~21;Female;MCA;CSE~IT;4~6;0;3;5~6;7~8;39~64;4~7;1~2;1~2;Not Placed
18~21;Female;MCA;CSE~IT;4~6;0;3;5~6;7~8;39~64;4~7;1~2;1~2;Not Placed
18~21;Female;MCA;CSE~IT;4~6;0;3;5~6;7~8;39~64;4~7;1~2;1~2;Not Placed
18~21;Female;MCA;CSE~IT;4~6;0;3;5~6;7~8;39~64;4~7;1~2;1~2;Not Placed
18~21;Female;MCA;CSE~IT;4~6;0;3;5~6;7~8;39~64;4~7;1~2;1~2;Not Placed
18~21;Female;MCA;CSE~IT;5~6;0;4;6~7;4~6;44~62;4~7;2;0~1;Not Placed
18~21;Female;MCA;CSE~IT;5~6;0;4;6~7;4~6;44~62;4~7;2;0~1;Not Placed
18~21;Female;MCA;CSE~IT;5~6;0;4;6~7;4~6;44~62;4~7;2;0~1;Not Placed
18~21;Female;MCA;CSE~IT;5~6;0;4;6~7;4~6;44~62;4~7;2;0~1;Placed
18~21;Female;MCA;CSE~IT;5~6;0;4;6~7;4~6;44~62;4~7;2;0~1;Not Placed
19~21;Female;MCA;CSE~IT;5~6;0;4;6~7;5~8;35~61;2~6;2;2~3;Not Placed
19~21;Female;MCA;CSE~IT;5~6;0;4;6~7;5~8;35~61;2~6;2;2~3;Not Placed
19~21;Female;MCA;CSE~IT;5~6;0;4;6~7;5~8;35~61;2~6;2;2~3;Not Placed
19~21;Female;MCA;CSE~IT;5~6;0;4;6~7;5~8;35~61;2~6;2;2~3;Not Placed
19~21;Female;MCA;CSE~IT;5~6;0;4;6~7;5~8;35~61;2~6;2;2~3;Not Placed
19~21;Female;MCA;CSE~IT;5~6;0;4;6~7;5~8;35~61;2~6;2;2~3;Not Placed
19~21;Female;MCA;CSE~IT;5~6;0;4;6~7;3~7;65~78;4~6;2;0~3;Placed
19~21;Female;MCA;CSE~IT;5~6;0;4;6~7;3~7;65~78;4~6;2;0~3;Not Placed
19~21;Female;MCA;CSE~IT;5~6;0;4;6~7;3~7;65~78;4~6;2;0~3;Not Placed
19~21;Female;MCA;CSE~IT;5~6;0;4;6~7;3~7;65~78;4~6;2;0~3;Not Placed
19~21;Female;MCA;CSE~IT;5~6;0;4;6~7;3~7;65~78;4~6;2;0~3;Not Placed
19~21;Female;MCA;CSE~IT;5~6;0;4;6~7;3~7;65~78;4~6;2;0~3;Not Placed
19~21;Female;MCA;CSE~IT;6~6;0;4;6~7;5~7;69~85;7~8;2;0~2;Not Placed
19~21;Female;MCA;CSE~IT;6~6;0;4;6~7;5~7;69~85;7~8;2;0~2;Not Placed
19~21;Female;MCA;CSE~IT;6~6;0;4;6~7;5~7;69~85;7~8;2;0~2;Not Placed
19~21;Female;MCA;CSE~IT;6~6;0;4;6~7;5~7;69~85;7~8;2;0~2;Placed
19~21;Female;MCA;CSE~IT;6~6;0;4;6~7;5~7;69~85;7~8;2;0~2;Placed
18~21;Female;MCA;CSE~IT;5~6;0;4~5;8~10;3~7;46~74;4~7;2~3;0~3;Not Placed
18~21;Female;MCA;CSE~IT;5~6;0;4~5;8~10;3~7;46~74;4~7;2~3;0~3;Not Placed
18~21;Female;MCA;CSE~IT;5~6;0;4~5;8~10;3~7;46~74;4~7;2~3;0~3;Placed
18~21;Female;MCA;CSE~IT;5~6;0;4~5;8~10;3~7;46~74;4~7;2~3;0~3;Not Placed
18~21;Female;MCA;CSE~IT;5~6;0;4~5;8~10;3~7;46~74;4~7;2~3;0~3;Not Placed
18~21;Female;MCA;CSE~IT;5~6;0;4~5;8~10;3~7;46~74;4~7;2~3;0~3;Placed
18~21;Female;MCA;CSE~IT;5~6;0;4~5;8~10;3~7;46~74;4~7;2~3;0~3;Not Placed
18~19;Male~Female;MCA;CSE;5~5;1;3;4~5;3~5;41~69;2~5;1~2;1~2;Not Placed
18~19;Male~Female;MCA;CSE;5~5;1;3;4~5;3~5;41~69;2~5;1~2;1~2;Not Placed
18~19;Male~Female;MCA;CSE;5~5;1;3;4~5;3~5;41~69;2~5;1~2;1~2;Not Placed
18~19;Male~Female;MCA;CSE;5~5;1;3;4~5;3~5;41~69;2~5;1~2;1~2;Not Placed
18~19;Male~Female;MCA;CSE;5~5;1;3;4~5;3~5;41~69;2~5;1~2;1~2;Not Placed
18~21;Male~Female;MCA;CSE~IT;6~6;1;3~4;4~6;3~5;56~66;4~5;1~2;0~2;Placed
18~21;Male~Female;MCA;CSE~IT;6~6;1;3~4;4~6;3~5;56~66;4~5;1~2;0~2;Placed
18~21;Male~Female;MCA;CSE~IT;6~6;1;3~4;4~6;3~5;56~66;4~5;1~2;0~2;Not Placed
18~21;Male~Female;MCA;CSE~IT;6~6;1;3~4;4~6;3~5;56~66;4~5;1~2;0~2;Not Placed
18~21;Male~Female;MCA;CSE~IT;6~6;1;3~4;4~6;3~5;56~66;4~5;1~2;0~2;Not Placed
18~21;Male~Female;MCA;CSE~IT;5~6;1~2;2~4;2~6;3~5;35~69;6~8;1~2;0~3;Not Placed
18~21;Male~Female;MCA;CSE~IT;5~6;1~2;2~4;2~6;3~5;35~69;6~8;1~2;0~3;Not Placed
18~21;Male~Female;MCA;CSE~IT;5~6;1~2;2~4;2~6;3~5;35~69;6~8;1~2;0~3;Placed
18~21;Male~Female;MCA;CSE~IT;5~6;1~2;2~4;2~6;3~5;35~69;6~8;1~2;0~3;Not Placed
18~21;Male~Female;MCA;CSE~IT;5~6;1~2;2~4;2~6;3~5;35~69;6~8;1~2;0~3;Not Placed
18~21;Male~Female;MCA;CSE~IT;5~6;1~2;2~4;2~6;3~5;35~69;6~8;1~2;0~3;Not Placed
18~21;Male~Female;MCA;CSE~IT;5~6;1~2;2~4;2~6;3~5;35~69;6~8;1~2;0~3;Not Placed
18~21;Male;MCA;CSE~IT;5~6;1~2;3~4;4~6;4~5;70~79;4~7;1~2;0~3;Placed
18~21;Male;MCA;CSE~IT;5~6;1~2;3~4;4~6;4~5;70~79;4~7;1~2;0~3;Not Placed
18~21;Male;MCA;CSE~IT;5~6;1~2;3~4;4~6;4~5;70~79;4~7;1~2;0~3;Not Placed
18~21;Male;MCA;CSE~IT;5~6;1~2;3~4;4~6;4~5;70~79;4~7;1~2;0~3;Not Placed
18~21;Male;MCA;CSE~IT;5~6;1~2;3~4;4~6;4~5;70~79;4~7;1~2;0~3;Not Placed
18~21;Male;MCA;CSE~IT;5~6;1~2;3~4;4~6;4~5;70~79;4~7;1~2;0~3;Not Placed
18~21;Male;MCA;CSE~IT;5~6;1~2;3~4;4~6;4~5;70~79;4~7;1~2;0~3;Not Placed
18~21;Male;MCA;CSE~IT;5~6;1~2;3~4;4~6;4~5;70~79;4~7;1~2;0~3;Not Placed
18~21;Female;MCA;CSE~IT;6~6;1~2;3~4;4~6;1~5;70~82;4~7;1~2;0~2;Not Placed
18~21;Female;MCA;CSE~IT;6~6;1~2;3~4;4~6;1~5;70~82;4~7;1~2;0~2;Not Placed
18~21;Female;MCA;CSE~IT;6~6;1~2;3~4;4~6;1~5;70~82;4~7;1~2;0~2;Not Placed
18~21;Female;MCA;CSE~IT;6~6;1~2;3~4;4~6;1~5;70~82;4~7;1~2;0~2;Not Placed
18~21;Female;MCA;CSE~IT;6~6;1~2;3~4;4~6;1~5;70~82;4~7;1~2;0~2;Not Placed
18~21;Female;MCA;CSE~IT;6~6;1~2;3~4;4~6;1~5;70~82;4~7;1~2;0~2;Placed
19~21;Male~Female;MCA;CSE~IT;4~6;1~2;2~4;3~6;6~9;38~61;3~5;1~2;1~3;Not Placed
19~21;Male~Female;MCA;CSE~IT;4~6;1~2;2~4;3~6;6~9;38~61;3~5;1~2;1~3;Not Placed
19~21;Male~Female;MCA;CSE~IT;4~6;1~2;2~4;3~6;6~9;38~61;3~5;1~2;1~3;Not Placed
19~21;Male~Female;MCA;CSE~IT;4~6;1~2;2~4;3~6;6~9;38~61;3~5;1~2;1~3;Not Placed
19~21;Male~Female;MCA;CSE~IT;4~6;1~2;2~4;3~6;6~9;38~61;3~5;1~2;1~3;Placed
19~21;Male~Female;MCA;CSE~IT;4~6;1~2;2~4;3~6;6~9;38~61;3~5;1~2;1~3;Not Placed
19~21;Male~Female;MCA;CSE~IT;4~6;1~2;2~4;3~6;6~9;38~61;3~5;1~2;1~3;Not Placed
19~21;Male~Female;MCA;CSE~IT;4~6;1~2;2~4;3~6;6~9;38~61;3~5;1~2;1~3;Not Placed
19~21;Male~Female;MCA;CSE~IT;4~6;1;2~4;4~6;6~9;35~61;6~7;1~2;0~3;Not Placed
19~21;Male~Female;MCA;CSE~IT;4~6;1;2~4;4~6;6~9;35~61;6~7;1~2;0~3;Not Placed
19~21;Male~Female;MCA;CSE~IT;4~6;1;2~4;4~6;6~9;35~61;6~7;1~2;0~3;Not Placed
19~21;Male~Female;MCA;CSE~IT;4~6;1;2~4;4~6;6~9;35~61;6~7;1~2;0~3;Not Placed
19~21;Male~Female;MCA;CSE~IT;4~6;1;2~4;4~6;6~9;35~61;6~7;1~2;0~3;Not Placed
19~21;Male~Female;MCA;CSE~IT;4~6;1;2~4;4~6;6~9;35~61;6~7;1~2;0~3;Not Placed
19~21;Male~Female;MCA;CSE~IT;4~6;1;2~4;4~6;6~9;35~61;6~7;1~2;0~3;Not Placed
19~21;Male~Female;MCA;CSE~IT;4~6;1;2~4;4~6;6~9;35~61;6~7;1~2;0~3;Not Placed
19~21;Male~Female;MCA;CSE~IT;6~6;1~2;3~4;5~6;6~8;68~77;4~6;2;0~2;Not Placed
19~21;Male~Female;MCA;CSE~IT;6~6;1~2;3~4;5~6;6~8;68~77;4~6;2;0~2;Not Placed
19~21;Male~Female;MCA;CSE~IT;6~6;1~2;3~4;5~6;6~8;68~77;4~6;2;0~2;Placed
19~21;Male~Female;MCA;CSE~IT;6~6;1~2;3~4;5~6;6~8;68~77;4~6;2;0~2;Not Placed
19~21;Male~Female;MCA;CSE~IT;6~6;1~2;3~4;5~6;6~8;68~77;4~6;2;0~2;Not Placed
18~21;Male~Female;MCA;CSE~IT;6~6;1;3~4;4~6;6~10;68~78;4~6;1~2;0~2;Placed
18~21;Male~Female;MCA;CSE~IT;6~6;1;3~4;4~6;6~10;68~78;4~6;1~2;0~2;Not Placed
18~21;Male~Female;MCA;CSE~IT;6~6;1;3~4;4~6;6~10;68~78;4~6;1~2;0~2;Placed
18~21;Male~Female;MCA;CSE~IT;6~6;1;3~4;4~6;6~10;68~78;4~6;1~2;0~2;Not Placed
18~21;Male~Female;MCA;CSE~IT;6~6;1;3~4;4~6;6~10;68~78;4~6;1~2;0~2;Not Placed
18~21;Male~Female;MCA;CSE~IT;5~6;1~2;3~4;5~6;6~7;63~70;7;2;0~2;Placed
18~21;Male~Female;MCA;CSE~IT;5~6;1~2;3~4;5~6;6~7;63~70;7;2;0~2;Placed
18~21;Male~Female;MCA;CSE~IT;5~6;1~2;3~4;5~6;6~7;63~70;7;2;0~2;Not Placed
18~21;Male~Female;MCA;CSE~IT;5~6;1~2;3~4;5~6;6~7;63~70;7;2;0~2;Placed
18~21;Male~Female;MCA;CSE~IT;5~6;1~2;3~4;5~6;6~7;63~70;7;2;0~2;Placed
18~21;Male~Female;MCA;CSE~IT;5~6;1~2;3~4;5~6;6~7;63~70;7;2;0~2;Not Placed
18~21;Female;MCA;CSE~IT;5~6;1~2;4;7~8;4~5;45~67;5~6;2;1;Not Placed
18~21;Female;MCA;CSE~IT;5~6;1~2;4;7~8;4~5;45~67;5~6;2;1;Not Placed
18~21;Female;MCA;CSE~IT;5~6;1~2;4;7~8;4~5;45~67;5~6;2;1;Not Placed
18~21;Female;MCA;CSE~IT;5~6;1~2;4;7~8;4~5;45~67;5~6;2;1;Not Placed
18~21;Female;MCA;CSE~IT;5~6;1~2;4;7~8;4~5;45~67;5~6;2;1;Not Placed
18~21;Male~Female;MCA;CSE;5~6;1;4;7~8;2~5;51~62;5~6;2;2~3;Not Placed
18~21;Male~Female;MCA;CSE;5~6;1;4;7~8;2~5;51~62;5~6;2;2~3;Not Placed
18~21;Male~Female;MCA;CSE;5~6;1;4;7~8;2~5;51~62;5~6;2;2~3;Not Placed
18~21;Male~Female;MCA;CSE;5~6;1;4;7~8;2~5;51~62;5~6;2;2~3;Not Placed
18~21;Male~Female;MCA;CSE;5~6;1;4;7~8;2~5;51~62;5~6;2;2~3;Not Placed
18~20;Male;MCA;CSE~IT;6~6;1~2;4;7~8;3~5;69~83;4~6;2~3;0~1;Not Placed
18~20;Male;MCA;CSE~IT;6~6;1~2;4;7~8;3~5;69~83;4~6;2~3;0~1;Not Placed
18~20;Male;MCA;CSE~IT;6~6;1~2;4;7~8;3~5;69~83;4~6;2~3;0~1;Placed
18~20;Male;MCA;CSE~IT;6~6;1~2;4;7~8;3~5;69~83;4~6;2~3;0~1;Not Placed
18~20;Male;MCA;CSE~IT;6~6;1~2;4;7~8;3~5;69~83;4~6;2~3;0~1;Not Placed
18~21;Female;MCA;CSE~IT;6~6;1~2;4;7~8;3~5;68~87;4~8;2;0~3;Placed
18~21;Female;MCA;CSE~IT;6~6;1~2;4;7~8;3~5;68~87;4~8;2;0~3;Not Placed
18~21;Female;MCA;CSE~IT;6~6;1~2;4;7~8;3~5;68~87;4~8;2;0~3;Not Placed
18~21;Female;MCA;CSE~IT;6~6;1~2;4;7~8;3~5;68~87;4~8;2;0~3;Placed
18~21;Female;MCA;CSE~IT;6~6;1~2;4;7~8;3~5;68~87;4~8;2;0~3;Placed
18~21;Female;MCA;CSE~IT;6~6;1~2;4;7~8;3~5;68~87;4~8;2;0~3;Placed
18~19;Male~Female;MCA;CSE~IT;5~6;1~2;4;7~9;6~9;42~59;5~6;2;0~2;Not Placed
18~19;Male~Female;MCA;CSE~IT;5~6;1~2;4;7~9;6~9;42~59;5~6;2;0~2;Not Placed
18~19;Male~Female;MCA;CSE~IT;5~6;1~2;4;7~9;6~9;42~59;5~6;2;0~2;Placed
18~19;Male~Female;MCA;CSE~IT;5~6;1~2;4;7~9;6~9;42~59;5~6;2;0~2;Not Placed
18~19;Male~Female;MCA;CSE~IT;5~6;1~2;4;7~9;6~9;42~59;5~6;2;0~2;Not Placed
20~21;Male~Female;MCA;CSE~IT;5~6;1~2;4;7~8;6~7;53~63;4~7;2;0~2;Placed
20~21;Male~Female;MCA;CSE~IT;5~6;1~2;4;7~8;6~7;53~63;4~7;2;0~2;Not Placed
20~21;Male~Female;MCA;CSE~IT;5~6;1~2;4;7~8;6~7;53~63;4~7;2;0~2;Not Placed
20~21;Male~Female;MCA;CSE~IT;5~6;1~2;4;7~8;6~7;53~63;4~7;2;0~2;Not Placed
20~21;Male~Female;MCA;CSE~IT;5~6;1~2;4;7~8;6~7;53~63;4~7;2;0~2;Placed
18~21;Male~Female;MCA;CSE~IT;5~6;1;4;7~8;6~8;69~83;5~7;2~3;0~3;Placed
18~21;Male~Female;MCA;CSE~IT;5~6;1;4;7~8;6~8;69~83;5~7;2~3;0~3;Not Placed
18~21;Male~Female;MCA;CSE~IT;5~6;1;4;7~8;6~8;69~83;5~7;2~3;0~3;Not Placed
18~21;Male~Female;MCA;CSE~IT;5~6;1;4;7~8;6~8;69~83;5~7;2~3;0~3;Not Placed
18~21;Male~Female;MCA;CSE~IT;5~6;1;4;7~8;6~8;69~83;5~7;2~3;0~3;Not Placed
18~21;Male~Female;MCA;CSE~IT;5~6;1;4;7~8;6~8;69~83;5~7;2~3;0~3;Placed
18~21;Male~Female;MCA;CSE~IT;5~6;1;4;7~8;6~8;69~83;5~7;2~3;0~3;Not Placed
18~21;Male~Female;MCA;CSE~IT;6~6;1~2;5;9~10;4~9;59~86;3~8;3;0~2;Not Placed
18~21;Male~Female;MCA;CSE~IT;6~6;1~2;5;9~10;4~9;59~86;3~8;3;0~2;Placed
18~21;Male~Female;MCA;CSE~IT;6~6;1~2;5;9~10;4~9;59~86;3~8;3;0~2;Not Placed
18~21;Male~Female;MCA;CSE~IT;6~6;1~2;5;9~10;4~9;59~86;3~8;3;0~2;Not Placed
18~21;Male~Female;MCA;CSE~IT;6~6;1~2;5;9~10;4~9;59~86;3~8;3;0~2;Placed
18~21;Male~Female;MCA;CSE~IT;6~6;1~2;5;9~10;4~9;59~86;3~8;3;0~2;Not Placed
18~21;Male~Female;MCA;CSE~IT;6~6;1~2;5;9~10;4~9;59~86;3~8;3;0~2;Placed
18~21;Male~Female;MCA;CSE~IT;6~6;1~2;5;9~10;4~9;59~86;3~8;3;0~2;Placed
18~21;Male;MCA;CSE~IT;7~7;0~1;3~4;4~6;3~5;64~76;4~7;1~2;0~2;Placed
18~21;Male;MCA;CSE~IT;7~7;0~1;3~4;4~6;3~5;64~76;4~7;1~2;0~2;Placed
18~21;Male;MCA;CSE~IT;7~7;0~1;3~4;4~6;3~5;64~76;4~7;1~2;0~2;Not Placed
18~21;Male;MCA;CSE~IT;7~7;0~1;3~4;4~6;3~5;64~76;4~7;1~2;0~2;Not Placed
18~21;Male;MCA;CSE~IT;7~7;0~1;3~4;4~6;3~5;64~76;4~7;1~2;0~2;Not Placed
18~21;Male;MCA;CSE~IT;7~7;0~1;3~4;4~6;3~5;67~76;3~8;1~2;0~1;Not Placed
18~21;Male;MCA;CSE~IT;7~7;0~1;3~4;4~6;3~5;67~76;3~8;1~2;0~1;Placed
18~21;Male;MCA;CSE~IT;7~7;0~1;3~4;4~6;3~5;67~76;3~8;1~2;0~1;Placed
18~21;Male;MCA;CSE~IT;7~7;0~1;3~4;4~6;3~5;67~76;3~8;1~2;0~1;Placed
18~21;Male;MCA;CSE~IT;7~7;0~1;3~4;4~6;3~5;67~76;3~8;1~2;0~1;Not Placed
19~21;Male;MCA;CSE~IT;7~8;0~1;3~4;4~6;2~5;77~92;4~8;1~2;0~2;Not Placed
19~21;Male;MCA;CSE~IT;7~8;0~1;3~4;4~6;2~5;77~92;4~8;1~2;0~2;Not Placed
19~21;Male;MCA;CSE~IT;7~8;0~1;3~4;4~6;2~5;77~92;4~8;1~2;0~2;Not Placed
19~21;Male;MCA;CSE~IT;7~8;0~1;3~4;4~6;2~5;77~92;4~8;1~2;0~2;Placed
19~21;Male;MCA;CSE~IT;7~8;0~1;3~4;4~6;2~5;77~92;4~8;1~2;0~2;Not Placed
19~21;Male;MCA;CSE~IT;7~8;0~1;3~4;4~6;2~5;77~92;4~8;1~2;0~2;Not Placed
19~21;Male;MCA;CSE~IT;7~8;0~1;3~4;4~6;2~5;77~92;4~8;1~2;0~2;Not Placed
19~21;Male;MCA;CSE~IT;7~8;0~1;3~4;4~6;2~5;77~92;4~8;1~2;0~2;Placed
18~21;Male;MCA;CSE~IT;7~7;0~1;3~4;4~6;6~9;54~74;5~6;1~2;0~2;Placed
18~21;Male;MCA;CSE~IT;7~7;0~1;3~4;4~6;6~9;54~74;5~6;1~2;0~2;Placed
18~21;Male;MCA;CSE~IT;7~7;0~1;3~4;4~6;6~9;54~74;5~6;1~2;0~2;Placed
18~21;Male;MCA;CSE~IT;7~7;0~1;3~4;4~6;6~9;54~74;5~6;1~2;0~2;Not Placed
18~21;Male;MCA;CSE~IT;7~7;0~1;3~4;4~6;6~9;54~74;5~6;1~2;0~2;Not Placed
18~21;Male;MCA;CSE~IT;7~7;0~1;3~4;4~6;6~9;54~74;5~6;1~2;0~2;Not Placed
18~21;Male;MCA;CSE~IT;7~8;0~1;4;5~6;6~8;75~100;3~9;2;0~1;Placed
18~21;Male;MCA;CSE~IT;7~8;0~1;4;5~6;6~8;75~100;3~9;2;0~1;Placed
18~21;Male;MCA;CSE~IT;7~8;0~1;4;5~6;6~8;75~100;3~9;2;0~1;Placed
18~21;Male;MCA;CSE~IT;7~8;0~1;4;5~6;6~8;75~100;3~9;2;0~1;Placed
18~21;Male;MCA;CSE~IT;7~8;0~1;4;5~6;6~8;75~100;3~9;2;0~1;Placed
18~21;Male;MCA;CSE~IT;7~8;0~1;4;5~6;6~8;75~100;3~9;2;0~1;Placed
18~21;Male;MCA;CSE~IT;7~8;0~1;4;5~6;6~8;75~100;3~9;2;0~1;Placed
18~21;Male;MCA;CSE~IT;6~7;0~1;4;7;3~7;54~70;4~8;2;0~1;Placed
18~21;Male;MCA;CSE~IT;6~7;0~1;4;7;3~7;54~70;4~8;2;0~1;Not Placed
18~21;Male;MCA;CSE~IT;6~7;0~1;4;7;3~7;54~70;4~8;2;0~1;Not Placed
18~21;Male;MCA;CSE~IT;6~7;0~1;4;7;3~7;54~70;4~8;2;0~1;Placed
18~21;Male;MCA;CSE~IT;6~7;0~1;4;7;3~7;54~70;4~8;2;0~1;Not Placed
18~21;Male;MCA;CSE~IT;6~7;0~1;4;7;3~7;54~70;4~8;2;0~1;Not Placed
18~21;Male;MCA;CSE~IT;6~7;0~1;4;7;3~7;54~70;4~8;2;0~1;Placed
18~21;Male;MCA;CSE~IT;7~7;1;4;7;3~7;71~97;4~9;2;0~2;Placed
18~21;Male;MCA;CSE~IT;7~7;1;4;7;3~7;71~97;4~9;2;0~2;Placed
18~21;Male;MCA;CSE~IT;7~7;1;4;7;3~7;71~97;4~9;2;0~2;Not Placed
18~21;Male;MCA;CSE~IT;7~7;1;4;7;3~7;71~97;4~9;2;0~2;Placed
18~21;Male;MCA;CSE~IT;7~7;1;4;7;3~7;71~97;4~9;2;0~2;Placed
18~21;Male;MCA;CSE~IT;7~7;1;4;7;3~7;71~97;4~9;2;0~2;Placed
18~21;Male;MCA;CSE~IT;7~7;1;4;7;3~7;71~97;4~9;2;0~2;Not Placed
18~20;Female;MCA;CSE~IT;7~7;0~1;3~4;4~6;2~5;56~76;3~5;1~2;0~1;Not Placed
18~20;Female;MCA;CSE~IT;7~7;0~1;3~4;4~6;2~5;56~76;3~5;1~2;0~1;Placed
18~20;Female;MCA;CSE~IT;7~7;0~1;3~4;4~6;2~5;56~76;3~5;1~2;0~1;Not Placed
18~20;Female;MCA;CSE~IT;7~7;0~1;3~4;4~6;2~5;56~76;3~5;1~2;0~1;Not Placed
18~20;Female;MCA;CSE~IT;7~7;0~1;3~4;4~6;2~5;56~76;3~5;1~2;0~1;Placed
18~20;Female;MCA;CSE~IT;7~7;0~1;3~4;4~6;2~5;56~76;3~5;1~2;0~1;Not Placed
18~21;Female;MCA;CSE~IT;7~7;0~1;3~4;4~6;2~5;51~76;6~7;1~2;0~2;Not Placed
18~21;Female;MCA;CSE~IT;7~7;0~1;3~4;4~6;2~5;51~76;6~7;1~2;0~2;Not Placed
18~21;Female;MCA;CSE~IT;7~7;0~1;3~4;4~6;2~5;51~76;6~7;1~2;0~2;Not Placed
18~21;Female;MCA;CSE~IT;7~7;0~1;3~4;4~6;2~5;51~76;6~7;1~2;0~2;Placed
18~21;Female;MCA;CSE~IT;7~7;0~1;3~4;4~6;2~5;51~76;6~7;1~2;0~2;Not Placed
18~21;Female;MCA;CSE~IT;7~7;0~1;3~4;4~6;2~5;51~76;6~7;1~2;0~2;Not Placed
18~21;Female;MCA;CSE~IT;7~7;0~1;3~4;4~6;2~5;51~76;6~7;1~2;0~2;Not Placed
18~21;Female;MCA;CSE~IT;7~7;0~1;2~4;1~7;4~5;78~93;4~7;1~2;0~1;Not Placed
18~21;Female;MCA;CSE~IT;7~7;0~1;2~4;1~7;4~5;78~93;4~7;1~2;0~1;Not Placed
18~21;Female;MCA;CSE~IT;7~7;0~1;2~4;1~7;4~5;78~93;4~7;1~2;0~1;Placed
18~21;Female;MCA;CSE~IT;7~7;0~1;2~4;1~7;4~5;78~93;4~7;1~2;0~1;Placed
18~21;Female;MCA;CSE~IT;7~7;0~1;2~4;1~7;4~5;78~93;4~7;1~2;0~1;Placed
18~21;Female;MCA;CSE~IT;7~7;0~1;2~4;1~7;4~5;78~93;4~7;1~2;0~1;Not Placed
18~20;Female;MCA;CSE~IT;7~8;0~1;4;5~7;3~5;79~94;4~7;2;0~2;Placed
18~20;Female;MCA;CSE~IT;7~8;0~1;4;5~7;3~5;79~94;4~7;2;0~2;Not Placed
18~20;Female;MCA;CSE~IT;7~8;0~1;4;5~7;3~5;79~94;4~7;2;0~2;Not Placed
18~20;Female;MCA;CSE~IT;7~8;0~1;4;5~7;3~5;79~94;4~7;2;0~2;Placed
18~20;Female;MCA;CSE~IT;7~8;0~1;4;5~7;3~5;79~94;4~7;2;0~2;Not Placed
18~20;Female;MCA;CSE~IT;7~8;0~1;4;5~7;3~5;79~94;4~7;2;0~2;Not Placed
19~20;Female;MCA;CSE~IT;6~7;0~1;4;5~8;6~8;49~79;3~6;2;0~2;Placed
19~20;Female;MCA;CSE~IT;6~7;0~1;4;5~8;6~8;49~79;3~6;2;0~2;Placed
19~20;Female;MCA;CSE~IT;6~7;0~1;4;5~8;6~8;49~79;3~6;2;0~2;Not Placed
19~20;Female;MCA;CSE~IT;6~7;0~1;4;5~8;6~8;49~79;3~6;2;0~2;Placed
19~20;Female;MCA;CSE~IT;6~7;0~1;4;5~8;6~8;49~79;3~6;2;0~2;Not Placed
19~20;Female;MCA;CSE~IT;6~7;0~1;4;5~8;6~8;49~79;3~6;2;0~2;Not Placed
18~20;Female;MCA;CSE~IT;7~8;0~1;3~4;3~7;6~8;80~100;4~6;1~2;0~2;Placed
18~20;Female;MCA;CSE~IT;7~8;0~1;3~4;3~7;6~8;80~100;4~6;1~2;0~2;Placed
18~20;Female;MCA;CSE~IT;7~8;0~1;3~4;3~7;6~8;80~100;4~6;1~2;0~2;Not Placed
18~20;Female;MCA;CSE~IT;7~8;0~1;3~4;3~7;6~8;80~100;4~6;1~2;0~2;Placed
18~20;Female;MCA;CSE~IT;7~8;0~1;3~4;3~7;6~8;80~100;4~6;1~2;0~2;Not Placed
18~20;Female;MCA;CSE~IT;7~8;0~1;3~4;3~7;6~8;80~100;4~6;1~2;0~2;Placed
18~20;Female;MCA;CSE~IT;7~8;0~1;3~4;3~7;6~8;80~100;4~6;1~2;0~2;Placed
18~21;Male~Female;MCA;CSE~IT;7~8;1;5;7~8;4~6;64~79;4~5;2;0~2;Not Placed
18~21;Male~Female;MCA;CSE~IT;7~8;1;5;7~8;4~6;64~79;4~5;2;0~2;Placed
18~21;Male~Female;MCA;CSE~IT;7~8;1;5;7~8;4~6;64~79;4~5;2;0~2;Placed
18~21;Male~Female;MCA;CSE~IT;7~8;1;5;7~8;4~6;64~79;4~5;2;0~2;Placed
18~21;Male~Female;MCA;CSE~IT;7~8;1;5;7~8;4~6;64~79;4~5;2;0~2;Placed
18~21;Male~Female;MCA;CSE~IT;7~8;1;5;7~8;4~6;64~79;4~5;2;0~2;Placed
18~21;Male~Female;MCA;CSE~IT;7~8;1;5;7~8;4~6;64~79;4~5;2;0~2;Placed
18~21;Male~Female;MCA;CSE~IT;7~8;1;5;7~8;4~6;64~79;4~5;2;0~2;Not Placed
18~21;Male~Female;MCA;CSE~IT;7~8;1;5;7~8;4~6;64~79;4~5;2;0~2;Not Placed
18~21;Male~Female;MCA;CSE~IT;6~8;0~1;5;8~9;4~6;63~83;4~5;3;0~2;Placed
18~21;Male~Female;MCA;CSE~IT;6~8;0~1;5;8~9;4~6;63~83;4~5;3;0~2;Placed
18~21;Male~Female;MCA;CSE~IT;6~8;0~1;5;8~9;4~6;63~83;4~5;3;0~2;Not Placed
18~21;Male~Female;MCA;CSE~IT;6~8;0~1;5;8~9;4~6;63~83;4~5;3;0~2;Not Placed
18~21;Male~Female;MCA;CSE~IT;6~8;0~1;5;8~9;4~6;63~83;4~5;3;0~2;Placed
18~21;Male~Female;MCA;CSE~IT;7~8;1;5;8~9;2~6;66~83;6~9;2~3;0~2;Placed
18~21;Male~Female;MCA;CSE~IT;7~8;1;5;8~9;2~6;66~83;6~9;2~3;0~2;Not Placed
18~21;Male~Female;MCA;CSE~IT;7~8;1;5;8~9;2~6;66~83;6~9;2~3;0~2;Placed
18~21;Male~Female;MCA;CSE~IT;7~8;1;5;8~9;2~6;66~83;6~9;2~3;0~2;Not Placed
18~21;Male~Female;MCA;CSE~IT;7~8;1;5;8~9;2~6;66~83;6~9;2~3;0~2;Not Placed
18~21;Male~Female;MCA;CSE~IT;7~8;1;5;8~9;2~6;66~83;6~9;2~3;0~2;Placed
18~21;Male~Female;MCA;CSE~IT;7~8;1;5;8~9;2~6;66~83;6~9;2~3;0~2;Placed
18~21;Male;MCA;CSE~IT;7~8;1;5;7~9;5~6;84~96;4~6;2~3;0;Placed
18~21;Male;MCA;CSE~IT;7~8;1;5;7~9;5~6;84~96;4~6;2~3;0;Placed
18~21;Male;MCA;CSE~IT;7~8;1;5;7~9;5~6;84~96;4~6;2~3;0;Placed
18~21;Male;MCA;CSE~IT;7~8;1;5;7~9;5~6;84~96;4~6;2~3;0;Placed
18~21;Male;MCA;CSE~IT;7~8;1;5;7~9;5~6;84~96;4~6;2~3;0;Placed
18~21;Male;MCA;CSE~IT;8~9;1;5~6;7~9;4~6;91~100;3~7;2~3;0~1;Placed
18~21;Male;MCA;CSE~IT;8~9;1;5~6;7~9;4~6;91~100;3~7;2~3;0~1;Not Placed
18~21;Male;MCA;CSE~IT;8~9;1;5~6;7~9;4~6;91~100;3~7;2~3;0~1;Not Placed
18~21;Male;MCA;CSE~IT;8~9;1;5~6;7~9;4~6;91~100;3~7;2~3;0~1;Placed
18~21;Male;MCA;CSE~IT;8~9;1;5~6;7~9;4~6;91~100;3~7;2~3;0~1;Placed
18~21;Female;MCA;CSE~IT;7~9;1;5~6;7~9;4~6;84~100;4~7;3;0~1;Placed
18~21;Female;MCA;CSE~IT;7~9;1;5~6;7~9;4~6;84~100;4~7;3;0~1;Placed
18~21;Female;MCA;CSE~IT;7~9;1;5~6;7~9;4~6;84~100;4~7;3;0~1;Placed
18~21;Female;MCA;CSE~IT;7~9;1;5~6;7~9;4~6;84~100;4~7;3;0~1;Not Placed
18~21;Female;MCA;CSE~IT;7~9;1;5~6;7~9;4~6;84~100;4~7;3;0~1;Not Placed
18~21;Female;MCA;CSE~IT;7~9;1;5~6;7~9;4~6;84~100;4~7;3;0~1;Not Placed
18~21;Female;MCA;CSE~IT;7~9;1;5~6;7~9;4~6;84~100;4~7;3;0~1;Placed
18~21;Female;MCA;CSE~IT;7~9;1;5~6;7~9;4~6;84~100;4~7;3;0~1;Placed
18~21;Female;MCA;CSE~IT;7~9;1;5~6;7~9;4~6;84~100;4~7;3;0~1;Not Placed
18~21;Male~Female;MCA;CSE~IT;7~7;1;5;8~9;7~9;57~77;4~7;2~3;0~1;Placed
18~21;Male~Female;MCA;CSE~IT;7~7;1;5;8~9;7~9;57~77;4~7;2~3;0~1;Placed
18~21;Male~Female;MCA;CSE~IT;7~7;1;5;8~9;7~9;57~77;4~7;2~3;0~1;Placed
18~21;Male~Female;MCA;CSE~IT;7~7;1;5;8~9;7~9;57~77;4~7;2~3;0~1;Placed
18~21;Male~Female;MCA;CSE~IT;7~7;1;5;8~9;7~9;57~77;4~7;2~3;0~1;Placed
18~20;Male~Female;MCA;CSE~IT;8~8;1;5;7~9;7~9;73~100;4~7;2~3;0~1;Placed
18~20;Male~Female;MCA;CSE~IT;8~8;1;5;7~9;7~9;73~100;4~7;2~3;0~1;Placed
18~20;Male~Female;MCA;CSE~IT;8~8;1;5;7~9;7~9;73~100;4~7;2~3;0~1;Placed
18~20;Male~Female;MCA;CSE~IT;8~8;1;5;7~9;7~9;73~100;4~7;2~3;0~1;Placed
18~20;Male~Female;MCA;CSE~IT;8~8;1;5;7~9;7~9;73~100;4~7;2~3;0~1;Placed
18~21;Male~Female;MCA;CSE~IT;7~9;1;5~6;10;3~5;62~99;4~7;3;0~2;Not Placed
18~21;Male~Female;MCA;CSE~IT;7~9;1;5~6;10;3~5;62~99;4~7;3;0~2;Placed
18~21;Male~Female;MCA;CSE~IT;7~9;1;5~6;10;3~5;62~99;4~7;3;0~2;Placed
18~21;Male~Female;MCA;CSE~IT;7~9;1;5~6;10;3~5;62~99;4~7;3;0~2;Placed
18~21;Male~Female;MCA;CSE~IT;7~9;1;5~6;10;3~5;62~99;4~7;3;0~2;Not Placed
18~21;Male~Female;MCA;CSE~IT;7~9;1;5~6;10;3~5;62~99;4~7;3;0~2;Not Placed
18~21;Male~Female;MCA;CSE~IT;7~9;1;5~6;10;3~5;62~99;4~7;3;0~2;Not Placed
18~21;Male~Female;MCA;CSE~IT;7~9;1;5~6;10;3~5;62~99;4~7;3;0~2;Not Placed
18~21;Male~Female;MCA;CSE~IT;7~9;1;5~6;10;3~5;62~99;4~7;3;0~2;Not Placed
18~20;Male~Female;MCA;CSE~IT;7~8;1;5~6;10;6~9;69~94;4~7;3;0~1;Placed
18~20;Male~Female;MCA;CSE~IT;7~8;1;5~6;10;6~9;69~94;4~7;3;0~1;Placed
18~20;Male~Female;MCA;CSE~IT;7~8;1;5~6;10;6~9;69~94;4~7;3;0~1;Placed
18~20;Male~Female;MCA;CSE~IT;7~8;1;5~6;10;6~9;69~94;4~7;3;0~1;Placed
18~20;Male~Female;MCA;CSE~IT;7~8;1;5~6;10;6~9;69~94;4~7;3;0~1;Placed
18~20;Male~Female;MCA;CSE~IT;7~8;1;5~6;10;6~9;69~94;4~7;3;0~1;Placed
18~20;Male~Female;MCA;CSE~IT;7~8;1;5~6;10;6~9;69~94;4~7;3;0~1;Placed
18~20;Male~Female;MCA;CSE~IT;7~8;1;5~6;10;6~9;69~94;4~7;3;0~1;Placed
18~20;Male~Female;MCA;CSE~IT;7~8;1;5~6;10;6~9;69~94;4~7;3;0~1;Placed
18~21;Male~Female;MCA;CSE~IT;7~8;2;4~5;5~7;1~5;59~74;4~5;1~2;0~1;Not Placed
18~21;Male~Female;MCA;CSE~IT;7~8;2;4~5;5~7;1~5;59~74;4~5;1~2;0~1;Not Placed
18~21;Male~Female;MCA;CSE~IT;7~8;2;4~5;5~7;1~5;59~74;4~5;1~2;0~1;Placed
18~21;Male~Female;MCA;CSE~IT;7~8;2;4~5;5~7;1~5;59~74;4~5;1~2;0~1;Not Placed
18~21;Male~Female;MCA;CSE~IT;7~8;2;4~5;5~7;1~5;59~74;4~5;1~2;0~1;Placed
18~21;Male~Female;MCA;CSE~IT;7~8;2;4~5;5~7;1~5;59~74;4~5;1~2;0~1;Placed
18~21;Male~Female;MCA;CSE~IT;7~7;2~3;4;7;4~5;63~74;6~8;2;0~2;Placed
18~21;Male~Female;MCA;CSE~IT;7~7;2~3;4;7;4~5;63~74;6~8;2;0~2;Not Placed
18~21;Male~Female;MCA;CSE~IT;7~7;2~3;4;7;4~5;63~74;6~8;2;0~2;Placed
18~21;Male~Female;MCA;CSE~IT;7~7;2~3;4;7;4~5;63~74;6~8;2;0~2;Not Placed
18~21;Male~Female;MCA;CSE~IT;7~7;2~3;4;7;4~5;63~74;6~8;2;0~2;Not Placed
18~21;Male~Female;MCA;CSE~IT;7~7;2~3;4;7;4~5;63~74;6~8;2;0~2;Placed
18~21;Male~Female;MCA;CSE~IT;7~7;2~3;4;7;4~5;63~74;6~8;2;0~2;Not Placed
19~21;Male~Female;MCA;CSE~IT;7~8;2~3;4~5;6~7;4~5;75~87;4~5;2;0;Placed
19~21;Male~Female;MCA;CSE~IT;7~8;2~3;4~5;6~7;4~5;75~87;4~5;2;0;Placed
19~21;Male~Female;MCA;CSE~IT;7~8;2~3;4~5;6~7;4~5;75~87;4~5;2;0;Not Placed
19~21;Male~Female;MCA;CSE~IT;7~8;2~3;4~5;6~7;4~5;75~87;4~5;2;0;Not Placed
19~21;Male~Female;MCA;CSE~IT;7~8;2~3;4~5;6~7;4~5;75~87;4~5;2;0;Not Placed
18~21;Male~Female;MCA;CSE~IT;7~8;2;4~5;7;4~5;77~100;6~8;2~3;0~2;Placed
18~21;Male~Female;MCA;CSE~IT;7~8;2;4~5;7;4~5;77~100;6~8;2~3;0~2;Placed
18~21;Male~Female;MCA;CSE~IT;7~8;2;4~5;7;4~5;77~100;6~8;2~3;0~2;Placed
18~21;Male~Female;MCA;CSE~IT;7~8;2;4~5;7;4~5;77~100;6~8;2~3;0~2;Placed
18~21;Male~Female;MCA;CSE~IT;7~8;2;4~5;7;4~5;77~100;6~8;2~3;0~2;Not Placed
18~21;Male~Female;MCA;CSE~IT;7~8;2;4~5;7;4~5;77~100;6~8;2~3;0~2;Not Placed
20~21;Male;MCA;CSE~IT;7~8;2~3;4~5;5~7;6~7;60~81;4~8;2;0~2;Placed
20~21;Male;MCA;CSE~IT;7~8;2~3;4~5;5~7;6~7;60~81;4~8;2;0~2;Placed
20~21;Male;MCA;CSE~IT;7~8;2~3;4~5;5~7;6~7;60~81;4~8;2;0~2;Placed
20~21;Male;MCA;CSE~IT;7~8;2~3;4~5;5~7;6~7;60~81;4~8;2;0~2;Placed
20~21;Male;MCA;CSE~IT;7~8;2~3;4~5;5~7;6~7;60~81;4~8;2;0~2;Not Placed
18~20;Male;MCA;CSE;7~8;2~3;4~5;7;6~8;84~98;5~6;2;0;Placed
18~20;Male;MCA;CSE;7~8;2~3;4~5;7;6~8;84~98;5~6;2;0;Placed
18~20;Male;MCA;CSE;7~8;2~3;4~5;7;6~8;84~98;5~6;2;0;Placed
18~20;Male;MCA;CSE;7~8;2~3;4~5;7;6~8;84~98;5~6;2;0;Placed
18~20;Male;MCA;CSE;7~8;2~3;4~5;7;6~8;84~98;5~6;2;0;Placed
18~20;Female;MCA;CSE~IT;7~7;2~3;4;5~7;6~7;52~72;4~7;2;0~2;Not Placed
18~20;Female;MCA;CSE~IT;7~7;2~3;4;5~7;6~7;52~72;4~7;2;0~2;Placed
18~20;Female;MCA;CSE~IT;7~7;2~3;4;5~7;6~7;52~72;4~7;2;0~2;Not Placed
18~20;Female;MCA;CSE~IT;7~7;2~3;4;5~7;6~7;52~72;4~7;2;0~2;Placed
18~20;Female;MCA;CSE~IT;7~7;2~3;4;5~7;6~7;52~72;4~7;2;0~2;Placed
19~21;Female;MCA;CSE~IT;7~9;2~3;4~5;7;6~9;73~100;5~7;2~3;0;Placed
19~21;Female;MCA;CSE~IT;7~9;2~3;4~5;7;6~9;73~100;5~7;2~3;0;Placed
19~21;Female;MCA;CSE~IT;7~9;2~3;4~5;7;6~9;73~100;5~7;2~3;0;Placed
19~21;Female;MCA;CSE~IT;7~9;2~3;4~5;7;6~9;73~100;5~7;2~3;0;Placed
19~21;Female;MCA;CSE~IT;7~9;2~3;4~5;7;6~9;73~100;5~7;2~3;0;Placed
18~21;Male~Female;MCA;CSE~IT;7~8;2~3;5;8;3~5;64~79;4~6;2;0~2;Not Placed
18~21;Male~Female;MCA;CSE~IT;7~8;2~3;5;8;3~5;64~79;4~6;2;0~2;Not Placed
18~21;Male~Female;MCA;CSE~IT;7~8;2~3;5;8;3~5;64~79;4~6;2;0~2;Placed
18~21;Male~Female;MCA;CSE~IT;7~8;2~3;5;8;3~5;64~79;4~6;2;0~2;Not Placed
18~21;Male~Female;MCA;CSE~IT;7~8;2~3;5;8;3~5;64~79;4~6;2;0~2;Not Placed
18~21;Male~Female;MCA;CSE~IT;7~8;2~3;5;8;3~5;64~79;4~6;2;0~2;Not Placed
18~21;Male~Female;MCA;CSE~IT;7~8;2~3;5;9~10;4~5;69~79;5~6;3;0~2;Placed
18~21;Male~Female;MCA;CSE~IT;7~8;2~3;5;9~10;4~5;69~79;5~6;3;0~2;Not Placed
18~21;Male~Female;MCA;CSE~IT;7~8;2~3;5;9~10;4~5;69~79;5~6;3;0~2;Placed
18~21;Male~Female;MCA;CSE~IT;7~8;2~3;5;9~10;4~5;69~79;5~6;3;0~2;Placed
18~21;Male~Female;MCA;CSE~IT;7~8;2~3;5;9~10;4~5;69~79;5~6;3;0~2;Not Placed
18~21;Male~Female;MCA;CSE~IT;7~9;2~3;5;8~10;3~5;81~100;4~5;3;0~1;Not Placed
18~21;Male~Female;MCA;CSE~IT;7~9;2~3;5;8~10;3~5;81~100;4~5;3;0~1;Placed
18~21;Male~Female;MCA;CSE~IT;7~9;2~3;5;8~10;3~5;81~100;4~5;3;0~1;Not Placed
18~21;Male~Female;MCA;CSE~IT;7~9;2~3;5;8~10;3~5;81~100;4~5;3;0~1;Placed
18~21;Male~Female;MCA;CSE~IT;7~9;2~3;5;8~10;3~5;81~100;4~5;3;0~1;Not Placed
18~21;Male~Female;MCA;CSE~IT;7~9;2~3;5;8~10;3~5;81~100;4~5;3;0~1;Not Placed
18~21;Male~Female;MCA;CSE~IT;7~9;2~3;5;8~10;3~5;81~100;4~5;3;0~1;Not Placed
18~21;Female;MCA;CSE~IT;7~9;2~3;5;8~9;2~5;81~100;6~7;3;0~1;Not Placed
18~21;Female;MCA;CSE~IT;7~9;2~3;5;8~9;2~5;81~100;6~7;3;0~1;Placed
18~21;Female;MCA;CSE~IT;7~9;2~3;5;8~9;2~5;81~100;6~7;3;0~1;Not Placed
18~21;Female;MCA;CSE~IT;7~9;2~3;5;8~9;2~5;81~100;6~7;3;0~1;Placed
18~21;Female;MCA;CSE~IT;7~9;2~3;5;8~9;2~5;81~100;6~7;3;0~1;Not Placed
18~21;Male~Female;MCA;CSE~IT;7~8;2~3;5;8~10;6~8;68~79;3~5;2~3;0~2;Placed
18~21;Male~Female;MCA;CSE~IT;7~8;2~3;5;8~10;6~8;68~79;3~5;2~3;0~2;Placed
18~21;Male~Female;MCA;CSE~IT;7~8;2~3;5;8~10;6~8;68~79;3~5;2~3;0~2;Not Placed
18~21;Male~Female;MCA;CSE~IT;7~8;2~3;5;8~10;6~8;68~79;3~5;2~3;0~2;Placed
18~21;Male~Female;MCA;CSE~IT;7~8;2~3;5;8~10;6~8;68~79;3~5;2~3;0~2;Not Placed
18~20;Male~Female;MCA;CSE~IT;7~8;2~3;5;8~9;6~7;59~78;6~7;2~3;0~1;Placed
18~20;Male~Female;MCA;CSE~IT;7~8;2~3;5;8~9;6~7;59~78;6~7;2~3;0~1;Placed
18~20;Male~Female;MCA;CSE~IT;7~8;2~3;5;8~9;6~7;59~78;6~7;2~3;0~1;Placed
18~20;Male~Female;MCA;CSE~IT;7~8;2~3;5;8~9;6~7;59~78;6~7;2~3;0~1;Placed
18~20;Male~Female;MCA;CSE~IT;7~8;2~3;5;8~9;6~7;59~78;6~7;2~3;0~1;Placed
18~21;Male~Female;MCA;CSE~IT;7~9;2~3;5;8~9;6~9;80~100;4~5;3;0~1;Placed
18~21;Male~Female;MCA;CSE~IT;7~9;2~3;5;8~9;6~9;80~100;4~5;3;0~1;Placed
18~21;Male~Female;MCA;CSE~IT;7~9;2~3;5;8~9;6~9;80~100;4~5;3;0~1;Placed
18~21;Male~Female;MCA;CSE~IT;7~9;2~3;5;8~9;6~9;80~100;4~5;3;0~1;Placed
18~21;Male~Female;MCA;CSE~IT;7~9;2~3;5;8~9;6~9;80~100;4~5;3;0~1;Placed
18~21;Male~Female;MCA;CSE~IT;7~9;2~3;5;8~9;6~9;80~100;4~5;3;0~1;Placed
19~21;Male~Female;MCA;CSE~IT;7~8;2~3;5;8~9;6~8;81~87;6;3;0;Placed
19~21;Male~Female;MCA;CSE~IT;7~8;2~3;5;8~9;6~8;81~87;6;3;0;Placed
19~21;Male~Female;MCA;CSE~IT;7~8;2~3;5;8~9;6~8;81~87;6;3;0;Placed
19~21;Male~Female;MCA;CSE~IT;7~8;2~3;5;8~9;6~8;81~87;6;3;0;Placed
19~21;Male~Female;MCA;CSE~IT;7~8;2~3;5;8~9;6~8;81~87;6;3;0;Placed
18~21;Male~Female;MCA;CSE~IT;8~9;2~3;6;9~10;4~9;79~100;4~7;3;0~1;Placed
18~21;Male~Female;MCA;CSE~IT;8~9;2~3;6;9~10;4~9;79~100;4~7;3;0~1;Placed
18~21;Male~Female;MCA;CSE~IT;8~9;2~3;6;9~10;4~9;79~100;4~7;3;0~1;Not Placed
18~21;Male~Female;MCA;CSE~IT;8~9;2~3;6;9~10;4~9;79~100;4~7;3;0~1;Placed
18~21;Male~Female;MCA;CSE~IT;8~9;2~3;6;9~10;4~9;79~100;4~7;3;0~1;Not Placed
18~21;Male~Female;MCA;CSE~IT;8~9;2~3;6;9~10;4~9;79~100;4~7;3;0~1;Placed
18~21;Male~Female;MCA;CSE~IT;8~9;2~3;6;9~10;4~9;79~100;4~7;3;0~1;Placed
18~21;Male~Female;MCA;CSE~IT;8~9;2~3;6;9~10;4~9;79~100;4~7;3;0~1;Not Placed
18~21;Male~Female;MCA;CSE~IT;8~9;2~3;6;9~10;4~9;79~100;4~7;3;0~1;Placed
22~24;Male;B.Tech~B.Sc;ECE~ME;5~7;0;2~3;1~4;4~5;42~62;3~6;0~1;0~1;Not Placed
22~24;Male;B.Tech~B.Sc;ECE~ME;5~7;0;2~3;1~4;4~5;42~62;3~6;0~1;0~1;Not Placed
22~24;Male;B.Tech~B.Sc;ECE~ME;5~7;0;2~3;1~4;4~5;42~62;3~6;0~1;0~1;Not Placed
22~24;Male;B.Tech~B.Sc;ECE~ME;5~7;0;2~3;1~4;4~5;42~62;3~6;0~1;0~1;Not Placed
22~24;Male;B.Tech~B.Sc;ECE~ME;5~7;0;2~3;1~4;4~5;42~62;3~6;0~1;0~1;Not Placed
22~24;Male;B.Tech~B.Sc;ECE~ME;5~7;0;2~3;1~4;4~5;42~62;3~6;0~1;0~1;Not Placed
22~24;Male;B.Tech~B.Sc;ECE~ME;5~7;0;2~3;1~4;4~5;42~62;3~6;0~1;0~1;Not Placed
22~24;Male;B.Tech~B.Sc;ECE~ME;5~7;0;2~3;1~4;4~5;42~62;3~6;0~1;0~1;Not Placed
22~24;Male;B.Tech~B.Sc;ECE~ME;5~7;0;2~3;1~4;4~5;42~62;3~6;0~1;0~1;Not Placed
22~24;Male;B.Tech~B.Sc;Civil;5~7;0;2~3;1~4;3~5;39~62;4~6;0~1;0~1;Not Placed
22~24;Male;B.Tech~B.Sc;Civil;5~7;0;2~3;1~4;3~5;39~62;4~6;0~1;0~1;Not Placed
22~24;Male;B.Tech~B.Sc;Civil;5~7;0;2~3;1~4;3~5;39~62;4~6;0~1;0~1;Not Placed
22~24;Male;B.Tech~B.Sc;Civil;5~7;0;2~3;1~4;3~5;39~62;4~6;0~1;0~1;Not Placed
22~24;Male;B.Tech~B.Sc;Civil;5~7;0;2~3;1~4;3~5;39~62;4~6;0~1;0~1;Not Placed
22~24;Male;B.Tech~B.Sc;Civil;5~7;0;2~3;1~4;3~5;39~62;4~6;0~1;0~1;Not Placed
22~24;Male;B.Tech~B.Sc;Civil;5~7;0;2~3;1~4;3~5;39~62;4~6;0~1;0~1;Not Placed
22~24;Male;B.Tech~B.Sc;ECE~ME~Civil;5~6;0;2~3;3~4;6;51~62;5~6;1;0~1;Not Placed
22~24;Male;B.Tech~B.Sc;ECE~ME~Civil;5~6;0;2~3;3~4;6;51~62;5~6;1;0~1;Not Placed
22~24;Male;B.Tech~B.Sc;ECE~ME~Civil;5~6;0;2~3;3~4;6;51~62;5~6;1;0~1;Not Placed
22~24;Male;B.Tech~B.Sc;ECE~ME~Civil;5~6;0;2~3;3~4;6;51~62;5~6;1;0~1;Not Placed
22~24;Male;B.Tech~B.Sc;ECE~ME~Civil;5~6;0;2~3;3~4;6;51~62;5~6;1;0~1;Not Placed
22~24;Male;B.Tech~B.Sc;ECE~ME~Civil;5~6;0;2~3;3~4;6;51~62;5~6;1;0~1;Not Placed
22~24;Male;B.Tech~B.Sc;ECE~ME;4~6;0;2~3;2~4;3~6;35~62;4~6;1;2~3;Not Placed
22~24;Male;B.Tech~B.Sc;ECE~ME;4~6;0;2~3;2~4;3~6;35~62;4~6;1;2~3;Not Placed
22~24;Male;B.Tech~B.Sc;ECE~ME;4~6;0;2~3;2~4;3~6;35~62;4~6;1;2~3;Not Placed
22~24;Male;B.Tech~B.Sc;ECE~ME;4~6;0;2~3;2~4;3~6;35~62;4~6;1;2~3;Not Placed
22~24;Male;B.Tech~B.Sc;ECE~ME;4~6;0;2~3;2~4;3~6;35~62;4~6;1;2~3;Not Placed
22~24;Male;B.Tech~B.Sc;ECE~ME;4~6;0;2~3;2~4;3~6;35~62;4~6;1;2~3;Not Placed
22~24;Male;B.Tech~B.Sc;ECE~ME;4~6;0;2~3;2~4;3~6;35~62;4~6;1;2~3;Not Placed
22~24;Male;B.Tech~B.Sc;ECE~ME;4~6;0;2~3;2~4;3~6;35~62;4~6;1;2~3;Not Placed
22~24;Male;B.Tech~B.Sc;Civil;5~6;0;2~3;1~4;3~6;43~60;4~6;0~1;2~3;Not Placed
22~24;Male;B.Tech~B.Sc;Civil;5~6;0;2~3;1~4;3~6;43~60;4~6;0~1;2~3;Not Placed
22~24;Male;B.Tech~B.Sc;Civil;5~6;0;2~3;1~4;3~6;43~60;4~6;0~1;2~3;Not Placed
22~24;Male;B.Tech~B.Sc;Civil;5~6;0;2~3;1~4;3~6;43~60;4~6;0~1;2~3;Not Placed
22~24;Male;B.Tech~B.Sc;Civil;5~6;0;2~3;1~4;3~6;43~60;4~6;0~1;2~3;Not Placed
22~24;Male;B.Tech~B.Sc;Civil;5~6;0;2~3;1~4;3~6;43~60;4~6;0~1;2~3;Not Placed
22~24;Male;B.Tech~B.Sc;Civil;5~6;0;2~3;1~4;3~6;43~60;4~6;0~1;2~3;Not Placed
22~24;Male;B.Tech~B.Sc;ECE~ME~Civil;4~6;0;1~3;1~4;3~6;40~61;7~8;0~1;0~1;Not Placed
22~24;Male;B.Tech~B.Sc;ECE~ME~Civil;4~6;0;1~3;1~4;3~6;40~61;7~8;0~1;0~1;Not Placed
22~24;Male;B.Tech~B.Sc;ECE~ME~Civil;4~6;0;1~3;1~4;3~6;40~61;7~8;0~1;0~1;Not Placed
22~24;Male;B.Tech~B.Sc;ECE~ME~Civil;4~6;0;1~3;1~4;3~6;40~61;7~8;0~1;0~1;Not Placed
22~24;Male;B.Tech~B.Sc;ECE~ME~Civil;4~6;0;1~3;1~4;3~6;40~61;7~8;0~1;0~1;Not Placed
22~24;Male;B.Tech~B.Sc;ECE~ME~Civil;4~6;0;1~3;1~4;3~6;40~61;7~8;0~1;0~1;Not Placed
22~24;Male;B.Tech~B.Sc;ECE~ME~Civil;4~6;0;1~3;1~4;3~6;40~61;7~8;0~1;0~1;Not Placed
22~24;Male;B.Tech~B.Sc;ECE~ME~Civil;4~6;0;2~3;1~4;4~6;35~62;7~8;0~1;2~3;Not Placed
22~24;Male;B.Tech~B.Sc;ECE~ME~Civil;4~6;0;2~3;1~4;4~6;35~62;7~8;0~1;2~3;Not Placed
22~24;Male;B.Tech~B.Sc;ECE~ME~Civil;4~6;0;2~3;1~4;4~6;35~62;7~8;0~1;2~3;Not Placed
22~24;Male;B.Tech~B.Sc;ECE~ME~Civil;4~6;0;2~3;1~4;4~6;35~62;7~8;0~1;2~3;Not Placed
22~24;Male;B.Tech~B.Sc;ECE~ME~Civil;4~6;0;2~3;1~4;4~6;35~62;7~8;0~1;2~3;Not Placed
22~24;Male;B.Tech~B.Sc;ECE~ME~Civil;4~6;0;2~3;1~4;4~6;35~62;7~8;0~1;2~3;Not Placed
22~24;Male;B.Tech~B.Sc;ECE~ME~Civil;4~6;0;2~3;1~4;4~6;35~62;7~8;0~1;2~3;Not Placed
22~24;Male;B.Tech~B.Sc;ECE~ME;6~7;0;2~3;2~4;4~6;64~78;2~5;1;0~1;Not Placed
22~24;Male;B.Tech~B.Sc;ECE~ME;6~7;0;2~3;2~4;4~6;64~78;2~5;1;0~1;Not Placed
22~24;Male;B.Tech~B.Sc;ECE~ME;6~7;0;2~3;2~4;4~6;64~78;2~5;1;0~1;Not Placed
22~24;Male;B.Tech~B.Sc;ECE~ME;6~7;0;2~3;2~4;4~6;64~78;2~5;1;0~1;Not Placed
22~24;Male;B.Tech~B.Sc;ECE~ME;6~7;0;2~3;2~4;4~6;64~78;2~5;1;0~1;Not Placed
22~24;Male;B.Tech~B.Sc;ECE~ME;6~7;0;2~3;2~4;4~6;64~78;2~5;1;0~1;Not Placed
22~24;Male;B.Tech~B.Sc;ECE~ME;6~7;0;2~3;2~4;4~6;64~78;2~5;1;0~1;Not Placed
22~24;Male;B.Tech~B.Sc;ECE~ME;6~7;0;2~3;2~4;4~6;64~78;2~5;1;0~1;Not Placed
22~24;Male;B.Tech~B.Sc;Civil;5~6;0;2~3;2~4;4~6;64~86;4~5;1;0~1;Not Placed
22~24;Male;B.Tech~B.Sc;Civil;5~6;0;2~3;2~4;4~6;64~86;4~5;1;0~1;Not Placed
22~24;Male;B.Tech~B.Sc;Civil;5~6;0;2~3;2~4;4~6;64~86;4~5;1;0~1;Not Placed
22~24;Male;B.Tech~B.Sc;Civil;5~6;0;2~3;2~4;4~6;64~86;4~5;1;0~1;Not Placed
22~24;Male;B.Tech~B.Sc;Civil;5~6;0;2~3;2~4;4~6;64~86;4~5;1;0~1;Not Placed
23~24;Male;B.Tech~B.Sc;ECE;5~6;0;2~3;2~4;4~6;64~74;4~5;1;2~3;Not Placed
23~24;Male;B.Tech~B.Sc;ECE;5~6;0;2~3;2~4;4~6;64~74;4~5;1;2~3;Not Placed
23~24;Male;B.Tech~B.Sc;ECE;5~6;0;2~3;2~4;4~6;64~74;4~5;1;2~3;Not Placed
23~24;Male;B.Tech~B.Sc;ECE;5~6;0;2~3;2~4;4~6;64~74;4~5;1;2~3;Not Placed
23~24;Male;B.Tech~B.Sc;ECE;5~6;0;2~3;2~4;4~6;64~74;4~5;1;2~3;Not Placed
23~24;Male;B.Tech~B.Sc;ECE;5~6;0;2~3;2~4;4~6;64~74;4~5;1;2~3;Not Placed
22~24;Male;B.Tech~B.Sc;ME~Civil;5~6;0;2~3;1~4;2~6;64~72;4~5;1;2~3;Not Placed
22~24;Male;B.Tech~B.Sc;ME~Civil;5~6;0;2~3;1~4;2~6;64~72;4~5;1;2~3;Not Placed
22~24;Male;B.Tech~B.Sc;ME~Civil;5~6;0;2~3;1~4;2~6;64~72;4~5;1;2~3;Not Placed
22~24;Male;B.Tech~B.Sc;ME~Civil;5~6;0;2~3;1~4;2~6;64~72;4~5;1;2~3;Not Placed
22~24;Male;B.Tech~B.Sc;ME~Civil;5~6;0;2~3;1~4;2~6;64~72;4~5;1;2~3;Not Placed
22~24;Male;B.Tech~B.Sc;ME~Civil;5~6;0;2~3;1~4;2~6;64~72;4~5;1;2~3;Not Placed
22~24;Male;B.Tech~B.Sc;ME~Civil;5~6;0;2~3;1~4;2~6;64~72;4~5;1;2~3;Not Placed
22~24;Male;B.Tech~B.Sc;ECE~ME~Civil;6~6;0;3;4;3~6;80~87;3~4;2;0~1;Not Placed
22~24;Male;B.Tech~B.Sc;ECE~ME~Civil;6~6;0;3;4;3~6;80~87;3~4;2;0~1;Not Placed
22~24;Male;B.Tech~B.Sc;ECE~ME~Civil;6~6;0;3;4;3~6;80~87;3~4;2;0~1;Not Placed
22~24;Male;B.Tech~B.Sc;ECE~ME~Civil;6~6;0;3;4;3~6;80~87;3~4;2;0~1;Not Placed
22~24;Male;B.Tech~B.Sc;ECE~ME~Civil;6~6;0;3;4;3~6;80~87;3~4;2;0~1;Not Placed
22~24;Male;B.Tech~B.Sc;ECE~ME~Civil;5~6;0;2~3;1~4;4~5;67~70;6~8;1;1~3;Not Placed
22~24;Male;B.Tech~B.Sc;ECE~ME~Civil;5~6;0;2~3;1~4;4~5;67~70;6~8;1;1~3;Not Placed
22~24;Male;B.Tech~B.Sc;ECE~ME~Civil;5~6;0;2~3;1~4;4~5;67~70;6~8;1;1~3;Not Placed
22~24;Male;B.Tech~B.Sc;ECE~ME~Civil;5~6;0;2~3;1~4;4~5;67~70;6~8;1;1~3;Not Placed
22~24;Male;B.Tech~B.Sc;ECE~ME~Civil;5~6;0;2~3;1~4;4~5;67~70;6~8;1;1~3;Not Placed
22~24;Male;B.Tech~B.Sc;ECE~ME~Civil;6~6;0;3;3~4;1~5;65~75;6~7;1;0~1;Not Placed
22~24;Male;B.Tech~B.Sc;ECE~ME~Civil;6~6;0;3;3~4;1~5;65~75;6~7;1;0~1;Not Placed
22~24;Male;B.Tech~B.Sc;ECE~ME~Civil;6~6;0;3;3~4;1~5;65~75;6~7;1;0~1;Not Placed
22~24;Male;B.Tech~B.Sc;ECE~ME~Civil;6~6;0;3;3~4;1~5;65~75;6~7;1;0~1;Not Placed
22~24;Male;B.Tech~B.Sc;ECE~ME~Civil;6~6;0;3;3~4;1~5;65~75;6~7;1;0~1;Not Placed
22~23;Male;B.Tech~B.Sc;ME~Civil;6~6;0;2~3;2~4;6;64~77;6~8;1;0~2;Not Placed
22~23;Male;B.Tech~B.Sc;ME~Civil;6~6;0;2~3;2~4;6;64~77;6~8;1;0~2;Not Placed
22~23;Male;B.Tech~B.Sc;ME~Civil;6~6;0;2~3;2~4;6;64~77;6~8;1;0~2;Not Placed
22~23;Male;B.Tech~B.Sc;ME~Civil;6~6;0;2~3;2~4;6;64~77;6~8;1;0~2;Not Placed
22~23;Male;B.Tech~B.Sc;ME~Civil;6~6;0;2~3;2~4;6;64~77;6~8;1;0~2;Not Placed
22~23;Male;B.Tech~B.Sc;ME~Civil;6~6;0;2~3;2~4;6;64~77;6~8;1;0~2;Not Placed
22~24;Male;B.Tech~B.Sc;ME~Civil;4~6;0;2~3;2~4;7~10;35~53;4~6;1;1;Not Placed
22~24;Male;B.Tech~B.Sc;ME~Civil;4~6;0;2~3;2~4;7~10;35~53;4~6;1;1;Not Placed
22~24;Male;B.Tech~B.Sc;ME~Civil;4~6;0;2~3;2~4;7~10;35~53;4~6;1;1;Not Placed
22~24;Male;B.Tech~B.Sc;ME~Civil;4~6;0;2~3;2~4;7~10;35~53;4~6;1;1;Not Placed
22~24;Male;B.Tech~B.Sc;ME~Civil;4~6;0;2~3;2~4;7~10;35~53;4~6;1;1;Not Placed
22~24;Male;B.Tech~B.Sc;ME~Civil;4~6;0;2~3;2~4;7~10;35~53;4~6;1;1;Not Placed
22~24;Male;B.Tech~B.Sc;ECE~ME~Civil;4~6;0;2~3;2~4;7~8;37~57;5~6;1;2~3;Not Placed
22~24;Male;B.Tech~B.Sc;ECE~ME~Civil;4~6;0;2~3;2~4;7~8;37~57;5~6;1;2~3;Not Placed
22~24;Male;B.Tech~B.Sc;ECE~ME~Civil;4~6;0;2~3;2~4;7~8;37~57;5~6;1;2~3;Not Placed
22~24;Male;B.Tech~B.Sc;ECE~ME~Civil;4~6;0;2~3;2~4;7~8;37~57;5~6;1;2~3;Not Placed
22~24;Male;B.Tech~B.Sc;ECE~ME~Civil;4~6;0;2~3;2~4;7~8;37~57;5~6;1;2~3;Not Placed
22~24;Male;B.Tech~B.Sc;ECE~ME~Civil;4~6;0;2~3;2~4;7~8;37~57;5~6;1;2~3;Not Placed
22~24;Male;B.Tech~B.Sc;ECE~ME~Civil;4~6;0;2~3;2~4;7~8;37~57;5~6;1;2~3;Not Placed
22~24;Male;B.Tech~B.Sc;ECE~ME~Civil;5~6;0;2~3;1~4;7~9;40~54;7~8;0~1;0~3;Not Placed
22~24;Male;B.Tech~B.Sc;ECE~ME~Civil;5~6;0;2~3;1~4;7~9;40~54;7~8;0~1;0~3;Not Placed
22~24;Male;B.Tech~B.Sc;ECE~ME~Civil;5~6;0;2~3;1~4;7~9;40~54;7~8;0~1;0~3;Not Placed
22~24;Male;B.Tech~B.Sc;ECE~ME~Civil;5~6;0;2~3;1~4;7~9;40~54;7~8;0~1;0~3;Not Placed
22~24;Male;B.Tech~B.Sc;ECE~ME~Civil;5~6;0;2~3;1~4;7~9;40~54;7~8;0~1;0~3;Not Placed
22~24;Male;B.Tech~B.Sc;ECE~ME~Civil;5~6;0;2~3;1~4;7~9;40~54;7~8;0~1;0~3;Not Placed
22~24;Male;B.Tech~B.Sc;ECE~ME~Civil;5~6;0;2~3;1~4;7~9;40~54;7~8;0~1;0~3;Not Placed
22~24;Male;B.Tech~B.Sc;ECE~ME;5~6;0;2~3;1~4;7~9;58~72;4~5;1;1~3;Not Placed
22~24;Male;B.Tech~B.Sc;ECE~ME;5~6;0;2~3;1~4;7~9;58~72;4~5;1;1~3;Not Placed
22~24;Male;B.Tech~B.Sc;ECE~ME;5~6;0;2~3;1~4;7~9;58~72;4~5;1;1~3;Not Placed
22~24;Male;B.Tech~B.Sc;ECE~ME;5~6;0;2~3;1~4;7~9;58~72;4~5;1;1~3;Not Placed
22~24;Male;B.Tech~B.Sc;ECE~ME;5~6;0;2~3;1~4;7~9;58~72;4~5;1;1~3;Not Placed
23~24;Male;B.Tech~B.Sc;ECE~ME~Civil;6~6;0;2~3;2~4;7~9;62~78;4~5;1;0~2;Not Placed
23~24;Male;B.Tech~B.Sc;ECE~ME~Civil;6~6;0;2~3;2~4;7~9;62~78;4~5;1;0~2;Not Placed
23~24;Male;B.Tech~B.Sc;ECE~ME~Civil;6~6;0;2~3;2~4;7~9;62~78;4~5;1;0~2;Not Placed
23~24;Male;B.Tech~B.Sc;ECE~ME~Civil;6~6;0;2~3;2~4;7~9;62~78;4~5;1;0~2;Not Placed
23~24;Male;B.Tech~B.Sc;ECE~ME~Civil;6~6;0;2~3;2~4;7~9;62~78;4~5;1;0~2;Not Placed
22~24;Male;B.Tech~B.Sc;Civil;5~7;0;2~3;1~4;7~8;60~85;6~7;1;1;Not Placed
22~24;Male;B.Tech~B.Sc;Civil;5~7;0;2~3;1~4;7~8;60~85;6~7;1;1;Not Placed
22~24;Male;B.Tech~B.Sc;Civil;5~7;0;2~3;1~4;7~8;60~85;6~7;1;1;Not Placed
22~24;Male;B.Tech~B.Sc;Civil;5~7;0;2~3;1~4;7~8;60~85;6~7;1;1;Not Placed
22~24;Male;B.Tech~B.Sc;Civil;5~7;0;2~3;1~4;7~8;60~85;6~7;1;1;Not Placed
23~24;Male;B.Tech~B.Sc;ECE~ME~Civil;4~6;0;1~3;1~4;7~9;59~75;6~7;0~1;2~3;Not Placed
23~24;Male;B.Tech~B.Sc;ECE~ME~Civil;4~6;0;1~3;1~4;7~9;59~75;6~7;0~1;2~3;Not Placed
23~24;Male;B.Tech~B.Sc;ECE~ME~Civil;4~6;0;1~3;1~4;7~9;59~75;6~7;0~1;2~3;Not Placed
23~24;Male;B.Tech~B.Sc;ECE~ME~Civil;4~6;0;1~3;1~4;7~9;59~75;6~7;0~1;2~3;Not Placed
23~24;Male;B.Tech~B.Sc;ECE~ME~Civil;4~6;0;1~3;1~4;7~9;59~75;6~7;0~1;2~3;Not Placed
23~24;Male;B.Tech~B.Sc;ECE~ME;5~6;0;3;5~6;3~5;47~59;4~7;1~2;1;Not Placed
23~24;Male;B.Tech~B.Sc;ECE~ME;5~6;0;3;5~6;3~5;47~59;4~7;1~2;1;Not Placed
23~24;Male;B.Tech~B.Sc;ECE~ME;5~6;0;3;5~6;3~5;47~59;4~7;1~2;1;Not Placed
23~24;Male;B.Tech~B.Sc;ECE~ME;5~6;0;3;5~6;3~5;47~59;4~7;1~2;1;Not Placed
23~24;Male;B.Tech~B.Sc;ECE~ME;5~6;0;3;5~6;3~5;47~59;4~7;1~2;1;Not Placed
22~24;Male;B.Tech~B.Sc;ECE~ME;5~6;0;3;5;4~5;38~56;4~7;1;2~3;Not Placed
22~24;Male;B.Tech~B.Sc;ECE~ME;5~6;0;3;5;4~5;38~56;4~7;1;2~3;Not Placed
22~24;Male;B.Tech~B.Sc;ECE~ME;5~6;0;3;5;4~5;38~56;4~7;1;2~3;Not Placed
22~24;Male;B.Tech~B.Sc;ECE~ME;5~6;0;3;5;4~5;38~56;4~7;1;2~3;Not Placed
22~24;Male;B.Tech~B.Sc;ECE~ME;5~6;0;3;5;4~5;38~56;4~7;1;2~3;Not Placed
22~24;Male;B.Tech~B.Sc;ECE~ME;5~6;0;3;5;4~5;38~56;4~7;1;2~3;Not Placed
22~24;Male;B.Tech~B.Sc;ECE~ME~Civil;5~6;0;3;5;2~5;65~71;4~6;2;1~3;Not Placed
22~24;Male;B.Tech~B.Sc;ECE~ME~Civil;5~6;0;3;5;2~5;65~71;4~6;2;1~3;Not Placed
22~24;Male;B.Tech~B.Sc;ECE~ME~Civil;5~6;0;3;5;2~5;65~71;4~6;2;1~3;Not Placed
22~24;Male;B.Tech~B.Sc;ECE~ME~Civil;5~6;0;3;5;2~5;65~71;4~6;2;1~3;Placed
22~24;Male;B.Tech~B.Sc;ECE~ME~Civil;5~6;0;3;5;2~5;65~71;4~6;2;1~3;Not Placed
22~24;Male;B.Tech~B.Sc;ECE~ME~Civil;5~6;0;3;5;2~5;65~71;4~6;2;1~3;Not Placed
22~24;Male;B.Tech~B.Sc;ECE~ME~Civil;6~6;0;3;5;4~5;60~81;4~7;2;0~2;Placed
22~24;Male;B.Tech~B.Sc;ECE~ME~Civil;6~6;0;3;5;4~5;60~81;4~7;2;0~2;Placed
22~24;Male;B.Tech~B.Sc;ECE~ME~Civil;6~6;0;3;5;4~5;60~81;4~7;2;0~2;Not Placed
22~24;Male;B.Tech~B.Sc;ECE~ME~Civil;6~6;0;3;5;4~5;60~81;4~7;2;0~2;Not Placed
22~24;Male;B.Tech~B.Sc;ECE~ME~Civil;6~6;0;3;5;4~5;60~81;4~7;2;0~2;Not Placed
22~24;Male;B.Tech~B.Sc;ECE~ME~Civil;6~6;0;3;5;4~5;60~81;4~7;2;0~2;Placed
22~24;Male;B.Tech~B.Sc;ECE~ME~Civil;5~6;0;3;5;6~10;49~64;3~5;1~2;0~3;Not Placed
22~24;Male;B.Tech~B.Sc;ECE~ME~Civil;5~6;0;3;5;6~10;49~64;3~5;1~2;0~3;Not Placed
22~24;Male;B.Tech~B.Sc;ECE~ME~Civil;5~6;0;3;5;6~10;49~64;3~5;1~2;0~3;Placed
22~24;Male;B.Tech~B.Sc;ECE~ME~Civil;5~6;0;3;5;6~10;49~64;3~5;1~2;0~3;Not Placed
22~24;Male;B.Tech~B.Sc;ECE~ME~Civil;5~6;0;3;5;6~10;49~64;3~5;1~2;0~3;Not Placed
22~24;Male;B.Tech~B.Sc;ECE~ME~Civil;5~6;0;3;5;6~10;49~64;3~5;1~2;0~3;Not Placed
22~24;Male;B.Tech~B.Sc;ECE~ME~Civil;5~6;0;3;5;6~10;49~64;3~5;1~2;0~3;Not Placed
23~24;Male;B.Tech~B.Sc;ME~Civil;5~5;0;3;5;6~8;44~58;6~9;1;1~2;Not Placed
23~24;Male;B.Tech~B.Sc;ME~Civil;5~5;0;3;5;6~8;44~58;6~9;1;1~2;Not Placed
23~24;Male;B.Tech~B.Sc;ME~Civil;5~5;0;3;5;6~8;44~58;6~9;1;1~2;Not Placed
23~24;Male;B.Tech~B.Sc;ME~Civil;5~5;0;3;5;6~8;44~58;6~9;1;1~2;Not Placed
23~24;Male;B.Tech~B.Sc;ME~Civil;5~5;0;3;5;6~8;44~58;6~9;1;1~2;Not Placed
22~24;Male;B.Tech~B.Sc;ECE;5~6;0;3;5~6;6~9;65~81;5~8;2;0~2;Placed
22~24;Male;B.Tech~B.Sc;ECE;5~6;0;3;5~6;6~9;65~81;5~8;2;0~2;Placed
22~24;Male;B.Tech~B.Sc;ECE;5~6;0;3;5~6;6~9;65~81;5~8;2;0~2;Not Placed
22~24;Male;B.Tech~B.Sc;ECE;5~6;0;3;5~6;6~9;65~81;5~8;2;0~2;Placed
22~24;Male;B.Tech~B.Sc;ECE;5~6;0;3;5~6;6~9;65~81;5~8;2;0~2;Not Placed
22~24;Male;B.Tech~B.Sc;ECE;5~6;0;3;5~6;6~9;65~81;5~8;2;0~2;Not Placed
22~24;Male;B.Tech~B.Sc;ECE;5~6;0;3;5~6;6~9;65~81;5~8;2;0~2;Not Placed
22~24;Male;B.Tech~B.Sc;ME~Civil;5~6;0;3;5~6;6~7;65~75;5~8;2;2~3;Not Placed
22~24;Male;B.Tech~B.Sc;ME~Civil;5~6;0;3;5~6;6~7;65~75;5~8;2;2~3;Not Placed
22~24;Male;B.Tech~B.Sc;ME~Civil;5~6;0;3;5~6;6~7;65~75;5~8;2;2~3;Not Placed
22~24;Male;B.Tech~B.Sc;ME~Civil;5~6;0;3;5~6;6~7;65~75;5~8;2;2~3;Not Placed
22~24;Male;B.Tech~B.Sc;ME~Civil;5~6;0;3;5~6;6~7;65~75;5~8;2;2~3;Not Placed
22~24;Male;B.Tech~B.Sc;ECE~ME~Civil;6~6;0;4;6;3~5;47~65;3~7;2;0~2;Not Placed
22~24;Male;B.Tech~B.Sc;ECE~ME~Civil;6~6;0;4;6;3~5;47~65;3~7;2;0~2;Not Placed
22~24;Male;B.Tech~B.Sc;ECE~ME~Civil;6~6;0;4;6;3~5;47~65;3~7;2;0~2;Not Placed
22~24;Male;B.Tech~B.Sc;ECE~ME~Civil;6~6;0;4;6;3~5;47~65;3~7;2;0~2;Placed
22~24;Male;B.Tech~B.Sc;ECE~ME~Civil;6~6;0;4;6;3~5;47~65;3~7;2;0~2;Placed
22~24;Male;B.Tech~B.Sc;ECE~ME~Civil;6~6;0;4;6;3~5;47~65;3~7;2;0~2;Not Placed
22~24;Male;B.Tech~B.Sc;ECE~ME;6~7;0;4;6;3~5;69~88;4~8;2;1~2;Not Placed
22~24;Male;B.Tech~B.Sc;ECE~ME;6~7;0;4;6;3~5;69~88;4~8;2;1~2;Not Placed
22~24;Male;B.Tech~B.Sc;ECE~ME;6~7;0;4;6;3~5;69~88;4~8;2;1~2;Not Placed
22~24;Male;B.Tech~B.Sc;ECE~ME;6~7;0;4;6;3~5;69~88;4~8;2;1~2;Placed
22~24;Male;B.Tech~B.Sc;ECE~ME;6~7;0;4;6;3~5;69~88;4~8;2;1~2;Not Placed
22~24;Male;B.Tech~B.Sc;ECE~ME;6~7;0;4;6;3~5;69~88;4~8;2;1~2;Not Placed
22~24;Male;B.Tech~B.Sc;ECE~ME;6~7;0;4;6;3~5;69~88;4~8;2;1~2;Not Placed
22~24;Male;B.Tech~B.Sc;ECE~ME~Civil;6~7;0;4;5~6;6~7;52~69;5;2;0~1;Not Placed
22~24;Male;B.Tech~B.Sc;ECE~ME~Civil;6~7;0;4;5~6;6~7;52~69;5;2;0~1;Placed
22~24;Male;B.Tech~B.Sc;ECE~ME~Civil;6~7;0;4;5~6;6~7;52~69;5;2;0~1;Placed
22~24;Male;B.Tech~B.Sc;ECE~ME~Civil;6~7;0;4;5~6;6~7;52~69;5;2;0~1;Not Placed
22~24;Male;B.Tech~B.Sc;ECE~ME~Civil;6~7;0;4;5~6;6~7;52~69;5;2;0~1;Placed
22~24;Male;B.Tech~B.Sc;ECE~ME~Civil;6~7;0;4;5~6;6~9;71~86;3~8;2;0~2;Not Placed
22~24;Male;B.Tech~B.Sc;ECE~ME~Civil;6~7;0;4;5~6;6~9;71~86;3~8;2;0~2;Not Placed
22~24;Male;B.Tech~B.Sc;ECE~ME~Civil;6~7;0;4;5~6;6~9;71~86;3~8;2;0~2;Placed
22~24;Male;B.Tech~B.Sc;ECE~ME~Civil;6~7;0;4;5~6;6~9;71~86;3~8;2;0~2;Not Placed
22~24;Male;B.Tech~B.Sc;ECE~ME~Civil;6~7;0;4;5~6;6~9;71~86;3~8;2;0~2;Placed
22~24;Male;B.Tech~B.Sc;ECE~ME~Civil;6~7;0;4;5~6;6~9;71~86;3~8;2;0~2;Placed
23~24;Male;B.Tech~B.Sc;ECE~ME;6~6;0;4;7~8;3~8;45~73;4~6;2;0~3;Placed
23~24;Male;B.Tech~B.Sc;ECE~ME;6~6;0;4;7~8;3~8;45~73;4~6;2;0~3;Placed
23~24;Male;B.Tech~B.Sc;ECE~ME;6~6;0;4;7~8;3~8;45~73;4~6;2;0~3;Not Placed
23~24;Male;B.Tech~B.Sc;ECE~ME;6~6;0;4;7~8;3~8;45~73;4~6;2;0~3;Not Placed
23~24;Male;B.Tech~B.Sc;ECE~ME;6~6;0;4;7~8;3~8;45~73;4~6;2;0~3;Placed
22~24;Male;B.Tech~B.Sc;ECE~ME~Civil;6~6;0;4;7~8;4~7;75~86;3~7;2~3;0~2;Not Placed
22~24;Male;B.Tech~B.Sc;ECE~ME~Civil;6~6;0;4;7~8;4~7;75~86;3~7;2~3;0~2;Not Placed
22~24;Male;B.Tech~B.Sc;ECE~ME~Civil;6~6;0;4;7~8;4~7;75~86;3~7;2~3;0~2;Placed
22~24;Male;B.Tech~B.Sc;ECE~ME~Civil;6~6;0;4;7~8;4~7;75~86;3~7;2~3;0~2;Placed
22~24;Male;B.Tech~B.Sc;ECE~ME~Civil;6~6;0;4;7~8;4~7;75~86;3~7;2~3;0~2;Placed
22~24;Male;B.Tech~B.Sc;ECE~ME~Civil;6~6;0;4;7~8;4~7;75~86;3~7;2~3;0~2;Not Placed
22~24;Male;B.Tech~B.Sc;ECE~ME~Civil;4~6;1~2;2~3;3~5;3~5;49~60;3~5;1~2;0~2;Not Placed
22~24;Male;B.Tech~B.Sc;ECE~ME~Civil;4~6;1~2;2~3;3~5;3~5;49~60;3~5;1~2;0~2;Not Placed
22~24;Male;B.Tech~B.Sc;ECE~ME~Civil;4~6;1~2;2~3;3~5;3~5;49~60;3~5;1~2;0~2;Not Placed
22~24;Male;B.Tech~B.Sc;ECE~ME~Civil;4~6;1~2;2~3;3~5;3~5;49~60;3~5;1~2;0~2;Placed
22~24;Male;B.Tech~B.Sc;ECE~ME~Civil;4~6;1~2;2~3;3~5;3~5;49~60;3~5;1~2;0~2;Not Placed
22~24;Male;B.Tech~B.Sc;ECE~ME~Civil;4~6;1~2;2~3;3~5;3~5;49~60;3~5;1~2;0~2;Not Placed
22~24;Male;B.Tech~B.Sc;ECE~ME~Civil;4~6;1~2;2~3;3~5;3~5;49~60;3~5;1~2;0~2;Not Placed
22~24;Male;B.Tech~B.Sc;ECE~ME~Civil;4~6;1~2;3;3~5;4~5;42~61;6~8;1~2;0~3;Not Placed
22~24;Male;B.Tech~B.Sc;ECE~ME~Civil;4~6;1~2;3;3~5;4~5;42~61;6~8;1~2;0~3;Not Placed
22~24;Male;B.Tech~B.Sc;ECE~ME~Civil;4~6;1~2;3;3~5;4~5;42~61;6~8;1~2;0~3;Not Placed
22~24;Male;B.Tech~B.Sc;ECE~ME~Civil;4~6;1~2;3;3~5;4~5;42~61;6~8;1~2;0~3;Not Placed
22~24;Male;B.Tech~B.Sc;ECE~ME~Civil;4~6;1~2;3;3~5;4~5;42~61;6~8;1~2;0~3;Not Placed
22~24;Male;B.Tech~B.Sc;ECE~ME~Civil;4~6;1~2;3;3~5;4~5;42~61;6~8;1~2;0~3;Not Placed
22~24;Male;B.Tech~B.Sc;ECE~ME~Civil;4~6;1~2;3;3~5;4~5;42~61;6~8;1~2;0~3;Not Placed
22~24;Male;B.Tech~B.Sc;ECE~ME~Civil;6~6;1;3;3~4;3~5;62~80;4~9;1;0~2;Not Placed
22~24;Male;B.Tech~B.Sc;ECE~ME~Civil;6~6;1;3;3~4;3~5;62~80;4~9;1;0~2;Not Placed
22~24;Male;B.Tech~B.Sc;ECE~ME~Civil;6~6;1;3;3~4;3~5;62~80;4~9;1;0~2;Not Placed
22~24;Male;B.Tech~B.Sc;ECE~ME~Civil;6~6;1;3;3~4;3~5;62~80;4~9;1;0~2;Not Placed
22~24;Male;B.Tech~B.Sc;ECE~ME~Civil;6~6;1;3;3~4;3~5;62~80;4~9;1;0~2;Not Placed
22~24;Male;B.Tech~B.Sc;ECE~ME~Civil;6~6;1;3;3~4;3~5;62~80;4~9;1;0~2;Not Placed
22~24;Male;B.Tech~B.Sc;ECE~ME~Civil;6~6;1;3;3~4;3~5;62~80;4~9;1;0~2;Not Placed
22~24;Male;B.Tech~B.Sc;ECE~ME~Civil;6~6;1~2;3;5;3~5;66~90;3~6;2;0~2;Not Placed
22~24;Male;B.Tech~B.Sc;ECE~ME~Civil;6~6;1~2;3;5;3~5;66~90;3~6;2;0~2;Not Placed
22~24;Male;B.Tech~B.Sc;ECE~ME~Civil;6~6;1~2;3;5;3~5;66~90;3~6;2;0~2;Not Placed
22~24;Male;B.Tech~B.Sc;ECE~ME~Civil;6~6;1~2;3;5;3~5;66~90;3~6;2;0~2;Not Placed
22~24;Male;B.Tech~B.Sc;ECE~ME~Civil;6~6;1~2;3;5;3~5;66~90;3~6;2;0~2;Not Placed
22~24;Male;B.Tech~B.Sc;ECE~ME~Civil;6~6;1~2;3;5;3~5;66~90;3~6;2;0~2;Not Placed
22~24;Male;B.Tech~B.Sc;ECE~ME~Civil;6~6;1~2;3;5;3~5;66~90;3~6;2;0~2;Not Placed
22~24;Male;B.Tech~B.Sc;ECE~ME~Civil;5~6;1;2~3;2~4;6~9;43~60;5~7;1;0~2;Not Placed
22~24;Male;B.Tech~B.Sc;ECE~ME~Civil;5~6;1;2~3;2~4;6~9;43~60;5~7;1;0~2;Not Placed
22~24;Male;B.Tech~B.Sc;ECE~ME~Civil;5~6;1;2~3;2~4;6~9;43~60;5~7;1;0~2;Not Placed
22~24;Male;B.Tech~B.Sc;ECE~ME~Civil;5~6;1;2~3;2~4;6~9;43~60;5~7;1;0~2;Not Placed
22~24;Male;B.Tech~B.Sc;ECE~ME~Civil;5~6;1;2~3;2~4;6~9;43~60;5~7;1;0~2;Not Placed
22~24;Male;B.Tech~B.Sc;ECE~ME~Civil;5~6;1;2~3;2~4;6~9;43~60;5~7;1;0~2;Not Placed
22~24;Male;B.Tech~B.Sc;ECE~ME~Civil;5~6;1;2~3;2~4;6~9;43~60;5~7;1;0~2;Not Placed
22~24;Male;B.Tech~B.Sc;ECE~ME~Civil;5~6;1~2;2~3;3~5;6~7;44~60;3~6;1~2;3;Not Placed
22~24;Male;B.Tech~B.Sc;ECE~ME~Civil;5~6;1~2;2~3;3~5;6~7;44~60;3~6;1~2;3;Not Placed
22~24;Male;B.Tech~B.Sc;ECE~ME~Civil;5~6;1~2;2~3;3~5;6~7;44~60;3~6;1~2;3;Not Placed
22~24;Male;B.Tech~B.Sc;ECE~ME~Civil;5~6;1~2;2~3;3~5;6~7;44~60;3~6;1~2;3;Not Placed
22~24;Male;B.Tech~B.Sc;ECE~ME~Civil;5~6;1~2;2~3;3~5;6~7;44~60;3~6;1~2;3;Not Placed
22~24;Male;B.Tech~B.Sc;ECE~ME~Civil;5~7;1;2~3;1~4;6~7;61~77;4~6;1;0~3;Not Placed
22~24;Male;B.Tech~B.Sc;ECE~ME~Civil;5~7;1;2~3;1~4;6~7;61~77;4~6;1;0~3;Not Placed
22~24;Male;B.Tech~B.Sc;ECE~ME~Civil;5~7;1;2~3;1~4;6~7;61~77;4~6;1;0~3;Not Placed
22~24;Male;B.Tech~B.Sc;ECE~ME~Civil;5~7;1;2~3;1~4;6~7;61~77;4~6;1;0~3;Not Placed
22~24;Male;B.Tech~B.Sc;ECE~ME~Civil;5~7;1;2~3;1~4;6~7;61~77;4~6;1;0~3;Not Placed
22~24;Male;B.Tech~B.Sc;ECE~ME~Civil;5~7;1;2~3;1~4;6~7;61~77;4~6;1;0~3;Not Placed
22~24;Male;B.Tech~B.Sc;ECE~ME~Civil;6~6;1~2;3;4~5;6~8;63~83;3~8;2;0~2;Placed
22~24;Male;B.Tech~B.Sc;ECE~ME~Civil;6~6;1~2;3;4~5;6~8;63~83;3~8;2;0~2;Placed
22~24;Male;B.Tech~B.Sc;ECE~ME~Civil;6~6;1~2;3;4~5;6~8;63~83;3~8;2;0~2;Not Placed
22~24;Male;B.Tech~B.Sc;ECE~ME~Civil;6~6;1~2;3;4~5;6~8;63~83;3~8;2;0~2;Not Placed
22~24;Male;B.Tech~B.Sc;ECE~ME~Civil;6~6;1~2;3;4~5;6~8;63~83;3~8;2;0~2;Not Placed
22~24;Male;B.Tech~B.Sc;ECE~ME~Civil;6~6;1~2;3;4~5;6~8;63~83;3~8;2;0~2;Placed
22~24;Male;B.Tech~B.Sc;ECE~ME~Civil;4~5;1~2;3;6;5~7;50~64;4~6;2;1~3;Not Placed
22~24;Male;B.Tech~B.Sc;ECE~ME~Civil;4~5;1~2;3;6;5~7;50~64;4~6;2;1~3;Not Placed
22~24;Male;B.Tech~B.Sc;ECE~ME~Civil;4~5;1~2;3;6;5~7;50~64;4~6;2;1~3;Not Placed
22~24;Male;B.Tech~B.Sc;ECE~ME~Civil;4~5;1~2;3;6;5~7;50~64;4~6;2;1~3;Not Placed
22~24;Male;B.Tech~B.Sc;ECE~ME~Civil;4~5;1~2;3;6;5~7;50~64;4~6;2;1~3;Not Placed
22~24;Male;B.Tech~B.Sc;ECE~ME~Civil;4~5;1~2;3;6;5~7;50~64;4~6;2;1~3;Not Placed
22~24;Male;B.Tech~B.Sc;ME~Civil;6~6;1~2;4;6;4~5;52~81;3~6;2;0~2;Not Placed
22~24;Male;B.Tech~B.Sc;ME~Civil;6~6;1~2;4;6;4~5;52~81;3~6;2;0~2;Placed
22~24;Male;B.Tech~B.Sc;ME~Civil;6~6;1~2;4;6;4~5;52~81;3~6;2;0~2;Not Placed
22~24;Male;B.Tech~B.Sc;ME~Civil;6~6;1~2;4;6;4~5;52~81;3~6;2;0~2;Placed
22~24;Male;B.Tech~B.Sc;ME~Civil;6~6;1~2;4;6;4~5;52~81;3~6;2;0~2;Not Placed
22~24;Male;B.Tech~B.Sc;ME~Civil;6~6;1~2;4;6;4~5;52~81;3~6;2;0~2;Placed
22~24;Male;B.Tech~B.Sc;ECE~ME~Civil;6~6;1~2;4;6;6~9;60~97;5~8;2;0~3;Not Placed
22~24;Male;B.Tech~B.Sc;ECE~ME~Civil;6~6;1~2;4;6;6~9;60~97;5~8;2;0~3;Placed
22~24;Male;B.Tech~B.Sc;ECE~ME~Civil;6~6;1~2;4;6;6~9;60~97;5~8;2;0~3;Not Placed
22~24;Male;B.Tech~B.Sc;ECE~ME~Civil;6~6;1~2;4;6;6~9;60~97;5~8;2;0~3;Placed
22~24;Male;B.Tech~B.Sc;ECE~ME~Civil;6~6;1~2;4;6;6~9;60~97;5~8;2;0~3;Placed
22~24;Male;B.Tech~B.Sc;ECE~ME~Civil;6~6;1~2;4;6;6~9;60~97;5~8;2;0~3;Placed
22~24;Male;B.Tech~B.Sc;ECE~ME~Civil;6~6;1~2;4;6;6~9;60~97;5~8;2;0~3;Not Placed
22~24;Male;B.Tech~B.Sc;ECE~ME~Civil;5~7;1~2;4;7;3~7;53~74;4~7;2;0~3;Placed
22~24;Male;B.Tech~B.Sc;ECE~ME~Civil;5~7;1~2;4;7;3~7;53~74;4~7;2;0~3;Not Placed
22~24;Male;B.Tech~B.Sc;ECE~ME~Civil;5~7;1~2;4;7;3~7;53~74;4~7;2;0~3;Not Placed
22~24;Male;B.Tech~B.Sc;ECE~ME~Civil;5~7;1~2;4;7;3~7;53~74;4~7;2;0~3;Not Placed
22~24;Male;B.Tech~B.Sc;ECE~ME~Civil;5~7;1~2;4;7;3~7;53~74;4~7;2;0~3;Placed
22~24;Male;B.Tech~B.Sc;ECE~ME~Civil;5~7;1~2;4;7;3~7;53~74;4~7;2;0~3;Placed
22~24;Male;B.Tech~B.Sc;ECE~ME~Civil;5~7;1~2;4;7;3~7;53~74;4~7;2;0~3;Placed
22~24;Male;B.Tech~B.Sc;ECE~ME~Civil;5~7;1~2;4;7;3~7;53~74;4~7;2;0~3;Not Placed
22~24;Male;B.Tech~B.Sc;ECE~ME~Civil;5~7;1~2;4;7;3~7;53~74;4~7;2;0~3;Not Placed
22~24;Male;B.Tech~B.Sc;ME~Civil;7~7;0;3;2~4;4~6;60~75;3~5;1;0~2;Not Placed
22~24;Male;B.Tech~B.Sc;ME~Civil;7~7;0;3;2~4;4~6;60~75;3~5;1;0~2;Not Placed
22~24;Male;B.Tech~B.Sc;ME~Civil;7~7;0;3;2~4;4~6;60~75;3~5;1;0~2;Not Placed
22~24;Male;B.Tech~B.Sc;ME~Civil;7~7;0;3;2~4;4~6;60~75;3~5;1;0~2;Not Placed
22~24;Male;B.Tech~B.Sc;ME~Civil;7~7;0;3;2~4;4~6;60~75;3~5;1;0~2;Not Placed
22~24;Male;B.Tech~B.Sc;ME~Civil;7~7;0;3;2~4;4~6;60~75;3~5;1;0~2;Not Placed
22~24;Male;B.Tech~B.Sc;ME~Civil;7~7;0;3;2~4;4~6;60~75;3~5;1;0~2;Not Placed
22~24;Male;B.Tech~B.Sc;ECE~ME~Civil;7~7;0;3~4;3~5;4~6;58~72;4~5;1;0~2;Not Placed
22~24;Male;B.Tech~B.Sc;ECE~ME~Civil;7~7;0;3~4;3~5;4~6;58~72;4~5;1;0~2;Not Placed
22~24;Male;B.Tech~B.Sc;ECE~ME~Civil;7~7;0;3~4;3~5;4~6;58~72;4~5;1;0~2;Not Placed
22~24;Male;B.Tech~B.Sc;ECE~ME~Civil;7~7;0;3~4;3~5;4~6;58~72;4~5;1;0~2;Not Placed
22~24;Male;B.Tech~B.Sc;ECE~ME~Civil;7~7;0;3~4;3~5;4~6;58~72;4~5;1;0~2;Not Placed
22~24;Male;B.Tech~B.Sc;ECE~ME~Civil;7~7;0;3~4;3~5;4~6;58~72;4~5;1;0~2;Not Placed
22~24;Male;B.Tech~B.Sc;ECE~ME~Civil;7~7;0;3~4;3~5;4~6;58~72;4~5;1;0~2;Not Placed
22~24;Male;B.Tech~B.Sc;ECE~ME~Civil;7~7;0~1;4;5;5~6;64~75;3~5;2;0~2;Placed
22~24;Male;B.Tech~B.Sc;ECE~ME~Civil;7~7;0~1;4;5;5~6;64~75;3~5;2;0~2;Placed
22~24;Male;B.Tech~B.Sc;ECE~ME~Civil;7~7;0~1;4;5;5~6;64~75;3~5;2;0~2;Placed
22~24;Male;B.Tech~B.Sc;ECE~ME~Civil;7~7;0~1;4;5;5~6;64~75;3~5;2;0~2;Not Placed
22~24;Male;B.Tech~B.Sc;ECE~ME~Civil;7~7;0~1;4;5;5~6;64~75;3~5;2;0~2;Placed
22~24;Male;B.Tech~B.Sc;ECE~ME~Civil;7~7;0~1;4;5;5~6;64~75;3~5;2;0~2;Placed
22~24;Male;B.Tech~B.Sc;ECE~ME~Civil;7~8;0~1;3~4;3~5;2~6;52~71;6~9;1;0~2;Not Placed
22~24;Male;B.Tech~B.Sc;ECE~ME~Civil;7~8;0~1;3~4;3~5;2~6;52~71;6~9;1;0~2;Not Placed
22~24;Male;B.Tech~B.Sc;ECE~ME~Civil;7~8;0~1;3~4;3~5;2~6;52~71;6~9;1;0~2;Not Placed
22~24;Male;B.Tech~B.Sc;ECE~ME~Civil;7~8;0~1;3~4;3~5;2~6;52~71;6~9;1;0~2;Not Placed
22~24;Male;B.Tech~B.Sc;ECE~ME~Civil;7~8;0~1;3~4;3~5;2~6;52~71;6~9;1;0~2;Not Placed
22~24;Male;B.Tech~B.Sc;ECE~ME~Civil;7~8;0~1;3~4;3~5;2~6;52~71;6~9;1;0~2;Not Placed
22~24;Male;B.Tech~B.Sc;ECE~ME~Civil;7~8;0~1;3~4;3~5;2~6;52~71;6~9;1;0~2;Not Placed
22~24;Male;B.Tech~B.Sc;ECE~ME~Civil;7~8;0~1;3~4;3~5;2~6;52~71;6~9;1;0~2;Not Placed
22~24;Male;B.Tech~B.Sc;ECE~ME~Civil;7~8;0~1;3~4;3~5;2~6;52~71;6~9;1;0~2;Not Placed
22~24;Male;B.Tech~B.Sc;ECE~ME~Civil;7~7;0~1;4;5;5~6;61~72;6~7;2;0~1;Placed
22~24;Male;B.Tech~B.Sc;ECE~ME~Civil;7~7;0~1;4;5;5~6;61~72;6~7;2;0~1;Placed
22~24;Male;B.Tech~B.Sc;ECE~ME~Civil;7~7;0~1;4;5;5~6;61~72;6~7;2;0~1;Placed
22~24;Male;B.Tech~B.Sc;ECE~ME~Civil;7~7;0~1;4;5;5~6;61~72;6~7;2;0~1;Placed
22~24;Male;B.Tech~B.Sc;ECE~ME~Civil;7~7;0~1;4;5;5~6;61~72;6~7;2;0~1;Placed
22~24;Male;B.Tech~B.Sc;ECE~ME~Civil;7~8;0~1;4;5;3~6;62~75;6~9;2;0~2;Not Placed
22~24;Male;B.Tech~B.Sc;ECE~ME~Civil;7~8;0~1;4;5;3~6;62~75;6~9;2;0~2;Placed
22~24;Male;B.Tech~B.Sc;ECE~ME~Civil;7~8;0~1;4;5;3~6;62~75;6~9;2;0~2;Placed
22~24;Male;B.Tech~B.Sc;ECE~ME~Civil;7~8;0~1;4;5;3~6;62~75;6~9;2;0~2;Not Placed
22~24;Male;B.Tech~B.Sc;ECE~ME~Civil;7~8;0~1;4;5;3~6;62~75;6~9;2;0~2;Placed
22~24;Male;B.Tech~B.Sc;ECE~ME;7~7;0~1;3~4;2~5;3~6;83~94;4~6;1~2;0;Placed
22~24;Male;B.Tech~B.Sc;ECE~ME;7~7;0~1;3~4;2~5;3~6;83~94;4~6;1~2;0;Not Placed
22~24;Male;B.Tech~B.Sc;ECE~ME;7~7;0~1;3~4;2~5;3~6;83~94;4~6;1~2;0;Placed
22~24;Male;B.Tech~B.Sc;ECE~ME;7~7;0~1;3~4;2~5;3~6;83~94;4~6;1~2;0;Placed
22~24;Male;B.Tech~B.Sc;ECE~ME;7~7;0~1;3~4;2~5;3~6;83~94;4~6;1~2;0;Placed
22~24;Male;B.Tech~B.Sc;Civil;7~7;0~1;2~4;1~5;5~6;79~89;3~6;1~2;0;Placed
22~24;Male;B.Tech~B.Sc;Civil;7~7;0~1;2~4;1~5;5~6;79~89;3~6;1~2;0;Placed
22~24;Male;B.Tech~B.Sc;Civil;7~7;0~1;2~4;1~5;5~6;79~89;3~6;1~2;0;Not Placed
22~24;Male;B.Tech~B.Sc;Civil;7~7;0~1;2~4;1~5;5~6;79~89;3~6;1~2;0;Not Placed
22~24;Male;B.Tech~B.Sc;Civil;7~7;0~1;2~4;1~5;5~6;79~89;3~6;1~2;0;Not Placed
22~24;Male;B.Tech~B.Sc;Civil;7~7;0~1;2~4;1~5;5~6;79~89;3~6;1~2;0;Not Placed
22~24;Male;B.Tech~B.Sc;ECE~ME~Civil;7~9;0~1;3~4;3~5;3~6;78~85;4~6;1~2;0;Placed
22~24;Male;B.Tech~B.Sc;ECE~ME~Civil;7~9;0~1;3~4;3~5;3~6;78~85;4~6;1~2;0;Not Placed
22~24;Male;B.Tech~B.Sc;ECE~ME~Civil;7~9;0~1;3~4;3~5;3~6;78~85;4~6;1~2;0;Not Placed
22~24;Male;B.Tech~B.Sc;ECE~ME~Civil;7~9;0~1;3~4;3~5;3~6;78~85;4~6;1~2;0;Placed
22~24;Male;B.Tech~B.Sc;ECE~ME~Civil;7~9;0~1;3~4;3~5;3~6;78~85;4~6;1~2;0;Not Placed
22~24;Male;B.Tech~B.Sc;ECE~ME~Civil;7~9;0~1;3~4;3~5;3~6;78~85;4~6;1~2;0;Not Placed
22~24;Male;B.Tech;ECE~ME~Civil;7~9;0~1;3~4;4~5;4~6;87~100;4~6;2;0;Placed
22~24;Male;B.Tech;ECE~ME~Civil;7~9;0~1;3~4;4~5;4~6;87~100;4~6;2;0;Not Placed
22~24;Male;B.Tech;ECE~ME~Civil;7~9;0~1;3~4;4~5;4~6;87~100;4~6;2;0;Placed
22~24;Male;B.Tech;ECE~ME~Civil;7~9;0~1;3~4;4~5;4~6;87~100;4~6;2;0;Not Placed
22~24;Male;B.Tech;ECE~ME~Civil;7~9;0~1;3~4;4~5;4~6;87~100;4~6;2;0;Placed
22~24;Male;B.Tech;ECE~ME~Civil;7~9;0~1;3~4;4~5;4~6;87~100;4~6;2;0;Not Placed
22~24;Male;B.Tech~B.Sc;ECE~ME~Civil;7~8;0~1;3~4;3~5;2~6;77~100;3~6;1~2;1~2;Not Placed
22~24;Male;B.Tech~B.Sc;ECE~ME~Civil;7~8;0~1;3~4;3~5;2~6;77~100;3~6;1~2;1~2;Not Placed
22~24;Male;B.Tech~B.Sc;ECE~ME~Civil;7~8;0~1;3~4;3~5;2~6;77~100;3~6;1~2;1~2;Not Placed
22~24;Male;B.Tech~B.Sc;ECE~ME~Civil;7~8;0~1;3~4;3~5;2~6;77~100;3~6;1~2;1~2;Not Placed
22~24;Male;B.Tech~B.Sc;ECE~ME~Civil;7~8;0~1;3~4;3~5;2~6;77~100;3~6;1~2;1~2;Placed
22~24;Male;B.Tech~B.Sc;ECE~ME~Civil;7~8;0~1;3~4;3~5;2~6;77~100;3~6;1~2;1~2;Placed
22~24;Male;B.Tech~B.Sc;ECE~ME~Civil;7~8;0~1;3~4;3~5;2~6;77~100;3~6;1~2;1~2;Not Placed
22~24;Male;B.Tech~B.Sc;ME~Civil;7~8;0~1;4;5;4~6;76~91;7~8;2;0;Not Placed
22~24;Male;B.Tech~B.Sc;ME~Civil;7~8;0~1;4;5;4~6;76~91;7~8;2;0;Placed
22~24;Male;B.Tech~B.Sc;ME~Civil;7~8;0~1;4;5;4~6;76~91;7~8;2;0;Placed
22~24;Male;B.Tech~B.Sc;ME~Civil;7~8;0~1;4;5;4~6;76~91;7~8;2;0;Not Placed
22~24;Male;B.Tech~B.Sc;ME~Civil;7~8;0~1;4;5;4~6;76~91;7~8;2;0;Placed
22~24;Male;B.Sc;ECE~ME~Civil;7~8;0;2~4;1~5;3~6;76~100;7;1~2;1~2;Not Placed
22~24;Male;B.Sc;ECE~ME~Civil;7~8;0;2~4;1~5;3~6;76~100;7;1~2;1~2;Not Placed
22~24;Male;B.Sc;ECE~ME~Civil;7~8;0;2~4;1~5;3~6;76~100;7;1~2;1~2;Not Placed
22~24;Male;B.Sc;ECE~ME~Civil;7~8;0;2~4;1~5;3~6;76~100;7;1~2;1~2;Not Placed
22~24;Male;B.Sc;ECE~ME~Civil;7~8;0;2~4;1~5;3~6;76~100;7;1~2;1~2;Placed
22~24;Male;B.Tech~B.Sc;ME~Civil;7~8;0~1;3~4;2~5;7~9;56~76;4~8;1~2;0;Not Placed
22~24;Male;B.Tech~B.Sc;ME~Civil;7~8;0~1;3~4;2~5;7~9;56~76;4~8;1~2;0;Not Placed
22~24;Male;B.Tech~B.Sc;ME~Civil;7~8;0~1;3~4;2~5;7~9;56~76;4~8;1~2;0;Not Placed
22~24;Male;B.Tech~B.Sc;ME~Civil;7~8;0~1;3~4;2~5;7~9;56~76;4~8;1~2;0;Placed
22~24;Male;B.Tech~B.Sc;ME~Civil;7~8;0~1;3~4;2~5;7~9;56~76;4~8;1~2;0;Not Placed
22~24;Male;B.Tech~B.Sc;ECE~ME~Civil;7~7;0~1;3~4;3~5;7~10;50~75;5~7;1;1~2;Not Placed
22~24;Male;B.Tech~B.Sc;ECE~ME~Civil;7~7;0~1;3~4;3~5;7~10;50~75;5~7;1;1~2;Not Placed
22~24;Male;B.Tech~B.Sc;ECE~ME~Civil;7~7;0~1;3~4;3~5;7~10;50~75;5~7;1;1~2;Not Placed
22~24;Male;B.Tech~B.Sc;ECE~ME~Civil;7~7;0~1;3~4;3~5;7~10;50~75;5~7;1;1~2;Not Placed
22~24;Male;B.Tech~B.Sc;ECE~ME~Civil;7~7;0~1;3~4;3~5;7~10;50~75;5~7;1;1~2;Not Placed
22~24;Male;B.Tech~B.Sc;ECE~ME~Civil;7~7;0~1;3~4;3~5;7~10;50~75;5~7;1;1~2;Not Placed
22~24;Male;B.Tech~B.Sc;ECE~ME~Civil;7~8;0~1;3~4;2~5;7~8;84~100;4~6;1~2;0~2;Not Placed
22~24;Male;B.Tech~B.Sc;ECE~ME~Civil;7~8;0~1;3~4;2~5;7~8;84~100;4~6;1~2;0~2;Not Placed
22~24;Male;B.Tech~B.Sc;ECE~ME~Civil;7~8;0~1;3~4;2~5;7~8;84~100;4~6;1~2;0~2;Not Placed
22~24;Male;B.Tech~B.Sc;ECE~ME~Civil;7~8;0~1;3~4;2~5;7~8;84~100;4~6;1~2;0~2;Not Placed
22~24;Male;B.Tech~B.Sc;ECE~ME~Civil;7~8;0~1;3~4;2~5;7~8;84~100;4~6;1~2;0~2;Not Placed
22~24;Male;B.Tech~B.Sc;ECE~ME~Civil;7~8;0~1;3~4;2~5;7~8;84~100;4~6;1~2;0~2;Not Placed
22~23;Male;B.Tech~B.Sc;ECE~ME~Civil;7~7;0~1;3~4;4~5;7~9;77~85;7~8;1~2;0~2;Not Placed
22~23;Male;B.Tech~B.Sc;ECE~ME~Civil;7~7;0~1;3~4;4~5;7~9;77~85;7~8;1~2;0~2;Placed
22~23;Male;B.Tech~B.Sc;ECE~ME~Civil;7~7;0~1;3~4;4~5;7~9;77~85;7~8;1~2;0~2;Not Placed
22~23;Male;B.Tech~B.Sc;ECE~ME~Civil;7~7;0~1;3~4;4~5;7~9;77~85;7~8;1~2;0~2;Not Placed
22~23;Male;B.Tech~B.Sc;ECE~ME~Civil;7~7;0~1;3~4;4~5;7~9;77~85;7~8;1~2;0~2;Not Placed
22~24;Male;B.Tech~B.Sc;ECE~ME~Civil;7~7;0~1;4;6~7;4~6;47~75;3~6;2;0;Placed
22~24;Male;B.Tech~B.Sc;ECE~ME~Civil;7~7;0~1;4;6~7;4~6;47~75;3~6;2;0;Placed
22~24;Male;B.Tech~B.Sc;ECE~ME~Civil;7~7;0~1;4;6~7;4~6;47~75;3~6;2;0;Not Placed
22~24;Male;B.Tech~B.Sc;ECE~ME~Civil;7~7;0~1;4;6~7;4~6;47~75;3~6;2;0;Not Placed
22~24;Male;B.Tech~B.Sc;ECE~ME~Civil;7~7;0~1;4;6~7;4~6;47~75;3~6;2;0;Placed
22~24;Male;B.Tech~B.Sc;ECE~ME~Civil;7~7;0~1;4;6~7;4~6;47~75;3~6;2;0;Not Placed
22~24;Male;B.Tech~B.Sc;ECE~ME~Civil;7~7;0~1;4;6~7;4~6;47~75;3~6;2;0;Placed
22~24;Male;B.Tech~B.Sc;ECE~ME~Civil;7~7;0~1;4;6~7;4~6;47~75;3~6;2;0;Placed
22~24;Male;B.Tech~B.Sc;ECE~ME~Civil;7~8;0~1;4;6~7;3~6;68~77;4~6;2;0;Placed
22~24;Male;B.Tech~B.Sc;ECE~ME~Civil;7~8;0~1;4;6~7;3~6;68~77;4~6;2;0;Placed
22~24;Male;B.Tech~B.Sc;ECE~ME~Civil;7~8;0~1;4;6~7;3~6;68~77;4~6;2;0;Placed
22~24;Male;B.Tech~B.Sc;ECE~ME~Civil;7~8;0~1;4;6~7;3~6;68~77;4~6;2;0;Not Placed
22~24;Male;B.Tech~B.Sc;ECE~ME~Civil;7~8;0~1;4;6~7;3~6;68~77;4~6;2;0;Placed
22~24;Male;B.Tech~B.Sc;ECE~ME~Civil;7~8;0~1;4;6~7;3~6;68~77;4~6;2;0;Placed
22~24;Male;B.Tech~B.Sc;ECE~ME~Civil;7~8;0~1;4;6~7;3~6;68~77;4~6;2;0;Placed
22~24;Male;B.Tech~B.Sc;ECE~ME~Civil;7~8;0~1;4;6~7;3~6;68~77;4~6;2;0;Placed
22~24;Male;B.Tech~B.Sc;ECE~ME~Civil;7~7;0~1;4;6~7;3~6;63~78;3~6;2;1~2;Not Placed
22~24;Male;B.Tech~B.Sc;ECE~ME~Civil;7~7;0~1;4;6~7;3~6;63~78;3~6;2;1~2;Not Placed
22~24;Male;B.Tech~B.Sc;ECE~ME~Civil;7~7;0~1;4;6~7;3~6;63~78;3~6;2;1~2;Placed
22~24;Male;B.Tech~B.Sc;ECE~ME~Civil;7~7;0~1;4;6~7;3~6;63~78;3~6;2;1~2;Not Placed
22~24;Male;B.Tech~B.Sc;ECE~ME~Civil;7~7;0~1;4;6~7;3~6;63~78;3~6;2;1~2;Not Placed
22~24;Male;B.Tech~B.Sc;ECE~ME~Civil;7~7;0~1;4;6~7;3~6;63~78;3~6;2;1~2;Not Placed
22~24;Male;B.Tech~B.Sc;ECE~ME~Civil;7~7;0~1;4;6~7;3~6;63~78;3~6;2;1~2;Placed
22~24;Male;B.Tech~B.Sc;ECE~ME~Civil;7~7;0~1;4;6~7;3~6;63~78;3~6;2;1~2;Not Placed
22~24;Male;B.Tech~B.Sc;ECE~ME~Civil;7~8;0~1;4;6~7;2~6;51~76;7~8;2;0~2;Placed
22~24;Male;B.Tech~B.Sc;ECE~ME~Civil;7~8;0~1;4;6~7;2~6;51~76;7~8;2;0~2;Placed
22~24;Male;B.Tech~B.Sc;ECE~ME~Civil;7~8;0~1;4;6~7;2~6;51~76;7~8;2;0~2;Placed
22~24;Male;B.Tech~B.Sc;ECE~ME~Civil;7~8;0~1;4;6~7;2~6;51~76;7~8;2;0~2;Not Placed
22~24;Male;B.Tech~B.Sc;ECE~ME~Civil;7~8;0~1;4;6~7;2~6;51~76;7~8;2;0~2;Not Placed
22~24;Male;B.Tech~B.Sc;ECE~ME~Civil;7~8;0~1;4;6~7;2~6;51~76;7~8;2;0~2;Placed
22~24;Male;B.Tech~B.Sc;ECE~ME~Civil;7~8;0~1;4;6~7;2~6;51~76;7~8;2;0~2;Not Placed
22~24;Male;B.Tech~B.Sc;ECE~ME~Civil;7~8;0~1;4;6~7;2~6;51~76;7~8;2;0~2;Not Placed
22~24;Male;B.Tech~B.Sc;ECE~ME~Civil;7~8;0~1;4;6~7;2~6;51~76;7~8;2;0~2;Not Placed
22~24;Male;B.Tech~B.Sc;ECE~ME~Civil;7~8;0~1;4;6~7;3~6;80~93;2~5;2;0;Placed
22~24;Male;B.Tech~B.Sc;ECE~ME~Civil;7~8;0~1;4;6~7;3~6;80~93;2~5;2;0;Placed
22~24;Male;B.Tech~B.Sc;ECE~ME~Civil;7~8;0~1;4;6~7;3~6;80~93;2~5;2;0;Placed
22~24;Male;B.Tech~B.Sc;ECE~ME~Civil;7~8;0~1;4;6~7;3~6;80~93;2~5;2;0;Not Placed
22~24;Male;B.Tech~B.Sc;ECE~ME~Civil;7~8;0~1;4;6~7;3~6;80~93;2~5;2;0;Not Placed
22~24;Male;B.Tech~B.Sc;ECE~ME~Civil;7~8;0~1;4;6~7;3~6;80~93;2~5;2;0;Placed
22~24;Male;B.Tech~B.Sc;ECE~ME~Civil;7~8;0~1;4;6~7;3~6;80~93;2~5;2;0;Placed
22~24;Male;B.Tech~B.Sc;ECE~ME~Civil;7~8;0~1;4;6~7;3~6;80~93;2~5;2;0;Placed
22~24;Male;B.Tech~B.Sc;ECE~ME~Civil;7~8;0~1;4;6~7;3~6;80~93;2~5;2;0;Placed
22~24;Male;B.Tech~B.Sc;ECE~ME~Civil;7~8;0~1;4;6~7;3~6;81~95;4~5;2;1~2;Not Placed
22~24;Male;B.Tech~B.Sc;ECE~ME~Civil;7~8;0~1;4;6~7;3~6;81~95;4~5;2;1~2;Not Placed
22~24;Male;B.Tech~B.Sc;ECE~ME~Civil;7~8;0~1;4;6~7;3~6;81~95;4~5;2;1~2;Not Placed
22~24;Male;B.Tech~B.Sc;ECE~ME~Civil;7~8;0~1;4;6~7;3~6;81~95;4~5;2;1~2;Placed
22~24;Male;B.Tech~B.Sc;ECE~ME~Civil;7~8;0~1;4;6~7;3~6;81~95;4~5;2;1~2;Placed
22~24;Male;B.Tech~B.Sc;ECE~ME~Civil;7~8;0~1;4;6~7;3~6;81~95;4~5;2;1~2;Not Placed
22~24;Male;B.Tech~B.Sc;ECE~ME~Civil;7~8;0~1;4;6~7;3~6;81~95;4~5;2;1~2;Not Placed
22~24;Male;B.Tech~B.Sc;ECE~ME~Civil;7~8;0~1;4;6~7;3~6;81~95;4~5;2;1~2;Placed
22~24;Male;B.Tech~B.Sc;ECE~ME~Civil;7~8;0~1;4;6~7;3~6;81~95;4~5;2;1~2;Not Placed
22~24;Male;B.Tech~B.Sc;ECE~ME;7~7;0~1;4;6~7;5~6;80~100;6~8;2~3;0~1;Placed
22~24;Male;B.Tech~B.Sc;ECE~ME;7~7;0~1;4;6~7;5~6;80~100;6~8;2~3;0~1;Placed
22~24;Male;B.Tech~B.Sc;ECE~ME;7~7;0~1;4;6~7;5~6;80~100;6~8;2~3;0~1;Placed
22~24;Male;B.Tech~B.Sc;ECE~ME;7~7;0~1;4;6~7;5~6;80~100;6~8;2~3;0~1;Placed
22~24;Male;B.Tech~B.Sc;ECE~ME;7~7;0~1;4;6~7;5~6;80~100;6~8;2~3;0~1;Placed
22~24;Male;B.Tech~B.Sc;ECE~ME;7~7;0~1;4;6~7;5~6;80~100;6~8;2~3;0~1;Placed
22~24;Male;B.Tech~B.Sc;ECE~ME;7~7;0~1;4;6~7;5~6;80~100;6~8;2~3;0~1;Placed
22~24;Male;B.Tech~B.Sc;ECE~ME~Civil;7~8;0~1;4;6~7;3~6;82~97;6~7;2;0~2;Not Placed
22~24;Male;B.Tech~B.Sc;ECE~ME~Civil;7~8;0~1;4;6~7;3~6;82~97;6~7;2;0~2;Placed
22~24;Male;B.Tech~B.Sc;ECE~ME~Civil;7~8;0~1;4;6~7;3~6;82~97;6~7;2;0~2;Placed
22~24;Male;B.Tech~B.Sc;ECE~ME~Civil;7~8;0~1;4;6~7;3~6;82~97;6~7;2;0~2;Not Placed
22~24;Male;B.Tech~B.Sc;ECE~ME~Civil;7~8;0~1;4;6~7;3~6;82~97;6~7;2;0~2;Placed
22~24;Male;B.Tech~B.Sc;ECE~ME~Civil;7~8;0~1;4;6~7;3~6;82~97;6~7;2;0~2;Placed
22~24;Male;B.Tech~B.Sc;ECE~ME~Civil;7~8;0~1;4;6~7;3~6;82~97;6~7;2;0~2;Placed
22~24;Male;B.Tech~B.Sc;ECE~ME~Civil;7~8;0~1;4;6;7~8;57~76;3~5;2;0~2;Placed
22~24;Male;B.Tech~B.Sc;ECE~ME~Civil;7~8;0~1;4;6;7~8;57~76;3~5;2;0~2;Placed
22~24;Male;B.Tech~B.Sc;ECE~ME~Civil;7~8;0~1;4;6;7~8;57~76;3~5;2;0~2;Placed
22~24;Male;B.Tech~B.Sc;ECE~ME~Civil;7~8;0~1;4;6;7~8;57~76;3~5;2;0~2;Placed
22~24;Male;B.Tech~B.Sc;ECE~ME~Civil;7~8;0~1;4;6;7~8;57~76;3~5;2;0~2;Not Placed
22~24;Male;B.Tech~B.Sc;ECE~ME~Civil;7~8;0~1;4;6;7~8;57~76;3~5;2;0~2;Placed
22~24;Male;B.Tech~B.Sc;ECE~ME~Civil;7~7;0~1;4;6~7;7~9;55~76;6~7;2;0~1;Placed
22~24;Male;B.Tech~B.Sc;ECE~ME~Civil;7~7;0~1;4;6~7;7~9;55~76;6~7;2;0~1;Placed
22~24;Male;B.Tech~B.Sc;ECE~ME~Civil;7~7;0~1;4;6~7;7~9;55~76;6~7;2;0~1;Placed
22~24;Male;B.Tech~B.Sc;ECE~ME~Civil;7~7;0~1;4;6~7;7~9;55~76;6~7;2;0~1;Placed
22~24;Male;B.Tech~B.Sc;ECE~ME~Civil;7~7;0~1;4;6~7;7~9;55~76;6~7;2;0~1;Placed
22~24;Male;B.Tech~B.Sc;ECE~ME~Civil;7~8;0~1;4;6~7;7~8;77~92;5~6;2;0~2;Placed
22~24;Male;B.Tech~B.Sc;ECE~ME~Civil;7~8;0~1;4;6~7;7~8;77~92;5~6;2;0~2;Placed
22~24;Male;B.Tech~B.Sc;ECE~ME~Civil;7~8;0~1;4;6~7;7~8;77~92;5~6;2;0~2;Placed
22~24;Male;B.Tech~B.Sc;ECE~ME~Civil;7~8;0~1;4;6~7;7~8;77~92;5~6;2;0~2;Placed
22~24;Male;B.Tech~B.Sc;ECE~ME~Civil;7~8;0~1;4;6~7;7~8;77~92;5~6;2;0~2;Not Placed
22~24;Male;B.Tech~B.Sc;ECE~ME~Civil;7~8;0~1;4;6~7;7~8;77~92;5~6;2;0~2;Placed
22~24;Male;B.Tech~B.Sc;ECE~ME~Civil;7~8;0~1;4;6~7;7~8;77~92;5~6;2;0~2;Placed
22~24;Male;B.Tech~B.Sc;ECE~ME~Civil;7~8;0~1;4;6~7;7~8;77~92;5~6;2;0~2;Placed
22~24;Male;B.Tech~B.Sc;ECE~ME~Civil;7~8;0~1;4;6~7;7~8;77~92;5~6;2;0~2;Placed
23~24;Male;B.Tech~B.Sc;ECE~ME~Civil;8~8;1;5;7;4~5;70~86;5~8;2;0~1;Not Placed
23~24;Male;B.Tech~B.Sc;ECE~ME~Civil;8~8;1;5;7;4~5;70~86;5~8;2;0~1;Placed
23~24;Male;B.Tech~B.Sc;ECE~ME~Civil;8~8;1;5;7;4~5;70~86;5~8;2;0~1;Not Placed
23~24;Male;B.Tech~B.Sc;ECE~ME~Civil;8~8;1;5;7;4~5;70~86;5~8;2;0~1;Not Placed
23~24;Male;B.Tech~B.Sc;ECE~ME~Civil;8~8;1;5;7;4~5;70~86;5~8;2;0~1;Placed
23~24;Male;B.Tech~B.Sc;ECE~ME~Civil;8~9;0~1;5;6~7;4~5;87~100;4~7;2~3;0;Placed
23~24;Male;B.Tech~B.Sc;ECE~ME~Civil;8~9;0~1;5;6~7;4~5;87~100;4~7;2~3;0;Placed
23~24;Male;B.Tech~B.Sc;ECE~ME~Civil;8~9;0~1;5;6~7;4~5;87~100;4~7;2~3;0;Placed
23~24;Male;B.Tech~B.Sc;ECE~ME~Civil;8~9;0~1;5;6~7;4~5;87~100;4~7;2~3;0;Placed
23~24;Male;B.Tech~B.Sc;ECE~ME~Civil;8~9;0~1;5;6~7;4~5;87~100;4~7;2~3;0;Not Placed
22~24;Male;B.Tech~B.Sc;ME~Civil;8~9;1;5;7;6~7;67~88;4~8;2;0;Placed
22~24;Male;B.Tech~B.Sc;ME~Civil;8~9;1;5;7;6~7;67~88;4~8;2;0;Placed
22~24;Male;B.Tech~B.Sc;ME~Civil;8~9;1;5;7;6~7;67~88;4~8;2;0;Placed
22~24;Male;B.Tech~B.Sc;ME~Civil;8~9;1;5;7;6~7;67~88;4~8;2;0;Placed
22~24;Male;B.Tech~B.Sc;ME~Civil;8~9;1;5;7;6~7;67~88;4~8;2;0;Placed
23~24;Male;B.Tech~B.Sc;ECE~ME~Civil;8~9;1;5;6~7;6~7;90~100;4~6;2~3;0;Placed
23~24;Male;B.Tech~B.Sc;ECE~ME~Civil;8~9;1;5;6~7;6~7;90~100;4~6;2~3;0;Placed
23~24;Male;B.Tech~B.Sc;ECE~ME~Civil;8~9;1;5;6~7;6~7;90~100;4~6;2~3;0;Placed
23~24;Male;B.Tech~B.Sc;ECE~ME~Civil;8~9;1;5;6~7;6~7;90~100;4~6;2~3;0;Placed
23~24;Male;B.Tech~B.Sc;ECE~ME~Civil;8~9;1;5;6~7;6~7;90~100;4~6;2~3;0;Placed
22~24;Male;B.Tech~B.Sc;ECE~ME~Civil;7~8;1;5~6;8~10;5~9;59~82;3~8;2~3;0~2;Placed
22~24;Male;B.Tech~B.Sc;ECE~ME~Civil;7~8;1;5~6;8~10;5~9;59~82;3~8;2~3;0~2;Placed
22~24;Male;B.Tech~B.Sc;ECE~ME~Civil;7~8;1;5~6;8~10;5~9;59~82;3~8;2~3;0~2;Placed
22~24;Male;B.Tech~B.Sc;ECE~ME~Civil;7~8;1;5~6;8~10;5~9;59~82;3~8;2~3;0~2;Placed
22~24;Male;B.Tech~B.Sc;ECE~ME~Civil;7~8;1;5~6;8~10;5~9;59~82;3~8;2~3;0~2;Placed
22~24;Male;B.Tech~B.Sc;ECE~ME~Civil;7~8;1;5~6;8~10;5~9;59~82;3~8;2~3;0~2;Placed
22~24;Male;B.Tech~B.Sc;ECE~ME~Civil;7~8;1;5~6;8~10;5~9;59~82;3~8;2~3;0~2;Not Placed
22~24;Male;B.Tech~B.Sc;ECE~ME~Civil;7~8;1;5~6;8~10;5~9;59~82;3~8;2~3;0~2;Placed
22~24;Male;B.Tech~B.Sc;ECE~ME~Civil;8~9;1;5~6;8~10;4~7;83~96;4~7;3;0~1;Not Placed
22~24;Male;B.Tech~B.Sc;ECE~ME~Civil;8~9;1;5~6;8~10;4~7;83~96;4~7;3;0~1;Not Placed
22~24;Male;B.Tech~B.Sc;ECE~ME~Civil;8~9;1;5~6;8~10;4~7;83~96;4~7;3;0~1;Placed
22~24;Male;B.Tech~B.Sc;ECE~ME~Civil;8~9;1;5~6;8~10;4~7;83~96;4~7;3;0~1;Placed
22~24;Male;B.Tech~B.Sc;ECE~ME~Civil;8~9;1;5~6;8~10;4~7;83~96;4~7;3;0~1;Placed
22~24;Male;B.Tech~B.Sc;ECE~ME~Civil;8~9;1;5~6;8~10;4~7;83~96;4~7;3;0~1;Placed
22~24;Male;B.Tech~B.Sc;ECE~ME~Civil;7~8;2;4;5~6;3~5;67~78;4~7;2;0~1;Placed
22~24;Male;B.Tech~B.Sc;ECE~ME~Civil;7~8;2;4;5~6;3~5;67~78;4~7;2;0~1;Placed
22~24;Male;B.Tech~B.Sc;ECE~ME~Civil;7~8;2;4;5~6;3~5;67~78;4~7;2;0~1;Not Placed
22~24;Male;B.Tech~B.Sc;ECE~ME~Civil;7~8;2;4;5~6;3~5;67~78;4~7;2;0~1;Placed
22~24;Male;B.Tech~B.Sc;ECE~ME~Civil;7~8;2;4;5~6;3~5;67~78;4~7;2;0~1;Not Placed
22~24;Male;B.Tech~B.Sc;ECE~ME~Civil;7~8;2;4;5~6;3~5;67~78;4~7;2;0~1;Placed
22~24;Male;B.Tech~B.Sc;ECE~ME~Civil;7~8;2;4;5~6;3~5;67~78;4~7;2;0~1;Placed
22~24;Male;B.Tech~B.Sc;ECE~ME~Civil;7~8;2;4;5~6;3~5;67~78;4~7;2;0~1;Placed
22~24;Male;B.Tech~B.Sc;ECE~ME~Civil;7~8;2;4;5~6;3~5;80~100;3~7;2;0~1;Not Placed
22~24;Male;B.Tech~B.Sc;ECE~ME~Civil;7~8;2;4;5~6;3~5;80~100;3~7;2;0~1;Not Placed
22~24;Male;B.Tech~B.Sc;ECE~ME~Civil;7~8;2;4;5~6;3~5;80~100;3~7;2;0~1;Placed
22~24;Male;B.Tech~B.Sc;ECE~ME~Civil;7~8;2;4;5~6;3~5;80~100;3~7;2;0~1;Not Placed
22~24;Male;B.Tech~B.Sc;ECE~ME~Civil;7~8;2;4;5~6;3~5;80~100;3~7;2;0~1;Not Placed
22~24;Male;B.Tech~B.Sc;ECE~ME~Civil;7~8;2;4;5~6;3~5;80~100;3~7;2;0~1;Placed
22~24;Male;B.Tech~B.Sc;ECE~ME~Civil;7~8;2;4;5~6;3~5;80~100;3~7;2;0~1;Placed
22~24;Male;B.Tech~B.Sc;ECE~ME~Civil;7~8;2;4;5~6;3~5;80~100;3~7;2;0~1;Placed
22~24;Male;B.Tech~B.Sc;ECE~ME~Civil;7~9;2;4;5~6;6~8;73~99;4~7;2;0~1;Placed
22~24;Male;B.Tech~B.Sc;ECE~ME~Civil;7~9;2;4;5~6;6~8;73~99;4~7;2;0~1;Placed
22~24;Male;B.Tech~B.Sc;ECE~ME~Civil;7~9;2;4;5~6;6~8;73~99;4~7;2;0~1;Placed
22~24;Male;B.Tech~B.Sc;ECE~ME~Civil;7~9;2;4;5~6;6~8;73~99;4~7;2;0~1;Placed
22~24;Male;B.Tech~B.Sc;ECE~ME~Civil;7~9;2;4;5~6;6~8;73~99;4~7;2;0~1;Placed
22~24;Male;B.Tech~B.Sc;ECE~ME~Civil;7~9;2;4;5~6;6~8;73~99;4~7;2;0~1;Placed
22~24;Male;B.Tech~B.Sc;ECE~ME~Civil;7~9;2;4;5~6;6~8;73~99;4~7;2;0~1;Placed
22~24;Male;B.Tech~B.Sc;ECE~ME~Civil;7~9;2;4;5~6;6~8;73~99;4~7;2;0~1;Placed
22~24;Male;B.Tech~B.Sc;ECE~ME~Civil;7~9;2;4;5~6;6~8;73~99;4~7;2;0~1;Placed
22~24;Male;B.Tech~B.Sc;ECE~ME~Civil;7~7;2;4;7;4~5;58~70;4~8;2;0~2;Placed
22~24;Male;B.Tech~B.Sc;ECE~ME~Civil;7~7;2;4;7;4~5;58~70;4~8;2;0~2;Placed
22~24;Male;B.Tech~B.Sc;ECE~ME~Civil;7~7;2;4;7;4~5;58~70;4~8;2;0~2;Not Placed
22~24;Male;B.Tech~B.Sc;ECE~ME~Civil;7~7;2;4;7;4~5;58~70;4~8;2;0~2;Placed
22~24;Male;B.Tech~B.Sc;ECE~ME~Civil;7~7;2;4;7;4~5;58~70;4~8;2;0~2;Not Placed
22~24;Male;B.Tech~B.Sc;ECE~ME~Civil;7~7;2;4;7;4~5;58~70;4~8;2;0~2;Not Placed
22~24;Male;B.Tech~B.Sc;ECE~ME;7~7;2~3;4;7;3~5;77~96;3~5;2;0~2;Placed
22~24;Male;B.Tech~B.Sc;ECE~ME;7~7;2~3;4;7;3~5;77~96;3~5;2;0~2;Not Placed
22~24;Male;B.Tech~B.Sc;ECE~ME;7~7;2~3;4;7;3~5;77~96;3~5;2;0~2;Not Placed
22~24;Male;B.Tech~B.Sc;ECE~ME;7~7;2~3;4;7;3~5;77~96;3~5;2;0~2;Not Placed
22~24;Male;B.Tech~B.Sc;ECE~ME;7~7;2~3;4;7;3~5;77~96;3~5;2;0~2;Not Placed
22~24;Male;B.Tech~B.Sc;ECE~ME;7~7;2~3;4;7;3~5;77~96;3~5;2;0~2;Not Placed
22~24;Male;B.Tech~B.Sc;ECE~ME;7~7;2~3;4;7;3~5;77~96;3~5;2;0~2;Placed
22~24;Male;B.Tech~B.Sc;ECE~ME~Civil;7~7;2~3;4;7;6~8;50~72;3~7;2;0~2;Not Placed
22~24;Male;B.Tech~B.Sc;ECE~ME~Civil;7~7;2~3;4;7;6~8;50~72;3~7;2;0~2;Placed
22~24;Male;B.Tech~B.Sc;ECE~ME~Civil;7~7;2~3;4;7;6~8;50~72;3~7;2;0~2;Placed
22~24;Male;B.Tech~B.Sc;ECE~ME~Civil;7~7;2~3;4;7;6~8;50~72;3~7;2;0~2;Not Placed
22~24;Male;B.Tech~B.Sc;ECE~ME~Civil;7~7;2~3;4;7;6~8;50~72;3~7;2;0~2;Not Placed
22~24;Male;B.Tech~B.Sc;ECE~ME~Civil;7~7;2~3;4;7;6~8;50~72;3~7;2;0~2;Placed
22~24;Male;B.Tech~B.Sc;ECE~ME~Civil;7~7;2~3;4;7;6~8;78~98;4~9;2;0~2;Placed
22~24;Male;B.Tech~B.Sc;ECE~ME~Civil;7~7;2~3;4;7;6~8;78~98;4~9;2;0~2;Not Placed
22~24;Male;B.Tech~B.Sc;ECE~ME~Civil;7~7;2~3;4;7;6~8;78~98;4~9;2;0~2;Placed
22~24;Male;B.Tech~B.Sc;ECE~ME~Civil;7~7;2~3;4;7;6~8;78~98;4~9;2;0~2;Placed
22~24;Male;B.Tech~B.Sc;ECE~ME~Civil;7~7;2~3;4;7;6~8;78~98;4~9;2;0~2;Placed
22~24;Male;B.Tech~B.Sc;ECE~ME~Civil;7~7;2~3;4;7;6~8;78~98;4~9;2;0~2;Placed
22~24;Male;B.Tech~B.Sc;ECE~ME~Civil;7~7;2~3;4;7;6~8;78~98;4~9;2;0~2;Placed
22~23;Male;B.Tech~B.Sc;ECE~ME~Civil;7~8;2~3;5;7~8;3~5;66~83;4~6;2~3;0~1;Placed
22~23;Male;B.Tech~B.Sc;ECE~ME~Civil;7~8;2~3;5;7~8;3~5;66~83;4~6;2~3;0~1;Placed
22~23;Male;B.Tech~B.Sc;ECE~ME~Civil;7~8;2~3;5;7~8;3~5;66~83;4~6;2~3;0~1;Not Placed
22~23;Male;B.Tech~B.Sc;ECE~ME~Civil;7~8;2~3;5;7~8;3~5;66~83;4~6;2~3;0~1;Not Placed
22~23;Male;B.Tech~B.Sc;ECE~ME~Civil;7~8;2~3;5;7~8;3~5;66~83;4~6;2~3;0~1;Not Placed
22~24;Male;B.Tech~B.Sc;ECE~ME;7~9;2~3;5;7~8;4~5;85~100;3~8;2~3;0~1;Placed
22~24;Male;B.Tech~B.Sc;ECE~ME;7~9;2~3;5;7~8;4~5;85~100;3~8;2~3;0~1;Placed
22~24;Male;B.Tech~B.Sc;ECE~ME;7~9;2~3;5;7~8;4~5;85~100;3~8;2~3;0~1;Placed
22~24;Male;B.Tech~B.Sc;ECE~ME;7~9;2~3;5;7~8;4~5;85~100;3~8;2~3;0~1;Placed
22~24;Male;B.Tech~B.Sc;ECE~ME;7~9;2~3;5;7~8;4~5;85~100;3~8;2~3;0~1;Placed
22~24;Male;B.Tech~B.Sc;ECE~ME;7~9;2~3;5;7~8;4~5;85~100;3~8;2~3;0~1;Not Placed
22~24;Male;B.Tech~B.Sc;ECE~ME~Civil;7~8;2~3;5;8;6~7;68~83;4~7;2~3;0~2;Placed
22~24;Male;B.Tech~B.Sc;ECE~ME~Civil;7~8;2~3;5;8;6~7;68~83;4~7;2~3;0~2;Placed
22~24;Male;B.Tech~B.Sc;ECE~ME~Civil;7~8;2~3;5;8;6~7;68~83;4~7;2~3;0~2;Placed
22~24;Male;B.Tech~B.Sc;ECE~ME~Civil;7~8;2~3;5;8;6~7;68~83;4~7;2~3;0~2;Placed
22~24;Male;B.Tech~B.Sc;ECE~ME~Civil;7~8;2~3;5;8;6~7;68~83;4~7;2~3;0~2;Not Placed
22~24;Male;B.Tech~B.Sc;ECE~ME~Civil;7~9;2;5;7~8;6~8;84~100;5~7;2~3;0;Placed
22~24;Male;B.Tech~B.Sc;ECE~ME~Civil;7~9;2;5;7~8;6~8;84~100;5~7;2~3;0;Placed
22~24;Male;B.Tech~B.Sc;ECE~ME~Civil;7~9;2;5;7~8;6~8;84~100;5~7;2~3;0;Placed
22~24;Male;B.Tech~B.Sc;ECE~ME~Civil;7~9;2;5;7~8;6~8;84~100;5~7;2~3;0;Placed
22~24;Male;B.Tech~B.Sc;ECE~ME~Civil;7~9;2;5;7~8;6~8;84~100;5~7;2~3;0;Placed
22~24;Male;B.Tech~B.Sc;ECE~ME~Civil;7~9;2;5;7~8;6~8;84~100;5~7;2~3;0;Placed
22~24;Male;B.Tech~B.Sc;ECE~ME~Civil;7~9;2~3;5~6;9~10;4~9;73~100;5~7;3;0~2;Placed
22~24;Male;B.Tech~B.Sc;ECE~ME~Civil;7~9;2~3;5~6;9~10;4~9;73~100;5~7;3;0~2;Placed
22~24;Male;B.Tech~B.Sc;ECE~ME~Civil;7~9;2~3;5~6;9~10;4~9;73~100;5~7;3;0~2;Not Placed
22~24;Male;B.Tech~B.Sc;ECE~ME~Civil;7~9;2~3;5~6;9~10;4~9;73~100;5~7;3;0~2;Not Placed
22~24;Male;B.Tech~B.Sc;ECE~ME~Civil;7~9;2~3;5~6;9~10;4~9;73~100;5~7;3;0~2;Not Placed
22~24;Male;B.Tech~B.Sc;ECE~ME~Civil;7~9;2~3;5~6;9~10;4~9;73~100;5~7;3;0~2;Placed
22~24;Male;B.Tech~B.Sc;ECE~ME~Civil;7~9;2~3;5~6;9~10;4~9;73~100;5~7;3;0~2;Placed
22~24;Male;B.Tech~B.Sc;CSE~IT;4~6;0;1~3;1~5;4~5;44~54;3~8;0~1;0~1;Not Placed
22~24;Male;B.Tech~B.Sc;CSE~IT;4~6;0;1~3;1~5;4~5;44~54;3~8;0~1;0~1;Not Placed
22~24;Male;B.Tech~B.Sc;CSE~IT;4~6;0;1~3;1~5;4~5;44~54;3~8;0~1;0~1;Not Placed
22~24;Male;B.Tech~B.Sc;CSE~IT;4~6;0;1~3;1~5;4~5;44~54;3~8;0~1;0~1;Not Placed
22~24;Male;B.Tech~B.Sc;CSE~IT;4~6;0;1~3;1~5;4~5;44~54;3~8;0~1;0~1;Not Placed
22~24;Male;B.Tech~B.Sc;CSE~IT;4~6;0;1~3;1~5;4~5;44~54;3~8;0~1;0~1;Not Placed
22~24;Male;B.Tech~B.Sc;CSE~IT;4~6;0;2~3;3~5;2~5;35~55;4~7;1;2~3;Not Placed
22~24;Male;B.Tech~B.Sc;CSE~IT;4~6;0;2~3;3~5;2~5;35~55;4~7;1;2~3;Not Placed
22~24;Male;B.Tech~B.Sc;CSE~IT;4~6;0;2~3;3~5;2~5;35~55;4~7;1;2~3;Not Placed
22~24;Male;B.Tech~B.Sc;CSE~IT;4~6;0;2~3;3~5;2~5;35~55;4~7;1;2~3;Not Placed
22~24;Male;B.Tech~B.Sc;CSE~IT;4~6;0;2~3;3~5;2~5;35~55;4~7;1;2~3;Not Placed
22~24;Male;B.Tech~B.Sc;CSE~IT;4~6;0;2~3;3~5;2~5;35~55;4~7;1;2~3;Not Placed
22~24;Male;B.Tech~B.Sc;CSE~IT;4~6;0;2~3;3~5;2~5;35~55;4~7;1;2~3;Not Placed
22~24;Male;B.Tech~B.Sc;CSE~IT;5~6;0;2~3;2~5;2~5;57~72;3~5;1~2;0~2;Not Placed
22~24;Male;B.Tech~B.Sc;CSE~IT;5~6;0;2~3;2~5;2~5;57~72;3~5;1~2;0~2;Not Placed
22~24;Male;B.Tech~B.Sc;CSE~IT;5~6;0;2~3;2~5;2~5;57~72;3~5;1~2;0~2;Not Placed
22~24;Male;B.Tech~B.Sc;CSE~IT;5~6;0;2~3;2~5;2~5;57~72;3~5;1~2;0~2;Not Placed
22~24;Male;B.Tech~B.Sc;CSE~IT;5~6;0;2~3;2~5;2~5;57~72;3~5;1~2;0~2;Not Placed
22~24;Male;B.Tech~B.Sc;CSE~IT;5~6;0;2~3;2~5;2~5;57~72;3~5;1~2;0~2;Not Placed
22~24;Male;B.Tech~B.Sc;CSE~IT;5~6;0;3;4~5;2~5;66~81;6~8;1~2;0~3;Not Placed
22~24;Male;B.Tech~B.Sc;CSE~IT;5~6;0;3;4~5;2~5;66~81;6~8;1~2;0~3;Not Placed
22~24;Male;B.Tech~B.Sc;CSE~IT;5~6;0;3;4~5;2~5;66~81;6~8;1~2;0~3;Not Placed
22~24;Male;B.Tech~B.Sc;CSE~IT;5~6;0;3;4~5;2~5;66~81;6~8;1~2;0~3;Not Placed
22~24;Male;B.Tech~B.Sc;CSE~IT;5~6;0;3;4~5;2~5;66~81;6~8;1~2;0~3;Not Placed
22~24;Male;B.Tech~B.Sc;CSE~IT;5~6;0;3;4~5;2~5;66~81;6~8;1~2;0~3;Not Placed
22~24;Male;B.Tech~B.Sc;CSE~IT;5~6;0;3;3~5;6~9;50~62;2~5;1~2;1~2;Not Placed
22~24;Male;B.Tech~B.Sc;CSE~IT;5~6;0;3;3~5;6~9;50~62;2~5;1~2;1~2;Not Placed
22~24;Male;B.Tech~B.Sc;CSE~IT;5~6;0;3;3~5;6~9;50~62;2~5;1~2;1~2;Not Placed
22~24;Male;B.Tech~B.Sc;CSE~IT;5~6;0;3;3~5;6~9;50~62;2~5;1~2;1~2;Not Placed
22~24;Male;B.Tech~B.Sc;CSE~IT;5~6;0;3;3~5;6~9;50~62;2~5;1~2;1~2;Not Placed
22~24;Male;B.Tech~B.Sc;CSE~IT;5~6;0;3;3~5;6~9;50~62;2~5;1~2;1~2;Not Placed
22~24;Male;B.Tech~B.Sc;CSE~IT;4~6;0;2~3;4~5;6~8;43~62;6~7;1~2;1~3;Not Placed
22~24;Male;B.Tech~B.Sc;CSE~IT;4~6;0;2~3;4~5;6~8;43~62;6~7;1~2;1~3;Not Placed
22~24;Male;B.Tech~B.Sc;CSE~IT;4~6;0;2~3;4~5;6~8;43~62;6~7;1~2;1~3;Not Placed
22~24;Male;B.Tech~B.Sc;CSE~IT;4~6;0;2~3;4~5;6~8;43~62;6~7;1~2;1~3;Not Placed
22~24;Male;B.Tech~B.Sc;CSE~IT;4~6;0;2~3;4~5;6~8;43~62;6~7;1~2;1~3;Not Placed
22~24;Male;B.Tech~B.Sc;CSE~IT;4~6;0;2~3;4~5;6~8;43~62;6~7;1~2;1~3;Not Placed
22~24;Male;B.Tech~B.Sc;CSE~IT;5~6;0;2~3;3~5;6~10;66~80;4~8;1~2;0~1;Placed
22~24;Male;B.Tech~B.Sc;CSE~IT;5~6;0;2~3;3~5;6~10;66~80;4~8;1~2;0~1;Placed
22~24;Male;B.Tech~B.Sc;CSE~IT;5~6;0;2~3;3~5;6~10;66~80;4~8;1~2;0~1;Placed
22~24;Male;B.Tech~B.Sc;CSE~IT;5~6;0;2~3;3~5;6~10;66~80;4~8;1~2;0~1;Placed
22~24;Male;B.Tech~B.Sc;CSE~IT;5~6;0;2~3;3~5;6~10;66~80;4~8;1~2;0~1;Not Placed
22~24;Male;B.Tech~B.Sc;CSE~IT;5~6;0;2~3;3~5;6~10;66~80;4~8;1~2;0~1;Not Placed
22~24;Male;B.Tech~B.Sc;CSE~IT;5~6;0;2~3;3~5;6~10;66~80;4~8;1~2;0~1;Not Placed
22~24;Male;B.Tech~B.Sc;CSE~IT;5~6;0;2~3;3~5;6~10;66~80;4~8;1~2;0~1;Not Placed
22~23;Male;B.Tech~B.Sc;CSE~IT;6~6;0;3;3~5;6~7;64~76;4~8;1~2;2~3;Not Placed
22~23;Male;B.Tech~B.Sc;CSE~IT;6~6;0;3;3~5;6~7;64~76;4~8;1~2;2~3;Not Placed
22~23;Male;B.Tech~B.Sc;CSE~IT;6~6;0;3;3~5;6~7;64~76;4~8;1~2;2~3;Not Placed
22~23;Male;B.Tech~B.Sc;CSE~IT;6~6;0;3;3~5;6~7;64~76;4~8;1~2;2~3;Not Placed
22~23;Male;B.Tech~B.Sc;CSE~IT;6~6;0;3;3~5;6~7;64~76;4~8;1~2;2~3;Not Placed
22~24;Male;B.Tech~B.Sc;CSE~IT;5~5;0;3;6;4~8;35~57;3~7;1~2;1~3;Not Placed
22~24;Male;B.Tech~B.Sc;CSE~IT;5~5;0;3;6;4~8;35~57;3~7;1~2;1~3;Not Placed
22~24;Male;B.Tech~B.Sc;CSE~IT;5~5;0;3;6;4~8;35~57;3~7;1~2;1~3;Not Placed
22~24;Male;B.Tech~B.Sc;CSE~IT;5~5;0;3;6;4~8;35~57;3~7;1~2;1~3;Not Placed
22~24;Male;B.Tech~B.Sc;CSE~IT;5~5;0;3;6;4~8;35~57;3~7;1~2;1~3;Not Placed
22~24;Male;B.Tech~B.Sc;CSE~IT;5~5;0;3;6;4~8;35~57;3~7;1~2;1~3;Not Placed
22~24;Male;B.Tech~B.Sc;CSE~IT;5~5;0;3;6;4~8;35~57;3~7;1~2;1~3;Not Placed
22~24;Male;B.Tech~B.Sc;CSE~IT;5~6;0;4;6~7;4~5;44~63;3~7;2;1~3;Not Placed
22~24;Male;B.Tech~B.Sc;CSE~IT;5~6;0;4;6~7;4~5;44~63;3~7;2;1~3;Not Placed
22~24;Male;B.Tech~B.Sc;CSE~IT;5~6;0;4;6~7;4~5;44~63;3~7;2;1~3;Not Placed
22~24;Male;B.Tech~B.Sc;CSE~IT;5~6;0;4;6~7;4~5;44~63;3~7;2;1~3;Not Placed
22~24;Male;B.Tech~B.Sc;CSE~IT;5~6;0;4;6~7;4~5;44~63;3~7;2;1~3;Not Placed
22~24;Male;B.Tech~B.Sc;CSE~IT;6~6;0;4;6~7;4~5;45~64;5~7;2;0~1;Placed
22~24;Male;B.Tech~B.Sc;CSE~IT;6~6;0;4;6~7;4~5;45~64;5~7;2;0~1;Not Placed
22~24;Male;B.Tech~B.Sc;CSE~IT;6~6;0;4;6~7;4~5;45~64;5~7;2;0~1;Not Placed
22~24;Male;B.Tech~B.Sc;CSE~IT;6~6;0;4;6~7;4~5;45~64;5~7;2;0~1;Placed
22~24;Male;B.Tech~B.Sc;CSE~IT;6~6;0;4;6~7;4~5;45~64;5~7;2;0~1;Placed
22~24;Male;B.Tech~B.Sc;CSE~IT;6~6;0;4;6~7;3~5;65~94;3~6;2;0~1;Placed
22~24;Male;B.Tech~B.Sc;CSE~IT;6~6;0;4;6~7;3~5;65~94;3~6;2;0~1;Placed
22~24;Male;B.Tech~B.Sc;CSE~IT;6~6;0;4;6~7;3~5;65~94;3~6;2;0~1;Placed
22~24;Male;B.Tech~B.Sc;CSE~IT;6~6;0;4;6~7;3~5;65~94;3~6;2;0~1;Not Placed
22~24;Male;B.Tech~B.Sc;CSE~IT;6~6;0;4;6~7;3~5;65~94;3~6;2;0~1;Placed
22~24;Male;B.Tech~B.Sc;CSE~IT;6~6;0;4;6~7;3~5;65~94;3~6;2;0~1;Not Placed
22~24;Male;B.Tech~B.Sc;CSE~IT;6~6;0;4;6~7;4~5;65~73;4~6;2;2~3;Not Placed
22~24;Male;B.Tech~B.Sc;CSE~IT;6~6;0;4;6~7;4~5;65~73;4~6;2;2~3;Not Placed
22~24;Male;B.Tech~B.Sc;CSE~IT;6~6;0;4;6~7;4~5;65~73;4~6;2;2~3;Not Placed
22~24;Male;B.Tech~B.Sc;CSE~IT;6~6;0;4;6~7;4~5;65~73;4~6;2;2~3;Not Placed
22~24;Male;B.Tech~B.Sc;CSE~IT;6~6;0;4;6~7;4~5;65~73;4~6;2;2~3;Not Placed
23~24;Male;B.Tech~B.Sc;CSE~IT;5~6;0;4;6~7;6~8;41~58;4~7;2;0~3;Not Placed
23~24;Male;B.Tech~B.Sc;CSE~IT;5~6;0;4;6~7;6~8;41~58;4~7;2;0~3;Not Placed
23~24;Male;B.Tech~B.Sc;CSE~IT;5~6;0;4;6~7;6~8;41~58;4~7;2;0~3;Not Placed
23~24;Male;B.Tech~B.Sc;CSE~IT;5~6;0;4;6~7;6~8;41~58;4~7;2;0~3;Not Placed
23~24;Male;B.Tech~B.Sc;CSE~IT;5~6;0;4;6~7;6~8;41~58;4~7;2;0~3;Not Placed
23~24;Male;B.Tech~B.Sc;CSE~IT;5~6;0;4;6~7;6~8;41~58;4~7;2;0~3;Placed
23~24;Male;B.Tech~B.Sc;CSE~IT;5~6;0;4;6~7;6~8;41~58;4~7;2;0~3;Not Placed
22~23;Male;B.Tech~B.Sc;CSE~IT;6~6;0;4;6~7;6~9;60~73;5~8;2;0~3;Not Placed
22~23;Male;B.Tech~B.Sc;CSE~IT;6~6;0;4;6~7;6~9;60~73;5~8;2;0~3;Not Placed
22~23;Male;B.Tech~B.Sc;CSE~IT;6~6;0;4;6~7;6~9;60~73;5~8;2;0~3;Placed
22~23;Male;B.Tech~B.Sc;CSE~IT;6~6;0;4;6~7;6~9;60~73;5~8;2;0~3;Not Placed
22~23;Male;B.Tech~B.Sc;CSE~IT;6~6;0;4;6~7;6~9;60~73;5~8;2;0~3;Not Placed
22~23;Male;B.Tech~B.Sc;CSE~IT;6~6;0;4;6~7;6~9;60~73;5~8;2;0~3;Not Placed
22~23;Male;B.Tech~B.Sc;CSE~IT;6~6;0;4;6~7;6~9;60~73;5~8;2;0~3;Placed
22~23;Male;B.Tech~B.Sc;CSE~IT;6~6;0;4;6~7;6~9;60~73;5~8;2;0~3;Placed
22~24;Male;B.Tech~B.Sc;CSE~IT;5~6;0;4~5;8~10;4~5;35~58;4~8;2~3;0~3;Not Placed
22~24;Male;B.Tech~B.Sc;CSE~IT;5~6;0;4~5;8~10;4~5;35~58;4~8;2~3;0~3;Not Placed
22~24;Male;B.Tech~B.Sc;CSE~IT;5~6;0;4~5;8~10;4~5;35~58;4~8;2~3;0~3;Not Placed
22~24;Male;B.Tech~B.Sc;CSE~IT;5~6;0;4~5;8~10;4~5;35~58;4~8;2~3;0~3;Not Placed
22~24;Male;B.Tech~B.Sc;CSE~IT;5~6;0;4~5;8~10;4~5;35~58;4~8;2~3;0~3;Not Placed
22~24;Male;B.Tech~B.Sc;CSE~IT;5~6;0;4~5;8~10;4~5;35~58;4~8;2~3;0~3;Not Placed
22~24;Male;B.Tech~B.Sc;CSE~IT;5~6;0;4~5;8~10;4~5;35~58;4~8;2~3;0~3;Not Placed
22~24;Male;B.Tech~B.Sc;CSE~IT;6~6;0;4~5;8~9;4~5;61~78;4~6;2~3;0~3;Not Placed
22~24;Male;B.Tech~B.Sc;CSE~IT;6~6;0;4~5;8~9;4~5;61~78;4~6;2~3;0~3;Not Placed
22~24;Male;B.Tech~B.Sc;CSE~IT;6~6;0;4~5;8~9;4~5;61~78;4~6;2~3;0~3;Not Placed
22~24;Male;B.Tech~B.Sc;CSE~IT;6~6;0;4~5;8~9;4~5;61~78;4~6;2~3;0~3;Not Placed
22~24;Male;B.Tech~B.Sc;CSE~IT;6~6;0;4~5;8~9;4~5;61~78;4~6;2~3;0~3;Not Placed
22~24;Male;B.Tech~B.Sc;CSE~IT;6~6;0;4~5;8~9;4~5;61~78;4~6;2~3;0~3;Placed
22~24;Male;B.Tech~B.Sc;CSE~IT;6~6;0;4~5;8~9;4~5;61~78;4~6;2~3;0~3;Not Placed
22~24;Male;B.Tech~B.Sc;CSE~IT;5~6;0;4~5;8~10;6~8;44~79;4~6;2~3;0~2;Placed
22~24;Male;B.Tech~B.Sc;CSE~IT;5~6;0;4~5;8~10;6~8;44~79;4~6;2~3;0~2;Placed
22~24;Male;B.Tech~B.Sc;CSE~IT;5~6;0;4~5;8~10;6~8;44~79;4~6;2~3;0~2;Not Placed
22~24;Male;B.Tech~B.Sc;CSE~IT;5~6;0;4~5;8~10;6~8;44~79;4~6;2~3;0~2;Not Placed
22~24;Male;B.Tech~B.Sc;CSE~IT;5~6;0;4~5;8~10;6~8;44~79;4~6;2~3;0~2;Not Placed
22~24;Male;B.Tech~B.Sc;CSE~IT;5~6;0;4~5;8~10;6~8;44~79;4~6;2~3;0~2;Placed
22~24;Male;B.Tech~B.Sc;CSE~IT;5~6;0;4~5;8~10;6~8;44~79;4~6;2~3;0~2;Placed
22~24;Male;B.Tech~B.Sc;CSE~IT;5~6;0;4~5;8~10;6~8;44~79;4~6;2~3;0~2;Placed
22~24;Male;B.Tech~B.Sc;CSE~IT;4~6;1~2;3~4;5~6;2~5;35~58;3~5;1~2;1~3;Not Placed
22~24;Male;B.Tech~B.Sc;CSE~IT;4~6;1~2;3~4;5~6;2~5;35~58;3~5;1~2;1~3;Not Placed
22~24;Male;B.Tech~B.Sc;CSE~IT;4~6;1~2;3~4;5~6;2~5;35~58;3~5;1~2;1~3;Not Placed
22~24;Male;B.Tech~B.Sc;CSE~IT;4~6;1~2;3~4;5~6;2~5;35~58;3~5;1~2;1~3;Not Placed
22~24;Male;B.Tech~B.Sc;CSE~IT;4~6;1~2;3~4;5~6;2~5;35~58;3~5;1~2;1~3;Not Placed
22~24;Male;B.Tech~B.Sc;CSE~IT;4~6;1~2;3~4;5~6;2~5;35~58;3~5;1~2;1~3;Not Placed
22~24;Male;B.Tech~B.Sc;CSE~IT;4~6;1~2;3~4;5~6;2~5;35~58;3~5;1~2;1~3;Not Placed
22~24;Male;B.Tech~B.Sc;CSE~IT;4~6;1~2;3~4;5~6;2~5;35~58;3~5;1~2;1~3;Not Placed
22~24;Male;B.Tech~B.Sc;CSE~IT;4~6;1;2~4;3~6;4~5;39~60;6~8;1~2;0~3;Not Placed
22~24;Male;B.Tech~B.Sc;CSE~IT;4~6;1;2~4;3~6;4~5;39~60;6~8;1~2;0~3;Not Placed
22~24;Male;B.Tech~B.Sc;CSE~IT;4~6;1;2~4;3~6;4~5;39~60;6~8;1~2;0~3;Not Placed
22~24;Male;B.Tech~B.Sc;CSE~IT;4~6;1;2~4;3~6;4~5;39~60;6~8;1~2;0~3;Not Placed
22~24;Male;B.Tech~B.Sc;CSE~IT;4~6;1;2~4;3~6;4~5;39~60;6~8;1~2;0~3;Not Placed
22~24;Male;B.Tech~B.Sc;CSE~IT;4~6;1;2~4;3~6;4~5;39~60;6~8;1~2;0~3;Not Placed
22~24;Male;B.Tech~B.Sc;CSE~IT;4~6;1;2~4;3~6;4~5;39~60;6~8;1~2;0~3;Placed
22~24;Male;B.Tech~B.Sc;CSE~IT;5~6;1;2~3;2~6;3~5;61~76;3~5;1~2;0~2;Not Placed
22~24;Male;B.Tech~B.Sc;CSE~IT;5~6;1;2~3;2~6;3~5;61~76;3~5;1~2;0~2;Not Placed
22~24;Male;B.Tech~B.Sc;CSE~IT;5~6;1;2~3;2~6;3~5;61~76;3~5;1~2;0~2;Not Placed
22~24;Male;B.Tech~B.Sc;CSE~IT;5~6;1;2~3;2~6;3~5;61~76;3~5;1~2;0~2;Not Placed
22~24;Male;B.Tech~B.Sc;CSE~IT;5~6;1;2~3;2~6;3~5;61~76;3~5;1~2;0~2;Not Placed
22~24;Male;B.Tech~B.Sc;CSE~IT;5~6;1;2~3;2~6;3~5;61~76;3~5;1~2;0~2;Not Placed
22~24;Male;B.Tech~B.Sc;CSE~IT;5~6;1;2~3;2~6;3~5;61~76;3~5;1~2;0~2;Not Placed
22~24;Male;B.Tech~B.Sc;CSE~IT;5~6;1;2~3;2~6;3~5;61~76;3~5;1~2;0~2;Not Placed
22~24;Male;B.Tech~B.Sc;CSE~IT;5~6;1~2;3~4;5~6;1~5;62~75;6~8;2;0~2;Not Placed
22~24;Male;B.Tech~B.Sc;CSE~IT;5~6;1~2;3~4;5~6;1~5;62~75;6~8;2;0~2;Not Placed
22~24;Male;B.Tech~B.Sc;CSE~IT;5~6;1~2;3~4;5~6;1~5;62~75;6~8;2;0~2;Not Placed
22~24;Male;B.Tech~B.Sc;CSE~IT;5~6;1~2;3~4;5~6;1~5;62~75;6~8;2;0~2;Not Placed
22~24;Male;B.Tech~B.Sc;CSE~IT;5~6;1~2;3~4;5~6;1~5;62~75;6~8;2;0~2;Placed
22~24;Male;B.Tech~B.Sc;CSE~IT;5~6;1~2;3~4;5~6;1~5;62~75;6~8;2;0~2;Not Placed
22~24;Male;B.Tech~B.Sc;CSE~IT;5~6;1~2;3~4;5~6;1~5;62~75;6~8;2;0~2;Not Placed
22~24;Male;B.Tech~B.Sc;CSE~IT;5~6;1~2;3;4~5;6~8;42~59;4~7;1;0~3;Not Placed
22~24;Male;B.Tech~B.Sc;CSE~IT;5~6;1~2;3;4~5;6~8;42~59;4~7;1;0~3;Not Placed
22~24;Male;B.Tech~B.Sc;CSE~IT;5~6;1~2;3;4~5;6~8;42~59;4~7;1;0~3;Not Placed
22~24;Male;B.Tech~B.Sc;CSE~IT;5~6;1~2;3;4~5;6~8;42~59;4~7;1;0~3;Not Placed
22~24;Male;B.Tech~B.Sc;CSE~IT;5~6;1~2;3;4~5;6~8;42~59;4~7;1;0~3;Placed
22~23;Male;B.Tech~B.Sc;CSE~IT;6~6;1~2;4;6;6~9;50~64;5~9;2;1~3;Not Placed
22~23;Male;B.Tech~B.Sc;CSE~IT;6~6;1~2;4;6;6~9;50~64;5~9;2;1~3;Not Placed
22~23;Male;B.Tech~B.Sc;CSE~IT;6~6;1~2;4;6;6~9;50~64;5~9;2;1~3;Not Placed
22~23;Male;B.Tech~B.Sc;CSE~IT;6~6;1~2;4;6;6~9;50~64;5~9;2;1~3;Not Placed
22~23;Male;B.Tech~B.Sc;CSE~IT;6~6;1~2;4;6;6~9;50~64;5~9;2;1~3;Placed
22~24;Male;B.Tech~B.Sc;CSE~IT;5~6;1~2;3~4;4~6;6~9;67~79;4~7;1~2;0~2;Not Placed
22~24;Male;B.Tech~B.Sc;CSE~IT;5~6;1~2;3~4;4~6;6~9;67~79;4~7;1~2;0~2;Not Placed
22~24;Male;B.Tech~B.Sc;CSE~IT;5~6;1~2;3~4;4~6;6~9;67~79;4~7;1~2;0~2;Placed
22~24;Male;B.Tech~B.Sc;CSE~IT;5~6;1~2;3~4;4~6;6~9;67~79;4~7;1~2;0~2;Placed
22~24;Male;B.Tech~B.Sc;CSE~IT;5~6;1~2;3~4;4~6;6~9;67~79;4~7;1~2;0~2;Not Placed
22~24;Male;B.Tech~B.Sc;CSE~IT;5~6;1~2;3~4;4~6;6~9;67~79;4~7;1~2;0~2;Not Placed
22~24;Male;B.Tech~B.Sc;CSE~IT;5~6;1~2;3~4;4~6;6~9;67~79;4~7;1~2;0~2;Placed
22~24;Male;B.Tech~B.Sc;CSE~IT;5~6;1~2;3~4;4~6;6~9;67~79;4~7;1~2;0~2;Placed
22~24;Male;B.Tech~B.Sc;CSE~IT;5~6;1~2;4;7~8;4~5;46~64;4~5;2;0~2;Placed
22~24;Male;B.Tech~B.Sc;CSE~IT;5~6;1~2;4;7~8;4~5;46~64;4~5;2;0~2;Not Placed
22~24;Male;B.Tech~B.Sc;CSE~IT;5~6;1~2;4;7~8;4~5;46~64;4~5;2;0~2;Not Placed
22~24;Male;B.Tech~B.Sc;CSE~IT;5~6;1~2;4;7~8;4~5;46~64;4~5;2;0~2;Not Placed
22~24;Male;B.Tech~B.Sc;CSE~IT;5~6;1~2;4;7~8;4~5;46~64;4~5;2;0~2;Not Placed
22~24;Male;B.Tech~B.Sc;CSE~IT;5~6;1~2;4;7~8;4~5;46~64;4~5;2;0~2;Not Placed
22~24;Male;B.Tech~B.Sc;CSE~IT;5~6;1~2;4;7~8;3~5;44~64;6~8;2;0~3;Not Placed
22~24;Male;B.Tech~B.Sc;CSE~IT;5~6;1~2;4;7~8;3~5;44~64;6~8;2;0~3;Not Placed
22~24;Male;B.Tech~B.Sc;CSE~IT;5~6;1~2;4;7~8;3~5;44~64;6~8;2;0~3;Not Placed
22~24;Male;B.Tech~B.Sc;CSE~IT;5~6;1~2;4;7~8;3~5;44~64;6~8;2;0~3;Not Placed
22~24;Male;B.Tech~B.Sc;CSE~IT;5~6;1~2;4;7~8;3~5;44~64;6~8;2;0~3;Not Placed
22~24;Male;B.Tech~B.Sc;CSE~IT;5~6;1~2;4;7~8;3~5;44~64;6~8;2;0~3;Not Placed
22~24;Male;B.Tech~B.Sc;CSE~IT;5~6;1~2;4;7~8;4~5;66~77;4~5;2;0~1;Placed
22~24;Male;B.Tech~B.Sc;CSE~IT;5~6;1~2;4;7~8;4~5;66~77;4~5;2;0~1;Not Placed
22~24;Male;B.Tech~B.Sc;CSE~IT;5~6;1~2;4;7~8;4~5;66~77;4~5;2;0~1;Not Placed
22~24;Male;B.Tech~B.Sc;CSE~IT;5~6;1~2;4;7~8;4~5;66~77;4~5;2;0~1;Not Placed
22~24;Male;B.Tech~B.Sc;CSE~IT;5~6;1~2;4;7~8;4~5;66~77;4~5;2;0~1;Not Placed
22~24;Male;B.Tech~B.Sc;CSE~IT;6~6;1~2;4;7~8;4~5;65~88;6~8;2;0~2;Placed
22~24;Male;B.Tech~B.Sc;CSE~IT;6~6;1~2;4;7~8;4~5;65~88;6~8;2;0~2;Not Placed
22~24;Male;B.Tech~B.Sc;CSE~IT;6~6;1~2;4;7~8;4~5;65~88;6~8;2;0~2;Not Placed
22~24;Male;B.Tech~B.Sc;CSE~IT;6~6;1~2;4;7~8;4~5;65~88;6~8;2;0~2;Placed
22~24;Male;B.Tech~B.Sc;CSE~IT;6~6;1~2;4;7~8;4~5;65~88;6~8;2;0~2;Not Placed
22~24;Male;B.Tech~B.Sc;CSE~IT;5~6;1~2;4;7~8;6~7;43~70;2~8;2;0~3;Placed
22~24;Male;B.Tech~B.Sc;CSE~IT;5~6;1~2;4;7~8;6~7;43~70;2~8;2;0~3;Not Placed
22~24;Male;B.Tech~B.Sc;CSE~IT;5~6;1~2;4;7~8;6~7;43~70;2~8;2;0~3;Placed
22~24;Male;B.Tech~B.Sc;CSE~IT;5~6;1~2;4;7~8;6~7;43~70;2~8;2;0~3;Not Placed
22~24;Male;B.Tech~B.Sc;CSE~IT;5~6;1~2;4;7~8;6~7;43~70;2~8;2;0~3;Not Placed
22~24;Male;B.Tech~B.Sc;CSE~IT;5~6;1~2;4;7~8;6~7;43~70;2~8;2;0~3;Placed
22~24;Male;B.Tech~B.Sc;CSE~IT;5~6;1~2;4;7~8;6~7;43~70;2~8;2;0~3;Not Placed
22~24;Male;B.Tech~B.Sc;CSE~IT;5~6;1~2;4;7~8;6~7;43~70;2~8;2;0~3;Placed
22~24;Male;B.Tech~B.Sc;CSE~IT;5~6;1~2;4;7~8;6~7;43~70;2~8;2;0~3;Placed
22~24;Male;B.Tech~B.Sc;CSE~IT;6~6;1~2;5;9~10;3~7;39~88;4~7;2~3;0~2;Not Placed
22~24;Male;B.Tech~B.Sc;CSE~IT;6~6;1~2;5;9~10;3~7;39~88;4~7;2~3;0~2;Not Placed
22~24;Male;B.Tech~B.Sc;CSE~IT;6~6;1~2;5;9~10;3~7;39~88;4~7;2~3;0~2;Not Placed
22~24;Male;B.Tech~B.Sc;CSE~IT;6~6;1~2;5;9~10;3~7;39~88;4~7;2~3;0~2;Not Placed
22~24;Male;B.Tech~B.Sc;CSE~IT;6~6;1~2;5;9~10;3~7;39~88;4~7;2~3;0~2;Not Placed
22~24;Male;B.Tech~B.Sc;CSE~IT;6~6;1~2;5;9~10;3~7;39~88;4~7;2~3;0~2;Not Placed
22~24;Male;B.Tech~B.Sc;CSE~IT;6~6;1~2;5;9~10;3~7;39~88;4~7;2~3;0~2;Placed
22~24;Male;B.Tech~B.Sc;CSE~IT;6~6;1~2;5;9~10;3~7;39~88;4~7;2~3;0~2;Not Placed
22~24;Male;B.Tech~B.Sc;CSE~IT;6~8;0~1;4;5~6;3~6;55~75;4~5;2;0;Not Placed
22~24;Male;B.Tech~B.Sc;CSE~IT;6~8;0~1;4;5~6;3~6;55~75;4~5;2;0;Placed
22~24;Male;B.Tech~B.Sc;CSE~IT;6~8;0~1;4;5~6;3~6;55~75;4~5;2;0;Placed
22~24;Male;B.Tech~B.Sc;CSE~IT;6~8;0~1;4;5~6;3~6;55~75;4~5;2;0;Placed
22~24;Male;B.Tech~B.Sc;CSE~IT;6~8;0~1;4;5~6;3~6;55~75;4~5;2;0;Placed
22~24;Male;B.Tech~B.Sc;CSE~IT;6~8;0~1;4;5~6;3~6;55~75;4~5;2;0;Not Placed
22~24;Male;B.Tech~B.Sc;CSE~IT;6~8;0~1;4;5~6;3~6;56~70;3~5;2;1~2;Placed
22~24;Male;B.Tech~B.Sc;CSE~IT;6~8;0~1;4;5~6;3~6;56~70;3~5;2;1~2;Placed
22~24;Male;B.Tech~B.Sc;CSE~IT;6~8;0~1;4;5~6;3~6;56~70;3~5;2;1~2;Placed
22~24;Male;B.Tech~B.Sc;CSE~IT;6~8;0~1;4;5~6;3~6;56~70;3~5;2;1~2;Not Placed
22~24;Male;B.Tech~B.Sc;CSE~IT;6~8;0~1;4;5~6;3~6;56~70;3~5;2;1~2;Not Placed
22~24;Male;B.Tech~B.Sc;CSE~IT;6~7;0~1;3~4;5~6;5~6;47~71;6~8;2;0~1;Placed
22~24;Male;B.Tech~B.Sc;CSE~IT;6~7;0~1;3~4;5~6;5~6;47~71;6~8;2;0~1;Not Placed
22~24;Male;B.Tech~B.Sc;CSE~IT;6~7;0~1;3~4;5~6;5~6;47~71;6~8;2;0~1;Placed
22~24;Male;B.Tech~B.Sc;CSE~IT;6~7;0~1;3~4;5~6;5~6;47~71;6~8;2;0~1;Placed
22~24;Male;B.Tech~B.Sc;CSE~IT;6~7;0~1;3~4;5~6;5~6;47~71;6~8;2;0~1;Placed
22~24;Male;B.Tech~B.Sc;CSE~IT;7~7;0~1;3~4;4~6;4~6;62~71;6~8;1~2;0~2;Not Placed
22~24;Male;B.Tech~B.Sc;CSE~IT;7~7;0~1;3~4;4~6;4~6;62~71;6~8;1~2;0~2;Placed
22~24;Male;B.Tech~B.Sc;CSE~IT;7~7;0~1;3~4;4~6;4~6;62~71;6~8;1~2;0~2;Not Placed
22~24;Male;B.Tech~B.Sc;CSE~IT;7~7;0~1;3~4;4~6;4~6;62~71;6~8;1~2;0~2;Not Placed
22~24;Male;B.Tech~B.Sc;CSE~IT;7~7;0~1;3~4;4~6;4~6;62~71;6~8;1~2;0~2;Placed
22~24;Male;B.Tech~B.Sc;CSE~IT;7~7;0;4;5~6;4~6;79~84;3~5;2;0~2;Placed
22~24;Male;B.Tech~B.Sc;CSE~IT;7~7;0;4;5~6;4~6;79~84;3~5;2;0~2;Not Placed
22~24;Male;B.Tech~B.Sc;CSE~IT;7~7;0;4;5~6;4~6;79~84;3~5;2;0~2;Placed
22~24;Male;B.Tech~B.Sc;CSE~IT;7~7;0;4;5~6;4~6;79~84;3~5;2;0~2;Not Placed
22~24;Male;B.Tech~B.Sc;CSE~IT;7~7;0;4;5~6;4~6;79~84;3~5;2;0~2;Placed
22~24;Male;B.Tech~B.Sc;CSE~IT;7~7;0;4;5~6;4~6;79~84;3~5;2;0~2;Placed
22~24;Male;B.Tech~B.Sc;CSE~IT;8~8;0~1;4;5~6;2~5;76~92;3~5;2;0;Not Placed
22~24;Male;B.Tech~B.Sc;CSE~IT;8~8;0~1;4;5~6;2~5;76~92;3~5;2;0;Not Placed
22~24;Male;B.Tech~B.Sc;CSE~IT;8~8;0~1;4;5~6;2~5;76~92;3~5;2;0;Not Placed
22~24;Male;B.Tech~B.Sc;CSE~IT;8~8;0~1;4;5~6;2~5;76~92;3~5;2;0;Placed
22~24;Male;B.Tech~B.Sc;CSE~IT;8~8;0~1;4;5~6;2~5;76~92;3~5;2;0;Placed
22~24;Male;B.Tech~B.Sc;CSE~IT;8~8;0~1;4;5~6;2~5;76~92;3~5;2;0;Not Placed
22~24;Male;B.Tech~B.Sc;CSE~IT;7~8;0~1;3~4;4~6;4~6;76~97;6~9;2;0~2;Placed
22~24;Male;B.Tech~B.Sc;CSE~IT;7~8;0~1;3~4;4~6;4~6;76~97;6~9;2;0~2;Placed
22~24;Male;B.Tech~B.Sc;CSE~IT;7~8;0~1;3~4;4~6;4~6;76~97;6~9;2;0~2;Not Placed
22~24;Male;B.Tech~B.Sc;CSE~IT;7~8;0~1;3~4;4~6;4~6;76~97;6~9;2;0~2;Placed
22~24;Male;B.Tech~B.Sc;CSE~IT;7~8;0~1;3~4;4~6;4~6;76~97;6~9;2;0~2;Not Placed
22~24;Male;B.Tech~B.Sc;CSE~IT;7~8;0~1;3~4;4~6;4~6;76~97;6~9;2;0~2;Not Placed
22~24;Male;B.Tech~B.Sc;CSE~IT;7~8;0~1;3~4;4~6;4~6;76~97;6~9;2;0~2;Placed
22~24;Male;B.Tech~B.Sc;CSE~IT;7~8;0~1;3~4;4~6;4~6;76~97;6~9;2;0~2;Placed
22~24;Male;B.Tech~B.Sc;CSE~IT;6~7;0~1;3~4;4~6;7~8;65~72;5~7;1~2;0;Placed
22~24;Male;B.Tech~B.Sc;CSE~IT;6~7;0~1;3~4;4~6;7~8;65~72;5~7;1~2;0;Placed
22~24;Male;B.Tech~B.Sc;CSE~IT;6~7;0~1;3~4;4~6;7~8;65~72;5~7;1~2;0;Placed
22~24;Male;B.Tech~B.Sc;CSE~IT;6~7;0~1;3~4;4~6;7~8;65~72;5~7;1~2;0;Not Placed
22~24;Male;B.Tech~B.Sc;CSE~IT;6~7;0~1;3~4;4~6;7~8;65~72;5~7;1~2;0;Placed
22~24;Male;B.Tech~B.Sc;CSE~IT;6~7;0~1;3~4;4~6;7~8;65~72;5~7;1~2;0;Placed
22~24;Male;B.Tech~B.Sc;CSE~IT;7~7;0~1;4;5~6;7~8;63~72;5~8;2;1;Placed
22~24;Male;B.Tech~B.Sc;CSE~IT;7~7;0~1;4;5~6;7~8;63~72;5~8;2;1;Placed
22~24;Male;B.Tech~B.Sc;CSE~IT;7~7;0~1;4;5~6;7~8;63~72;5~8;2;1;Placed
22~24;Male;B.Tech~B.Sc;CSE~IT;7~7;0~1;4;5~6;7~8;63~72;5~8;2;1;Placed
22~24;Male;B.Tech~B.Sc;CSE~IT;7~7;0~1;4;5~6;7~8;63~72;5~8;2;1;Placed
22~24;Male;B.Tech~B.Sc;CSE~IT;7~8;0;4;4~6;7~8;73~93;3~7;1~2;0~1;Placed
22~24;Male;B.Tech~B.Sc;CSE~IT;7~8;0;4;4~6;7~8;73~93;3~7;1~2;0~1;Placed
22~24;Male;B.Tech~B.Sc;CSE~IT;7~8;0;4;4~6;7~8;73~93;3~7;1~2;0~1;Placed
22~24;Male;B.Tech~B.Sc;CSE~IT;7~8;0;4;4~6;7~8;73~93;3~7;1~2;0~1;Placed
22~24;Male;B.Tech~B.Sc;CSE~IT;7~8;0;4;4~6;7~8;73~93;3~7;1~2;0~1;Not Placed
22~24;Male;B.Tech~B.Sc;CSE~IT;7~8;0;4;4~6;7~8;73~93;3~7;1~2;0~1;Placed
22~24;Male;B.Tech~B.Sc;CSE~IT;7~8;0;4;4~6;7~8;73~93;3~7;1~2;0~1;Placed
22~24;Male;B.Tech~B.Sc;CSE~IT;7~8;0;4;4~6;7~8;73~93;3~7;1~2;0~1;Placed
22~24;Male;B.Tech~B.Sc;CSE~IT;7~8;0;4;4~6;7~8;73~93;3~7;1~2;0~1;Placed
22~24;Male;B.Tech~B.Sc;CSE~IT;6~7;1;4;7;4~6;64~70;4~7;2;0~1;Placed
22~24;Male;B.Tech~B.Sc;CSE~IT;6~7;1;4;7;4~6;64~70;4~7;2;0~1;Placed
22~24;Male;B.Tech~B.Sc;CSE~IT;6~7;1;4;7;4~6;64~70;4~7;2;0~1;Not Placed
22~24;Male;B.Tech~B.Sc;CSE~IT;6~7;1;4;7;4~6;64~70;4~7;2;0~1;Not Placed
22~24;Male;B.Tech~B.Sc;CSE~IT;6~7;1;4;7;4~6;64~70;4~7;2;0~1;Placed
22~24;Male;B.Tech~B.Sc;CSE~IT;7~7;1;4;7;3~6;72~86;3~5;2;0~1;Not Placed
22~24;Male;B.Tech~B.Sc;CSE~IT;7~7;1;4;7;3~6;72~86;3~5;2;0~1;Not Placed
22~24;Male;B.Tech~B.Sc;CSE~IT;7~7;1;4;7;3~6;72~86;3~5;2;0~1;Placed
22~24;Male;B.Tech~B.Sc;CSE~IT;7~7;1;4;7;3~6;72~86;3~5;2;0~1;Placed
22~24;Male;B.Tech~B.Sc;CSE~IT;7~7;1;4;7;3~6;72~86;3~5;2;0~1;Placed
22~24;Male;B.Tech~B.Sc;CSE~IT;7~7;1;4;7;7;60~90;4~7;2;0~2;Not Placed
22~24;Male;B.Tech~B.Sc;CSE~IT;7~7;1;4;7;7;60~90;4~7;2;0~2;Placed
22~24;Male;B.Tech~B.Sc;CSE~IT;7~7;1;4;7;7;60~90;4~7;2;0~2;Placed
22~24;Male;B.Tech~B.Sc;CSE~IT;7~7;1;4;7;7;60~90;4~7;2;0~2;Placed
22~24;Male;B.Tech~B.Sc;CSE~IT;7~7;1;4;7;7;60~90;4~7;2;0~2;Placed
22~24;Male;B.Tech~B.Sc;CSE~IT;7~7;1;4;7;7;60~90;4~7;2;0~2;Placed
22~24;Male;B.Tech~B.Sc;CSE~IT;7~7;1;4;7;7;60~90;4~7;2;0~2;Placed
22~24;Male;B.Tech~B.Sc;CSE~IT;7~8;1;5;8~9;5~6;55~77;4~7;2;0~1;Placed
22~24;Male;B.Tech~B.Sc;CSE~IT;7~8;1;5;8~9;5~6;55~77;4~7;2;0~1;Placed
22~24;Male;B.Tech~B.Sc;CSE~IT;7~8;1;5;8~9;5~6;55~77;4~7;2;0~1;Placed
22~24;Male;B.Tech~B.Sc;CSE~IT;7~8;1;5;8~9;5~6;55~77;4~7;2;0~1;Placed
22~24;Male;B.Tech~B.Sc;CSE~IT;7~8;1;5;8~9;5~6;55~77;4~7;2;0~1;Placed
22~24;Male;B.Tech~B.Sc;CSE~IT;7~8;1;5;8~9;5~6;55~77;4~7;2;0~1;Placed
22~24;Male;B.Tech~B.Sc;CSE~IT;7~8;1;5;8~9;5~6;55~77;4~7;2;0~1;Placed
22~24;Male;B.Tech~B.Sc;CSE~IT;7~8;1;5;8~9;5~6;55~77;4~7;2;0~1;Placed
22~24;Male;B.Tech~B.Sc;CSE~IT;7~8;1;5;8~9;4~6;61~80;6~7;3;0~2;Placed
22~24;Male;B.Tech~B.Sc;CSE~IT;7~8;1;5;8~9;4~6;61~80;6~7;3;0~2;Placed
22~24;Male;B.Tech~B.Sc;CSE~IT;7~8;1;5;8~9;4~6;61~80;6~7;3;0~2;Placed
22~24;Male;B.Tech~B.Sc;CSE~IT;7~8;1;5;8~9;4~6;61~80;6~7;3;0~2;Not Placed
22~24;Male;B.Tech~B.Sc;CSE~IT;7~8;1;5;8~9;4~6;61~80;6~7;3;0~2;Not Placed
22~24;Male;B.Tech~B.Sc;CSE~IT;7~7;1;5;8~9;5~6;81~96;5~7;3;0~1;Placed
22~24;Male;B.Tech~B.Sc;CSE~IT;7~7;1;5;8~9;5~6;81~96;5~7;3;0~1;Placed
22~24;Male;B.Tech~B.Sc;CSE~IT;7~7;1;5;8~9;5~6;81~96;5~7;3;0~1;Placed
22~24;Male;B.Tech~B.Sc;CSE~IT;7~7;1;5;8~9;5~6;81~96;5~7;3;0~1;Placed
22~24;Male;B.Tech~B.Sc;CSE~IT;7~7;1;5;8~9;5~6;81~96;5~7;3;0~1;Placed
22~24;Male;B.Tech~B.Sc;CSE~IT;7~7;1;5;8~9;5~6;81~96;5~7;3;0~1;Placed
22~24;Male;B.Tech~B.Sc;CSE~IT;7~7;1;5;8~9;5~6;81~96;5~7;3;0~1;Placed
22~24;Male;B.Tech;CSE~IT;8~9;1;5~6;8~9;2~5;88~100;4~7;3;0~1;Placed
22~24;Male;B.Tech;CSE~IT;8~9;1;5~6;8~9;2~5;88~100;4~7;3;0~1;Not Placed
22~24;Male;B.Tech;CSE~IT;8~9;1;5~6;8~9;2~5;88~100;4~7;3;0~1;Placed
22~24;Male;B.Tech;CSE~IT;8~9;1;5~6;8~9;2~5;88~100;4~7;3;0~1;Placed
22~24;Male;B.Tech;CSE~IT;8~9;1;5~6;8~9;2~5;88~100;4~7;3;0~1;Placed
22~24;Male;B.Tech;CSE~IT;8~9;1;5~6;8~9;2~5;88~100;4~7;3;0~1;Not Placed
22~24;Male;B.Tech;CSE~IT;8~9;1;5~6;8~9;2~5;88~100;4~7;3;0~1;Placed
22~24;Male;B.Tech~B.Sc;CSE~IT;7~8;1;5;7~9;7~10;68~97;4~7;2~3;0~2;Placed
22~24;Male;B.Tech~B.Sc;CSE~IT;7~8;1;5;7~9;7~10;68~97;4~7;2~3;0~2;Placed
22~24;Male;B.Tech~B.Sc;CSE~IT;7~8;1;5;7~9;7~10;68~97;4~7;2~3;0~2;Placed
22~24;Male;B.Tech~B.Sc;CSE~IT;7~8;1;5;7~9;7~10;68~97;4~7;2~3;0~2;Not Placed
22~24;Male;B.Tech~B.Sc;CSE~IT;7~8;1;5;7~9;7~10;68~97;4~7;2~3;0~2;Placed
22~24;Male;B.Tech~B.Sc;CSE~IT;7~8;1;5;7~9;7~10;68~97;4~7;2~3;0~2;Placed
22~24;Male;B.Tech~B.Sc;CSE~IT;7~8;1;5;7~9;7~10;68~97;4~7;2~3;0~2;Placed
22~24;Male;B.Tech~B.Sc;CSE~IT;7~8;1;5;7~9;7~10;68~97;4~7;2~3;0~2;Placed
22~24;Male;B.Tech~B.Sc;CSE~IT;7~8;1;5;7~9;7~10;68~97;4~7;2~3;0~2;Placed
22~24;Male;B.Tech~B.Sc;CSE;7~9;1;5~6;10;3~4;66~100;4~9;3;0~1;Not Placed
22~24;Male;B.Tech~B.Sc;CSE;7~9;1;5~6;10;3~4;66~100;4~9;3;0~1;Not Placed
22~24;Male;B.Tech~B.Sc;CSE;7~9;1;5~6;10;3~4;66~100;4~9;3;0~1;Not Placed
22~24;Male;B.Tech~B.Sc;CSE;7~9;1;5~6;10;3~4;66~100;4~9;3;0~1;Not Placed
22~24;Male;B.Tech~B.Sc;CSE;7~9;1;5~6;10;3~4;66~100;4~9;3;0~1;Not Placed
23~24;Male;B.Tech~B.Sc;CSE;7~9;1;5~6;10;5~9;53~90;4~8;3;0~1;Placed
23~24;Male;B.Tech~B.Sc;CSE;7~9;1;5~6;10;5~9;53~90;4~8;3;0~1;Placed
23~24;Male;B.Tech~B.Sc;CSE;7~9;1;5~6;10;5~9;53~90;4~8;3;0~1;Not Placed
23~24;Male;B.Tech~B.Sc;CSE;7~9;1;5~6;10;5~9;53~90;4~8;3;0~1;Placed
23~24;Male;B.Tech~B.Sc;CSE;7~9;1;5~6;10;5~9;53~90;4~8;3;0~1;Placed
22~24;Male;B.Tech~B.Sc;CSE~IT;7~7;2;4;5~7;2~5;57~77;3~5;1~2;0~1;Not Placed
22~24;Male;B.Tech~B.Sc;CSE~IT;7~7;2;4;5~7;2~5;57~77;3~5;1~2;0~1;Not Placed
22~24;Male;B.Tech~B.Sc;CSE~IT;7~7;2;4;5~7;2~5;57~77;3~5;1~2;0~1;Not Placed
22~24;Male;B.Tech~B.Sc;CSE~IT;7~7;2;4;5~7;2~5;57~77;3~5;1~2;0~1;Placed
22~24;Male;B.Tech~B.Sc;CSE~IT;7~7;2;4;5~7;2~5;57~77;3~5;1~2;0~1;Not Placed
22~24;Male;B.Tech~B.Sc;CSE~IT;7~7;2~3;4;6~7;4~5;66~77;6;2;0~2;Not Placed
22~24;Male;B.Tech~B.Sc;CSE~IT;7~7;2~3;4;6~7;4~5;66~77;6;2;0~2;Placed
22~24;Male;B.Tech~B.Sc;CSE~IT;7~7;2~3;4;6~7;4~5;66~77;6;2;0~2;Placed
22~24;Male;B.Tech~B.Sc;CSE~IT;7~7;2~3;4;6~7;4~5;66~77;6;2;0~2;Placed
22~24;Male;B.Tech~B.Sc;CSE~IT;7~7;2~3;4;6~7;4~5;66~77;6;2;0~2;Not Placed
22~24;Male;B.Tech~B.Sc;CSE~IT;7~8;2;4~5;6~7;3~5;81~100;3~5;2~3;0;Not Placed
22~24;Male;B.Tech~B.Sc;CSE~IT;7~8;2;4~5;6~7;3~5;81~100;3~5;2~3;0;Placed
22~24;Male;B.Tech~B.Sc;CSE~IT;7~8;2;4~5;6~7;3~5;81~100;3~5;2~3;0;Placed
22~24;Male;B.Tech~B.Sc;CSE~IT;7~8;2;4~5;6~7;3~5;81~100;3~5;2~3;0;Placed
22~24;Male;B.Tech~B.Sc;CSE~IT;7~8;2;4~5;6~7;3~5;81~100;3~5;2~3;0;Not Placed
22~24;Male;B.Tech~B.Sc;CSE~IT;7~8;2;4~5;6~7;3~5;81~100;3~5;2~3;0;Placed
22~24;Male;B.Tech~B.Sc;CSE~IT;7~8;2~3;4~5;7;3~5;83~98;6~8;2;0~1;Not Placed
22~24;Male;B.Tech~B.Sc;CSE~IT;7~8;2~3;4~5;7;3~5;83~98;6~8;2;0~1;Placed
22~24;Male;B.Tech~B.Sc;CSE~IT;7~8;2~3;4~5;7;3~5;83~98;6~8;2;0~1;Not Placed
22~24;Male;B.Tech~B.Sc;CSE~IT;7~8;2~3;4~5;7;3~5;83~98;6~8;2;0~1;Not Placed
22~24;Male;B.Tech~B.Sc;CSE~IT;7~8;2~3;4~5;7;3~5;83~98;6~8;2;0~1;Not Placed
22~24;Male;B.Tech~B.Sc;CSE~IT;7~8;2~3;4~5;5~7;6~9;60~71;5~6;2;0~2;Not Placed
22~24;Male;B.Tech~B.Sc;CSE~IT;7~8;2~3;4~5;5~7;6~9;60~71;5~6;2;0~2;Placed
22~24;Male;B.Tech~B.Sc;CSE~IT;7~8;2~3;4~5;5~7;6~9;60~71;5~6;2;0~2;Not Placed
22~24;Male;B.Tech~B.Sc;CSE~IT;7~8;2~3;4~5;5~7;6~9;60~71;5~6;2;0~2;Placed
22~24;Male;B.Tech~B.Sc;CSE~IT;7~8;2~3;4~5;5~7;6~9;60~71;5~6;2;0~2;Placed
22~24;Male;B.Tech~B.Sc;CSE~IT;7~8;2~3;4~5;5~7;6~9;60~71;5~6;2;0~2;Placed
22~24;Male;B.Tech~B.Sc;CSE~IT;7~8;2~3;4~5;5~7;6~9;60~71;5~6;2;0~2;Not Placed
22~24;Male;B.Tech~B.Sc;CSE~IT;7~9;2~3;4~5;6~7;6~9;79~100;4~8;2~3;0~2;Placed
22~24;Male;B.Tech~B.Sc;CSE~IT;7~9;2~3;4~5;6~7;6~9;79~100;4~8;2~3;0~2;Placed
22~24;Male;B.Tech~B.Sc;CSE~IT;7~9;2~3;4~5;6~7;6~9;79~100;4~8;2~3;0~2;Placed
22~24;Male;B.Tech~B.Sc;CSE~IT;7~9;2~3;4~5;6~7;6~9;79~100;4~8;2~3;0~2;Placed
22~24;Male;B.Tech~B.Sc;CSE~IT;7~9;2~3;4~5;6~7;6~9;79~100;4~8;2~3;0~2;Placed
22~24;Male;B.Tech~B.Sc;CSE~IT;7~9;2~3;4~5;6~7;6~9;79~100;4~8;2~3;0~2;Placed
22~24;Male;B.Tech~B.Sc;CSE~IT;7~9;2~3;4~5;6~7;6~9;79~100;4~8;2~3;0~2;Not Placed
22~24;Male;B.Tech~B.Sc;CSE~IT;7~8;2~3;5;8~9;3~6;49~73;4~5;2~3;0;Not Placed
22~24;Male;B.Tech~B.Sc;CSE~IT;7~8;2~3;5;8~9;3~6;49~73;4~5;2~3;0;Placed
22~24;Male;B.Tech~B.Sc;CSE~IT;7~8;2~3;5;8~9;3~6;49~73;4~5;2~3;0;Not Placed
22~24;Male;B.Tech~B.Sc;CSE~IT;7~8;2~3;5;8~9;3~6;49~73;4~5;2~3;0;Not Placed
22~24;Male;B.Tech~B.Sc;CSE~IT;7~8;2~3;5;8~9;3~6;49~73;4~5;2~3;0;Not Placed
22~24;Male;B.Tech~B.Sc;CSE~IT;7~8;2~3;5;8~9;3~6;49~73;4~5;2~3;0;Placed
22~24;Male;B.Tech~B.Sc;CSE~IT;7~8;2~3;5;8~9;3~6;49~73;4~5;2~3;0;Placed
22~23;Male;B.Tech~B.Sc;CSE~IT;6~7;2~3;5;8~10;4~6;55~73;4~8;2~3;1~2;Not Placed
22~23;Male;B.Tech~B.Sc;CSE~IT;6~7;2~3;5;8~10;4~6;55~73;4~8;2~3;1~2;Not Placed
22~23;Male;B.Tech~B.Sc;CSE~IT;6~7;2~3;5;8~10;4~6;55~73;4~8;2~3;1~2;Not Placed
22~23;Male;B.Tech~B.Sc;CSE~IT;6~7;2~3;5;8~10;4~6;55~73;4~8;2~3;1~2;Not Placed
22~23;Male;B.Tech~B.Sc;CSE~IT;6~7;2~3;5;8~10;4~6;55~73;4~8;2~3;1~2;Not Placed
22~23;Male;B.Tech~B.Sc;CSE~IT;6~7;2~3;5;8~10;4~6;55~73;4~8;2~3;1~2;Placed
22~23;Male;B.Tech~B.Sc;CSE~IT;6~7;2~3;5;8~10;4~6;55~73;4~8;2~3;1~2;Not Placed
22~24;Male;B.Tech~B.Sc;CSE~IT;7~7;2~3;5;8~10;4~6;76~93;4~8;2~3;0~2;Placed
22~24;Male;B.Tech~B.Sc;CSE~IT;7~7;2~3;5;8~10;4~6;76~93;4~8;2~3;0~2;Not Placed
22~24;Male;B.Tech~B.Sc;CSE~IT;7~7;2~3;5;8~10;4~6;76~93;4~8;2~3;0~2;Not Placed
22~24;Male;B.Tech~B.Sc;CSE~IT;7~7;2~3;5;8~10;4~6;76~93;4~8;2~3;0~2;Placed
22~24;Male;B.Tech~B.Sc;CSE~IT;7~7;2~3;5;8~10;4~6;76~93;4~8;2~3;0~2;Not Placed
22~24;Male;B.Tech~B.Sc;CSE~IT;7~7;2~3;5;8~10;4~6;76~93;4~8;2~3;0~2;Placed
22~24;Male;B.Tech~B.Sc;CSE~IT;7~7;2~3;5;8~10;4~6;76~93;4~8;2~3;0~2;Placed
22~24;Male;B.Tech~B.Sc;CSE~IT;8~8;2~3;5;8~9;4~6;76~100;3~8;2~3;0;Placed
22~24;Male;B.Tech~B.Sc;CSE~IT;8~8;2~3;5;8~9;4~6;76~100;3~8;2~3;0;Placed
22~24;Male;B.Tech~B.Sc;CSE~IT;8~8;2~3;5;8~9;4~6;76~100;3~8;2~3;0;Not Placed
22~24;Male;B.Tech~B.Sc;CSE~IT;8~8;2~3;5;8~9;4~6;76~100;3~8;2~3;0;Not Placed
22~24;Male;B.Tech~B.Sc;CSE~IT;8~8;2~3;5;8~9;4~6;76~100;3~8;2~3;0;Placed
22~24;Male;B.Tech~B.Sc;CSE~IT;8~8;2~3;5;8~9;4~6;76~100;3~8;2~3;0;Not Placed
22~24;Male;B.Tech~B.Sc;CSE~IT;8~8;2~3;5;8~9;4~6;76~100;3~8;2~3;0;Not Placed
22~24;Male;B.Tech~B.Sc;CSE~IT;8~8;2~3;5;8~9;4~6;76~100;3~8;2~3;0;Placed
22~24;Male;B.Tech~B.Sc;CSE~IT;7~8;2;5;8~10;7~9;44~96;3~7;2~3;0~1;Placed
22~24;Male;B.Tech~B.Sc;CSE~IT;7~8;2;5;8~10;7~9;44~96;3~7;2~3;0~1;Placed
22~24;Male;B.Tech~B.Sc;CSE~IT;7~8;2;5;8~10;7~9;44~96;3~7;2~3;0~1;Not Placed
22~24;Male;B.Tech~B.Sc;CSE~IT;7~8;2;5;8~10;7~9;44~96;3~7;2~3;0~1;Placed
22~24;Male;B.Tech~B.Sc;CSE~IT;7~8;2;5;8~10;7~9;44~96;3~7;2~3;0~1;Placed
22~24;Male;B.Tech~B.Sc;CSE~IT;7~8;2;5;8~10;7~9;44~96;3~7;2~3;0~1;Placed
22~24;Male;B.Tech~B.Sc;CSE~IT;7~8;2;5;8~10;7~9;44~96;3~7;2~3;0~1;Placed
23~24;Male;B.Tech~B.Sc;CSE~IT;8~9;2~3;6;10;3~7;76~100;5~6;3;0~1;Not Placed
23~24;Male;B.Tech~B.Sc;CSE~IT;8~9;2~3;6;10;3~7;76~100;5~6;3;0~1;Placed
23~24;Male;B.Tech~B.Sc;CSE~IT;8~9;2~3;6;10;3~7;76~100;5~6;3;0~1;Not Placed
23~24;Male;B.Tech~B.Sc;CSE~IT;8~9;2~3;6;10;3~7;76~100;5~6;3;0~1;Placed
23~24;Male;B.Tech~B.Sc;CSE~IT;8~9;2~3;6;10;3~7;76~100;5~6;3;0~1;Placed
23~24;Male;B.Tech~B.Sc;CSE~IT;8~9;2~3;6;10;3~7;76~100;5~6;3;0~1;Not Placed
23~24;Male;B.Tech~B.Sc;CSE~IT;8~9;2~3;6;10;3~7;76~100;5~6;3;0~1;Placed
22~24;Male;BCA~MCA;ECE~ME~Civil;4~7;0;2~3;3~4;2~5;35~60;4~5;1;0~1;Not Placed
22~24;Male;BCA~MCA;ECE~ME~Civil;4~7;0;2~3;3~4;2~5;35~60;4~5;1;0~1;Not Placed
22~24;Male;BCA~MCA;ECE~ME~Civil;4~7;0;2~3;3~4;2~5;35~60;4~5;1;0~1;Not Placed
22~24;Male;BCA~MCA;ECE~ME~Civil;4~7;0;2~3;3~4;2~5;35~60;4~5;1;0~1;Not Placed
22~24;Male;BCA~MCA;ECE~ME~Civil;4~7;0;2~3;3~4;2~5;35~60;4~5;1;0~1;Not Placed
22~24;Male;BCA~MCA;ECE~ME~Civil;4~7;0;2~3;3~4;2~5;35~60;4~5;1;0~1;Not Placed
22~24;Male;BCA~MCA;ECE~ME~Civil;4~7;0;2~3;3~4;2~5;35~60;4~5;1;0~1;Not Placed
22~24;Male;BCA~MCA;ECE~ME~Civil;4~7;0;2~3;3~4;2~5;35~60;4~5;1;0~1;Not Placed
22~23;Male;BCA~MCA;ECE~ME~Civil;4~6;0;2~3;2~4;3~5;35~59;4~5;0~1;2~3;Not Placed
22~23;Male;BCA~MCA;ECE~ME~Civil;4~6;0;2~3;2~4;3~5;35~59;4~5;0~1;2~3;Not Placed
22~23;Male;BCA~MCA;ECE~ME~Civil;4~6;0;2~3;2~4;3~5;35~59;4~5;0~1;2~3;Not Placed
22~23;Male;BCA~MCA;ECE~ME~Civil;4~6;0;2~3;2~4;3~5;35~59;4~5;0~1;2~3;Not Placed
22~23;Male;BCA~MCA;ECE~ME~Civil;4~6;0;2~3;2~4;3~5;35~59;4~5;0~1;2~3;Not Placed
22~23;Male;BCA~MCA;ECE~ME~Civil;4~6;0;2~3;2~4;3~5;35~59;4~5;0~1;2~3;Not Placed
22~23;Male;BCA~MCA;ECE~ME~Civil;4~6;0;2~3;2~4;3~5;35~59;4~5;0~1;2~3;Not Placed
22~23;Male;BCA~MCA;ECE~ME~Civil;4~6;0;2~3;2~4;3~5;35~59;4~5;0~1;2~3;Not Placed
22~23;Male;BCA~MCA;ECE~ME~Civil;4~6;0;2~3;2~4;3~5;35~59;4~5;0~1;2~3;Not Placed
22~24;Male;BCA~MCA;ECE~ME~Civil;4~5;0;2~3;2~4;4~5;36~57;6~9;1;1;Not Placed
22~24;Male;BCA~MCA;ECE~ME~Civil;4~5;0;2~3;2~4;4~5;36~57;6~9;1;1;Not Placed
22~24;Male;BCA~MCA;ECE~ME~Civil;4~5;0;2~3;2~4;4~5;36~57;6~9;1;1;Not Placed
22~24;Male;BCA~MCA;ECE~ME~Civil;4~5;0;2~3;2~4;4~5;36~57;6~9;1;1;Not Placed
22~24;Male;BCA~MCA;ECE~ME~Civil;4~5;0;2~3;2~4;4~5;36~57;6~9;1;1;Not Placed
23~24;Male;BCA~MCA;ECE~ME~Civil;6~6;0;2~3;1~4;3~5;39~60;6~7;0~1;0~1;Not Placed
23~24;Male;BCA~MCA;ECE~ME~Civil;6~6;0;2~3;1~4;3~5;39~60;6~7;0~1;0~1;Not Placed
23~24;Male;BCA~MCA;ECE~ME~Civil;6~6;0;2~3;1~4;3~5;39~60;6~7;0~1;0~1;Not Placed
23~24;Male;BCA~MCA;ECE~ME~Civil;6~6;0;2~3;1~4;3~5;39~60;6~7;0~1;0~1;Not Placed
23~24;Male;BCA~MCA;ECE~ME~Civil;6~6;0;2~3;1~4;3~5;39~60;6~7;0~1;0~1;Not Placed
22~24;Male;BCA~MCA;ECE~ME~Civil;4~6;0;1~3;1~4;3~5;44~52;6~7;0~1;2;Not Placed
22~24;Male;BCA~MCA;ECE~ME~Civil;4~6;0;1~3;1~4;3~5;44~52;6~7;0~1;2;Not Placed
22~24;Male;BCA~MCA;ECE~ME~Civil;4~6;0;1~3;1~4;3~5;44~52;6~7;0~1;2;Not Placed
22~24;Male;BCA~MCA;ECE~ME~Civil;4~6;0;1~3;1~4;3~5;44~52;6~7;0~1;2;Not Placed
22~24;Male;BCA~MCA;ECE~ME~Civil;4~6;0;1~3;1~4;3~5;44~52;6~7;0~1;2;Not Placed
22~24;Male;BCA~MCA;ECE~ME~Civil;4~6;0;1~3;1~4;3~5;44~52;6~7;0~1;2;Not Placed
22~24;Male;BCA~MCA;ECE~ME~Civil;4~6;0;1~3;1~4;3~5;44~52;6~7;0~1;2;Not Placed
22~24;Male;BCA~MCA;ECE~ME~Civil;5~7;0;2~3;1~4;3~5;62~69;4~5;1;0~1;Not Placed
22~24;Male;BCA~MCA;ECE~ME~Civil;5~7;0;2~3;1~4;3~5;62~69;4~5;1;0~1;Not Placed
22~24;Male;BCA~MCA;ECE~ME~Civil;5~7;0;2~3;1~4;3~5;62~69;4~5;1;0~1;Not Placed
22~24;Male;BCA~MCA;ECE~ME~Civil;5~7;0;2~3;1~4;3~5;62~69;4~5;1;0~1;Not Placed
22~24;Male;BCA~MCA;ECE~ME~Civil;5~7;0;2~3;1~4;3~5;62~69;4~5;1;0~1;Not Placed
22~24;Male;BCA~MCA;ECE~ME~Civil;5~7;0;2~3;1~4;3~5;62~69;4~5;1;0~1;Not Placed
22~24;Male;BCA~MCA;ECE~ME~Civil;5~7;0;2~3;1~4;3~5;62~69;4~5;1;0~1;Not Placed
22~24;Male;BCA~MCA;ECE~ME~Civil;6~6;0;2~3;1~4;3~5;71~91;3~5;1;0~1;Not Placed
22~24;Male;BCA~MCA;ECE~ME~Civil;6~6;0;2~3;1~4;3~5;71~91;3~5;1;0~1;Not Placed
22~24;Male;BCA~MCA;ECE~ME~Civil;6~6;0;2~3;1~4;3~5;71~91;3~5;1;0~1;Not Placed
22~24;Male;BCA~MCA;ECE~ME~Civil;6~6;0;2~3;1~4;3~5;71~91;3~5;1;0~1;Not Placed
22~24;Male;BCA~MCA;ECE~ME~Civil;6~6;0;2~3;1~4;3~5;71~91;3~5;1;0~1;Not Placed
22~24;Male;BCA~MCA;ECE~ME~Civil;6~6;0;2~3;1~4;3~5;71~91;3~5;1;0~1;Not Placed
22~24;Male;BCA~MCA;ECE~ME~Civil;6~6;0;2~3;1~4;3~5;71~91;3~5;1;0~1;Not Placed
22~24;Male;BCA~MCA;ECE~ME~Civil;5~6;0;2~3;2~4;2~5;61~88;4~5;1~2;2~3;Not Placed
22~24;Male;BCA~MCA;ECE~ME~Civil;5~6;0;2~3;2~4;2~5;61~88;4~5;1~2;2~3;Not Placed
22~24;Male;BCA~MCA;ECE~ME~Civil;5~6;0;2~3;2~4;2~5;61~88;4~5;1~2;2~3;Not Placed
22~24;Male;BCA~MCA;ECE~ME~Civil;5~6;0;2~3;2~4;2~5;61~88;4~5;1~2;2~3;Not Placed
22~24;Male;BCA~MCA;ECE~ME~Civil;5~6;0;2~3;2~4;2~5;61~88;4~5;1~2;2~3;Not Placed
22~24;Male;BCA~MCA;ECE~ME~Civil;6~7;0;2~3;2~4;4~5;61~76;6~8;1;0;Not Placed
22~24;Male;BCA~MCA;ECE~ME~Civil;6~7;0;2~3;2~4;4~5;61~76;6~8;1;0;Not Placed
22~24;Male;BCA~MCA;ECE~ME~Civil;6~7;0;2~3;2~4;4~5;61~76;6~8;1;0;Not Placed
22~24;Male;BCA~MCA;ECE~ME~Civil;6~7;0;2~3;2~4;4~5;61~76;6~8;1;0;Not Placed
22~24;Male;BCA~MCA;ECE~ME~Civil;6~7;0;2~3;2~4;4~5;61~76;6~8;1;0;Not Placed
22~24;Male;BCA~MCA;ECE~ME~Civil;6~7;0;2~3;2~4;4~5;61~76;6~8;1;0;Not Placed
22~24;Male;BCA~MCA;ECE~ME~Civil;6~7;0;2~3;2~4;4~5;61~76;6~8;1;0;Not Placed
22~24;Male;BCA~MCA;ECE~ME~Civil;5~7;0;2~3;2~4;3~5;61~94;6~7;1~2;1~3;Not Placed
22~24;Male;BCA~MCA;ECE~ME~Civil;5~7;0;2~3;2~4;3~5;61~94;6~7;1~2;1~3;Not Placed
22~24;Male;BCA~MCA;ECE~ME~Civil;5~7;0;2~3;2~4;3~5;61~94;6~7;1~2;1~3;Not Placed
22~24;Male;BCA~MCA;ECE~ME~Civil;5~7;0;2~3;2~4;3~5;61~94;6~7;1~2;1~3;Not Placed
22~24;Male;BCA~MCA;ECE~ME~Civil;5~7;0;2~3;2~4;3~5;61~94;6~7;1~2;1~3;Not Placed
22~24;Male;BCA~MCA;ECE~ME~Civil;5~7;0;2~3;2~4;3~5;61~94;6~7;1~2;1~3;Not Placed
22~24;Male;BCA~MCA;ECE~ME~Civil;5~7;0;2~3;2~4;3~5;61~94;6~7;1~2;1~3;Not Placed
22~24;Male;BCA~MCA;ECE~ME~Civil;5~7;0;2~3;2~4;3~5;61~94;6~7;1~2;1~3;Not Placed
22~24;Male;BCA~MCA;ECE~ME~Civil;4~5;0;2~3;3~4;6~8;35~58;5~6;1;1;Not Placed
22~24;Male;BCA~MCA;ECE~ME~Civil;4~5;0;2~3;3~4;6~8;35~58;5~6;1;1;Not Placed
22~24;Male;BCA~MCA;ECE~ME~Civil;4~5;0;2~3;3~4;6~8;35~58;5~6;1;1;Not Placed
22~24;Male;BCA~MCA;ECE~ME~Civil;4~5;0;2~3;3~4;6~8;35~58;5~6;1;1;Not Placed
22~24;Male;BCA~MCA;ECE~ME~Civil;4~5;0;2~3;3~4;6~8;35~58;5~6;1;1;Not Placed
22~24;Male;BCA~MCA;ECE~ME~Civil;5~6;0;2~3;1~4;6~8;35~57;5~6;0~1;0~1;Not Placed
22~24;Male;BCA~MCA;ECE~ME~Civil;5~6;0;2~3;1~4;6~8;35~57;5~6;0~1;0~1;Not Placed
22~24;Male;BCA~MCA;ECE~ME~Civil;5~6;0;2~3;1~4;6~8;35~57;5~6;0~1;0~1;Not Placed
22~24;Male;BCA~MCA;ECE~ME~Civil;5~6;0;2~3;1~4;6~8;35~57;5~6;0~1;0~1;Not Placed
22~24;Male;BCA~MCA;ECE~ME~Civil;5~6;0;2~3;1~4;6~8;35~57;5~6;0~1;0~1;Not Placed
22~24;Male;BCA~MCA;ECE~ME~Civil;5~6;0;2~3;1~4;6~8;35~57;5~6;0~1;0~1;Not Placed
22~24;Male;BCA~MCA;ECE~ME;5~6;0;2~3;1~4;6~9;39~58;3~6;0~1;2;Not Placed
22~24;Male;BCA~MCA;ECE~ME;5~6;0;2~3;1~4;6~9;39~58;3~6;0~1;2;Not Placed
22~24;Male;BCA~MCA;ECE~ME;5~6;0;2~3;1~4;6~9;39~58;3~6;0~1;2;Not Placed
22~24;Male;BCA~MCA;ECE~ME;5~6;0;2~3;1~4;6~9;39~58;3~6;0~1;2;Not Placed
22~24;Male;BCA~MCA;ECE~ME;5~6;0;2~3;1~4;6~9;39~58;3~6;0~1;2;Not Placed
23~24;Male;BCA~MCA;Civil;4~5;0;1~3;1~4;6~7;45~58;5~6;0~1;2;Not Placed
23~24;Male;BCA~MCA;Civil;4~5;0;1~3;1~4;6~7;45~58;5~6;0~1;2;Not Placed
23~24;Male;BCA~MCA;Civil;4~5;0;1~3;1~4;6~7;45~58;5~6;0~1;2;Not Placed
23~24;Male;BCA~MCA;Civil;4~5;0;1~3;1~4;6~7;45~58;5~6;0~1;2;Not Placed
23~24;Male;BCA~MCA;Civil;4~5;0;1~3;1~4;6~7;45~58;5~6;0~1;2;Not Placed
22~24;Male;BCA~MCA;ME~Civil;5~6;0;2~3;2~4;6~8;45~56;2~6;1;3;Not Placed
22~24;Male;BCA~MCA;ME~Civil;5~6;0;2~3;2~4;6~8;45~56;2~6;1;3;Not Placed
22~24;Male;BCA~MCA;ME~Civil;5~6;0;2~3;2~4;6~8;45~56;2~6;1;3;Not Placed
22~24;Male;BCA~MCA;ME~Civil;5~6;0;2~3;2~4;6~8;45~56;2~6;1;3;Not Placed
22~24;Male;BCA~MCA;ME~Civil;5~6;0;2~3;2~4;6~8;45~56;2~6;1;3;Not Placed
22~24;Male;BCA~MCA;ECE~ME~Civil;5~6;0;2~3;1~4;6~7;48~58;7~8;0~1;2~3;Not Placed
22~24;Male;BCA~MCA;ECE~ME~Civil;5~6;0;2~3;1~4;6~7;48~58;7~8;0~1;2~3;Not Placed
22~24;Male;BCA~MCA;ECE~ME~Civil;5~6;0;2~3;1~4;6~7;48~58;7~8;0~1;2~3;Not Placed
22~24;Male;BCA~MCA;ECE~ME~Civil;5~6;0;2~3;1~4;6~7;48~58;7~8;0~1;2~3;Not Placed
22~24;Male;BCA~MCA;ECE~ME~Civil;5~6;0;2~3;1~4;6~7;48~58;7~8;0~1;2~3;Not Placed
22~24;Male;BCA~MCA;ECE~ME~Civil;5~6;0;2~3;1~4;6~7;48~58;7~8;0~1;2~3;Not Placed
22~23;Male;BCA~MCA;ME~Civil;5~6;0;2~3;1~4;7~8;59~73;4~5;1;1;Not Placed
22~23;Male;BCA~MCA;ME~Civil;5~6;0;2~3;1~4;7~8;59~73;4~5;1;1;Not Placed
22~23;Male;BCA~MCA;ME~Civil;5~6;0;2~3;1~4;7~8;59~73;4~5;1;1;Not Placed
22~23;Male;BCA~MCA;ME~Civil;5~6;0;2~3;1~4;7~8;59~73;4~5;1;1;Not Placed
22~23;Male;BCA~MCA;ME~Civil;5~6;0;2~3;1~4;7~8;59~73;4~5;1;1;Not Placed
22~24;Male;BCA~MCA;ECE~ME~Civil;6~7;0;2~3;2~4;6~8;62~81;4~5;1~2;0~1;Not Placed
22~24;Male;BCA~MCA;ECE~ME~Civil;6~7;0;2~3;2~4;6~8;62~81;4~5;1~2;0~1;Not Placed
22~24;Male;BCA~MCA;ECE~ME~Civil;6~7;0;2~3;2~4;6~8;62~81;4~5;1~2;0~1;Not Placed
22~24;Male;BCA~MCA;ECE~ME~Civil;6~7;0;2~3;2~4;6~8;62~81;4~5;1~2;0~1;Not Placed
22~24;Male;BCA~MCA;ECE~ME~Civil;6~7;0;2~3;2~4;6~8;62~81;4~5;1~2;0~1;Not Placed
22~24;Male;BCA~MCA;ECE~ME~Civil;6~7;0;2~3;2~4;6~8;62~81;4~5;1~2;0~1;Not Placed
22~24;Male;BCA~MCA;ECE~ME~Civil;5~6;0;2~3;1~4;6~7;59~73;4~5;1;2~3;Not Placed
22~24;Male;BCA~MCA;ECE~ME~Civil;5~6;0;2~3;1~4;6~7;59~73;4~5;1;2~3;Not Placed
22~24;Male;BCA~MCA;ECE~ME~Civil;5~6;0;2~3;1~4;6~7;59~73;4~5;1;2~3;Not Placed
22~24;Male;BCA~MCA;ECE~ME~Civil;5~6;0;2~3;1~4;6~7;59~73;4~5;1;2~3;Not Placed
22~24;Male;BCA~MCA;ECE~ME~Civil;5~6;0;2~3;1~4;6~7;59~73;4~5;1;2~3;Not Placed
22~24;Male;BCA~MCA;ECE~ME~Civil;5~6;0;2~3;1~4;6~7;59~73;4~5;1;2~3;Not Placed
22~24;Male;BCA~MCA;ECE;6~6;0;2~3;2~4;6~9;63~77;6~8;1;0~1;Not Placed
22~24;Male;BCA~MCA;ECE;6~6;0;2~3;2~4;6~9;63~77;6~8;1;0~1;Not Placed
22~24;Male;BCA~MCA;ECE;6~6;0;2~3;2~4;6~9;63~77;6~8;1;0~1;Not Placed
22~24;Male;BCA~MCA;ECE;6~6;0;2~3;2~4;6~9;63~77;6~8;1;0~1;Not Placed
22~24;Male;BCA~MCA;ECE;6~6;0;2~3;2~4;6~9;63~77;6~8;1;0~1;Not Placed
22~24;Male;BCA~MCA;ME~Civil;6~6;0;2~3;1~4;6~9;60~79;6~7;1;0~1;Not Placed
22~24;Male;BCA~MCA;ME~Civil;6~6;0;2~3;1~4;6~9;60~79;6~7;1;0~1;Not Placed
22~24;Male;BCA~MCA;ME~Civil;6~6;0;2~3;1~4;6~9;60~79;6~7;1;0~1;Not Placed
22~24;Male;BCA~MCA;ME~Civil;6~6;0;2~3;1~4;6~9;60~79;6~7;1;0~1;Not Placed
22~24;Male;BCA~MCA;ME~Civil;6~6;0;2~3;1~4;6~9;60~79;6~7;1;0~1;Not Placed
22~24;Male;BCA~MCA;ECE~ME~Civil;5~6;0;2~3;2~4;6;60~81;6~8;1;2~3;Not Placed
22~24;Male;BCA~MCA;ECE~ME~Civil;5~6;0;2~3;2~4;6;60~81;6~8;1;2~3;Not Placed
22~24;Male;BCA~MCA;ECE~ME~Civil;5~6;0;2~3;2~4;6;60~81;6~8;1;2~3;Not Placed
22~24;Male;BCA~MCA;ECE~ME~Civil;5~6;0;2~3;2~4;6;60~81;6~8;1;2~3;Not Placed
22~24;Male;BCA~MCA;ECE~ME~Civil;5~6;0;2~3;2~4;6;60~81;6~8;1;2~3;Not Placed
22~24;Male;BCA~MCA;ECE~ME~Civil;5~6;0;3;5~6;3~5;43~64;3~7;1~2;0~3;Not Placed
22~24;Male;BCA~MCA;ECE~ME~Civil;5~6;0;3;5~6;3~5;43~64;3~7;1~2;0~3;Not Placed
22~24;Male;BCA~MCA;ECE~ME~Civil;5~6;0;3;5~6;3~5;43~64;3~7;1~2;0~3;Not Placed
22~24;Male;BCA~MCA;ECE~ME~Civil;5~6;0;3;5~6;3~5;43~64;3~7;1~2;0~3;Not Placed
22~24;Male;BCA~MCA;ECE~ME~Civil;5~6;0;3;5~6;3~5;43~64;3~7;1~2;0~3;Not Placed
22~24;Male;BCA~MCA;ECE~ME~Civil;5~6;0;3;5~6;3~5;43~64;3~7;1~2;0~3;Not Placed
22~24;Male;BCA~MCA;ECE~ME~Civil;5~6;0;3;5~6;3~5;43~64;3~7;1~2;0~3;Not Placed
22~24;Male;BCA~MCA;ECE~ME~Civil;5~6;0;3;5~6;3~5;43~64;3~7;1~2;0~3;Not Placed
22~24;Male;BCA~MCA;ECE~ME;5~6;0;3;5;2~5;68~84;3~7;2;0~2;Not Placed
22~24;Male;BCA~MCA;ECE~ME;5~6;0;3;5;2~5;68~84;3~7;2;0~2;Not Placed
22~24;Male;BCA~MCA;ECE~ME;5~6;0;3;5;2~5;68~84;3~7;2;0~2;Placed
22~24;Male;BCA~MCA;ECE~ME;5~6;0;3;5;2~5;68~84;3~7;2;0~2;Placed
22~24;Male;BCA~MCA;ECE~ME;5~6;0;3;5;2~5;68~84;3~7;2;0~2;Not Placed
22~24;Male;BCA~MCA;ECE~ME;5~6;0;3;5;2~5;68~84;3~7;2;0~2;Not Placed
22~24;Male;BCA~MCA;ECE~ME;5~6;0;3;5;2~5;68~84;3~7;2;0~2;Not Placed
22~24;Male;BCA~MCA;ECE~ME;5~6;0;3;5;2~5;68~84;3~7;2;0~2;Not Placed
22~24;Male;BCA~MCA;ECE~ME~Civil;5~6;0;3;5~6;6~7;53~65;3~8;1~2;0~3;Not Placed
22~24;Male;BCA~MCA;ECE~ME~Civil;5~6;0;3;5~6;6~7;53~65;3~8;1~2;0~3;Placed
22~24;Male;BCA~MCA;ECE~ME~Civil;5~6;0;3;5~6;6~7;53~65;3~8;1~2;0~3;Not Placed
22~24;Male;BCA~MCA;ECE~ME~Civil;5~6;0;3;5~6;6~7;53~65;3~8;1~2;0~3;Placed
22~24;Male;BCA~MCA;ECE~ME~Civil;5~6;0;3;5~6;6~7;53~65;3~8;1~2;0~3;Not Placed
22~24;Male;BCA~MCA;ECE~ME~Civil;5~6;0;3;5~6;6~7;53~65;3~8;1~2;0~3;Not Placed
22~24;Male;BCA~MCA;ECE~ME~Civil;5~6;0;3;5~6;6~7;53~65;3~8;1~2;0~3;Not Placed
22~24;Male;BCA~MCA;ECE~ME~Civil;5~6;0;3;5~6;6~8;66~86;4~6;2;0~2;Placed
22~24;Male;BCA~MCA;ECE~ME~Civil;5~6;0;3;5~6;6~8;66~86;4~6;2;0~2;Placed
22~24;Male;BCA~MCA;ECE~ME~Civil;5~6;0;3;5~6;6~8;66~86;4~6;2;0~2;Not Placed
22~24;Male;BCA~MCA;ECE~ME~Civil;5~6;0;3;5~6;6~8;66~86;4~6;2;0~2;Placed
22~24;Male;BCA~MCA;ECE~ME~Civil;5~6;0;3;5~6;6~8;66~86;4~6;2;0~2;Not Placed
22~24;Male;BCA~MCA;ECE~ME~Civil;5~6;0;3;5~6;6~8;66~86;4~6;2;0~2;Not Placed
22~24;Male;BCA~MCA;ECE~ME~Civil;5~6;0;3;5~6;6~8;66~86;4~6;2;0~2;Not Placed
22~24;Male;BCA~MCA;ECE~ME~Civil;5~6;0;3;5~6;6~8;66~86;4~6;2;0~2;Not Placed
22~24;Male;BCA~MCA;ECE~ME~Civil;6~6;0;4~5;6~9;2~5;52~62;3~5;2~3;0~2;Not Placed
22~24;Male;BCA~MCA;ECE~ME~Civil;6~6;0;4~5;6~9;2~5;52~62;3~5;2~3;0~2;Not Placed
22~24;Male;BCA~MCA;ECE~ME~Civil;6~6;0;4~5;6~9;2~5;52~62;3~5;2~3;0~2;Placed
22~24;Male;BCA~MCA;ECE~ME~Civil;6~6;0;4~5;6~9;2~5;52~62;3~5;2~3;0~2;Not Placed
22~24;Male;BCA~MCA;ECE~ME~Civil;6~6;0;4~5;6~9;2~5;52~62;3~5;2~3;0~2;Not Placed
22~24;Male;BCA~MCA;ECE~ME;5~6;0;4;6~7;4~6;44~64;6~9;2;0~3;Not Placed
22~24;Male;BCA~MCA;ECE~ME;5~6;0;4;6~7;4~6;44~64;6~9;2;0~3;Placed
22~24;Male;BCA~MCA;ECE~ME;5~6;0;4;6~7;4~6;44~64;6~9;2;0~3;Placed
22~24;Male;BCA~MCA;ECE~ME;5~6;0;4;6~7;4~6;44~64;6~9;2;0~3;Not Placed
22~24;Male;BCA~MCA;ECE~ME;5~6;0;4;6~7;4~6;44~64;6~9;2;0~3;Not Placed
22~24;Male;BCA~MCA;ECE~ME;5~6;0;4;6~7;4~6;44~64;6~9;2;0~3;Not Placed
22~24;Male;BCA~MCA;ECE~ME~Civil;6~6;0;4;6~7;4~6;68~78;5;2;0~3;Not Placed
22~24;Male;BCA~MCA;ECE~ME~Civil;6~6;0;4;6~7;4~6;68~78;5;2;0~3;Not Placed
22~24;Male;BCA~MCA;ECE~ME~Civil;6~6;0;4;6~7;4~6;68~78;5;2;0~3;Not Placed
22~24;Male;BCA~MCA;ECE~ME~Civil;6~6;0;4;6~7;4~6;68~78;5;2;0~3;Placed
22~24;Male;BCA~MCA;ECE~ME~Civil;6~6;0;4;6~7;4~6;68~78;5;2;0~3;Placed
22~24;Male;BCA~MCA;ECE~ME~Civil;6~6;0;4;6~7;4~6;68~78;5;2;0~3;Placed
22~24;Male;BCA~MCA;ECE~ME;6~6;0;4~5;7~9;5~6;72~85;6;2~3;0~3;Placed
22~24;Male;BCA~MCA;ECE~ME;6~6;0;4~5;7~9;5~6;72~85;6;2~3;0~3;Placed
22~24;Male;BCA~MCA;ECE~ME;6~6;0;4~5;7~9;5~6;72~85;6;2~3;0~3;Not Placed
22~24;Male;BCA~MCA;ECE~ME;6~6;0;4~5;7~9;5~6;72~85;6;2~3;0~3;Placed
22~24;Male;BCA~MCA;ECE~ME;6~6;0;4~5;7~9;5~6;72~85;6;2~3;0~3;Placed
22~24;Male;BCA~MCA;ECE~ME~Civil;6~7;0;4~5;5~10;7~9;48~84;4~7;2~3;0~2;Placed
22~24;Male;BCA~MCA;ECE~ME~Civil;6~7;0;4~5;5~10;7~9;48~84;4~7;2~3;0~2;Not Placed
22~24;Male;BCA~MCA;ECE~ME~Civil;6~7;0;4~5;5~10;7~9;48~84;4~7;2~3;0~2;Placed
22~24;Male;BCA~MCA;ECE~ME~Civil;6~7;0;4~5;5~10;7~9;48~84;4~7;2~3;0~2;Not Placed
22~24;Male;BCA~MCA;ECE~ME~Civil;6~7;0;4~5;5~10;7~9;48~84;4~7;2~3;0~2;Not Placed
22~24;Male;BCA~MCA;ECE~ME~Civil;6~7;0;4~5;5~10;7~9;48~84;4~7;2~3;0~2;Placed
22~24;Male;BCA~MCA;ECE~ME~Civil;5~7;1;2~3;2~4;3~5;49~58;4~6;1;0~1;Not Placed
22~24;Male;BCA~MCA;ECE~ME~Civil;5~7;1;2~3;2~4;3~5;49~58;4~6;1;0~1;Not Placed
22~24;Male;BCA~MCA;ECE~ME~Civil;5~7;1;2~3;2~4;3~5;49~58;4~6;1;0~1;Not Placed
22~24;Male;BCA~MCA;ECE~ME~Civil;5~7;1;2~3;2~4;3~5;49~58;4~6;1;0~1;Not Placed
22~24;Male;BCA~MCA;ECE~ME~Civil;5~7;1;2~3;2~4;3~5;49~58;4~6;1;0~1;Not Placed
23~24;Male;BCA~MCA;ECE~ME~Civil;4~6;1~2;3;5~6;3~6;35~57;4~6;1~2;0~1;Not Placed
23~24;Male;BCA~MCA;ECE~ME~Civil;4~6;1~2;3;5~6;3~6;35~57;4~6;1~2;0~1;Not Placed
23~24;Male;BCA~MCA;ECE~ME~Civil;4~6;1~2;3;5~6;3~6;35~57;4~6;1~2;0~1;Not Placed
23~24;Male;BCA~MCA;ECE~ME~Civil;4~6;1~2;3;5~6;3~6;35~57;4~6;1~2;0~1;Not Placed
23~24;Male;BCA~MCA;ECE~ME~Civil;4~6;1~2;3;5~6;3~6;35~57;4~6;1~2;0~1;Not Placed
22~24;Male;BCA~MCA;ECE~ME~Civil;5~6;1~2;2~3;2~5;3~6;48~57;4~6;1;2~3;Not Placed
22~24;Male;BCA~MCA;ECE~ME~Civil;5~6;1~2;2~3;2~5;3~6;48~57;4~6;1;2~3;Not Placed
22~24;Male;BCA~MCA;ECE~ME~Civil;5~6;1~2;2~3;2~5;3~6;48~57;4~6;1;2~3;Not Placed
22~24;Male;BCA~MCA;ECE~ME~Civil;5~6;1~2;2~3;2~5;3~6;48~57;4~6;1;2~3;Not Placed
22~24;Male;BCA~MCA;ECE~ME~Civil;5~6;1~2;2~3;2~5;3~6;48~57;4~6;1;2~3;Not Placed
22~24;Male;BCA~MCA;ECE~ME~Civil;5~6;1~2;2~3;2~5;3~6;48~57;4~6;1;2~3;Not Placed
22~24;Male;BCA~MCA;ECE~ME~Civil;5~6;1~2;2~3;2~5;3~6;48~57;4~6;1;2~3;Not Placed
22~24;Male;BCA~MCA;ECE~ME~Civil;5~6;1~2;2~3;2~5;3~6;48~57;4~6;1;2~3;Not Placed
22~24;Male;BCA~MCA;ECE~ME~Civil;5~6;1~2;2~3;2~5;3~6;48~57;4~6;1;2~3;Not Placed
22~24;Male;BCA~MCA;ECE~ME~Civil;5~6;1~2;3;4~5;4~6;40~56;7~8;1;0~3;Not Placed
22~24;Male;BCA~MCA;ECE~ME~Civil;5~6;1~2;3;4~5;4~6;40~56;7~8;1;0~3;Not Placed
22~24;Male;BCA~MCA;ECE~ME~Civil;5~6;1~2;3;4~5;4~6;40~56;7~8;1;0~3;Not Placed
22~24;Male;BCA~MCA;ECE~ME~Civil;5~6;1~2;3;4~5;4~6;40~56;7~8;1;0~3;Not Placed
22~24;Male;BCA~MCA;ECE~ME~Civil;5~6;1~2;3;4~5;4~6;40~56;7~8;1;0~3;Not Placed
22~24;Male;BCA~MCA;ECE~ME~Civil;5~6;1~2;3;4~5;4~6;40~56;7~8;1;0~3;Not Placed
23~24;Male;BCA~MCA;ECE~ME~Civil;6~7;1;2~3;1~4;4~6;59~75;4~5;1;0~2;Not Placed
23~24;Male;BCA~MCA;ECE~ME~Civil;6~7;1;2~3;1~4;4~6;59~75;4~5;1;0~2;Not Placed
23~24;Male;BCA~MCA;ECE~ME~Civil;6~7;1;2~3;1~4;4~6;59~75;4~5;1;0~2;Not Placed
23~24;Male;BCA~MCA;ECE~ME~Civil;6~7;1;2~3;1~4;4~6;59~75;4~5;1;0~2;Not Placed
23~24;Male;BCA~MCA;ECE~ME~Civil;6~7;1;2~3;1~4;4~6;59~75;4~5;1;0~2;Not Placed
23~24;Male;BCA~MCA;ECE~ME~Civil;6~7;1;2~3;1~4;4~6;59~75;4~5;1;0~2;Not Placed
23~24;Male;BCA~MCA;ECE~ME~Civil;6~7;1;2~3;1~4;4~6;59~75;4~5;1;0~2;Not Placed
23~24;Male;BCA~MCA;ECE~ME~Civil;6~7;1;2~3;1~4;4~6;59~75;4~5;1;0~2;Not Placed
23~24;Male;BCA~MCA;ECE~ME~Civil;6~7;1;2~3;1~4;4~6;59~75;4~5;1;0~2;Not Placed
22~24;Male;BCA~MCA;ECE~ME~Civil;6~6;1~2;3;5;5~6;62~72;4~5;2;0~2;Not Placed
22~24;Male;BCA~MCA;ECE~ME~Civil;6~6;1~2;3;5;5~6;62~72;4~5;2;0~2;Not Placed
22~24;Male;BCA~MCA;ECE~ME~Civil;6~6;1~2;3;5;5~6;62~72;4~5;2;0~2;Not Placed
22~24;Male;BCA~MCA;ECE~ME~Civil;6~6;1~2;3;5;5~6;62~72;4~5;2;0~2;Not Placed
22~24;Male;BCA~MCA;ECE~ME~Civil;6~6;1~2;3;5;5~6;62~72;4~5;2;0~2;Placed
22~24;Male;BCA~MCA;ECE~ME~Civil;6~6;1~2;3;5;5~6;62~72;4~5;2;0~2;Placed
22~24;Male;BCA~MCA;ECE;5~6;1;3;5;5~6;63~86;6~9;2;0~2;Placed
22~24;Male;BCA~MCA;ECE;5~6;1;3;5;5~6;63~86;6~9;2;0~2;Placed
22~24;Male;BCA~MCA;ECE;5~6;1;3;5;5~6;63~86;6~9;2;0~2;Not Placed
22~24;Male;BCA~MCA;ECE;5~6;1;3;5;5~6;63~86;6~9;2;0~2;Placed
22~24;Male;BCA~MCA;ECE;5~6;1;3;5;5~6;63~86;6~9;2;0~2;Placed
22~24;Male;BCA~MCA;ME~Civil;6~6;1;3;4~5;3~5;59~87;6~9;1~2;0~2;Not Placed
22~24;Male;BCA~MCA;ME~Civil;6~6;1;3;4~5;3~5;59~87;6~9;1~2;0~2;Not Placed
22~24;Male;BCA~MCA;ME~Civil;6~6;1;3;4~5;3~5;59~87;6~9;1~2;0~2;Placed
22~24;Male;BCA~MCA;ME~Civil;6~6;1;3;4~5;3~5;59~87;6~9;1~2;0~2;Not Placed
22~24;Male;BCA~MCA;ME~Civil;6~6;1;3;4~5;3~5;59~87;6~9;1~2;0~2;Not Placed
22~24;Male;BCA~MCA;ECE~ME~Civil;5~6;1~2;2~3;2~5;7;46~56;3~5;1;0~3;Not Placed
22~24;Male;BCA~MCA;ECE~ME~Civil;5~6;1~2;2~3;2~5;7;46~56;3~5;1;0~3;Not Placed
22~24;Male;BCA~MCA;ECE~ME~Civil;5~6;1~2;2~3;2~5;7;46~56;3~5;1;0~3;Not Placed
22~24;Male;BCA~MCA;ECE~ME~Civil;5~6;1~2;2~3;2~5;7;46~56;3~5;1;0~3;Not Placed
22~24;Male;BCA~MCA;ECE~ME~Civil;5~6;1~2;2~3;2~5;7;46~56;3~5;1;0~3;Not Placed
24;Male;BCA~MCA;ECE~ME~Civil;5~6;1~2;2~3;2~6;7~8;44~57;6;1~2;1~3;Not Placed
24;Male;BCA~MCA;ECE~ME~Civil;5~6;1~2;2~3;2~6;7~8;44~57;6;1~2;1~3;Not Placed
24;Male;BCA~MCA;ECE~ME~Civil;5~6;1~2;2~3;2~6;7~8;44~57;6;1~2;1~3;Not Placed
24;Male;BCA~MCA;ECE~ME~Civil;5~6;1~2;2~3;2~6;7~8;44~57;6;1~2;1~3;Not Placed
24;Male;BCA~MCA;ECE~ME~Civil;5~6;1~2;2~3;2~6;7~8;44~57;6;1~2;1~3;Not Placed
23~24;Male;BCA~MCA;ECE~ME~Civil;5~6;1;3;4~5;7~8;59~72;3~5;1~2;0~2;Not Placed
23~24;Male;BCA~MCA;ECE~ME~Civil;5~6;1;3;4~5;7~8;59~72;3~5;1~2;0~2;Placed
23~24;Male;BCA~MCA;ECE~ME~Civil;5~6;1;3;4~5;7~8;59~72;3~5;1~2;0~2;Not Placed
23~24;Male;BCA~MCA;ECE~ME~Civil;5~6;1;3;4~5;7~8;59~72;3~5;1~2;0~2;Not Placed
23~24;Male;BCA~MCA;ECE~ME~Civil;5~6;1;3;4~5;7~8;59~72;3~5;1~2;0~2;Placed
22~23;Male;BCA~MCA;ECE~ME~Civil;5~6;1~2;3;3~5;7~10;59~81;6~8;1~2;1~2;Not Placed
22~23;Male;BCA~MCA;ECE~ME~Civil;5~6;1~2;3;3~5;7~10;59~81;6~8;1~2;1~2;Not Placed
22~23;Male;BCA~MCA;ECE~ME~Civil;5~6;1~2;3;3~5;7~10;59~81;6~8;1~2;1~2;Not Placed
22~23;Male;BCA~MCA;ECE~ME~Civil;5~6;1~2;3;3~5;7~10;59~81;6~8;1~2;1~2;Not Placed
22~23;Male;BCA~MCA;ECE~ME~Civil;5~6;1~2;3;3~5;7~10;59~81;6~8;1~2;1~2;Not Placed
22~24;Male;BCA~MCA;ECE~ME~Civil;6~7;1~2;4;5~6;2~9;52~67;4~7;1~2;0~2;Placed
22~24;Male;BCA~MCA;ECE~ME~Civil;6~7;1~2;4;5~6;2~9;52~67;4~7;1~2;0~2;Placed
22~24;Male;BCA~MCA;ECE~ME~Civil;6~7;1~2;4;5~6;2~9;52~67;4~7;1~2;0~2;Not Placed
22~24;Male;BCA~MCA;ECE~ME~Civil;6~7;1~2;4;5~6;2~9;52~67;4~7;1~2;0~2;Not Placed
22~24;Male;BCA~MCA;ECE~ME~Civil;6~7;1~2;4;5~6;2~9;52~67;4~7;1~2;0~2;Not Placed
22~24;Male;BCA~MCA;ECE~ME~Civil;6~7;1~2;4;5~6;2~9;52~67;4~7;1~2;0~2;Not Placed
22~24;Male;BCA~MCA;ECE~ME~Civil;6~7;1~2;4;5~6;2~9;52~67;4~7;1~2;0~2;Not Placed
22~24;Male;BCA~MCA;ECE~ME~Civil;6~7;1~2;4;5~6;2~9;52~67;4~7;1~2;0~2;Placed
22~24;Male;BCA~MCA;ECE~ME~Civil;6~7;1~2;4;6;3~7;68~85;3~7;2;0~2;Placed
22~24;Male;BCA~MCA;ECE~ME~Civil;6~7;1~2;4;6;3~7;68~85;3~7;2;0~2;Placed
22~24;Male;BCA~MCA;ECE~ME~Civil;6~7;1~2;4;6;3~7;68~85;3~7;2;0~2;Not Placed
22~24;Male;BCA~MCA;ECE~ME~Civil;6~7;1~2;4;6;3~7;68~85;3~7;2;0~2;Placed
22~24;Male;BCA~MCA;ECE~ME~Civil;6~7;1~2;4;6;3~7;68~85;3~7;2;0~2;Placed
22~24;Male;BCA~MCA;ECE~ME~Civil;6~7;1~2;4;6;3~7;68~85;3~7;2;0~2;Not Placed
22~24;Male;BCA~MCA;ECE~ME~Civil;6~7;1~2;4;6;3~7;68~85;3~7;2;0~2;Not Placed
22~24;Male;BCA~MCA;ECE~ME~Civil;6~7;1~2;4;6;3~7;68~85;3~7;2;0~2;Placed
22~24;Male;BCA~MCA;ECE~ME~Civil;6~7;1~2;4;6;3~7;68~85;3~7;2;0~2;Not Placed
23~24;Male;BCA~MCA;ECE~ME~Civil;5~7;1~2;4~5;7~8;3~5;50~75;3~8;2;1~3;Not Placed
23~24;Male;BCA~MCA;ECE~ME~Civil;5~7;1~2;4~5;7~8;3~5;50~75;3~8;2;1~3;Placed
23~24;Male;BCA~MCA;ECE~ME~Civil;5~7;1~2;4~5;7~8;3~5;50~75;3~8;2;1~3;Not Placed
23~24;Male;BCA~MCA;ECE~ME~Civil;5~7;1~2;4~5;7~8;3~5;50~75;3~8;2;1~3;Not Placed
23~24;Male;BCA~MCA;ECE~ME~Civil;5~7;1~2;4~5;7~8;3~5;50~75;3~8;2;1~3;Not Placed
22~24;Male;BCA~MCA;ECE~ME~Civil;6~7;1~3;4~5;7~8;6~8;50~72;2~6;2;0~2;Not Placed
22~24;Male;BCA~MCA;ECE~ME~Civil;6~7;1~3;4~5;7~8;6~8;50~72;2~6;2;0~2;Placed
22~24;Male;BCA~MCA;ECE~ME~Civil;6~7;1~3;4~5;7~8;6~8;50~72;2~6;2;0~2;Not Placed
22~24;Male;BCA~MCA;ECE~ME~Civil;6~7;1~3;4~5;7~8;6~8;50~72;2~6;2;0~2;Not Placed
22~24;Male;BCA~MCA;ECE~ME~Civil;6~7;1~3;4~5;7~8;6~8;50~72;2~6;2;0~2;Not Placed
22~24;Male;BCA~MCA;ECE~ME~Civil;6~7;1~3;4~5;7~8;6~8;50~72;2~6;2;0~2;Placed
22~24;Male;BCA~MCA;ECE~ME~Civil;7~8;0~1;3~4;2~5;2~5;57~78;4~5;1;0;Not Placed
22~24;Male;BCA~MCA;ECE~ME~Civil;7~8;0~1;3~4;2~5;2~5;57~78;4~5;1;0;Not Placed
22~24;Male;BCA~MCA;ECE~ME~Civil;7~8;0~1;3~4;2~5;2~5;57~78;4~5;1;0;Not Placed
22~24;Male;BCA~MCA;ECE~ME~Civil;7~8;0~1;3~4;2~5;2~5;57~78;4~5;1;0;Not Placed
22~24;Male;BCA~MCA;ECE~ME~Civil;7~8;0~1;3~4;2~5;2~5;57~78;4~5;1;0;Placed
22~24;Male;BCA~MCA;ECE~ME~Civil;7~7;0;3;2~4;3~5;49~75;6~7;1;0;Not Placed
22~24;Male;BCA~MCA;ECE~ME~Civil;7~7;0;3;2~4;3~5;49~75;6~7;1;0;Not Placed
22~24;Male;BCA~MCA;ECE~ME~Civil;7~7;0;3;2~4;3~5;49~75;6~7;1;0;Not Placed
22~24;Male;BCA~MCA;ECE~ME~Civil;7~7;0;3;2~4;3~5;49~75;6~7;1;0;Not Placed
22~24;Male;BCA~MCA;ECE~ME~Civil;7~7;0;3;2~4;3~5;49~75;6~7;1;0;Not Placed
22~24;Male;BCA~MCA;ECE~ME~Civil;7~7;0;3;2~4;3~5;49~75;6~7;1;0;Not Placed
22~24;Male;BCA~MCA;Civil;7~8;0~1;2~4;1~5;3~5;59~74;4~8;1;1~2;Not Placed
22~24;Male;BCA~MCA;Civil;7~8;0~1;2~4;1~5;3~5;59~74;4~8;1;1~2;Placed
22~24;Male;BCA~MCA;Civil;7~8;0~1;2~4;1~5;3~5;59~74;4~8;1;1~2;Not Placed
22~24;Male;BCA~MCA;Civil;7~8;0~1;2~4;1~5;3~5;59~74;4~8;1;1~2;Not Placed
22~24;Male;BCA~MCA;Civil;7~8;0~1;2~4;1~5;3~5;59~74;4~8;1;1~2;Not Placed
22~24;Male;BCA~MCA;Civil;7~8;0~1;2~4;1~5;3~5;59~74;4~8;1;1~2;Not Placed
24;Male;BCA~MCA;ME~Civil;7~8;0;4;5;3~5;61~78;3~6;2;0;Not Placed
24;Male;BCA~MCA;ME~Civil;7~8;0;4;5;3~5;61~78;3~6;2;0;Not Placed
24;Male;BCA~MCA;ME~Civil;7~8;0;4;5;3~5;61~78;3~6;2;0;Not Placed
24;Male;BCA~MCA;ME~Civil;7~8;0;4;5;3~5;61~78;3~6;2;0;Placed
24;Male;BCA~MCA;ME~Civil;7~8;0;4;5;3~5;61~78;3~6;2;0;Not Placed
22~24;Male;BCA~MCA;ECE~ME~Civil;7~7;0~1;4;5;3~5;64~70;3~6;2;1~2;Not Placed
22~24;Male;BCA~MCA;ECE~ME~Civil;7~7;0~1;4;5;3~5;64~70;3~6;2;1~2;Not Placed
22~24;Male;BCA~MCA;ECE~ME~Civil;7~7;0~1;4;5;3~5;64~70;3~6;2;1~2;Placed
22~24;Male;BCA~MCA;ECE~ME~Civil;7~7;0~1;4;5;3~5;64~70;3~6;2;1~2;Not Placed
22~24;Male;BCA~MCA;ECE~ME~Civil;7~7;0~1;4;5;3~5;64~70;3~6;2;1~2;Not Placed
22~24;Male;BCA~MCA;ECE~ME~Civil;7~7;0~1;4;5;3~5;64~70;3~6;2;1~2;Not Placed
22~24;Male;BCA~MCA;ECE~ME~Civil;7~7;0~1;3~4;3~5;2~5;79~92;3~5;1~2;0~2;Not Placed
22~24;Male;BCA~MCA;ECE~ME~Civil;7~7;0~1;3~4;3~5;2~5;79~92;3~5;1~2;0~2;Not Placed
22~24;Male;BCA~MCA;ECE~ME~Civil;7~7;0~1;3~4;3~5;2~5;79~92;3~5;1~2;0~2;Not Placed
22~24;Male;BCA~MCA;ECE~ME~Civil;7~7;0~1;3~4;3~5;2~5;79~92;3~5;1~2;0~2;Not Placed
22~24;Male;BCA~MCA;ECE~ME~Civil;7~7;0~1;3~4;3~5;2~5;79~92;3~5;1~2;0~2;Not Placed
22~24;Male;BCA~MCA;ECE~ME~Civil;7~7;0~1;3~4;3~5;2~5;79~92;3~5;1~2;0~2;Not Placed
22~24;Male;BCA~MCA;ECE~ME~Civil;7~7;0~1;3~4;3~5;2~5;79~92;3~5;1~2;0~2;Placed
22~24;Male;BCA~MCA;ECE~ME~Civil;7~7;0~1;3~4;3~5;2~5;79~92;3~5;1~2;0~2;Not Placed
22~24;Male;BCA~MCA;ECE~ME~Civil;7~9;0~1;3~4;3~5;4~5;80~100;3~5;1~2;0~2;Not Placed
22~24;Male;BCA~MCA;ECE~ME~Civil;7~9;0~1;3~4;3~5;4~5;80~100;3~5;1~2;0~2;Not Placed
22~24;Male;BCA~MCA;ECE~ME~Civil;7~9;0~1;3~4;3~5;4~5;80~100;3~5;1~2;0~2;Not Placed
22~24;Male;BCA~MCA;ECE~ME~Civil;7~9;0~1;3~4;3~5;4~5;80~100;3~5;1~2;0~2;Not Placed
22~24;Male;BCA~MCA;ECE~ME~Civil;7~9;0~1;3~4;3~5;4~5;80~100;3~5;1~2;0~2;Not Placed
22~24;Male;BCA~MCA;ECE~ME~Civil;7~9;0~1;3~4;3~5;4~5;80~100;3~5;1~2;0~2;Placed
22~24;Male;BCA~MCA;ECE~ME~Civil;7~9;0~1;3~4;3~5;4~5;80~100;3~5;1~2;0~2;Not Placed
22~24;Male;BCA~MCA;ECE~ME~Civil;7~9;0~1;3~4;3~5;4~5;80~100;3~5;1~2;0~2;Not Placed
22~24;Male;BCA~MCA;ECE~ME~Civil;7~9;0~1;3~4;3~5;4~5;80~100;3~5;1~2;0~2;Not Placed
22~24;Male;BCA~MCA;ME~Civil;7~8;0~1;2~4;1~5;3~5;79~95;6~8;1~2;0~1;Not Placed
22~24;Male;BCA~MCA;ME~Civil;7~8;0~1;2~4;1~5;3~5;79~95;6~8;1~2;0~1;Placed
22~24;Male;BCA~MCA;ME~Civil;7~8;0~1;2~4;1~5;3~5;79~95;6~8;1~2;0~1;Not Placed
22~24;Male;BCA~MCA;ME~Civil;7~8;0~1;2~4;1~5;3~5;79~95;6~8;1~2;0~1;Placed
22~24;Male;BCA~MCA;ME~Civil;7~8;0~1;2~4;1~5;3~5;79~95;6~8;1~2;0~1;Not Placed
22~24;Male;BCA~MCA;ME~Civil;7~8;0~1;2~4;1~5;3~5;79~95;6~8;1~2;0~1;Placed
22~24;Male;BCA~MCA;ME~Civil;7~8;0~1;2~4;1~5;3~5;79~95;6~8;1~2;0~1;Not Placed
22~24;Male;BCA~MCA;ME~Civil;7~8;0~1;2~4;1~5;3~5;79~95;6~8;1~2;0~1;Not Placed
22~24;Male;BCA~MCA;ECE~ME~Civil;7~7;0~1;3~4;2~5;6~8;50~74;4~5;1~2;0~2;Not Placed
22~24;Male;BCA~MCA;ECE~ME~Civil;7~7;0~1;3~4;2~5;6~8;50~74;4~5;1~2;0~2;Not Placed
22~24;Male;BCA~MCA;ECE~ME~Civil;7~7;0~1;3~4;2~5;6~8;50~74;4~5;1~2;0~2;Not Placed
22~24;Male;BCA~MCA;ECE~ME~Civil;7~7;0~1;3~4;2~5;6~8;50~74;4~5;1~2;0~2;Not Placed
22~24;Male;BCA~MCA;ECE~ME~Civil;7~7;0~1;3~4;2~5;6~8;50~74;4~5;1~2;0~2;Not Placed
22~24;Male;BCA~MCA;ECE~ME~Civil;7~7;0~1;3~4;2~5;6~8;50~74;4~5;1~2;0~2;Not Placed
22~24;Male;BCA~MCA;ECE~ME~Civil;7~7;0~1;3~4;2~5;6~8;50~74;4~5;1~2;0~2;Placed
22~24;Male;BCA~MCA;ECE~ME~Civil;7~9;0~1;3~4;3~5;6~8;56~71;3~5;1~2;0~1;Placed
22~24;Male;BCA~MCA;ECE~ME~Civil;7~9;0~1;3~4;3~5;6~8;56~71;3~5;1~2;0~1;Not Placed
22~24;Male;BCA~MCA;ECE~ME~Civil;7~9;0~1;3~4;3~5;6~8;56~71;3~5;1~2;0~1;Not Placed
22~24;Male;BCA~MCA;ECE~ME~Civil;7~9;0~1;3~4;3~5;6~8;56~71;3~5;1~2;0~1;Not Placed
22~24;Male;BCA~MCA;ECE~ME~Civil;7~9;0~1;3~4;3~5;6~8;56~71;3~5;1~2;0~1;Not Placed
22~24;Male;BCA~MCA;ECE~ME~Civil;7~9;0~1;3~4;3~5;6~8;56~71;3~5;1~2;0~1;Not Placed
22~24;Male;BCA~MCA;ECE~ME~Civil;7~9;0~1;3~4;3~5;6~8;56~71;3~5;1~2;0~1;Not Placed
22~24;Male;BCA~MCA;ECE~ME~Civil;7~9;0~1;3~4;3~5;6~8;56~71;3~5;1~2;0~1;Not Placed
22~24;Male;BCA~MCA;ECE~ME~Civil;7~7;0~1;3~4;2~5;6~8;57~74;6~10;1~2;0~2;Not Placed
22~24;Male;BCA~MCA;ECE~ME~Civil;7~7;0~1;3~4;2~5;6~8;57~74;6~10;1~2;0~2;Not Placed
22~24;Male;BCA~MCA;ECE~ME~Civil;7~7;0~1;3~4;2~5;6~8;57~74;6~10;1~2;0~2;Not Placed
22~24;Male;BCA~MCA;ECE~ME~Civil;7~7;0~1;3~4;2~5;6~8;57~74;6~10;1~2;0~2;Placed
22~24;Male;BCA~MCA;ECE~ME~Civil;7~7;0~1;3~4;2~5;6~8;57~74;6~10;1~2;0~2;Placed
22~24;Male;BCA~MCA;ECE~ME~Civil;7~7;0~1;3~4;2~5;6~8;57~74;6~10;1~2;0~2;Placed
22~24;Male;BCA~MCA;ECE~ME~Civil;7~7;0~1;3~4;2~5;6~8;57~74;6~10;1~2;0~2;Not Placed
22~24;Male;BCA~MCA;ECE~ME~Civil;7~7;0~1;3~4;2~5;6~8;57~74;6~10;1~2;0~2;Not Placed
22~24;Male;BCA~MCA;ECE~ME~Civil;7~7;0~1;3~4;3~5;6~8;76~97;4~5;1~2;0~2;Not Placed
22~24;Male;BCA~MCA;ECE~ME~Civil;7~7;0~1;3~4;3~5;6~8;76~97;4~5;1~2;0~2;Not Placed
22~24;Male;BCA~MCA;ECE~ME~Civil;7~7;0~1;3~4;3~5;6~8;76~97;4~5;1~2;0~2;Not Placed
22~24;Male;BCA~MCA;ECE~ME~Civil;7~7;0~1;3~4;3~5;6~8;76~97;4~5;1~2;0~2;Placed
22~24;Male;BCA~MCA;ECE~ME~Civil;7~7;0~1;3~4;3~5;6~8;76~97;4~5;1~2;0~2;Not Placed
22~24;Male;BCA~MCA;ECE~ME~Civil;7~7;0~1;3~4;3~5;6~8;76~97;4~5;1~2;0~2;Placed
22~24;Male;BCA~MCA;ECE~ME~Civil;7~7;0~1;3~4;3~5;6~8;76~97;4~5;1~2;0~2;Not Placed
23~24;Male;BCA~MCA;ECE~ME~Civil;7~8;0~1;4;4~5;6~8;78~96;4~5;2;0~1;Not Placed
23~24;Male;BCA~MCA;ECE~ME~Civil;7~8;0~1;4;4~5;6~8;78~96;4~5;2;0~1;Placed
23~24;Male;BCA~MCA;ECE~ME~Civil;7~8;0~1;4;4~5;6~8;78~96;4~5;2;0~1;Placed
23~24;Male;BCA~MCA;ECE~ME~Civil;7~8;0~1;4;4~5;6~8;78~96;4~5;2;0~1;Placed
23~24;Male;BCA~MCA;ECE~ME~Civil;7~8;0~1;4;4~5;6~8;78~96;4~5;2;0~1;Placed
23~24;Male;BCA~MCA;ECE~ME~Civil;7~8;0~1;4;4~5;6~8;78~96;4~5;2;0~1;Placed
23~24;Male;BCA~MCA;ECE~ME~Civil;7~8;0~1;4;4~5;6~8;78~96;4~5;2;0~1;Placed
23~24;Male;BCA~MCA;ECE~ME~Civil;7~8;0~1;4;4~5;6~8;78~96;4~5;2;0~1;Not Placed
22~24;Male;BCA~MCA;ME~Civil;7~8;0~1;3~4;3~5;6~8;76~99;6~7;1~2;0~1;Not Placed
22~24;Male;BCA~MCA;ME~Civil;7~8;0~1;3~4;3~5;6~8;76~99;6~7;1~2;0~1;Not Placed
22~24;Male;BCA~MCA;ME~Civil;7~8;0~1;3~4;3~5;6~8;76~99;6~7;1~2;0~1;Placed
22~24;Male;BCA~MCA;ME~Civil;7~8;0~1;3~4;3~5;6~8;76~99;6~7;1~2;0~1;Placed
22~24;Male;BCA~MCA;ME~Civil;7~8;0~1;3~4;3~5;6~8;76~99;6~7;1~2;0~1;Not Placed
22~24;Male;BCA~MCA;ME~Civil;7~8;0~1;3~4;3~5;6~8;76~99;6~7;1~2;0~1;Placed
22~24;Male;BCA~MCA;ME~Civil;7~8;0~1;3~4;3~5;6~8;76~99;6~7;1~2;0~1;Placed
22~24;Male;BCA~MCA;ME~Civil;7~8;0~1;3~4;3~5;6~8;76~99;6~7;1~2;0~1;Not Placed
22~24;Male;BCA~MCA;ECE~ME;7~7;0~1;4;6~7;3~5;50~72;4~5;2;0;Placed
22~24;Male;BCA~MCA;ECE~ME;7~7;0~1;4;6~7;3~5;50~72;4~5;2;0;Not Placed
22~24;Male;BCA~MCA;ECE~ME;7~7;0~1;4;6~7;3~5;50~72;4~5;2;0;Placed
22~24;Male;BCA~MCA;ECE~ME;7~7;0~1;4;6~7;3~5;50~72;4~5;2;0;Placed
22~24;Male;BCA~MCA;ECE~ME;7~7;0~1;4;6~7;3~5;50~72;4~5;2;0;Not Placed
22~24;Male;BCA~MCA;ECE~ME~Civil;7~8;0~1;4;6~7;4~6;67~75;4~5;2;0;Not Placed
22~24;Male;BCA~MCA;ECE~ME~Civil;7~8;0~1;4;6~7;4~6;67~75;4~5;2;0;Placed
22~24;Male;BCA~MCA;ECE~ME~Civil;7~8;0~1;4;6~7;4~6;67~75;4~5;2;0;Placed
22~24;Male;BCA~MCA;ECE~ME~Civil;7~8;0~1;4;6~7;4~6;67~75;4~5;2;0;Placed
22~24;Male;BCA~MCA;ECE~ME~Civil;7~8;0~1;4;6~7;4~6;67~75;4~5;2;0;Placed
22~24;Male;BCA~MCA;ECE~ME~Civil;7~8;1;4;6~7;2~6;54~77;4~5;2;1~2;Placed
22~24;Male;BCA~MCA;ECE~ME~Civil;7~8;1;4;6~7;2~6;54~77;4~5;2;1~2;Not Placed
22~24;Male;BCA~MCA;ECE~ME~Civil;7~8;1;4;6~7;2~6;54~77;4~5;2;1~2;Placed
22~24;Male;BCA~MCA;ECE~ME~Civil;7~8;1;4;6~7;2~6;54~77;4~5;2;1~2;Not Placed
22~24;Male;BCA~MCA;ECE~ME~Civil;7~8;1;4;6~7;2~6;54~77;4~5;2;1~2;Placed
22~24;Male;BCA~MCA;ECE~ME~Civil;7~8;1;4;6~7;2~6;54~77;4~5;2;1~2;Placed
22~24;Male;BCA~MCA;ECE~ME~Civil;7~8;0~1;4;6~7;3~6;48~77;6~7;2;0;Not Placed
22~24;Male;BCA~MCA;ECE~ME~Civil;7~8;0~1;4;6~7;3~6;48~77;6~7;2;0;Not Placed
22~24;Male;BCA~MCA;ECE~ME~Civil;7~8;0~1;4;6~7;3~6;48~77;6~7;2;0;Placed
22~24;Male;BCA~MCA;ECE~ME~Civil;7~8;0~1;4;6~7;3~6;48~77;6~7;2;0;Placed
22~24;Male;BCA~MCA;ECE~ME~Civil;7~8;0~1;4;6~7;3~6;48~77;6~7;2;0;Not Placed
22~24;Male;BCA~MCA;ECE~ME~Civil;7~8;0~1;4;6~7;3~6;48~77;6~7;2;0;Placed
22~24;Male;BCA~MCA;ECE~ME~Civil;7~8;0~1;4;6~7;3~6;48~77;6~7;2;0;Placed
22~24;Male;BCA~MCA;ECE~ME~Civil;7~7;0~1;4;6~7;2~6;60~76;6~7;2;1;Placed
22~24;Male;BCA~MCA;ECE~ME~Civil;7~7;0~1;4;6~7;2~6;60~76;6~7;2;1;Not Placed
22~24;Male;BCA~MCA;ECE~ME~Civil;7~7;0~1;4;6~7;2~6;60~76;6~7;2;1;Placed
22~24;Male;BCA~MCA;ECE~ME~Civil;7~7;0~1;4;6~7;2~6;60~76;6~7;2;1;Placed
22~24;Male;BCA~MCA;ECE~ME~Civil;7~7;0~1;4;6~7;2~6;60~76;6~7;2;1;Not Placed
22~24;Male;BCA~MCA;ECE~ME~Civil;7~7;0~1;4;6~7;2~6;60~76;6~7;2;1;Placed
22~24;Male;BCA~MCA;ECE~ME~Civil;7~7;0~1;4;6~7;2~6;60~76;6~7;2;1;Placed
22~23;Male;BCA~MCA;ECE~ME;7~7;1;4;6~7;4~6;78~94;3~5;2;0;Placed
22~23;Male;BCA~MCA;ECE~ME;7~7;1;4;6~7;4~6;78~94;3~5;2;0;Placed
22~23;Male;BCA~MCA;ECE~ME;7~7;1;4;6~7;4~6;78~94;3~5;2;0;Not Placed
22~23;Male;BCA~MCA;ECE~ME;7~7;1;4;6~7;4~6;78~94;3~5;2;0;Not Placed
22~23;Male;BCA~MCA;ECE~ME;7~7;1;4;6~7;4~6;78~94;3~5;2;0;Placed
22~24;Male;BCA~MCA;ECE~ME~Civil;7~8;0~1;4;6;3~5;78~81;2~5;2;0;Not Placed
22~24;Male;BCA~MCA;ECE~ME~Civil;7~8;0~1;4;6;3~5;78~81;2~5;2;0;Not Placed
22~24;Male;BCA~MCA;ECE~ME~Civil;7~8;0~1;4;6;3~5;78~81;2~5;2;0;Not Placed
22~24;Male;BCA~MCA;ECE~ME~Civil;7~8;0~1;4;6;3~5;78~81;2~5;2;0;Not Placed
22~24;Male;BCA~MCA;ECE~ME~Civil;7~8;0~1;4;6;3~5;78~81;2~5;2;0;Placed
22~24;Male;BCA~MCA;ECE~ME~Civil;7~8;0~1;4;6~7;2~6;78~86;6~8;2;0;Not Placed
22~24;Male;BCA~MCA;ECE~ME~Civil;7~8;0~1;4;6~7;2~6;78~86;6~8;2;0;Not Placed
22~24;Male;BCA~MCA;ECE~ME~Civil;7~8;0~1;4;6~7;2~6;78~86;6~8;2;0;Placed
22~24;Male;BCA~MCA;ECE~ME~Civil;7~8;0~1;4;6~7;2~6;78~86;6~8;2;0;Placed
22~24;Male;BCA~MCA;ECE~ME~Civil;7~8;0~1;4;6~7;2~6;78~86;6~8;2;0;Placed
22~24;Male;BCA~MCA;ECE~ME~Civil;7~8;0~1;4;6~7;2~6;78~86;6~8;2;0;Not Placed
22~24;Male;BCA~MCA;ECE~ME~Civil;7~8;0~1;4;6~7;2~6;78~86;6~8;2;0;Not Placed
22~24;Male;BCA~MCA;ECE~ME~Civil;7~8;0~1;4;6~7;2~6;78~86;6~8;2;0;Not Placed
22~24;Male;BCA~MCA;ECE~ME;7~7;0~1;4;6~7;4~6;78~86;5~6;2;1~2;Not Placed
22~24;Male;BCA~MCA;ECE~ME;7~7;0~1;4;6~7;4~6;78~86;5~6;2;1~2;Placed
22~24;Male;BCA~MCA;ECE~ME;7~7;0~1;4;6~7;4~6;78~86;5~6;2;1~2;Not Placed
22~24;Male;BCA~MCA;ECE~ME;7~7;0~1;4;6~7;4~6;78~86;5~6;2;1~2;Placed
22~24;Male;BCA~MCA;ECE~ME;7~7;0~1;4;6~7;4~6;78~86;5~6;2;1~2;Not Placed
23~24;Male;BCA~MCA;ECE~ME~Civil;7~7;1;4;7;4~6;80~87;6;2;1~2;Not Placed
23~24;Male;BCA~MCA;ECE~ME~Civil;7~7;1;4;7;4~6;80~87;6;2;1~2;Not Placed
23~24;Male;BCA~MCA;ECE~ME~Civil;7~7;1;4;7;4~6;80~87;6;2;1~2;Not Placed
23~24;Male;BCA~MCA;ECE~ME~Civil;7~7;1;4;7;4~6;80~87;6;2;1~2;Not Placed
23~24;Male;BCA~MCA;ECE~ME~Civil;7~7;1;4;7;4~6;80~87;6;2;1~2;Not Placed
22~24;Male;BCA~MCA;ECE;7~8;0~1;4;6~7;7~8;65~79;2~8;2;0~1;Placed
22~24;Male;BCA~MCA;ECE;7~8;0~1;4;6~7;7~8;65~79;2~8;2;0~1;Placed
22~24;Male;BCA~MCA;ECE;7~8;0~1;4;6~7;7~8;65~79;2~8;2;0~1;Placed
22~24;Male;BCA~MCA;ECE;7~8;0~1;4;6~7;7~8;65~79;2~8;2;0~1;Placed
22~24;Male;BCA~MCA;ECE;7~8;0~1;4;6~7;7~8;65~79;2~8;2;0~1;Placed
23~24;Male;BCA~MCA;Civil;7~8;0~1;4;6;7~9;54~79;4~7;2;0~1;Placed
23~24;Male;BCA~MCA;Civil;7~8;0~1;4;6;7~9;54~79;4~7;2;0~1;Not Placed
23~24;Male;BCA~MCA;Civil;7~8;0~1;4;6;7~9;54~79;4~7;2;0~1;Placed
23~24;Male;BCA~MCA;Civil;7~8;0~1;4;6;7~9;54~79;4~7;2;0~1;Placed
23~24;Male;BCA~MCA;Civil;7~8;0~1;4;6;7~9;54~79;4~7;2;0~1;Placed
22~24;Male;BCA~MCA;ECE~ME;7~8;0;4;6;7~9;80~96;3~4;2;0;Placed
22~24;Male;BCA~MCA;ECE~ME;7~8;0;4;6;7~9;80~96;3~4;2;0;Placed
22~24;Male;BCA~MCA;ECE~ME;7~8;0;4;6;7~9;80~96;3~4;2;0;Placed
22~24;Male;BCA~MCA;ECE~ME;7~8;0;4;6;7~9;80~96;3~4;2;0;Placed
22~24;Male;BCA~MCA;ECE~ME;7~8;0;4;6;7~9;80~96;3~4;2;0;Placed
22~24;Male;BCA~MCA;ECE~ME;7~8;0~1;4;6~7;7~8;80~100;5~8;2;0~1;Placed
22~24;Male;BCA~MCA;ECE~ME;7~8;0~1;4;6~7;7~8;80~100;5~8;2;0~1;Placed
22~24;Male;BCA~MCA;ECE~ME;7~8;0~1;4;6~7;7~8;80~100;5~8;2;0~1;Placed
22~24;Male;BCA~MCA;ECE~ME;7~8;0~1;4;6~7;7~8;80~100;5~8;2;0~1;Placed
22~24;Male;BCA~MCA;ECE~ME;7~8;0~1;4;6~7;7~8;80~100;5~8;2;0~1;Placed
22~24;Male;BCA~MCA;ECE~ME;7~8;0~1;4;6~7;7~8;80~100;5~8;2;0~1;Placed
22~24;Male;BCA~MCA;ECE~ME~Civil;7~8;1;5;7~8;4~6;62~86;3~6;2;0~1;Not Placed
22~24;Male;BCA~MCA;ECE~ME~Civil;7~8;1;5;7~8;4~6;62~86;3~6;2;0~1;Placed
22~24;Male;BCA~MCA;ECE~ME~Civil;7~8;1;5;7~8;4~6;62~86;3~6;2;0~1;Placed
22~24;Male;BCA~MCA;ECE~ME~Civil;7~8;1;5;7~8;4~6;62~86;3~6;2;0~1;Placed
22~24;Male;BCA~MCA;ECE~ME~Civil;7~8;1;5;7~8;4~6;62~86;3~6;2;0~1;Placed
22~24;Male;BCA~MCA;ECE~ME~Civil;7~8;1;5;7~8;4~6;62~86;3~6;2;0~1;Placed
23~24;Male;BCA~MCA;ECE~ME~Civil;8~8;1;5;7~8;3~6;56~87;5~7;2~3;0;Placed
23~24;Male;BCA~MCA;ECE~ME~Civil;8~8;1;5;7~8;3~6;56~87;5~7;2~3;0;Placed
23~24;Male;BCA~MCA;ECE~ME~Civil;8~8;1;5;7~8;3~6;56~87;5~7;2~3;0;Not Placed
23~24;Male;BCA~MCA;ECE~ME~Civil;8~8;1;5;7~8;3~6;56~87;5~7;2~3;0;Placed
23~24;Male;BCA~MCA;ECE~ME~Civil;8~8;1;5;7~8;3~6;56~87;5~7;2~3;0;Placed
23~24;Male;BCA~MCA;ECE~ME~Civil;8~8;1;5;7~8;3~6;56~87;5~7;2~3;0;Not Placed
22~24;Male;BCA~MCA;ECE~ME;8~9;0~1;5~6;6~10;2~6;88~100;5~6;2~3;0~1;Not Placed
22~24;Male;BCA~MCA;ECE~ME;8~9;0~1;5~6;6~10;2~6;88~100;5~6;2~3;0~1;Not Placed
22~24;Male;BCA~MCA;ECE~ME;8~9;0~1;5~6;6~10;2~6;88~100;5~6;2~3;0~1;Not Placed
22~24;Male;BCA~MCA;ECE~ME;8~9;0~1;5~6;6~10;2~6;88~100;5~6;2~3;0~1;Not Placed
22~24;Male;BCA~MCA;ECE~ME;8~9;0~1;5~6;6~10;2~6;88~100;5~6;2~3;0~1;Placed
22~24;Male;BCA~MCA;ECE~ME;8~9;0~1;5~6;6~10;2~6;88~100;5~6;2~3;0~1;Not Placed
22~24;Male;BCA~MCA;ECE~ME;8~9;0~1;5~6;6~10;2~6;88~100;5~6;2~3;0~1;Not Placed
22~24;Male;BCA~MCA;ECE~ME~Civil;7~8;1;5;7~8;3~6;89~97;7~9;2~3;0~1;Not Placed
22~24;Male;BCA~MCA;ECE~ME~Civil;7~8;1;5;7~8;3~6;89~97;7~9;2~3;0~1;Placed
22~24;Male;BCA~MCA;ECE~ME~Civil;7~8;1;5;7~8;3~6;89~97;7~9;2~3;0~1;Placed
22~24;Male;BCA~MCA;ECE~ME~Civil;7~8;1;5;7~8;3~6;89~97;7~9;2~3;0~1;Placed
22~24;Male;BCA~MCA;ECE~ME~Civil;7~8;1;5;7~8;3~6;89~97;7~9;2~3;0~1;Not Placed
22~24;Male;BCA~MCA;ECE~ME~Civil;7~8;1;5;7~8;3~6;89~97;7~9;2~3;0~1;Placed
22~24;Male;BCA~MCA;ECE~ME~Civil;7~9;1;5;7~9;7~9;81~100;5~7;2~3;0~1;Placed
22~24;Male;BCA~MCA;ECE~ME~Civil;7~9;1;5;7~9;7~9;81~100;5~7;2~3;0~1;Placed
22~24;Male;BCA~MCA;ECE~ME~Civil;7~9;1;5;7~9;7~9;81~100;5~7;2~3;0~1;Placed
22~24;Male;BCA~MCA;ECE~ME~Civil;7~9;1;5;7~9;7~9;81~100;5~7;2~3;0~1;Placed
22~24;Male;BCA~MCA;ECE~ME~Civil;7~9;1;5;7~9;7~9;81~100;5~7;2~3;0~1;Placed
22~24;Male;BCA~MCA;ECE~ME~Civil;7~9;1;5;7~9;7~9;81~100;5~7;2~3;0~1;Placed
22~24;Male;BCA~MCA;ECE~ME~Civil;7~9;1;5;7~9;7~9;81~100;5~7;2~3;0~1;Placed
22~24;Male;BCA~MCA;ECE~ME~Civil;7~9;1;5;7~9;7~9;81~100;5~7;2~3;0~1;Placed
22~24;Male;BCA~MCA;ECE~ME~Civil;7~9;1;5;7~9;7~9;81~100;5~7;2~3;0~1;Placed
22~24;Male;BCA~MCA;ECE~ME~Civil;7~8;2;4;5~6;4~6;56~74;5~6;1~2;0~2;Placed
22~24;Male;BCA~MCA;ECE~ME~Civil;7~8;2;4;5~6;4~6;56~74;5~6;1~2;0~2;Placed
22~24;Male;BCA~MCA;ECE~ME~Civil;7~8;2;4;5~6;4~6;56~74;5~6;1~2;0~2;Placed
22~24;Male;BCA~MCA;ECE~ME~Civil;7~8;2;4;5~6;4~6;56~74;5~6;1~2;0~2;Placed
22~24;Male;BCA~MCA;ECE~ME~Civil;7~8;2;4;5~6;4~6;56~74;5~6;1~2;0~2;Not Placed
22~24;Male;BCA~MCA;ECE~ME~Civil;7~8;2;4;5~6;4~6;56~74;5~6;1~2;0~2;Placed
22~24;Male;BCA~MCA;ECE~ME~Civil;7~8;2;4;5~6;4~6;56~74;5~6;1~2;0~2;Not Placed
22~24;Male;BCA~MCA;ECE~ME~Civil;7~8;2;4;5~6;4~6;56~74;5~6;1~2;0~2;Not Placed
22~24;Male;BCA~MCA;ECE~ME~Civil;7~8;2;4;5~6;3~6;77~99;3~6;2;0~2;Placed
22~24;Male;BCA~MCA;ECE~ME~Civil;7~8;2;4;5~6;3~6;77~99;3~6;2;0~2;Not Placed
22~24;Male;BCA~MCA;ECE~ME~Civil;7~8;2;4;5~6;3~6;77~99;3~6;2;0~2;Not Placed
22~24;Male;BCA~MCA;ECE~ME~Civil;7~8;2;4;5~6;3~6;77~99;3~6;2;0~2;Placed
22~24;Male;BCA~MCA;ECE~ME~Civil;7~8;2;4;5~6;3~6;77~99;3~6;2;0~2;Placed
22~24;Male;BCA~MCA;ECE~ME~Civil;7~8;2;4;5~6;3~6;77~99;3~6;2;0~2;Not Placed
22~24;Male;BCA~MCA;ECE~ME~Civil;7~8;2;4;5~6;3~6;77~99;3~6;2;0~2;Placed
22~24;Male;BCA~MCA;ECE~ME~Civil;7~8;2;4;5~6;3~6;77~99;3~6;2;0~2;Placed
22~24;Male;BCA~MCA;ECE~ME~Civil;7~8;2;4;5~6;7~9;59~87;4~7;2;0~2;Not Placed
22~24;Male;BCA~MCA;ECE~ME~Civil;7~8;2;4;5~6;7~9;59~87;4~7;2;0~2;Placed
22~24;Male;BCA~MCA;ECE~ME~Civil;7~8;2;4;5~6;7~9;59~87;4~7;2;0~2;Placed
22~24;Male;BCA~MCA;ECE~ME~Civil;7~8;2;4;5~6;7~9;59~87;4~7;2;0~2;Placed
22~24;Male;BCA~MCA;ECE~ME~Civil;7~8;2;4;5~6;7~9;59~87;4~7;2;0~2;Placed
22~24;Male;BCA~MCA;ECE~ME~Civil;7~8;2;4;5~6;7~9;59~87;4~7;2;0~2;Not Placed
22~24;Male;BCA~MCA;ECE~ME~Civil;7~8;2;4;5~6;7~9;59~87;4~7;2;0~2;Placed
22~24;Male;BCA~MCA;ECE~ME~Civil;7~8;2;4;5~6;7~9;59~87;4~7;2;0~2;Placed
22~24;Male;BCA~MCA;ECE~ME~Civil;7~8;2;4;5~6;7~9;59~87;4~7;2;0~2;Placed
22~24;Male;BCA~MCA;ECE~ME~Civil;7~7;2;4;7;4~5;66~74;2~7;2;0~1;Placed
22~24;Male;BCA~MCA;ECE~ME~Civil;7~7;2;4;7;4~5;66~74;2~7;2;0~1;Not Placed
22~24;Male;BCA~MCA;ECE~ME~Civil;7~7;2;4;7;4~5;66~74;2~7;2;0~1;Placed
22~24;Male;BCA~MCA;ECE~ME~Civil;7~7;2;4;7;4~5;66~74;2~7;2;0~1;Not Placed
22~24;Male;BCA~MCA;ECE~ME~Civil;7~7;2;4;7;4~5;66~74;2~7;2;0~1;Placed
22~24;Male;BCA;ECE~ME;7~7;2~3;4;7;4~5;78~97;4~7;2;0~1;Placed
22~24;Male;BCA;ECE~ME;7~7;2~3;4;7;4~5;78~97;4~7;2;0~1;Placed
22~24;Male;BCA;ECE~ME;7~7;2~3;4;7;4~5;78~97;4~7;2;0~1;Not Placed
22~24;Male;BCA;ECE~ME;7~7;2~3;4;7;4~5;78~97;4~7;2;0~1;Not Placed
22~24;Male;BCA;ECE~ME;7~7;2~3;4;7;4~5;78~97;4~7;2;0~1;Placed
22~24;Male;BCA~MCA;ECE~ME~Civil;7~7;2~3;4;7;6~8;59~80;5~7;2;0~2;Placed
22~24;Male;BCA~MCA;ECE~ME~Civil;7~7;2~3;4;7;6~8;59~80;5~7;2;0~2;Placed
22~24;Male;BCA~MCA;ECE~ME~Civil;7~7;2~3;4;7;6~8;59~80;5~7;2;0~2;Placed
22~24;Male;BCA~MCA;ECE~ME~Civil;7~7;2~3;4;7;6~8;59~80;5~7;2;0~2;Not Placed
22~24;Male;BCA~MCA;ECE~ME~Civil;7~7;2~3;4;7;6~8;59~80;5~7;2;0~2;Placed
22~24;Male;BCA~MCA;ECE~ME~Civil;7~7;2~3;4;7;6~8;59~80;5~7;2;0~2;Placed
22~24;Male;BCA~MCA;ECE~ME~Civil;7~7;2~3;4;7;6~8;59~80;5~7;2;0~2;Placed
22~24;Male;BCA~MCA;ECE~ME~Civil;7~8;2~3;5;7~8;4~6;59~86;4~8;2~3;0~2;Placed
22~24;Male;BCA~MCA;ECE~ME~Civil;7~8;2~3;5;7~8;4~6;59~86;4~8;2~3;0~2;Placed
22~24;Male;BCA~MCA;ECE~ME~Civil;7~8;2~3;5;7~8;4~6;59~86;4~8;2~3;0~2;Not Placed
22~24;Male;BCA~MCA;ECE~ME~Civil;7~8;2~3;5;7~8;4~6;59~86;4~8;2~3;0~2;Placed
22~24;Male;BCA~MCA;ECE~ME~Civil;7~8;2~3;5;7~8;4~6;59~86;4~8;2~3;0~2;Not Placed
22~24;Male;BCA~MCA;ECE~ME~Civil;7~8;2~3;5;7~8;4~6;59~86;4~8;2~3;0~2;Placed
22~24;Male;BCA~MCA;ECE~ME~Civil;7~8;2~3;5;7~8;4~6;59~86;4~8;2~3;0~2;Placed
22~24;Male;BCA~MCA;ECE~ME~Civil;7~8;2~3;5;7~8;4~6;59~86;4~8;2~3;0~2;Placed
22~24;Male;BCA~MCA;ECE~ME~Civil;7~9;2~3;5;7~8;5~6;87~100;3~7;2~3;0~1;Placed
22~24;Male;BCA~MCA;ECE~ME~Civil;7~9;2~3;5;7~8;5~6;87~100;3~7;2~3;0~1;Placed
22~24;Male;BCA~MCA;ECE~ME~Civil;7~9;2~3;5;7~8;5~6;87~100;3~7;2~3;0~1;Placed
22~24;Male;BCA~MCA;ECE~ME~Civil;7~9;2~3;5;7~8;5~6;87~100;3~7;2~3;0~1;Placed
22~24;Male;BCA~MCA;ECE~ME~Civil;7~9;2~3;5;7~8;5~6;87~100;3~7;2~3;0~1;Placed
22~24;Male;BCA~MCA;ECE~ME~Civil;7~9;2~3;5;7~8;5~6;87~100;3~7;2~3;0~1;Placed
22~24;Male;BCA~MCA;ECE~ME~Civil;7~9;2~3;5;7~8;5~6;87~100;3~7;2~3;0~1;Placed
22~24;Male;BCA~MCA;ECE~ME~Civil;7~9;2~3;5;7~8;5~6;87~100;3~7;2~3;0~1;Placed
22~24;Male;BCA~MCA;ECE~ME~Civil;7~9;2~3;5;7~8;5~6;87~100;3~7;2~3;0~1;Placed
23~24;Male;BCA~MCA;ECE~ME~Civil;7~8;2~3;5;7~8;7~8;56~100;3~7;2~3;0~2;Not Placed
23~24;Male;BCA~MCA;ECE~ME~Civil;7~8;2~3;5;7~8;7~8;56~100;3~7;2~3;0~2;Not Placed
23~24;Male;BCA~MCA;ECE~ME~Civil;7~8;2~3;5;7~8;7~8;56~100;3~7;2~3;0~2;Placed
23~24;Male;BCA~MCA;ECE~ME~Civil;7~8;2~3;5;7~8;7~8;56~100;3~7;2~3;0~2;Placed
23~24;Male;BCA~MCA;ECE~ME~Civil;7~8;2~3;5;7~8;7~8;56~100;3~7;2~3;0~2;Not Placed
23~24;Male;BCA~MCA;ECE~ME~Civil;7~8;2~3;5;7~8;7~8;56~100;3~7;2~3;0~2;Placed
23~24;Male;BCA~MCA;ECE~ME~Civil;7~8;2~3;5;7~8;7~8;56~100;3~7;2~3;0~2;Placed
23~24;Male;BCA~MCA;ECE~ME~Civil;7~8;2~3;5;7~8;7~8;56~100;3~7;2~3;0~2;Placed
22~24;Male;BCA~MCA;ECE~ME~Civil;7~9;2~3;5~6;9~10;2~7;52~72;4~7;2~3;0~1;Not Placed
22~24;Male;BCA~MCA;ECE~ME~Civil;7~9;2~3;5~6;9~10;2~7;52~72;4~7;2~3;0~1;Not Placed
22~24;Male;BCA~MCA;ECE~ME~Civil;7~9;2~3;5~6;9~10;2~7;52~72;4~7;2~3;0~1;Placed
22~24;Male;BCA~MCA;ECE~ME~Civil;7~9;2~3;5~6;9~10;2~7;52~72;4~7;2~3;0~1;Placed
22~24;Male;BCA~MCA;ECE~ME~Civil;7~9;2~3;5~6;9~10;2~7;52~72;4~7;2~3;0~1;Placed
22~24;Male;BCA~MCA;ECE~ME~Civil;7~9;2;5~6;9~10;4~6;78~98;3~6;3;0~2;Placed
22~24;Male;BCA~MCA;ECE~ME~Civil;7~9;2;5~6;9~10;4~6;78~98;3~6;3;0~2;Not Placed
22~24;Male;BCA~MCA;ECE~ME~Civil;7~9;2;5~6;9~10;4~6;78~98;3~6;3;0~2;Placed
22~24;Male;BCA~MCA;ECE~ME~Civil;7~9;2;5~6;9~10;4~6;78~98;3~6;3;0~2;Placed
22~24;Male;BCA~MCA;ECE~ME~Civil;7~9;2;5~6;9~10;4~6;78~98;3~6;3;0~2;Placed
22~24;Male;BCA~MCA;ECE~ME~Civil;7~9;2;5~6;9~10;4~6;78~98;3~6;3;0~2;Not Placed
22~24;Male;BCA~MCA;CSE~IT;4~6;0;2~3;2~5;4~6;35~52;3~7;1;0~1;Not Placed
22~24;Male;BCA~MCA;CSE~IT;4~6;0;2~3;2~5;4~6;35~52;3~7;1;0~1;Not Placed
22~24;Male;BCA~MCA;CSE~IT;4~6;0;2~3;2~5;4~6;35~52;3~7;1;0~1;Not Placed
22~24;Male;BCA~MCA;CSE~IT;4~6;0;2~3;2~5;4~6;35~52;3~7;1;0~1;Not Placed
22~24;Male;BCA~MCA;CSE~IT;4~6;0;2~3;2~5;4~6;35~52;3~7;1;0~1;Not Placed
22~24;Male;BCA~MCA;CSE~IT;4~6;0;2~3;2~5;4~6;35~52;3~7;1;0~1;Not Placed
22~24;Male;BCA~MCA;CSE~IT;4~6;0;2~3;2~5;4~6;35~52;3~7;1;0~1;Not Placed
22~24;Male;BCA~MCA;CSE~IT;4~6;0;2~3;2~5;4~6;35~52;3~7;1;0~1;Not Placed
22~24;Male;BCA~MCA;CSE~IT;4~6;0;2~3;2~5;4~6;35~52;3~7;1;0~1;Not Placed
22~24;Male;BCA~MCA;CSE~IT;4~5;0;2~3;1~5;2~6;35~53;5~8;0~1;2~3;Not Placed
22~24;Male;BCA~MCA;CSE~IT;4~5;0;2~3;1~5;2~6;35~53;5~8;0~1;2~3;Not Placed
22~24;Male;BCA~MCA;CSE~IT;4~5;0;2~3;1~5;2~6;35~53;5~8;0~1;2~3;Not Placed
22~24;Male;BCA~MCA;CSE~IT;4~5;0;2~3;1~5;2~6;35~53;5~8;0~1;2~3;Not Placed
22~24;Male;BCA~MCA;CSE~IT;4~5;0;2~3;1~5;2~6;35~53;5~8;0~1;2~3;Not Placed
22~24;Male;BCA~MCA;CSE~IT;4~5;0;2~3;1~5;2~6;35~53;5~8;0~1;2~3;Not Placed
22~24;Male;BCA~MCA;CSE~IT;4~5;0;2~3;1~5;2~6;35~53;5~8;0~1;2~3;Not Placed
22~24;Male;BCA~MCA;CSE~IT;5~6;0;3~4;6;2~6;42~55;6;2;0~3;Not Placed
22~24;Male;BCA~MCA;CSE~IT;5~6;0;3~4;6;2~6;42~55;6;2;0~3;Not Placed
22~24;Male;BCA~MCA;CSE~IT;5~6;0;3~4;6;2~6;42~55;6;2;0~3;Not Placed
22~24;Male;BCA~MCA;CSE~IT;5~6;0;3~4;6;2~6;42~55;6;2;0~3;Not Placed
22~24;Male;BCA~MCA;CSE~IT;5~6;0;3~4;6;2~6;42~55;6;2;0~3;Not Placed
22~24;Male;BCA~MCA;CSE~IT;5~6;0;3~4;6;2~6;42~55;6;2;0~3;Not Placed
22~24;Male;BCA~MCA;CSE~IT;5~6;0;3~4;4~6;3~6;56~82;3~5;1~2;0~1;Not Placed
22~24;Male;BCA~MCA;CSE~IT;5~6;0;3~4;4~6;3~6;56~82;3~5;1~2;0~1;Not Placed
22~24;Male;BCA~MCA;CSE~IT;5~6;0;3~4;4~6;3~6;56~82;3~5;1~2;0~1;Not Placed
22~24;Male;BCA~MCA;CSE~IT;5~6;0;3~4;4~6;3~6;56~82;3~5;1~2;0~1;Not Placed
22~24;Male;BCA~MCA;CSE~IT;5~6;0;3~4;4~6;3~6;56~82;3~5;1~2;0~1;Placed
22~24;Male;BCA~MCA;CSE~IT;5~6;0;3~4;4~6;3~6;56~82;3~5;1~2;0~1;Placed
22~24;Male;BCA~MCA;CSE~IT;5~6;0;3~4;4~6;3~6;56~82;3~5;1~2;0~1;Not Placed
22~24;Male;BCA~MCA;CSE~IT;5~6;0;3~4;4~6;3~6;56~82;3~5;1~2;0~1;Not Placed
22~24;Male;BCA~MCA;CSE~IT;5~6;0;2~4;3~6;3~6;63~72;2~5;1~2;2~3;Not Placed
22~24;Male;BCA~MCA;CSE~IT;5~6;0;2~4;3~6;3~6;63~72;2~5;1~2;2~3;Not Placed
22~24;Male;BCA~MCA;CSE~IT;5~6;0;2~4;3~6;3~6;63~72;2~5;1~2;2~3;Not Placed
22~24;Male;BCA~MCA;CSE~IT;5~6;0;2~4;3~6;3~6;63~72;2~5;1~2;2~3;Not Placed
22~24;Male;BCA~MCA;CSE~IT;5~6;0;2~4;3~6;3~6;63~72;2~5;1~2;2~3;Not Placed
22~24;Male;BCA~MCA;CSE~IT;5~6;0;2~4;3~6;3~6;63~72;2~5;1~2;2~3;Not Placed
22~24;Male;BCA~MCA;CSE~IT;5~6;0;3~4;4~6;3~6;59~85;6~9;1~2;0~3;Not Placed
22~24;Male;BCA~MCA;CSE~IT;5~6;0;3~4;4~6;3~6;59~85;6~9;1~2;0~3;Placed
22~24;Male;BCA~MCA;CSE~IT;5~6;0;3~4;4~6;3~6;59~85;6~9;1~2;0~3;Not Placed
22~24;Male;BCA~MCA;CSE~IT;5~6;0;3~4;4~6;3~6;59~85;6~9;1~2;0~3;Not Placed
22~24;Male;BCA~MCA;CSE~IT;5~6;0;3~4;4~6;3~6;59~85;6~9;1~2;0~3;Not Placed
22~24;Male;BCA~MCA;CSE~IT;5~6;0;3~4;4~6;3~6;59~85;6~9;1~2;0~3;Not Placed
22~24;Male;BCA~MCA;CSE~IT;5~6;0;3~4;4~6;3~6;59~85;6~9;1~2;0~3;Not Placed
22~24;Male;BCA~MCA;CSE~IT;5~6;0;3~4;4~6;3~6;59~85;6~9;1~2;0~3;Not Placed
22~24;Male;BCA~MCA;CSE~IT;5~6;0;3~4;4~6;3~6;59~85;6~9;1~2;0~3;Not Placed
22~24;Male;BCA~MCA;CSE~IT;5~6;0;3~4;4~6;7~9;48~63;4~7;1~2;0~3;Placed
22~24;Male;BCA~MCA;CSE~IT;5~6;0;3~4;4~6;7~9;48~63;4~7;1~2;0~3;Not Placed
22~24;Male;BCA~MCA;CSE~IT;5~6;0;3~4;4~6;7~9;48~63;4~7;1~2;0~3;Placed
22~24;Male;BCA~MCA;CSE~IT;5~6;0;3~4;4~6;7~9;48~63;4~7;1~2;0~3;Not Placed
22~24;Male;BCA~MCA;CSE~IT;5~6;0;3~4;4~6;7~9;48~63;4~7;1~2;0~3;Not Placed
22~24;Male;BCA~MCA;CSE~IT;5~6;0;3~4;4~6;7~9;48~63;4~7;1~2;0~3;Not Placed
22~24;Male;BCA~MCA;CSE~IT;5~6;0;3~4;4~6;7~9;48~63;4~7;1~2;0~3;Not Placed
22~24;Male;BCA~MCA;CSE~IT;5~6;0;3~4;4~6;7~9;48~63;4~7;1~2;0~3;Placed
22~24;Male;BCA~MCA;CSE~IT;5~6;0;3~4;4~6;7~9;48~63;4~7;1~2;0~3;Placed
22~23;Male;BCA~MCA;CSE~IT;5~6;0;3~4;4~6;7~8;66~83;5~7;1~2;0~3;Not Placed
22~23;Male;BCA~MCA;CSE~IT;5~6;0;3~4;4~6;7~8;66~83;5~7;1~2;0~3;Not Placed
22~23;Male;BCA~MCA;CSE~IT;5~6;0;3~4;4~6;7~8;66~83;5~7;1~2;0~3;Placed
22~23;Male;BCA~MCA;CSE~IT;5~6;0;3~4;4~6;7~8;66~83;5~7;1~2;0~3;Not Placed
22~23;Male;BCA~MCA;CSE~IT;5~6;0;3~4;4~6;7~8;66~83;5~7;1~2;0~3;Not Placed
22~24;Male;MCA;CSE~IT;6~6;0;3~4;5~6;7~8;64~83;5~6;2;0~2;Placed
22~24;Male;MCA;CSE~IT;6~6;0;3~4;5~6;7~8;64~83;5~6;2;0~2;Not Placed
22~24;Male;MCA;CSE~IT;6~6;0;3~4;5~6;7~8;64~83;5~6;2;0~2;Placed
22~24;Male;MCA;CSE~IT;6~6;0;3~4;5~6;7~8;64~83;5~6;2;0~2;Placed
22~24;Male;MCA;CSE~IT;6~6;0;3~4;5~6;7~8;64~83;5~6;2;0~2;Placed
22~24;Male;BCA~MCA;CSE~IT;5~6;0;4;7~8;4~6;46~62;3~6;2;0~3;Not Placed
22~24;Male;BCA~MCA;CSE~IT;5~6;0;4;7~8;4~6;46~62;3~6;2;0~3;Not Placed
22~24;Male;BCA~MCA;CSE~IT;5~6;0;4;7~8;4~6;46~62;3~6;2;0~3;Not Placed
22~24;Male;BCA~MCA;CSE~IT;5~6;0;4;7~8;4~6;46~62;3~6;2;0~3;Not Placed
22~24;Male;BCA~MCA;CSE~IT;5~6;0;4;7~8;4~6;46~62;3~6;2;0~3;Not Placed
22~24;Male;BCA~MCA;CSE~IT;6~6;0;4~5;7~9;3~6;55~64;4~6;2;0~2;Placed
22~24;Male;BCA~MCA;CSE~IT;6~6;0;4~5;7~9;3~6;55~64;4~6;2;0~2;Not Placed
22~24;Male;BCA~MCA;CSE~IT;6~6;0;4~5;7~9;3~6;55~64;4~6;2;0~2;Placed
22~24;Male;BCA~MCA;CSE~IT;6~6;0;4~5;7~9;3~6;55~64;4~6;2;0~2;Placed
22~24;Male;BCA~MCA;CSE~IT;6~6;0;4~5;7~9;3~6;55~64;4~6;2;0~2;Not Placed
22~24;Male;BCA~MCA;CSE~IT;5~6;0;4;7~8;2~5;45~61;7~8;2;1~2;Not Placed
22~24;Male;BCA~MCA;CSE~IT;5~6;0;4;7~8;2~5;45~61;7~8;2;1~2;Not Placed
22~24;Male;BCA~MCA;CSE~IT;5~6;0;4;7~8;2~5;45~61;7~8;2;1~2;Not Placed
22~24;Male;BCA~MCA;CSE~IT;5~6;0;4;7~8;2~5;45~61;7~8;2;1~2;Not Placed
22~24;Male;BCA~MCA;CSE~IT;5~6;0;4;7~8;2~5;45~61;7~8;2;1~2;Not Placed
22~24;Male;BCA~MCA;CSE~IT;6~6;0;4~5;7~10;3~6;65~67;4~7;2~3;0~1;Not Placed
22~24;Male;BCA~MCA;CSE~IT;6~6;0;4~5;7~10;3~6;65~67;4~7;2~3;0~1;Placed
22~24;Male;BCA~MCA;CSE~IT;6~6;0;4~5;7~10;3~6;65~67;4~7;2~3;0~1;Not Placed
22~24;Male;BCA~MCA;CSE~IT;6~6;0;4~5;7~10;3~6;65~67;4~7;2~3;0~1;Placed
22~24;Male;BCA~MCA;CSE~IT;6~6;0;4~5;7~10;3~6;65~67;4~7;2~3;0~1;Not Placed
22~24;Male;BCA~MCA;CSE~IT;6~6;0;4~5;7~10;3~6;65~67;4~7;2~3;0~1;Placed
22~24;Male;BCA~MCA;CSE~IT;5~6;0;4~5;7~9;2~6;69~97;3~7;2~3;0~3;Not Placed
22~24;Male;BCA~MCA;CSE~IT;5~6;0;4~5;7~9;2~6;69~97;3~7;2~3;0~3;Placed
22~24;Male;BCA~MCA;CSE~IT;5~6;0;4~5;7~9;2~6;69~97;3~7;2~3;0~3;Not Placed
22~24;Male;BCA~MCA;CSE~IT;5~6;0;4~5;7~9;2~6;69~97;3~7;2~3;0~3;Not Placed
22~24;Male;BCA~MCA;CSE~IT;5~6;0;4~5;7~9;2~6;69~97;3~7;2~3;0~3;Placed
22~24;Male;BCA~MCA;CSE~IT;5~6;0;4~5;7~9;2~6;69~97;3~7;2~3;0~3;Not Placed
22~24;Male;BCA~MCA;CSE~IT;5~6;0;4~5;7~9;2~6;69~97;3~7;2~3;0~3;Not Placed
22~24;Male;BCA~MCA;CSE~IT;5~6;0;4~5;7~9;7~10;48~80;4~6;2~3;0~3;Not Placed
22~24;Male;BCA~MCA;CSE~IT;5~6;0;4~5;7~9;7~10;48~80;4~6;2~3;0~3;Not Placed
22~24;Male;BCA~MCA;CSE~IT;5~6;0;4~5;7~9;7~10;48~80;4~6;2~3;0~3;Not Placed
22~24;Male;BCA~MCA;CSE~IT;5~6;0;4~5;7~9;7~10;48~80;4~6;2~3;0~3;Placed
22~24;Male;BCA~MCA;CSE~IT;5~6;0;4~5;7~9;7~10;48~80;4~6;2~3;0~3;Not Placed
22~24;Male;BCA~MCA;CSE~IT;5~6;0;4~5;7~9;7~10;48~80;4~6;2~3;0~3;Not Placed
22~24;Male;BCA~MCA;CSE~IT;5~6;0;4~5;7~9;7~10;48~80;4~6;2~3;0~3;Not Placed
22~24;Male;BCA~MCA;CSE~IT;5~6;0;4~5;7~9;7~10;48~80;4~6;2~3;0~3;Placed
22~24;Male;BCA~MCA;CSE~IT;5~6;1~2;3~4;3~6;4~5;42~54;3~5;1~2;1~3;Not Placed
22~24;Male;BCA~MCA;CSE~IT;5~6;1~2;3~4;3~6;4~5;42~54;3~5;1~2;1~3;Not Placed
22~24;Male;BCA~MCA;CSE~IT;5~6;1~2;3~4;3~6;4~5;42~54;3~5;1~2;1~3;Not Placed
22~24;Male;BCA~MCA;CSE~IT;5~6;1~2;3~4;3~6;4~5;42~54;3~5;1~2;1~3;Not Placed
22~24;Male;BCA~MCA;CSE~IT;5~6;1~2;3~4;3~6;4~5;42~54;3~5;1~2;1~3;Not Placed
22~24;Male;BCA~MCA;CSE~IT;5~6;1~2;3~4;3~6;4~5;42~54;3~5;1~2;1~3;Not Placed
22~24;Male;BCA~MCA;CSE~IT;5~6;1~2;3~4;3~6;4~5;42~54;3~5;1~2;1~3;Not Placed
22~24;Male;BCA~MCA;CSE~IT;5~6;1~2;3~4;3~6;4~5;42~54;3~5;1~2;1~3;Not Placed
22~24;Male;BCA~MCA;CSE~IT;5~6;1~2;3~4;5~6;3~5;35~54;6~7;1~2;0~3;Not Placed
22~24;Male;BCA~MCA;CSE~IT;5~6;1~2;3~4;5~6;3~5;35~54;6~7;1~2;0~3;Not Placed
22~24;Male;BCA~MCA;CSE~IT;5~6;1~2;3~4;5~6;3~5;35~54;6~7;1~2;0~3;Not Placed
22~24;Male;BCA~MCA;CSE~IT;5~6;1~2;3~4;5~6;3~5;35~54;6~7;1~2;0~3;Not Placed
22~24;Male;BCA~MCA;CSE~IT;5~6;1~2;3~4;5~6;3~5;35~54;6~7;1~2;0~3;Not Placed
22~24;Male;BCA~MCA;CSE~IT;5~6;1~2;3~4;5~6;3~5;35~54;6~7;1~2;0~3;Not Placed
22~24;Male;BCA~MCA;CSE~IT;5~6;1~2;3~4;5~6;3~5;35~54;6~7;1~2;0~3;Not Placed
22~24;Male;BCA~MCA;CSE~IT;5~6;1~2;3~4;3~6;4~5;58~78;3~5;1~2;0~3;Not Placed
22~24;Male;BCA~MCA;CSE~IT;5~6;1~2;3~4;3~6;4~5;58~78;3~5;1~2;0~3;Not Placed
22~24;Male;BCA~MCA;CSE~IT;5~6;1~2;3~4;3~6;4~5;58~78;3~5;1~2;0~3;Not Placed
22~24;Male;BCA~MCA;CSE~IT;5~6;1~2;3~4;3~6;4~5;58~78;3~5;1~2;0~3;Not Placed
22~24;Male;BCA~MCA;CSE~IT;5~6;1~2;3~4;3~6;4~5;58~78;3~5;1~2;0~3;Not Placed
22~24;Male;BCA~MCA;CSE~IT;5~6;1~2;3~4;3~6;4~5;58~78;3~5;1~2;0~3;Not Placed
22~24;Male;BCA~MCA;CSE~IT;5~6;1~2;3~4;3~6;4~5;58~78;3~5;1~2;0~3;Not Placed
22~24;Male;BCA~MCA;CSE~IT;5~6;1~2;3~4;3~6;4~5;58~78;3~5;1~2;0~3;Not Placed
22~24;Male;BCA~MCA;CSE~IT;6~6;1~2;3~4;5~6;4~5;56~90;6~8;1~2;0~3;Not Placed
22~24;Male;BCA~MCA;CSE~IT;6~6;1~2;3~4;5~6;4~5;56~90;6~8;1~2;0~3;Not Placed
22~24;Male;BCA~MCA;CSE~IT;6~6;1~2;3~4;5~6;4~5;56~90;6~8;1~2;0~3;Placed
22~24;Male;BCA~MCA;CSE~IT;6~6;1~2;3~4;5~6;4~5;56~90;6~8;1~2;0~3;Not Placed
22~24;Male;BCA~MCA;CSE~IT;6~6;1~2;3~4;5~6;4~5;56~90;6~8;1~2;0~3;Not Placed
22~24;Male;BCA~MCA;CSE~IT;6~6;1~2;3~4;5~6;4~5;56~90;6~8;1~2;0~3;Placed
22~24;Male;BCA~MCA;CSE~IT;6~6;1~2;3~4;5~6;4~5;56~90;6~8;1~2;0~3;Not Placed
22~24;Male;BCA~MCA;CSE~IT;4~6;1~2;2~4;4~6;6~7;48~63;3~5;1~2;0~2;Placed
22~24;Male;BCA~MCA;CSE~IT;4~6;1~2;2~4;4~6;6~7;48~63;3~5;1~2;0~2;Not Placed
22~24;Male;BCA~MCA;CSE~IT;4~6;1~2;2~4;4~6;6~7;48~63;3~5;1~2;0~2;Not Placed
22~24;Male;BCA~MCA;CSE~IT;4~6;1~2;2~4;4~6;6~7;48~63;3~5;1~2;0~2;Not Placed
22~24;Male;BCA~MCA;CSE~IT;4~6;1~2;2~4;4~6;6~7;48~63;3~5;1~2;0~2;Not Placed
22~24;Male;BCA~MCA;CSE~IT;4~6;1~2;2~4;4~6;6~7;48~63;3~5;1~2;0~2;Not Placed
22~24;Male;BCA~MCA;CSE~IT;4~6;1~2;2~4;4~6;6~7;48~63;3~5;1~2;0~2;Placed
23~24;Male;BCA~MCA;CSE~IT;5~6;1~2;2~4;2~6;6~7;44~62;6~8;1~2;0~3;Not Placed
23~24;Male;BCA~MCA;CSE~IT;5~6;1~2;2~4;2~6;6~7;44~62;6~8;1~2;0~3;Not Placed
23~24;Male;BCA~MCA;CSE~IT;5~6;1~2;2~4;2~6;6~7;44~62;6~8;1~2;0~3;Not Placed
23~24;Male;BCA~MCA;CSE~IT;5~6;1~2;2~4;2~6;6~7;44~62;6~8;1~2;0~3;Not Placed
23~24;Male;BCA~MCA;CSE~IT;5~6;1~2;2~4;2~6;6~7;44~62;6~8;1~2;0~3;Not Placed
23~24;Male;BCA~MCA;CSE~IT;5~6;1~2;2~4;2~6;6~7;44~62;6~8;1~2;0~3;Not Placed
23~24;Male;BCA~MCA;CSE~IT;5~6;1~2;2~4;2~6;6~7;44~62;6~8;1~2;0~3;Not Placed
22~24;Male;BCA~MCA;CSE~IT;5~6;1~2;3~4;4~6;6~8;65~76;4~6;1~2;0~3;Placed
22~24;Male;BCA~MCA;CSE~IT;5~6;1~2;3~4;4~6;6~8;65~76;4~6;1~2;0~3;Placed
22~24;Male;BCA~MCA;CSE~IT;5~6;1~2;3~4;4~6;6~8;65~76;4~6;1~2;0~3;Not Placed
22~24;Male;BCA~MCA;CSE~IT;5~6;1~2;3~4;4~6;6~8;65~76;4~6;1~2;0~3;Not Placed
22~24;Male;BCA~MCA;CSE~IT;5~6;1~2;3~4;4~6;6~8;65~76;4~6;1~2;0~3;Not Placed
22~24;Male;BCA~MCA;CSE~IT;5~6;1~2;3~4;4~6;6~8;65~76;4~6;1~2;0~3;Placed
22~24;Male;BCA~MCA;CSE~IT;5~6;1~2;3~4;4~6;6~8;65~76;4~6;1~2;0~3;Not Placed
22~24;Male;BCA~MCA;CSE~IT;5~6;1~2;3~4;4~6;6~8;65~76;4~6;1~2;0~3;Not Placed
22~24;Male;BCA~MCA;CSE~IT;6~6;1~2;3~4;5~6;6~7;65~76;7~8;2;0~3;Not Placed
22~24;Male;BCA~MCA;CSE~IT;6~6;1~2;3~4;5~6;6~7;65~76;7~8;2;0~3;Not Placed
22~24;Male;BCA~MCA;CSE~IT;6~6;1~2;3~4;5~6;6~7;65~76;7~8;2;0~3;Not Placed
22~24;Male;BCA~MCA;CSE~IT;6~6;1~2;3~4;5~6;6~7;65~76;7~8;2;0~3;Placed
22~24;Male;BCA~MCA;CSE~IT;6~6;1~2;3~4;5~6;6~7;65~76;7~8;2;0~3;Not Placed
22~24;Male;BCA~MCA;CSE~IT;6~6;1~2;3~4;5~6;6~7;65~76;7~8;2;0~3;Placed
22~23;Male;BCA~MCA;CSE~IT;5~6;1~2;4~5;7~9;4~6;44~61;4~7;2;0~1;Not Placed
22~23;Male;BCA~MCA;CSE~IT;5~6;1~2;4~5;7~9;4~6;44~61;4~7;2;0~1;Not Placed
22~23;Male;BCA~MCA;CSE~IT;5~6;1~2;4~5;7~9;4~6;44~61;4~7;2;0~1;Not Placed
22~23;Male;BCA~MCA;CSE~IT;5~6;1~2;4~5;7~9;4~6;44~61;4~7;2;0~1;Not Placed
22~23;Male;BCA~MCA;CSE~IT;5~6;1~2;4~5;7~9;4~6;44~61;4~7;2;0~1;Placed
22~24;Male;BCA~MCA;CSE~IT;5~6;1~2;4;7~9;4~6;43~60;4~8;2;2~3;Not Placed
22~24;Male;BCA~MCA;CSE~IT;5~6;1~2;4;7~9;4~6;43~60;4~8;2;2~3;Not Placed
22~24;Male;BCA~MCA;CSE~IT;5~6;1~2;4;7~9;4~6;43~60;4~8;2;2~3;Not Placed
22~24;Male;BCA~MCA;CSE~IT;5~6;1~2;4;7~9;4~6;43~60;4~8;2;2~3;Not Placed
22~24;Male;BCA~MCA;CSE~IT;5~6;1~2;4;7~9;4~6;43~60;4~8;2;2~3;Not Placed
22~24;Male;BCA~MCA;CSE~IT;5~6;1~2;4;7~9;4~6;43~60;4~8;2;2~3;Not Placed
22~24;Male;BCA~MCA;CSE~IT;6~6;1;4;7~8;2~6;62~84;4~8;2;0~3;Not Placed
22~24;Male;BCA~MCA;CSE~IT;6~6;1;4;7~8;2~6;62~84;4~8;2;0~3;Placed
22~24;Male;BCA~MCA;CSE~IT;6~6;1;4;7~8;2~6;62~84;4~8;2;0~3;Placed
22~24;Male;BCA~MCA;CSE~IT;6~6;1;4;7~8;2~6;62~84;4~8;2;0~3;Not Placed
22~24;Male;BCA~MCA;CSE~IT;6~6;1;4;7~8;2~6;62~84;4~8;2;0~3;Not Placed
22~24;Male;BCA~MCA;CSE~IT;6~6;1;4;7~8;2~6;62~84;4~8;2;0~3;Not Placed
22~24;Male;BCA~MCA;CSE~IT;5~6;1~2;4~5;8~10;3~6;64~81;4~6;3;0~3;Not Placed
22~24;Male;BCA~MCA;CSE~IT;5~6;1~2;4~5;8~10;3~6;64~81;4~6;3;0~3;Not Placed
22~24;Male;BCA~MCA;CSE~IT;5~6;1~2;4~5;8~10;3~6;64~81;4~6;3;0~3;Not Placed
22~24;Male;BCA~MCA;CSE~IT;5~6;1~2;4~5;8~10;3~6;64~81;4~6;3;0~3;Not Placed
22~24;Male;BCA~MCA;CSE~IT;5~6;1~2;4~5;8~10;3~6;64~81;4~6;3;0~3;Not Placed
22~24;Male;MCA;CSE;5~6;1~2;4;7~8;7~9;46~60;5~8;2;0~3;Not Placed
22~24;Male;MCA;CSE;5~6;1~2;4;7~8;7~9;46~60;5~8;2;0~3;Not Placed
22~24;Male;MCA;CSE;5~6;1~2;4;7~8;7~9;46~60;5~8;2;0~3;Not Placed
22~24;Male;MCA;CSE;5~6;1~2;4;7~8;7~9;46~60;5~8;2;0~3;Placed
22~24;Male;MCA;CSE;5~6;1~2;4;7~8;7~9;46~60;5~8;2;0~3;Not Placed
22~24;Male;MCA;CSE;5~6;1~2;4;7~8;7~9;46~60;5~8;2;0~3;Not Placed
22~24;Male;MCA;CSE;5~6;1~2;4;7~8;7~9;46~60;5~8;2;0~3;Placed
22~24;Male;BCA~MCA;CSE~IT;6~6;1~2;4;7~8;7~10;62~79;3~7;2;0~3;Not Placed
22~24;Male;BCA~MCA;CSE~IT;6~6;1~2;4;7~8;7~10;62~79;3~7;2;0~3;Placed
22~24;Male;BCA~MCA;CSE~IT;6~6;1~2;4;7~8;7~10;62~79;3~7;2;0~3;Placed
22~24;Male;BCA~MCA;CSE~IT;6~6;1~2;4;7~8;7~10;62~79;3~7;2;0~3;Placed
22~24;Male;BCA~MCA;CSE~IT;6~6;1~2;4;7~8;7~10;62~79;3~7;2;0~3;Placed
22~24;Male;BCA~MCA;CSE~IT;6~6;1~2;4;7~8;7~10;62~79;3~7;2;0~3;Placed
22~24;Male;BCA~MCA;CSE~IT;6~6;1~2;4;7~8;7~10;62~79;3~7;2;0~3;Not Placed
22~24;Male;BCA~MCA;CSE~IT;6~7;0~1;3~4;4~6;4~5;58~72;4~7;1~2;0~2;Placed
22~24;Male;BCA~MCA;CSE~IT;6~7;0~1;3~4;4~6;4~5;58~72;4~7;1~2;0~2;Not Placed
22~24;Male;BCA~MCA;CSE~IT;6~7;0~1;3~4;4~6;4~5;58~72;4~7;1~2;0~2;Not Placed
22~24;Male;BCA~MCA;CSE~IT;6~7;0~1;3~4;4~6;4~5;58~72;4~7;1~2;0~2;Not Placed
22~24;Male;BCA~MCA;CSE~IT;6~7;0~1;3~4;4~6;4~5;58~72;4~7;1~2;0~2;Not Placed
22~24;Male;BCA~MCA;CSE~IT;7~8;0~1;4;5~6;4~5;59~72;5~7;1~2;0~1;Placed
22~24;Male;BCA~MCA;CSE~IT;7~8;0~1;4;5~6;4~5;59~72;5~7;1~2;0~1;Placed
22~24;Male;BCA~MCA;CSE~IT;7~8;0~1;4;5~6;4~5;59~72;5~7;1~2;0~1;Not Placed
22~24;Male;BCA~MCA;CSE~IT;7~8;0~1;4;5~6;4~5;59~72;5~7;1~2;0~1;Placed
22~24;Male;BCA~MCA;CSE~IT;7~8;0~1;4;5~6;4~5;59~72;5~7;1~2;0~1;Placed
22~24;Male;BCA~MCA;CSE~IT;7~7;0~1;3~4;3~6;4~5;73~85;3~6;1~2;0~1;Placed
22~24;Male;BCA~MCA;CSE~IT;7~7;0~1;3~4;3~6;4~5;73~85;3~6;1~2;0~1;Not Placed
22~24;Male;BCA~MCA;CSE~IT;7~7;0~1;3~4;3~6;4~5;73~85;3~6;1~2;0~1;Placed
22~24;Male;BCA~MCA;CSE~IT;7~7;0~1;3~4;3~6;4~5;73~85;3~6;1~2;0~1;Not Placed
22~24;Male;BCA~MCA;CSE~IT;7~7;0~1;3~4;3~6;4~5;73~85;3~6;1~2;0~1;Placed
22~24;Male;BCA~MCA;CSE~IT;7~7;0~1;4;5~6;4~5;73~100;5~7;2;0~2;Not Placed
22~24;Male;BCA~MCA;CSE~IT;7~7;0~1;4;5~6;4~5;73~100;5~7;2;0~2;Not Placed
22~24;Male;BCA~MCA;CSE~IT;7~7;0~1;4;5~6;4~5;73~100;5~7;2;0~2;Placed
22~24;Male;BCA~MCA;CSE~IT;7~7;0~1;4;5~6;4~5;73~100;5~7;2;0~2;Not Placed
22~24;Male;BCA~MCA;CSE~IT;7~7;0~1;4;5~6;4~5;73~100;5~7;2;0~2;Placed
22~24;Male;BCA~MCA;CSE~IT;7~7;0~1;4;5~6;4~5;73~100;5~7;2;0~2;Placed
22~24;Male;BCA~MCA;CSE~IT;7~7;0~1;3~4;3~6;6~8;61~75;3~7;1~2;0~1;Placed
22~24;Male;BCA~MCA;CSE~IT;7~7;0~1;3~4;3~6;6~8;61~75;3~7;1~2;0~1;Placed
22~24;Male;BCA~MCA;CSE~IT;7~7;0~1;3~4;3~6;6~8;61~75;3~7;1~2;0~1;Placed
22~24;Male;BCA~MCA;CSE~IT;7~7;0~1;3~4;3~6;6~8;61~75;3~7;1~2;0~1;Placed
22~24;Male;BCA~MCA;CSE~IT;7~7;0~1;3~4;3~6;6~8;61~75;3~7;1~2;0~1;Not Placed
22~24;Male;BCA~MCA;CSE~IT;7~7;0~1;3~4;3~6;6~8;61~75;3~7;1~2;0~1;Placed
22~24;Male;BCA~MCA;CSE~IT;7~7;0~1;3~4;3~6;6~8;61~75;3~7;1~2;0~1;Placed
22~24;Male;BCA~MCA;CSE~IT;7~7;0~1;3~4;3~6;6~8;61~75;3~7;1~2;0~1;Placed
22~24;Male;BCA~MCA;CSE~IT;7~8;0~1;3~4;4~6;6~8;76~100;4~6;2;0~1;Not Placed
22~24;Male;BCA~MCA;CSE~IT;7~8;0~1;3~4;4~6;6~8;76~100;4~6;2;0~1;Placed
22~24;Male;BCA~MCA;CSE~IT;7~8;0~1;3~4;4~6;6~8;76~100;4~6;2;0~1;Placed
22~24;Male;BCA~MCA;CSE~IT;7~8;0~1;3~4;4~6;6~8;76~100;4~6;2;0~1;Placed
22~24;Male;BCA~MCA;CSE~IT;7~8;0~1;3~4;4~6;6~8;76~100;4~6;2;0~1;Placed
22~24;Male;BCA~MCA;CSE~IT;7~8;0~1;3~4;4~6;6~8;76~100;4~6;2;0~1;Not Placed
22~24;Male;BCA~MCA;CSE~IT;7~8;0~1;3~4;4~6;6~8;76~100;4~6;2;0~1;Placed
22~24;Male;BCA~MCA;CSE~IT;7~8;0~1;3~4;4~6;6~8;76~100;4~6;2;0~1;Placed
22~24;Male;BCA~MCA;CSE~IT;7~8;0~1;3~4;4~6;6~8;76~100;4~6;2;0~1;Placed
22~24;Male;BCA~MCA;CSE~IT;7~7;1;4;7;4~5;58~82;3~7;2;0~2;Placed
22~24;Male;BCA~MCA;CSE~IT;7~7;1;4;7;4~5;58~82;3~7;2;0~2;Placed
22~24;Male;BCA~MCA;CSE~IT;7~7;1;4;7;4~5;58~82;3~7;2;0~2;Placed
22~24;Male;BCA~MCA;CSE~IT;7~7;1;4;7;4~5;58~82;3~7;2;0~2;Not Placed
22~24;Male;BCA~MCA;CSE~IT;7~7;1;4;7;4~5;58~82;3~7;2;0~2;Not Placed
22~24;Male;BCA~MCA;CSE~IT;7~7;1;4;7;4~5;58~82;3~7;2;0~2;Not Placed
22~24;Male;BCA~MCA;CSE~IT;7~7;1;4;7;4~5;58~82;3~7;2;0~2;Placed
22~24;Male;BCA~MCA;CSE~IT;7~7;1;4;7;4~5;58~82;3~7;2;0~2;Placed
22~24;Male;BCA~MCA;CSE~IT;7~7;1;4;7;4~5;58~82;3~7;2;0~2;Not Placed
22~24;Male;BCA~MCA;CSE~IT;7~7;1;4;7;6~8;65~86;4~7;2;0~2;Placed
22~24;Male;BCA~MCA;CSE~IT;7~7;1;4;7;6~8;65~86;4~7;2;0~2;Placed
22~24;Male;BCA~MCA;CSE~IT;7~7;1;4;7;6~8;65~86;4~7;2;0~2;Placed
22~24;Male;BCA~MCA;CSE~IT;7~7;1;4;7;6~8;65~86;4~7;2;0~2;Not Placed
22~24;Male;BCA~MCA;CSE~IT;7~7;1;4;7;6~8;65~86;4~7;2;0~2;Placed
22~24;Male;BCA~MCA;CSE~IT;7~7;1;4;7;6~8;65~86;4~7;2;0~2;Placed
22~24;Male;BCA~MCA;CSE~IT;7~7;1;4;7;6~8;65~86;4~7;2;0~2;Placed
22~24;Male;BCA~MCA;CSE~IT;7~8;1;5;8;4~6;61~77;5~8;2;0~2;Placed
22~24;Male;BCA~MCA;CSE~IT;7~8;1;5;8;4~6;61~77;5~8;2;0~2;Placed
22~24;Male;BCA~MCA;CSE~IT;7~8;1;5;8;4~6;61~77;5~8;2;0~2;Placed
22~24;Male;BCA~MCA;CSE~IT;7~8;1;5;8;4~6;61~77;5~8;2;0~2;Placed
22~24;Male;BCA~MCA;CSE~IT;7~8;1;5;8;4~6;61~77;5~8;2;0~2;Placed
22~24;Male;BCA~MCA;CSE~IT;7~8;1;5;8;4~6;61~77;5~8;2;0~2;Placed
22~24;Male;BCA~MCA;CSE~IT;7~8;1;5;8;4~6;61~77;5~8;2;0~2;Not Placed
22~24;Male;BCA~MCA;CSE~IT;7~8;1;5;8;4~6;61~77;5~8;2;0~2;Not Placed
22~24;Male;BCA~MCA;CSE~IT;7~8;1;5;7~8;3~6;78~90;4~8;2~3;0~1;Placed
22~24;Male;BCA~MCA;CSE~IT;7~8;1;5;7~8;3~6;78~90;4~8;2~3;0~1;Placed
22~24;Male;BCA~MCA;CSE~IT;7~8;1;5;7~8;3~6;78~90;4~8;2~3;0~1;Not Placed
22~24;Male;BCA~MCA;CSE~IT;7~8;1;5;7~8;3~6;78~90;4~8;2~3;0~1;Placed
22~24;Male;BCA~MCA;CSE~IT;7~8;1;5;7~8;3~6;78~90;4~8;2~3;0~1;Not Placed
22~24;Male;BCA~MCA;CSE~IT;7~8;1;5;7~8;3~6;78~90;4~8;2~3;0~1;Placed
22~24;Male;BCA~MCA;CSE~IT;7~8;1;5;7~8;3~6;78~90;4~8;2~3;0~1;Placed
22~24;Male;BCA~MCA;CSE~IT;7~8;1;5;7~8;3~6;78~90;4~8;2~3;0~1;Not Placed
23~24;Male;BCA~MCA;CSE~IT;7~8;1;5;7~8;7~8;70~79;4~6;2;0~1;Placed
23~24;Male;BCA~MCA;CSE~IT;7~8;1;5;7~8;7~8;70~79;4~6;2;0~1;Placed
23~24;Male;BCA~MCA;CSE~IT;7~8;1;5;7~8;7~8;70~79;4~6;2;0~1;Placed
23~24;Male;BCA~MCA;CSE~IT;7~8;1;5;7~8;7~8;70~79;4~6;2;0~1;Placed
23~24;Male;BCA~MCA;CSE~IT;7~8;1;5;7~8;7~8;70~79;4~6;2;0~1;Placed
23;Male;BCA~MCA;CSE~IT;8~9;1;5;7~8;7;85~100;4~7;2~3;0~1;Placed
23;Male;BCA~MCA;CSE~IT;8~9;1;5;7~8;7;85~100;4~7;2~3;0~1;Placed
23;Male;BCA~MCA;CSE~IT;8~9;1;5;7~8;7;85~100;4~7;2~3;0~1;Placed
23;Male;BCA~MCA;CSE~IT;8~9;1;5;7~8;7;85~100;4~7;2~3;0~1;Placed
23;Male;BCA~MCA;CSE~IT;8~9;1;5;7~8;7;85~100;4~7;2~3;0~1;Placed
22~24;Male;BCA~MCA;CSE~IT;6~8;1;5;9;4~5;62~74;3~8;3;0~2;Not Placed
22~24;Male;BCA~MCA;CSE~IT;6~8;1;5;9;4~5;62~74;3~8;3;0~2;Not Placed
22~24;Male;BCA~MCA;CSE~IT;6~8;1;5;9;4~5;62~74;3~8;3;0~2;Placed
22~24;Male;BCA~MCA;CSE~IT;6~8;1;5;9;4~5;62~74;3~8;3;0~2;Placed
22~24;Male;BCA~MCA;CSE~IT;6~8;1;5;9;4~5;62~74;3~8;3;0~2;Placed
22~24;Male;BCA~MCA;CSE~IT;6~8;1;5;9;4~5;62~74;3~8;3;0~2;Not Placed
22~24;Male;BCA~MCA;CSE~IT;6~8;1;5;9;4~5;62~74;3~8;3;0~2;Placed
23~24;Male;BCA~MCA;CSE~IT;8~9;1;5~6;9~10;4~5;82~93;3~6;3;0;Placed
23~24;Male;BCA~MCA;CSE~IT;8~9;1;5~6;9~10;4~5;82~93;3~6;3;0;Not Placed
23~24;Male;BCA~MCA;CSE~IT;8~9;1;5~6;9~10;4~5;82~93;3~6;3;0;Placed
23~24;Male;BCA~MCA;CSE~IT;8~9;1;5~6;9~10;4~5;82~93;3~6;3;0;Placed
23~24;Male;BCA~MCA;CSE~IT;8~9;1;5~6;9~10;4~5;82~93;3~6;3;0;Placed
22~24;Male;BCA~MCA;CSE~IT;7~8;1;5~6;9~10;6~9;66~81;4~7;3;0~1;Placed
22~24;Male;BCA~MCA;CSE~IT;7~8;1;5~6;9~10;6~9;66~81;4~7;3;0~1;Placed
22~24;Male;BCA~MCA;CSE~IT;7~8;1;5~6;9~10;6~9;66~81;4~7;3;0~1;Placed
22~24;Male;BCA~MCA;CSE~IT;7~8;1;5~6;9~10;6~9;66~81;4~7;3;0~1;Placed
22~24;Male;BCA~MCA;CSE~IT;7~8;1;5~6;9~10;6~9;66~81;4~7;3;0~1;Placed
22~24;Male;BCA~MCA;CSE~IT;7~8;1;5~6;9~10;6~9;66~81;4~7;3;0~1;Placed
22~24;Male;BCA~MCA;CSE~IT;7~9;1;5~6;9~10;6~9;84~100;4~8;3;0~1;Placed
22~24;Male;BCA~MCA;CSE~IT;7~9;1;5~6;9~10;6~9;84~100;4~8;3;0~1;Placed
22~24;Male;BCA~MCA;CSE~IT;7~9;1;5~6;9~10;6~9;84~100;4~8;3;0~1;Placed
22~24;Male;BCA~MCA;CSE~IT;7~9;1;5~6;9~10;6~9;84~100;4~8;3;0~1;Placed
22~24;Male;BCA~MCA;CSE~IT;7~9;1;5~6;9~10;6~9;84~100;4~8;3;0~1;Placed
22~24;Male;BCA~MCA;CSE~IT;7~9;1;5~6;9~10;6~9;84~100;4~8;3;0~1;Placed
22~24;Male;BCA~MCA;CSE~IT;7~9;1;5~6;9~10;6~9;84~100;4~8;3;0~1;Placed
22~24;Male;BCA~MCA;CSE~IT;7~8;2~3;4~5;6~8;3~5;50~75;4~5;2;0~1;Not Placed
22~24;Male;BCA~MCA;CSE~IT;7~8;2~3;4~5;6~8;3~5;50~75;4~5;2;0~1;Not Placed
22~24;Male;BCA~MCA;CSE~IT;7~8;2~3;4~5;6~8;3~5;50~75;4~5;2;0~1;Not Placed
22~24;Male;BCA~MCA;CSE~IT;7~8;2~3;4~5;6~8;3~5;50~75;4~5;2;0~1;Placed
22~24;Male;BCA~MCA;CSE~IT;7~8;2~3;4~5;6~8;3~5;50~75;4~5;2;0~1;Placed
22~24;Male;BCA~MCA;CSE~IT;7~8;2~3;4~5;6~8;3~5;50~75;4~5;2;0~1;Not Placed
22~24;Male;BCA~MCA;CSE~IT;7~8;2~3;4~5;6~8;3~5;50~75;4~5;2;0~1;Not Placed
22~24;Male;BCA~MCA;CSE~IT;7~7;2~3;4~5;6~8;4~5;62~76;6~8;2;0~1;Placed
22~24;Male;BCA~MCA;CSE~IT;7~7;2~3;4~5;6~8;4~5;62~76;6~8;2;0~1;Placed
22~24;Male;BCA~MCA;CSE~IT;7~7;2~3;4~5;6~8;4~5;62~76;6~8;2;0~1;Placed
22~24;Male;BCA~MCA;CSE~IT;7~7;2~3;4~5;6~8;4~5;62~76;6~8;2;0~1;Placed
22~24;Male;BCA~MCA;CSE~IT;7~7;2~3;4~5;6~8;4~5;62~76;6~8;2;0~1;Not Placed
22~24;Male;BCA~MCA;CSE~IT;7~7;2~3;4~5;6~8;4~5;62~76;6~8;2;0~1;Placed
22~24;Male;BCA~MCA;CSE~IT;7~7;2~3;4~5;5~8;2~5;77~90;4~7;2~3;0~1;Not Placed
22~24;Male;BCA~MCA;CSE~IT;7~7;2~3;4~5;5~8;2~5;77~90;4~7;2~3;0~1;Not Placed
22~24;Male;BCA~MCA;CSE~IT;7~7;2~3;4~5;5~8;2~5;77~90;4~7;2~3;0~1;Placed
22~24;Male;BCA~MCA;CSE~IT;7~7;2~3;4~5;5~8;2~5;77~90;4~7;2~3;0~1;Placed
22~24;Male;BCA~MCA;CSE~IT;7~7;2~3;4~5;5~8;2~5;77~90;4~7;2~3;0~1;Placed
22~24;Male;BCA~MCA;CSE~IT;7~7;2~3;4~5;5~8;2~5;77~90;4~7;2~3;0~1;Not Placed
22~24;Male;BCA~MCA;CSE~IT;7~7;2~3;4~5;5~8;2~5;77~90;4~7;2~3;0~1;Not Placed
22~24;Male;BCA~MCA;CSE~IT;7~9;2~3;5;7~8;4~5;78~100;3~6;2~3;0~1;Not Placed
22~24;Male;BCA~MCA;CSE~IT;7~9;2~3;5;7~8;4~5;78~100;3~6;2~3;0~1;Placed
22~24;Male;BCA~MCA;CSE~IT;7~9;2~3;5;7~8;4~5;78~100;3~6;2~3;0~1;Not Placed
22~24;Male;BCA~MCA;CSE~IT;7~9;2~3;5;7~8;4~5;78~100;3~6;2~3;0~1;Placed
22~24;Male;BCA~MCA;CSE~IT;7~9;2~3;5;7~8;4~5;78~100;3~6;2~3;0~1;Not Placed
22~24;Male;BCA~MCA;CSE~IT;7~9;2~3;5;7~8;4~5;78~100;3~6;2~3;0~1;Not Placed
22~24;Male;BCA~MCA;CSE~IT;7~9;2~3;5;7~8;4~5;78~100;3~6;2~3;0~1;Placed
22~23;Male;BCA~MCA;CSE~IT;6~7;2~3;4~5;7~8;6~8;55~73;5~6;2;0~2;Placed
22~23;Male;BCA~MCA;CSE~IT;6~7;2~3;4~5;7~8;6~8;55~73;5~6;2;0~2;Not Placed
22~23;Male;BCA~MCA;CSE~IT;6~7;2~3;4~5;7~8;6~8;55~73;5~6;2;0~2;Placed
22~23;Male;BCA~MCA;CSE~IT;6~7;2~3;4~5;7~8;6~8;55~73;5~6;2;0~2;Placed
22~23;Male;BCA~MCA;CSE~IT;6~7;2~3;4~5;7~8;6~8;55~73;5~6;2;0~2;Placed
22~24;Male;BCA~MCA;CSE~IT;7~8;2~3;5;7~8;6~7;47~78;3~6;2;0;Placed
22~24;Male;BCA~MCA;CSE~IT;7~8;2~3;5;7~8;6~7;47~78;3~6;2;0;Not Placed
22~24;Male;BCA~MCA;CSE~IT;7~8;2~3;5;7~8;6~7;47~78;3~6;2;0;Placed
22~24;Male;BCA~MCA;CSE~IT;7~8;2~3;5;7~8;6~7;47~78;3~6;2;0;Placed
22~24;Male;BCA~MCA;CSE~IT;7~8;2~3;5;7~8;6~7;47~78;3~6;2;0;Placed
22~24;Male;BCA~MCA;CSE~IT;7~8;2~3;4~5;7~8;6~8;64~78;7~8;2;0~2;Placed
22~24;Male;BCA~MCA;CSE~IT;7~8;2~3;4~5;7~8;6~8;64~78;7~8;2;0~2;Placed
22~24;Male;BCA~MCA;CSE~IT;7~8;2~3;4~5;7~8;6~8;64~78;7~8;2;0~2;Not Placed
22~24;Male;BCA~MCA;CSE~IT;7~8;2~3;4~5;7~8;6~8;64~78;7~8;2;0~2;Placed
22~24;Male;BCA~MCA;CSE~IT;7~8;2~3;4~5;7~8;6~8;64~78;7~8;2;0~2;Placed
22~24;Male;BCA~MCA;CSE~IT;7~8;2~3;4~5;5~8;6~7;79~91;4~5;2~3;0~1;Placed
22~24;Male;BCA~MCA;CSE~IT;7~8;2~3;4~5;5~8;6~7;79~91;4~5;2~3;0~1;Placed
22~24;Male;BCA~MCA;CSE~IT;7~8;2~3;4~5;5~8;6~7;79~91;4~5;2~3;0~1;Placed
22~24;Male;BCA~MCA;CSE~IT;7~8;2~3;4~5;5~8;6~7;79~91;4~5;2~3;0~1;Placed
22~24;Male;BCA~MCA;CSE~IT;7~8;2~3;4~5;5~8;6~7;79~91;4~5;2~3;0~1;Placed
22~24;Male;BCA~MCA;CSE~IT;7~8;2~3;4~5;5~8;6~7;79~91;4~5;2~3;0~1;Placed
22~24;Male;BCA~MCA;CSE~IT;7~8;2~3;4~5;7~8;6~10;79~99;6~7;2~3;0~2;Placed
22~24;Male;BCA~MCA;CSE~IT;7~8;2~3;4~5;7~8;6~10;79~99;6~7;2~3;0~2;Placed
22~24;Male;BCA~MCA;CSE~IT;7~8;2~3;4~5;7~8;6~10;79~99;6~7;2~3;0~2;Not Placed
22~24;Male;BCA~MCA;CSE~IT;7~8;2~3;4~5;7~8;6~10;79~99;6~7;2~3;0~2;Placed
22~24;Male;BCA~MCA;CSE~IT;7~8;2~3;4~5;7~8;6~10;79~99;6~7;2~3;0~2;Placed
22~24;Male;BCA~MCA;CSE~IT;7~8;2~3;4~5;7~8;6~10;79~99;6~7;2~3;0~2;Placed
22~24;Male;BCA~MCA;CSE~IT;7~8;2~3;4~5;7~8;6~10;79~99;6~7;2~3;0~2;Placed
22~24;Male;BCA~MCA;CSE~IT;7~8;2~3;5;9~10;4~6;61~71;4~8;3;0~1;Not Placed
22~24;Male;BCA~MCA;CSE~IT;7~8;2~3;5;9~10;4~6;61~71;4~8;3;0~1;Placed
22~24;Male;BCA~MCA;CSE~IT;7~8;2~3;5;9~10;4~6;61~71;4~8;3;0~1;Not Placed
22~24;Male;BCA~MCA;CSE~IT;7~8;2~3;5;9~10;4~6;61~71;4~8;3;0~1;Placed
22~24;Male;BCA~MCA;CSE~IT;7~8;2~3;5;9~10;4~6;61~71;4~8;3;0~1;Placed
22~24;Male;BCA~MCA;CSE~IT;7~8;2~3;5;9~10;4~6;61~71;4~8;3;0~1;Placed
22~24;Male;BCA~MCA;CSE~IT;7~8;2~3;5;9~10;4~6;61~71;4~8;3;0~1;Not Placed
22~24;Male;BCA;CSE~IT;7~8;2~3;5;9~10;4~6;77~100;4~7;3;0~1;Placed
22~24;Male;BCA;CSE~IT;7~8;2~3;5;9~10;4~6;77~100;4~7;3;0~1;Placed
22~24;Male;BCA;CSE~IT;7~8;2~3;5;9~10;4~6;77~100;4~7;3;0~1;Not Placed
22~24;Male;BCA;CSE~IT;7~8;2~3;5;9~10;4~6;77~100;4~7;3;0~1;Placed
22~24;Male;BCA;CSE~IT;7~8;2~3;5;9~10;4~6;77~100;4~7;3;0~1;Placed
22~24;Male;BCA;CSE~IT;7~8;2~3;5;9~10;4~6;77~100;4~7;3;0~1;Placed
22~24;Male;BCA;CSE~IT;7~8;2~3;5;9~10;4~6;77~100;4~7;3;0~1;Not Placed
22~24;Male;BCA~MCA;CSE~IT;7~8;2~3;5;9~10;7~9;68~100;3~6;3;0~2;Placed
22~24;Male;BCA~MCA;CSE~IT;7~8;2~3;5;9~10;7~9;68~100;3~6;3;0~2;Placed
22~24;Male;BCA~MCA;CSE~IT;7~8;2~3;5;9~10;7~9;68~100;3~6;3;0~2;Placed
22~24;Male;BCA~MCA;CSE~IT;7~8;2~3;5;9~10;7~9;68~100;3~6;3;0~2;Placed
22~24;Male;BCA~MCA;CSE~IT;7~8;2~3;5;9~10;7~9;68~100;3~6;3;0~2;Placed
22~24;Male;BCA~MCA;CSE~IT;7~8;2~3;5;9~10;7~9;68~100;3~6;3;0~2;Not Placed
22~24;Male;MCA;CSE~IT;8~9;2~3;6;10;3~5;83~100;3~6;3;0~1;Not Placed
22~24;Male;MCA;CSE~IT;8~9;2~3;6;10;3~5;83~100;3~6;3;0~1;Not Placed
22~24;Male;MCA;CSE~IT;8~9;2~3;6;10;3~5;83~100;3~6;3;0~1;Not Placed
22~24;Male;MCA;CSE~IT;8~9;2~3;6;10;3~5;83~100;3~6;3;0~1;Not Placed
22~24;Male;MCA;CSE~IT;8~9;2~3;6;10;3~5;83~100;3~6;3;0~1;Placed
22~24;Male;BCA~MCA;CSE~IT;8~9;2~3;6;9~10;6~8;83~100;4~7;3;0~1;Placed
22~24;Male;BCA~MCA;CSE~IT;8~9;2~3;6;9~10;6~8;83~100;4~7;3;0~1;Placed
22~24;Male;BCA~MCA;CSE~IT;8~9;2~3;6;9~10;6~8;83~100;4~7;3;0~1;Placed
22~24;Male;BCA~MCA;CSE~IT;8~9;2~3;6;9~10;6~8;83~100;4~7;3;0~1;Placed
22~24;Male;BCA~MCA;CSE~IT;8~9;2~3;6;9~10;6~8;83~100;4~7;3;0~1;Placed
22~24;Female;B.Tech~B.Sc;ECE~ME~Civil;5~6;0;2~3;3~4;2~5;39~59;4~5;1;0~1;Not Placed
22~24;Female;B.Tech~B.Sc;ECE~ME~Civil;5~6;0;2~3;3~4;2~5;39~59;4~5;1;0~1;Not Placed
22~24;Female;B.Tech~B.Sc;ECE~ME~Civil;5~6;0;2~3;3~4;2~5;39~59;4~5;1;0~1;Not Placed
22~24;Female;B.Tech~B.Sc;ECE~ME~Civil;5~6;0;2~3;3~4;2~5;39~59;4~5;1;0~1;Not Placed
22~24;Female;B.Tech~B.Sc;ECE~ME~Civil;5~6;0;2~3;3~4;2~5;39~59;4~5;1;0~1;Not Placed
22~24;Female;B.Tech~B.Sc;ECE~ME~Civil;5~6;0;2~3;3~4;2~5;39~59;4~5;1;0~1;Not Placed
22~24;Female;B.Tech~B.Sc;ECE~ME~Civil;5~6;0;2~3;3~4;2~5;39~59;4~5;1;0~1;Not Placed
22~24;Female;B.Tech~B.Sc;ECE~ME~Civil;5~6;0;2~3;3~4;2~5;39~59;4~5;1;0~1;Not Placed
22~24;Female;B.Tech~B.Sc;ECE~ME~Civil;5~6;0;2~3;3~4;2~5;39~59;4~5;1;0~1;Not Placed
22~24;Female;B.Tech~B.Sc;ME~Civil;5~5;0;2;1~3;2~5;39~53;5;0~1;2~3;Not Placed
22~24;Female;B.Tech~B.Sc;ME~Civil;5~5;0;2;1~3;2~5;39~53;5;0~1;2~3;Not Placed
22~24;Female;B.Tech~B.Sc;ME~Civil;5~5;0;2;1~3;2~5;39~53;5;0~1;2~3;Not Placed
22~24;Female;B.Tech~B.Sc;ME~Civil;5~5;0;2;1~3;2~5;39~53;5;0~1;2~3;Not Placed
22~24;Female;B.Tech~B.Sc;ME~Civil;5~5;0;2;1~3;2~5;39~53;5;0~1;2~3;Not Placed
22~24;Female;B.Tech~B.Sc;ECE~ME~Civil;5~6;0;2~3;2~4;3~5;40~58;3~5;1;2~3;Not Placed
22~24;Female;B.Tech~B.Sc;ECE~ME~Civil;5~6;0;2~3;2~4;3~5;40~58;3~5;1;2~3;Not Placed
22~24;Female;B.Tech~B.Sc;ECE~ME~Civil;5~6;0;2~3;2~4;3~5;40~58;3~5;1;2~3;Not Placed
22~24;Female;B.Tech~B.Sc;ECE~ME~Civil;5~6;0;2~3;2~4;3~5;40~58;3~5;1;2~3;Not Placed
22~24;Female;B.Tech~B.Sc;ECE~ME~Civil;5~6;0;2~3;2~4;3~5;40~58;3~5;1;2~3;Not Placed
22~23;Female;B.Tech~B.Sc;ECE~ME;5~6;0;2~3;2~4;4~5;49~54;6~9;1;0~1;Not Placed
22~23;Female;B.Tech~B.Sc;ECE~ME;5~6;0;2~3;2~4;4~5;49~54;6~9;1;0~1;Not Placed
22~23;Female;B.Tech~B.Sc;ECE~ME;5~6;0;2~3;2~4;4~5;49~54;6~9;1;0~1;Not Placed
22~23;Female;B.Tech~B.Sc;ECE~ME;5~6;0;2~3;2~4;4~5;49~54;6~9;1;0~1;Not Placed
22~23;Female;B.Tech~B.Sc;ECE~ME;5~6;0;2~3;2~4;4~5;49~54;6~9;1;0~1;Not Placed
22~24;Female;B.Tech~B.Sc;Civil;6~6;0;3;3~4;3~5;44~59;6~7;1;0~1;Not Placed
22~24;Female;B.Tech~B.Sc;Civil;6~6;0;3;3~4;3~5;44~59;6~7;1;0~1;Not Placed
22~24;Female;B.Tech~B.Sc;Civil;6~6;0;3;3~4;3~5;44~59;6~7;1;0~1;Not Placed
22~24;Female;B.Tech~B.Sc;Civil;6~6;0;3;3~4;3~5;44~59;6~7;1;0~1;Not Placed
22~24;Female;B.Tech~B.Sc;Civil;6~6;0;3;3~4;3~5;44~59;6~7;1;0~1;Not Placed
22~24;Female;B.Tech~B.Sc;ME~Civil;4~6;0;2~3;2~3;4~5;35~59;6~7;0~1;2~3;Not Placed
22~24;Female;B.Tech~B.Sc;ME~Civil;4~6;0;2~3;2~3;4~5;35~59;6~7;0~1;2~3;Not Placed
22~24;Female;B.Tech~B.Sc;ME~Civil;4~6;0;2~3;2~3;4~5;35~59;6~7;0~1;2~3;Not Placed
22~24;Female;B.Tech~B.Sc;ME~Civil;4~6;0;2~3;2~3;4~5;35~59;6~7;0~1;2~3;Not Placed
22~24;Female;B.Tech~B.Sc;ME~Civil;4~6;0;2~3;2~3;4~5;35~59;6~7;0~1;2~3;Not Placed
22~24;Female;B.Tech~B.Sc;ME;5~6;0;2~3;2~4;3~5;60~85;4~5;1;1;Not Placed
22~24;Female;B.Tech~B.Sc;ME;5~6;0;2~3;2~4;3~5;60~85;4~5;1;1;Not Placed
22~24;Female;B.Tech~B.Sc;ME;5~6;0;2~3;2~4;3~5;60~85;4~5;1;1;Not Placed
22~24;Female;B.Tech~B.Sc;ME;5~6;0;2~3;2~4;3~5;60~85;4~5;1;1;Not Placed
22~24;Female;B.Tech~B.Sc;ME;5~6;0;2~3;2~4;3~5;60~85;4~5;1;1;Not Placed
22~24;Female;B.Tech~B.Sc;ME;5~6;0;2~3;2~4;3~5;60~85;4~5;1;1;Not Placed
22~24;Female;B.Tech~B.Sc;ME;5~6;0;2~3;2~4;3~5;60~85;4~5;1;1;Not Placed
22~24;Female;B.Tech~B.Sc;ME;5~6;0;2~3;2~4;3~5;60~85;4~5;1;1;Not Placed
22~24;Female;B.Tech~B.Sc;ECE~ME~Civil;6~6;0;2~3;2~4;2~5;61~82;4~5;1;0~1;Not Placed
22~24;Female;B.Tech~B.Sc;ECE~ME~Civil;6~6;0;2~3;2~4;2~5;61~82;4~5;1;0~1;Not Placed
22~24;Female;B.Tech~B.Sc;ECE~ME~Civil;6~6;0;2~3;2~4;2~5;61~82;4~5;1;0~1;Not Placed
22~24;Female;B.Tech~B.Sc;ECE~ME~Civil;6~6;0;2~3;2~4;2~5;61~82;4~5;1;0~1;Not Placed
22~24;Female;B.Tech~B.Sc;ECE~ME~Civil;6~6;0;2~3;2~4;2~5;61~82;4~5;1;0~1;Not Placed
22~24;Female;B.Tech~B.Sc;ECE~ME~Civil;6~6;0;2~3;2~4;2~5;61~82;4~5;1;0~1;Not Placed
22~24;Female;B.Tech~B.Sc;ECE~ME~Civil;6~6;0;2~3;2~4;2~5;61~82;4~5;1;0~1;Not Placed
22~24;Female;B.Tech~B.Sc;ECE~ME~Civil;6~6;0;2~3;2~4;2~5;61~82;4~5;1;0~1;Not Placed
23~24;Female;B.Tech~B.Sc;ECE~ME;4~7;0;2~3;1~4;3~5;63~74;2~5;1;2~3;Not Placed
23~24;Female;B.Tech~B.Sc;ECE~ME;4~7;0;2~3;1~4;3~5;63~74;2~5;1;2~3;Not Placed
23~24;Female;B.Tech~B.Sc;ECE~ME;4~7;0;2~3;1~4;3~5;63~74;2~5;1;2~3;Not Placed
23~24;Female;B.Tech~B.Sc;ECE~ME;4~7;0;2~3;1~4;3~5;63~74;2~5;1;2~3;Not Placed
23~24;Female;B.Tech~B.Sc;ECE~ME;4~7;0;2~3;1~4;3~5;63~74;2~5;1;2~3;Not Placed
23~24;Female;B.Tech~B.Sc;ECE~ME;4~7;0;2~3;1~4;3~5;63~74;2~5;1;2~3;Not Placed
23~24;Female;B.Tech~B.Sc;ECE~ME;4~7;0;2~3;1~4;3~5;63~74;2~5;1;2~3;Not Placed
22~24;Female;B.Tech~B.Sc;ECE~ME~Civil;5~6;0;2~3;1~4;3~5;64~89;6~9;1~2;0~3;Not Placed
22~24;Female;B.Tech~B.Sc;ECE~ME~Civil;5~6;0;2~3;1~4;3~5;64~89;6~9;1~2;0~3;Not Placed
22~24;Female;B.Tech~B.Sc;ECE~ME~Civil;5~6;0;2~3;1~4;3~5;64~89;6~9;1~2;0~3;Not Placed
22~24;Female;B.Tech~B.Sc;ECE~ME~Civil;5~6;0;2~3;1~4;3~5;64~89;6~9;1~2;0~3;Not Placed
22~24;Female;B.Tech~B.Sc;ECE~ME~Civil;5~6;0;2~3;1~4;3~5;64~89;6~9;1~2;0~3;Not Placed
22~24;Female;B.Tech~B.Sc;ECE~ME~Civil;5~6;0;2~3;1~4;3~5;64~89;6~9;1~2;0~3;Not Placed
22~24;Female;B.Tech~B.Sc;ECE~ME~Civil;5~6;0;2~3;1~4;3~5;64~89;6~9;1~2;0~3;Not Placed
22~24;Female;B.Tech~B.Sc;ECE~ME~Civil;5~6;0;2~3;1~4;3~5;64~89;6~9;1~2;0~3;Not Placed
22~24;Female;B.Tech~B.Sc;ECE~ME~Civil;5~6;0;2~3;1~4;3~5;64~89;6~9;1~2;0~3;Not Placed
22~24;Female;B.Tech~B.Sc;ECE~ME;5~6;0;2~3;1~4;7;38~58;4~5;0~1;0~1;Not Placed
22~24;Female;B.Tech~B.Sc;ECE~ME;5~6;0;2~3;1~4;7;38~58;4~5;0~1;0~1;Not Placed
22~24;Female;B.Tech~B.Sc;ECE~ME;5~6;0;2~3;1~4;7;38~58;4~5;0~1;0~1;Not Placed
22~24;Female;B.Tech~B.Sc;ECE~ME;5~6;0;2~3;1~4;7;38~58;4~5;0~1;0~1;Not Placed
22~24;Female;B.Tech~B.Sc;ECE~ME;5~6;0;2~3;1~4;7;38~58;4~5;0~1;0~1;Not Placed
22~24;Female;B.Tech~B.Sc;ECE~ME;5~6;0;2~3;1~4;7;38~58;4~5;0~1;0~1;Not Placed
23~24;Female;B.Tech~B.Sc;Civil;4~6;0;1~3;1~4;6~10;44~60;4~5;0~1;1;Not Placed
23~24;Female;B.Tech~B.Sc;Civil;4~6;0;1~3;1~4;6~10;44~60;4~5;0~1;1;Not Placed
23~24;Female;B.Tech~B.Sc;Civil;4~6;0;1~3;1~4;6~10;44~60;4~5;0~1;1;Not Placed
23~24;Female;B.Tech~B.Sc;Civil;4~6;0;1~3;1~4;6~10;44~60;4~5;0~1;1;Not Placed
23~24;Female;B.Tech~B.Sc;Civil;4~6;0;1~3;1~4;6~10;44~60;4~5;0~1;1;Not Placed
23~24;Female;B.Tech~B.Sc;Civil;4~6;0;1~3;1~4;6~10;44~60;4~5;0~1;1;Not Placed
22~24;Female;B.Tech~B.Sc;ECE~ME~Civil;4~6;0;2~3;2~4;6~9;35~60;3~5;1;2~3;Not Placed
22~24;Female;B.Tech~B.Sc;ECE~ME~Civil;4~6;0;2~3;2~4;6~9;35~60;3~5;1;2~3;Not Placed
22~24;Female;B.Tech~B.Sc;ECE~ME~Civil;4~6;0;2~3;2~4;6~9;35~60;3~5;1;2~3;Not Placed
22~24;Female;B.Tech~B.Sc;ECE~ME~Civil;4~6;0;2~3;2~4;6~9;35~60;3~5;1;2~3;Not Placed
22~24;Female;B.Tech~B.Sc;ECE~ME~Civil;4~6;0;2~3;2~4;6~9;35~60;3~5;1;2~3;Not Placed
22~24;Female;B.Tech~B.Sc;ECE~ME~Civil;4~6;0;2~3;2~4;6~9;35~60;3~5;1;2~3;Not Placed
22~24;Female;B.Tech~B.Sc;ECE~ME~Civil;4~6;0;2~3;2~4;6~9;35~60;3~5;1;2~3;Not Placed
22~24;Female;B.Tech~B.Sc;ECE~ME~Civil;4~6;0;2~3;2~4;6~9;35~60;3~5;1;2~3;Not Placed
23~24;Female;B.Tech~B.Sc;ECE~ME~Civil;5~6;0;2~3;2~4;6~7;46~58;6~7;1;1;Not Placed
23~24;Female;B.Tech~B.Sc;ECE~ME~Civil;5~6;0;2~3;2~4;6~7;46~58;6~7;1;1;Not Placed
23~24;Female;B.Tech~B.Sc;ECE~ME~Civil;5~6;0;2~3;2~4;6~7;46~58;6~7;1;1;Not Placed
23~24;Female;B.Tech~B.Sc;ECE~ME~Civil;5~6;0;2~3;2~4;6~7;46~58;6~7;1;1;Not Placed
23~24;Female;B.Tech~B.Sc;ECE~ME~Civil;5~6;0;2~3;2~4;6~7;46~58;6~7;1;1;Not Placed
23~24;Female;B.Tech~B.Sc;ECE~ME~Civil;5~6;0;2~3;2~4;6~7;46~58;6~7;1;1;Not Placed
22~24;Female;B.Tech~B.Sc;ECE~ME~Civil;4~6;0;1~3;1~4;6~8;44~60;6~7;0~1;2~3;Not Placed
22~24;Female;B.Tech~B.Sc;ECE~ME~Civil;4~6;0;1~3;1~4;6~8;44~60;6~7;0~1;2~3;Not Placed
22~24;Female;B.Tech~B.Sc;ECE~ME~Civil;4~6;0;1~3;1~4;6~8;44~60;6~7;0~1;2~3;Not Placed
22~24;Female;B.Tech~B.Sc;ECE~ME~Civil;4~6;0;1~3;1~4;6~8;44~60;6~7;0~1;2~3;Not Placed
22~24;Female;B.Tech~B.Sc;ECE~ME~Civil;4~6;0;1~3;1~4;6~8;44~60;6~7;0~1;2~3;Not Placed
22~24;Female;B.Tech~B.Sc;ECE~ME~Civil;4~6;0;1~3;1~4;6~8;44~60;6~7;0~1;2~3;Not Placed
22~24;Female;B.Tech~B.Sc;ECE~ME~Civil;5~6;0;2~3;2~4;6~9;62~80;3~5;1;0~1;Not Placed
22~24;Female;B.Tech~B.Sc;ECE~ME~Civil;5~6;0;2~3;2~4;6~9;62~80;3~5;1;0~1;Not Placed
22~24;Female;B.Tech~B.Sc;ECE~ME~Civil;5~6;0;2~3;2~4;6~9;62~80;3~5;1;0~1;Not Placed
22~24;Female;B.Tech~B.Sc;ECE~ME~Civil;5~6;0;2~3;2~4;6~9;62~80;3~5;1;0~1;Not Placed
22~24;Female;B.Tech~B.Sc;ECE~ME~Civil;5~6;0;2~3;2~4;6~9;62~80;3~5;1;0~1;Not Placed
22~24;Female;B.Tech~B.Sc;ECE~ME~Civil;5~6;0;2~3;2~4;6~9;62~80;3~5;1;0~1;Not Placed
22~24;Female;B.Tech~B.Sc;ECE~ME~Civil;5~6;0;2~3;2~4;6~9;62~80;3~5;1;0~1;Not Placed
22~24;Female;B.Tech~B.Sc;ECE~ME~Civil;5~6;0;2~3;2~4;6~9;62~80;3~5;1;0~1;Not Placed
22~24;Female;B.Tech~B.Sc;ECE~ME~Civil;5~6;0;2~3;2~4;6~9;62~80;3~5;1;0~1;Not Placed
22~24;Female;B.Tech~B.Sc;ECE~ME~Civil;5~6;0;2~3;1~4;6~8;61~81;3~5;1~2;2~3;Not Placed
22~24;Female;B.Tech~B.Sc;ECE~ME~Civil;5~6;0;2~3;1~4;6~8;61~81;3~5;1~2;2~3;Not Placed
22~24;Female;B.Tech~B.Sc;ECE~ME~Civil;5~6;0;2~3;1~4;6~8;61~81;3~5;1~2;2~3;Not Placed
22~24;Female;B.Tech~B.Sc;ECE~ME~Civil;5~6;0;2~3;1~4;6~8;61~81;3~5;1~2;2~3;Not Placed
22~24;Female;B.Tech~B.Sc;ECE~ME~Civil;5~6;0;2~3;1~4;6~8;61~81;3~5;1~2;2~3;Not Placed
22~24;Female;B.Tech~B.Sc;ECE~ME~Civil;5~6;0;2~3;1~4;6~8;61~81;3~5;1~2;2~3;Not Placed
22~24;Female;B.Tech~B.Sc;ECE~ME~Civil;5~6;0;2~3;1~4;6~8;61~81;3~5;1~2;2~3;Not Placed
22~24;Female;B.Tech~B.Sc;ECE~ME~Civil;5~6;0;2~3;1~4;6~8;61~81;3~5;1~2;2~3;Not Placed
22~24;Female;B.Tech~B.Sc;ECE~ME~Civil;5~6;0;2~3;1~4;6~8;61~81;3~5;1~2;2~3;Not Placed
22~24;Female;B.Tech~B.Sc;ECE~ME~Civil;5~6;0;2~3;2~4;6~8;61~81;6~8;1~2;0~1;Not Placed
22~24;Female;B.Tech~B.Sc;ECE~ME~Civil;5~6;0;2~3;2~4;6~8;61~81;6~8;1~2;0~1;Not Placed
22~24;Female;B.Tech~B.Sc;ECE~ME~Civil;5~6;0;2~3;2~4;6~8;61~81;6~8;1~2;0~1;Not Placed
22~24;Female;B.Tech~B.Sc;ECE~ME~Civil;5~6;0;2~3;2~4;6~8;61~81;6~8;1~2;0~1;Not Placed
22~24;Female;B.Tech~B.Sc;ECE~ME~Civil;5~6;0;2~3;2~4;6~8;61~81;6~8;1~2;0~1;Not Placed
22~24;Female;B.Tech~B.Sc;ECE~ME~Civil;5~6;0;2~3;2~4;6~8;61~81;6~8;1~2;0~1;Not Placed
22~24;Female;B.Tech~B.Sc;ECE~ME~Civil;5~6;0;2~3;2~4;6~8;61~81;6~8;1~2;0~1;Not Placed
22~24;Female;B.Tech~B.Sc;ECE~ME~Civil;5~6;0;2~3;2~4;6~8;61~81;6~8;1~2;0~1;Not Placed
22~24;Female;B.Tech~B.Sc;ECE~ME~Civil;5~6;0;2~3;2~4;6~8;61~81;6~8;1~2;0~1;Not Placed
22~23;Female;B.Tech~B.Sc;ME~Civil;5~7;0;2~3;2~4;6~10;66~100;6~7;1~2;2~3;Not Placed
22~23;Female;B.Tech~B.Sc;ME~Civil;5~7;0;2~3;2~4;6~10;66~100;6~7;1~2;2~3;Not Placed
22~23;Female;B.Tech~B.Sc;ME~Civil;5~7;0;2~3;2~4;6~10;66~100;6~7;1~2;2~3;Not Placed
22~23;Female;B.Tech~B.Sc;ME~Civil;5~7;0;2~3;2~4;6~10;66~100;6~7;1~2;2~3;Not Placed
22~23;Female;B.Tech~B.Sc;ME~Civil;5~7;0;2~3;2~4;6~10;66~100;6~7;1~2;2~3;Not Placed
22~23;Female;B.Tech~B.Sc;ME~Civil;5~7;0;2~3;2~4;6~10;66~100;6~7;1~2;2~3;Not Placed
22~24;Female;B.Tech~B.Sc;ECE~ME~Civil;4~6;0;3;5~6;2~5;37~61;3~7;1~2;1~3;Not Placed
22~24;Female;B.Tech~B.Sc;ECE~ME~Civil;4~6;0;3;5~6;2~5;37~61;3~7;1~2;1~3;Not Placed
22~24;Female;B.Tech~B.Sc;ECE~ME~Civil;4~6;0;3;5~6;2~5;37~61;3~7;1~2;1~3;Not Placed
22~24;Female;B.Tech~B.Sc;ECE~ME~Civil;4~6;0;3;5~6;2~5;37~61;3~7;1~2;1~3;Not Placed
22~24;Female;B.Tech~B.Sc;ECE~ME~Civil;4~6;0;3;5~6;2~5;37~61;3~7;1~2;1~3;Not Placed
22~24;Female;B.Tech~B.Sc;ECE~ME~Civil;4~6;0;3;5~6;2~5;37~61;3~7;1~2;1~3;Not Placed
22~24;Female;B.Tech~B.Sc;ECE~ME~Civil;4~6;0;3;5~6;2~5;37~61;3~7;1~2;1~3;Not Placed
22~24;Female;B.Tech~B.Sc;ECE~ME~Civil;4~6;0;3;5~6;2~5;37~61;3~7;1~2;1~3;Not Placed
22~24;Female;B.Tech~B.Sc;ECE~ME~Civil;4~6;0;3;5~6;2~5;37~61;3~7;1~2;1~3;Not Placed
22~24;Female;B.Tech~B.Sc;ECE~ME~Civil;5~6;0;3;5;3~5;62~76;4~8;2;1~3;Not Placed
22~24;Female;B.Tech~B.Sc;ECE~ME~Civil;5~6;0;3;5;3~5;62~76;4~8;2;1~3;Not Placed
22~24;Female;B.Tech~B.Sc;ECE~ME~Civil;5~6;0;3;5;3~5;62~76;4~8;2;1~3;Not Placed
22~24;Female;B.Tech~B.Sc;ECE~ME~Civil;5~6;0;3;5;3~5;62~76;4~8;2;1~3;Not Placed
22~24;Female;B.Tech~B.Sc;ECE~ME~Civil;5~6;0;3;5;3~5;62~76;4~8;2;1~3;Not Placed
22~24;Female;B.Tech~B.Sc;ECE~ME~Civil;6~6;0;3;5;3~5;66~75;3~5;2;0~1;Not Placed
22~24;Female;B.Tech~B.Sc;ECE~ME~Civil;6~6;0;3;5;3~5;66~75;3~5;2;0~1;Placed
22~24;Female;B.Tech~B.Sc;ECE~ME~Civil;6~6;0;3;5;3~5;66~75;3~5;2;0~1;Placed
22~24;Female;B.Tech~B.Sc;ECE~ME~Civil;6~6;0;3;5;3~5;66~75;3~5;2;0~1;Not Placed
22~24;Female;B.Tech~B.Sc;ECE~ME~Civil;6~6;0;3;5;3~5;66~75;3~5;2;0~1;Not Placed
22~24;Female;B.Tech~B.Sc;ME~Civil;5~6;0;3;5;6~8;44~58;4~7;1;1;Not Placed
22~24;Female;B.Tech~B.Sc;ME~Civil;5~6;0;3;5;6~8;44~58;4~7;1;1;Not Placed
22~24;Female;B.Tech~B.Sc;ME~Civil;5~6;0;3;5;6~8;44~58;4~7;1;1;Not Placed
22~24;Female;B.Tech~B.Sc;ME~Civil;5~6;0;3;5;6~8;44~58;4~7;1;1;Not Placed
22~24;Female;B.Tech~B.Sc;ME~Civil;5~6;0;3;5;6~8;44~58;4~7;1;1;Not Placed
22~24;Female;B.Tech~B.Sc;ME~Civil;5~6;0;3;5;6~8;44~58;4~7;1;1;Not Placed
22~24;Female;B.Tech~B.Sc;ECE~ME~Civil;5~6;0;3;5~6;6~8;59~80;4~7;1~2;0~3;Placed
22~24;Female;B.Tech~B.Sc;ECE~ME~Civil;5~6;0;3;5~6;6~8;59~80;4~7;1~2;0~3;Not Placed
22~24;Female;B.Tech~B.Sc;ECE~ME~Civil;5~6;0;3;5~6;6~8;59~80;4~7;1~2;0~3;Placed
22~24;Female;B.Tech~B.Sc;ECE~ME~Civil;5~6;0;3;5~6;6~8;59~80;4~7;1~2;0~3;Not Placed
22~24;Female;B.Tech~B.Sc;ECE~ME~Civil;5~6;0;3;5~6;6~8;59~80;4~7;1~2;0~3;Not Placed
22~24;Female;B.Tech~B.Sc;ECE~ME~Civil;5~6;0;3;5~6;6~8;59~80;4~7;1~2;0~3;Not Placed
22~24;Female;B.Tech~B.Sc;ECE~ME~Civil;5~6;0;3;5~6;6~8;59~80;4~7;1~2;0~3;Not Placed
22~24;Female;B.Tech~B.Sc;ECE~ME~Civil;6~6;0;4;6;1~5;50~75;4~7;2;0~3;Placed
22~24;Female;B.Tech~B.Sc;ECE~ME~Civil;6~6;0;4;6;1~5;50~75;4~7;2;0~3;Not Placed
22~24;Female;B.Tech~B.Sc;ECE~ME~Civil;6~6;0;4;6;1~5;50~75;4~7;2;0~3;Placed
22~24;Female;B.Tech~B.Sc;ECE~ME~Civil;6~6;0;4;6;1~5;50~75;4~7;2;0~3;Placed
22~24;Female;B.Tech~B.Sc;ECE~ME~Civil;6~6;0;4;6;1~5;50~75;4~7;2;0~3;Not Placed
22~24;Female;B.Tech~B.Sc;ECE~ME~Civil;6~6;0;4;6;1~5;50~75;4~7;2;0~3;Placed
22~24;Female;B.Tech~B.Sc;ECE~ME~Civil;6~6;0;4;6;1~5;50~75;4~7;2;0~3;Not Placed
22~24;Female;B.Tech~B.Sc;ECE~ME~Civil;6~6;0;4;6;1~5;50~75;4~7;2;0~3;Not Placed
22~24;Female;B.Tech~B.Sc;ECE~ME~Civil;6~6;0;4;6;1~5;50~75;4~7;2;0~3;Placed
22~24;Female;B.Tech~B.Sc;ECE~ME~Civil;6~6;0;4;6;6~8;51~72;3~7;2;0~3;Placed
22~24;Female;B.Tech~B.Sc;ECE~ME~Civil;6~6;0;4;6;6~8;51~72;3~7;2;0~3;Not Placed
22~24;Female;B.Tech~B.Sc;ECE~ME~Civil;6~6;0;4;6;6~8;51~72;3~7;2;0~3;Not Placed
22~24;Female;B.Tech~B.Sc;ECE~ME~Civil;6~6;0;4;6;6~8;51~72;3~7;2;0~3;Placed
22~24;Female;B.Tech~B.Sc;ECE~ME~Civil;6~6;0;4;6;6~8;51~72;3~7;2;0~3;Not Placed
22~23;Female;B.Tech~B.Sc;ECE~ME;6~6;0;4;7~8;4~7;58~84;4~8;2;0~2;Placed
22~23;Female;B.Tech~B.Sc;ECE~ME;6~6;0;4;7~8;4~7;58~84;4~8;2;0~2;Not Placed
22~23;Female;B.Tech~B.Sc;ECE~ME;6~6;0;4;7~8;4~7;58~84;4~8;2;0~2;Not Placed
22~23;Female;B.Tech~B.Sc;ECE~ME;6~6;0;4;7~8;4~7;58~84;4~8;2;0~2;Not Placed
22~23;Female;B.Tech~B.Sc;ECE~ME;6~6;0;4;7~8;4~7;58~84;4~8;2;0~2;Placed
22~23;Female;B.Tech~B.Sc;ECE~ME;6~6;0;4;7~8;4~7;58~84;4~8;2;0~2;Not Placed
23~24;Female;B.Tech~B.Sc;ECE~ME~Civil;4~6;1;1~3;1~4;4~6;38~61;2~7;0~1;0~2;Not Placed
23~24;Female;B.Tech~B.Sc;ECE~ME~Civil;4~6;1;1~3;1~4;4~6;38~61;2~7;0~1;0~2;Not Placed
23~24;Female;B.Tech~B.Sc;ECE~ME~Civil;4~6;1;1~3;1~4;4~6;38~61;2~7;0~1;0~2;Not Placed
23~24;Female;B.Tech~B.Sc;ECE~ME~Civil;4~6;1;1~3;1~4;4~6;38~61;2~7;0~1;0~2;Not Placed
23~24;Female;B.Tech~B.Sc;ECE~ME~Civil;4~6;1;1~3;1~4;4~6;38~61;2~7;0~1;0~2;Not Placed
23~24;Female;B.Tech~B.Sc;ECE~ME~Civil;4~6;1;1~3;1~4;4~6;38~61;2~7;0~1;0~2;Not Placed
23~24;Female;B.Tech~B.Sc;ECE~ME~Civil;4~6;1;1~3;1~4;4~6;38~61;2~7;0~1;0~2;Not Placed
23~24;Female;B.Tech~B.Sc;ECE~ME~Civil;4~6;1;1~3;1~4;4~6;38~61;2~7;0~1;0~2;Not Placed
22~24;Female;B.Tech~B.Sc;ME~Civil;4~6;1;2~3;2~3;4~6;35~61;4~7;1;3;Not Placed
22~24;Female;B.Tech~B.Sc;ME~Civil;4~6;1;2~3;2~3;4~6;35~61;4~7;1;3;Not Placed
22~24;Female;B.Tech~B.Sc;ME~Civil;4~6;1;2~3;2~3;4~6;35~61;4~7;1;3;Not Placed
22~24;Female;B.Tech~B.Sc;ME~Civil;4~6;1;2~3;2~3;4~6;35~61;4~7;1;3;Not Placed
22~24;Female;B.Tech~B.Sc;ME~Civil;4~6;1;2~3;2~3;4~6;35~61;4~7;1;3;Not Placed
22~23;Female;B.Tech~B.Sc;ECE~ME~Civil;4~6;1;2~3;2~4;3~6;65~85;3~5;1~2;0~3;Not Placed
22~23;Female;B.Tech~B.Sc;ECE~ME~Civil;4~6;1;2~3;2~4;3~6;65~85;3~5;1~2;0~3;Not Placed
22~23;Female;B.Tech~B.Sc;ECE~ME~Civil;4~6;1;2~3;2~4;3~6;65~85;3~5;1~2;0~3;Not Placed
22~23;Female;B.Tech~B.Sc;ECE~ME~Civil;4~6;1;2~3;2~4;3~6;65~85;3~5;1~2;0~3;Not Placed
22~23;Female;B.Tech~B.Sc;ECE~ME~Civil;4~6;1;2~3;2~4;3~6;65~85;3~5;1~2;0~3;Not Placed
22~23;Female;B.Tech~B.Sc;ECE~ME~Civil;4~6;1;2~3;2~4;3~6;65~85;3~5;1~2;0~3;Not Placed
22~23;Female;B.Tech~B.Sc;ECE~ME~Civil;4~6;1;2~3;2~4;3~6;65~85;3~5;1~2;0~3;Not Placed
22~23;Female;B.Tech~B.Sc;ECE~ME~Civil;4~6;1;2~3;2~4;3~6;65~85;3~5;1~2;0~3;Not Placed
22~23;Female;B.Tech~B.Sc;ME~Civil;6~6;1;2~3;1~4;3~6;62~82;6~8;1;1~3;Not Placed
22~23;Female;B.Tech~B.Sc;ME~Civil;6~6;1;2~3;1~4;3~6;62~82;6~8;1;1~3;Not Placed
22~23;Female;B.Tech~B.Sc;ME~Civil;6~6;1;2~3;1~4;3~6;62~82;6~8;1;1~3;Not Placed
22~23;Female;B.Tech~B.Sc;ME~Civil;6~6;1;2~3;1~4;3~6;62~82;6~8;1;1~3;Not Placed
22~23;Female;B.Tech~B.Sc;ME~Civil;6~6;1;2~3;1~4;3~6;62~82;6~8;1;1~3;Not Placed
22~23;Female;B.Tech~B.Sc;ME~Civil;6~6;1;2~3;1~4;3~6;62~82;6~8;1;1~3;Not Placed
22~24;Female;B.Tech~B.Sc;ECE~ME~Civil;4~6;1;2~3;2~4;7~9;39~61;3~7;1;0~3;Not Placed
22~24;Female;B.Tech~B.Sc;ECE~ME~Civil;4~6;1;2~3;2~4;7~9;39~61;3~7;1;0~3;Not Placed
22~24;Female;B.Tech~B.Sc;ECE~ME~Civil;4~6;1;2~3;2~4;7~9;39~61;3~7;1;0~3;Not Placed
22~24;Female;B.Tech~B.Sc;ECE~ME~Civil;4~6;1;2~3;2~4;7~9;39~61;3~7;1;0~3;Not Placed
22~24;Female;B.Tech~B.Sc;ECE~ME~Civil;4~6;1;2~3;2~4;7~9;39~61;3~7;1;0~3;Not Placed
22~24;Female;B.Tech~B.Sc;ECE~ME~Civil;4~6;1;2~3;2~4;7~9;39~61;3~7;1;0~3;Not Placed
22~24;Female;B.Tech~B.Sc;ECE~ME~Civil;4~6;1;2~3;2~4;7~9;39~61;3~7;1;0~3;Not Placed
22~24;Female;B.Tech;ECE~ME~Civil;5~7;1;3;3~4;7;62~78;4~5;1;0~3;Not Placed
22~24;Female;B.Tech;ECE~ME~Civil;5~7;1;3;3~4;7;62~78;4~5;1;0~3;Not Placed
22~24;Female;B.Tech;ECE~ME~Civil;5~7;1;3;3~4;7;62~78;4~5;1;0~3;Not Placed
22~24;Female;B.Tech;ECE~ME~Civil;5~7;1;3;3~4;7;62~78;4~5;1;0~3;Not Placed
22~24;Female;B.Tech;ECE~ME~Civil;5~7;1;3;3~4;7;62~78;4~5;1;0~3;Not Placed
22~24;Female;B.Tech~B.Sc;ECE~ME;4~6;1;3;5~6;4~6;43~57;4~5;1~2;0~2;Not Placed
22~24;Female;B.Tech~B.Sc;ECE~ME;4~6;1;3;5~6;4~6;43~57;4~5;1~2;0~2;Not Placed
22~24;Female;B.Tech~B.Sc;ECE~ME;4~6;1;3;5~6;4~6;43~57;4~5;1~2;0~2;Not Placed
22~24;Female;B.Tech~B.Sc;ECE~ME;4~6;1;3;5~6;4~6;43~57;4~5;1~2;0~2;Not Placed
22~24;Female;B.Tech~B.Sc;ECE~ME;4~6;1;3;5~6;4~6;43~57;4~5;1~2;0~2;Not Placed
22~24;Female;B.Tech~B.Sc;ECE~ME;4~6;1;3;5~6;4~6;43~57;4~5;1~2;0~2;Not Placed
22~24;Female;B.Tech~B.Sc;ECE~ME;4~6;1;3;5~6;4~6;43~57;4~5;1~2;0~2;Not Placed
22~23;Female;B.Tech~B.Sc;ECE~ME~Civil;4~6;1~2;3;5~6;3~6;35~57;6~7;1~2;0~3;Not Placed
22~23;Female;B.Tech~B.Sc;ECE~ME~Civil;4~6;1~2;3;5~6;3~6;35~57;6~7;1~2;0~3;Not Placed
22~23;Female;B.Tech~B.Sc;ECE~ME~Civil;4~6;1~2;3;5~6;3~6;35~57;6~7;1~2;0~3;Not Placed
22~23;Female;B.Tech~B.Sc;ECE~ME~Civil;4~6;1~2;3;5~6;3~6;35~57;6~7;1~2;0~3;Not Placed
22~23;Female;B.Tech~B.Sc;ECE~ME~Civil;4~6;1~2;3;5~6;3~6;35~57;6~7;1~2;0~3;Placed
22~23;Female;B.Tech~B.Sc;ECE~ME~Civil;4~6;1~2;3;5~6;3~6;35~57;6~7;1~2;0~3;Not Placed
22~24;Female;B.Tech~B.Sc;ECE~ME~Civil;5~6;1~2;3;5;4~6;61~76;3~5;2;1~3;Not Placed
22~24;Female;B.Tech~B.Sc;ECE~ME~Civil;5~6;1~2;3;5;4~6;61~76;3~5;2;1~3;Not Placed
22~24;Female;B.Tech~B.Sc;ECE~ME~Civil;5~6;1~2;3;5;4~6;61~76;3~5;2;1~3;Not Placed
22~24;Female;B.Tech~B.Sc;ECE~ME~Civil;5~6;1~2;3;5;4~6;61~76;3~5;2;1~3;Not Placed
22~24;Female;B.Tech~B.Sc;ECE~ME~Civil;5~6;1~2;3;5;4~6;61~76;3~5;2;1~3;Not Placed
22~24;Female;B.Tech~B.Sc;ECE~ME~Civil;5~6;1~2;3;5;4~6;61~76;3~5;2;1~3;Not Placed
22~24;Female;B.Tech~B.Sc;ECE~ME~Civil;6~6;1~2;3;5;3~6;61~75;3~7;2;0~1;Placed
22~24;Female;B.Tech~B.Sc;ECE~ME~Civil;6~6;1~2;3;5;3~6;61~75;3~7;2;0~1;Placed
22~24;Female;B.Tech~B.Sc;ECE~ME~Civil;6~6;1~2;3;5;3~6;61~75;3~7;2;0~1;Placed
22~24;Female;B.Tech~B.Sc;ECE~ME~Civil;6~6;1~2;3;5;3~6;61~75;3~7;2;0~1;Placed
22~24;Female;B.Tech~B.Sc;ECE~ME~Civil;6~6;1~2;3;5;3~6;61~75;3~7;2;0~1;Not Placed
22~24;Female;B.Tech~B.Sc;ECE~ME~Civil;6~6;1~2;3;5;3~6;61~75;3~7;2;0~1;Placed
22~24;Female;B.Tech~B.Sc;ECE~ME~Civil;6~6;1~2;3;5;3~6;61~75;3~7;2;0~1;Placed
23~24;Female;B.Tech~B.Sc;ME~Civil;5~6;1~2;3;5;7~9;44~72;5~7;1~2;0~1;Not Placed
23~24;Female;B.Tech~B.Sc;ME~Civil;5~6;1~2;3;5;7~9;44~72;5~7;1~2;0~1;Not Placed
23~24;Female;B.Tech~B.Sc;ME~Civil;5~6;1~2;3;5;7~9;44~72;5~7;1~2;0~1;Placed
23~24;Female;B.Tech~B.Sc;ME~Civil;5~6;1~2;3;5;7~9;44~72;5~7;1~2;0~1;Not Placed
23~24;Female;B.Tech~B.Sc;ME~Civil;5~6;1~2;3;5;7~9;44~72;5~7;1~2;0~1;Placed
22~24;Female;B.Tech~B.Sc;ECE~ME~Civil;4~6;1~2;3;5~6;7~8;51~77;4~5;1~2;2;Not Placed
22~24;Female;B.Tech~B.Sc;ECE~ME~Civil;4~6;1~2;3;5~6;7~8;51~77;4~5;1~2;2;Not Placed
22~24;Female;B.Tech~B.Sc;ECE~ME~Civil;4~6;1~2;3;5~6;7~8;51~77;4~5;1~2;2;Not Placed
22~24;Female;B.Tech~B.Sc;ECE~ME~Civil;4~6;1~2;3;5~6;7~8;51~77;4~5;1~2;2;Not Placed
22~24;Female;B.Tech~B.Sc;ECE~ME~Civil;4~6;1~2;3;5~6;7~8;51~77;4~5;1~2;2;Not Placed
22~24;Female;B.Tech~B.Sc;ECE~ME~Civil;6~6;1~2;4;6;3~5;53~64;4~6;2;0~2;Not Placed
22~24;Female;B.Tech~B.Sc;ECE~ME~Civil;6~6;1~2;4;6;3~5;53~64;4~6;2;0~2;Not Placed
22~24;Female;B.Tech~B.Sc;ECE~ME~Civil;6~6;1~2;4;6;3~5;53~64;4~6;2;0~2;Not Placed
22~24;Female;B.Tech~B.Sc;ECE~ME~Civil;6~6;1~2;4;6;3~5;53~64;4~6;2;0~2;Not Placed
22~24;Female;B.Tech~B.Sc;ECE~ME~Civil;6~6;1~2;4;6;3~5;53~64;4~6;2;0~2;Not Placed
23~24;Female;B.Tech~B.Sc;ECE~ME~Civil;6~7;1~2;4;5~6;3~5;68~81;4~6;2;0~2;Not Placed
23~24;Female;B.Tech~B.Sc;ECE~ME~Civil;6~7;1~2;4;5~6;3~5;68~81;4~6;2;0~2;Placed
23~24;Female;B.Tech~B.Sc;ECE~ME~Civil;6~7;1~2;4;5~6;3~5;68~81;4~6;2;0~2;Not Placed
23~24;Female;B.Tech~B.Sc;ECE~ME~Civil;6~7;1~2;4;5~6;3~5;68~81;4~6;2;0~2;Not Placed
23~24;Female;B.Tech~B.Sc;ECE~ME~Civil;6~7;1~2;4;5~6;3~5;68~81;4~6;2;0~2;Not Placed
23~24;Female;B.Tech~B.Sc;ECE~ME~Civil;6~7;1~2;4;5~6;3~5;68~81;4~6;2;0~2;Placed
22~23;Female;B.Tech~B.Sc;ECE~ME~Civil;6~6;1~2;4;6;6~8;50~62;4~6;2;1~3;Not Placed
22~23;Female;B.Tech~B.Sc;ECE~ME~Civil;6~6;1~2;4;6;6~8;50~62;4~6;2;1~3;Not Placed
22~23;Female;B.Tech~B.Sc;ECE~ME~Civil;6~6;1~2;4;6;6~8;50~62;4~6;2;1~3;Placed
22~23;Female;B.Tech~B.Sc;ECE~ME~Civil;6~6;1~2;4;6;6~8;50~62;4~6;2;1~3;Not Placed
22~23;Female;B.Tech~B.Sc;ECE~ME~Civil;6~6;1~2;4;6;6~8;50~62;4~6;2;1~3;Not Placed
22~24;Female;B.Tech~B.Sc;ECE~ME~Civil;6~7;1;4;5~6;6~7;63~89;4~7;2;0~1;Placed
22~24;Female;B.Tech~B.Sc;ECE~ME~Civil;6~7;1;4;5~6;6~7;63~89;4~7;2;0~1;Placed
22~24;Female;B.Tech~B.Sc;ECE~ME~Civil;6~7;1;4;5~6;6~7;63~89;4~7;2;0~1;Placed
22~24;Female;B.Tech~B.Sc;ECE~ME~Civil;6~7;1;4;5~6;6~7;63~89;4~7;2;0~1;Placed
22~24;Female;B.Tech~B.Sc;ECE~ME~Civil;6~7;1;4;5~6;6~7;63~89;4~7;2;0~1;Placed
22~24;Female;B.Tech~B.Sc;ECE~ME~Civil;5~7;1~3;4~5;7~8;3~5;42~81;2~6;2;0~3;Not Placed
22~24;Female;B.Tech~B.Sc;ECE~ME~Civil;5~7;1~3;4~5;7~8;3~5;42~81;2~6;2;0~3;Not Placed
22~24;Female;B.Tech~B.Sc;ECE~ME~Civil;5~7;1~3;4~5;7~8;3~5;42~81;2~6;2;0~3;Not Placed
22~24;Female;B.Tech~B.Sc;ECE~ME~Civil;5~7;1~3;4~5;7~8;3~5;42~81;2~6;2;0~3;Not Placed
22~24;Female;B.Tech~B.Sc;ECE~ME~Civil;5~7;1~3;4~5;7~8;3~5;42~81;2~6;2;0~3;Placed
22~24;Female;B.Tech~B.Sc;ECE~ME~Civil;5~7;1~3;4~5;7~8;3~5;42~81;2~6;2;0~3;Not Placed
22~24;Female;B.Tech~B.Sc;ECE~ME~Civil;5~7;1~3;4~5;7~8;3~5;42~81;2~6;2;0~3;Not Placed
22~24;Female;B.Tech~B.Sc;ECE~ME~Civil;5~7;1~3;4~5;7~8;3~5;42~81;2~6;2;0~3;Not Placed
22~24;Female;B.Tech~B.Sc;ECE~ME~Civil;5~7;1~3;4~5;7~8;3~5;42~81;2~6;2;0~3;Not Placed
22~24;Female;B.Tech~B.Sc;ECE~ME~Civil;5~7;1~3;4~5;7~9;6~8;48~85;4~7;2~3;0~2;Placed
22~24;Female;B.Tech~B.Sc;ECE~ME~Civil;5~7;1~3;4~5;7~9;6~8;48~85;4~7;2~3;0~2;Not Placed
22~24;Female;B.Tech~B.Sc;ECE~ME~Civil;5~7;1~3;4~5;7~9;6~8;48~85;4~7;2~3;0~2;Not Placed
22~24;Female;B.Tech~B.Sc;ECE~ME~Civil;5~7;1~3;4~5;7~9;6~8;48~85;4~7;2~3;0~2;Placed
22~24;Female;B.Tech~B.Sc;ECE~ME~Civil;5~7;1~3;4~5;7~9;6~8;48~85;4~7;2~3;0~2;Not Placed
22~24;Female;B.Tech~B.Sc;ECE~ME~Civil;5~7;1~3;4~5;7~9;6~8;48~85;4~7;2~3;0~2;Not Placed
22~24;Female;B.Tech~B.Sc;ECE~ME~Civil;5~7;1~3;4~5;7~9;6~8;48~85;4~7;2~3;0~2;Not Placed
22~24;Female;B.Tech~B.Sc;ECE~ME~Civil;5~7;1~3;4~5;7~9;6~8;48~85;4~7;2~3;0~2;Not Placed
22~24;Female;B.Tech~B.Sc;ECE~ME~Civil;5~7;1~3;4~5;7~9;6~8;48~85;4~7;2~3;0~2;Placed
22~24;Female;B.Tech~B.Sc;ECE~ME~Civil;7~7;0;3;2~4;2~5;63~75;3~5;1;0~2;Not Placed
22~24;Female;B.Tech~B.Sc;ECE~ME~Civil;7~7;0;3;2~4;2~5;63~75;3~5;1;0~2;Not Placed
22~24;Female;B.Tech~B.Sc;ECE~ME~Civil;7~7;0;3;2~4;2~5;63~75;3~5;1;0~2;Not Placed
22~24;Female;B.Tech~B.Sc;ECE~ME~Civil;7~7;0;3;2~4;2~5;63~75;3~5;1;0~2;Not Placed
22~24;Female;B.Tech~B.Sc;ECE~ME~Civil;7~7;0;3;2~4;2~5;63~75;3~5;1;0~2;Not Placed
22~24;Female;B.Tech~B.Sc;ECE~ME~Civil;7~7;0~1;3;3~4;2~5;62~75;3~5;1;0~1;Not Placed
22~24;Female;B.Tech~B.Sc;ECE~ME~Civil;7~7;0~1;3;3~4;2~5;62~75;3~5;1;0~1;Not Placed
22~24;Female;B.Tech~B.Sc;ECE~ME~Civil;7~7;0~1;3;3~4;2~5;62~75;3~5;1;0~1;Not Placed
22~24;Female;B.Tech~B.Sc;ECE~ME~Civil;7~7;0~1;3;3~4;2~5;62~75;3~5;1;0~1;Not Placed
22~24;Female;B.Tech~B.Sc;ECE~ME~Civil;7~7;0~1;3;3~4;2~5;62~75;3~5;1;0~1;Not Placed
22~24;Female;B.Tech~B.Sc;ECE~ME~Civil;7~8;0~1;4;5;3~5;61~76;4~5;2;0~2;Placed
22~24;Female;B.Tech~B.Sc;ECE~ME~Civil;7~8;0~1;4;5;3~5;61~76;4~5;2;0~2;Not Placed
22~24;Female;B.Tech~B.Sc;ECE~ME~Civil;7~8;0~1;4;5;3~5;61~76;4~5;2;0~2;Not Placed
22~24;Female;B.Tech~B.Sc;ECE~ME~Civil;7~8;0~1;4;5;3~5;61~76;4~5;2;0~2;Placed
22~24;Female;B.Tech~B.Sc;ECE~ME~Civil;7~8;0~1;4;5;3~5;61~76;4~5;2;0~2;Placed
22~24;Female;B.Tech~B.Sc;ECE~ME~Civil;7~8;0~1;4;5;3~5;61~76;4~5;2;0~2;Placed
22~24;Female;B.Tech~B.Sc;ECE~ME~Civil;7~8;0~1;4;5;3~5;61~76;4~5;2;0~2;Not Placed
22~24;Female;B.Tech~B.Sc;ECE~ME~Civil;7~8;0~1;4;5;3~5;61~76;4~5;2;0~2;Placed
22~24;Female;B.Tech~B.Sc;ECE~ME~Civil;7~8;0~1;4;5;3~5;61~76;4~5;2;0~2;Not Placed
22~23;Female;B.Tech;ECE~ME~Civil;7~7;0~1;3;3~4;3~5;60~72;6~7;1;0~1;Not Placed
22~23;Female;B.Tech;ECE~ME~Civil;7~7;0~1;3;3~4;3~5;60~72;6~7;1;0~1;Not Placed
22~23;Female;B.Tech;ECE~ME~Civil;7~7;0~1;3;3~4;3~5;60~72;6~7;1;0~1;Not Placed
22~23;Female;B.Tech;ECE~ME~Civil;7~7;0~1;3;3~4;3~5;60~72;6~7;1;0~1;Not Placed
22~23;Female;B.Tech;ECE~ME~Civil;7~7;0~1;3;3~4;3~5;60~72;6~7;1;0~1;Not Placed
22~23;Female;B.Tech;ECE~ME~Civil;7~7;0~1;3;3~4;3~5;60~72;6~7;1;0~1;Not Placed
22~24;Female;B.Tech~B.Sc;ECE~ME~Civil;7~8;0~1;3~4;3~5;2~5;59~72;6~7;1~2;0;Not Placed
22~24;Female;B.Tech~B.Sc;ECE~ME~Civil;7~8;0~1;3~4;3~5;2~5;59~72;6~7;1~2;0;Placed
22~24;Female;B.Tech~B.Sc;ECE~ME~Civil;7~8;0~1;3~4;3~5;2~5;59~72;6~7;1~2;0;Not Placed
22~24;Female;B.Tech~B.Sc;ECE~ME~Civil;7~8;0~1;3~4;3~5;2~5;59~72;6~7;1~2;0;Not Placed
22~24;Female;B.Tech~B.Sc;ECE~ME~Civil;7~8;0~1;3~4;3~5;2~5;59~72;6~7;1~2;0;Not Placed
22~24;Female;B.Tech~B.Sc;ECE~ME~Civil;7~8;0~1;3~4;3~5;2~5;59~72;6~7;1~2;0;Not Placed
22~24;Female;B.Tech~B.Sc;ECE~ME~Civil;7~7;0~1;3~4;2~5;4~5;77~91;4~5;1~2;0;Not Placed
22~24;Female;B.Tech~B.Sc;ECE~ME~Civil;7~7;0~1;3~4;2~5;4~5;77~91;4~5;1~2;0;Not Placed
22~24;Female;B.Tech~B.Sc;ECE~ME~Civil;7~7;0~1;3~4;2~5;4~5;77~91;4~5;1~2;0;Not Placed
22~24;Female;B.Tech~B.Sc;ECE~ME~Civil;7~7;0~1;3~4;2~5;4~5;77~91;4~5;1~2;0;Not Placed
22~24;Female;B.Tech~B.Sc;ECE~ME~Civil;7~7;0~1;3~4;2~5;4~5;77~91;4~5;1~2;0;Placed
22~24;Female;B.Tech~B.Sc;ECE~ME~Civil;7~7;0~1;3~4;2~5;4~5;77~91;4~5;1~2;0;Not Placed
22~24;Female;B.Tech~B.Sc;ECE~ME~Civil;7~7;0~1;3~4;2~5;4~5;77~91;4~5;1~2;0;Not Placed
22~23;Female;B.Tech~B.Sc;ECE~ME~Civil;8~8;0~1;4;4~5;3~5;78~89;2~5;1~2;0;Not Placed
22~23;Female;B.Tech~B.Sc;ECE~ME~Civil;8~8;0~1;4;4~5;3~5;78~89;2~5;1~2;0;Not Placed
22~23;Female;B.Tech~B.Sc;ECE~ME~Civil;8~8;0~1;4;4~5;3~5;78~89;2~5;1~2;0;Placed
22~23;Female;B.Tech~B.Sc;ECE~ME~Civil;8~8;0~1;4;4~5;3~5;78~89;2~5;1~2;0;Not Placed
22~23;Female;B.Tech~B.Sc;ECE~ME~Civil;8~8;0~1;4;4~5;3~5;78~89;2~5;1~2;0;Not Placed
22~23;Female;B.Tech~B.Sc;ECE~ME~Civil;8~8;0~1;4;4~5;3~5;78~89;2~5;1~2;0;Not Placed
22~23;Female;B.Tech~B.Sc;ECE~ME~Civil;8~8;0~1;4;4~5;3~5;78~89;2~5;1~2;0;Not Placed
22~24;Female;B.Tech~B.Sc;ECE~ME~Civil;7~8;0~1;3~4;4~5;2~5;78~91;4~5;1~2;1~2;Not Placed
22~24;Female;B.Tech~B.Sc;ECE~ME~Civil;7~8;0~1;3~4;4~5;2~5;78~91;4~5;1~2;1~2;Not Placed
22~24;Female;B.Tech~B.Sc;ECE~ME~Civil;7~8;0~1;3~4;4~5;2~5;78~91;4~5;1~2;1~2;Not Placed
22~24;Female;B.Tech~B.Sc;ECE~ME~Civil;7~8;0~1;3~4;4~5;2~5;78~91;4~5;1~2;1~2;Placed
22~24;Female;B.Tech~B.Sc;ECE~ME~Civil;7~8;0~1;3~4;4~5;2~5;78~91;4~5;1~2;1~2;Placed
22~24;Female;B.Tech~B.Sc;ECE~ME~Civil;7~8;0~1;3~4;4~5;2~5;78~91;4~5;1~2;1~2;Not Placed
22~24;Female;B.Tech~B.Sc;ECE~ME~Civil;7~8;0~1;3~4;4~5;2~5;78~91;4~5;1~2;1~2;Not Placed
22~24;Female;B.Tech~B.Sc;ECE~ME~Civil;7~7;0~1;3~4;3~5;3~5;80~90;6~7;1~2;0~2;Not Placed
22~24;Female;B.Tech~B.Sc;ECE~ME~Civil;7~7;0~1;3~4;3~5;3~5;80~90;6~7;1~2;0~2;Not Placed
22~24;Female;B.Tech~B.Sc;ECE~ME~Civil;7~7;0~1;3~4;3~5;3~5;80~90;6~7;1~2;0~2;Placed
22~24;Female;B.Tech~B.Sc;ECE~ME~Civil;7~7;0~1;3~4;3~5;3~5;80~90;6~7;1~2;0~2;Not Placed
22~24;Female;B.Tech~B.Sc;ECE~ME~Civil;7~7;0~1;3~4;3~5;3~5;80~90;6~7;1~2;0~2;Not Placed
22~24;Female;B.Tech~B.Sc;ECE~ME~Civil;7~8;0~1;4;4~5;3~5;79~87;6~7;2;0~1;Not Placed
22~24;Female;B.Tech~B.Sc;ECE~ME~Civil;7~8;0~1;4;4~5;3~5;79~87;6~7;2;0~1;Placed
22~24;Female;B.Tech~B.Sc;ECE~ME~Civil;7~8;0~1;4;4~5;3~5;79~87;6~7;2;0~1;Not Placed
22~24;Female;B.Tech~B.Sc;ECE~ME~Civil;7~8;0~1;4;4~5;3~5;79~87;6~7;2;0~1;Not Placed
22~24;Female;B.Tech~B.Sc;ECE~ME~Civil;7~8;0~1;4;4~5;3~5;79~87;6~7;2;0~1;Placed
22~24;Female;B.Tech~B.Sc;ECE~ME~Civil;7~8;0~1;2~4;1~4;6~9;51~75;3~6;1;0;Not Placed
22~24;Female;B.Tech~B.Sc;ECE~ME~Civil;7~8;0~1;2~4;1~4;6~9;51~75;3~6;1;0;Not Placed
22~24;Female;B.Tech~B.Sc;ECE~ME~Civil;7~8;0~1;2~4;1~4;6~9;51~75;3~6;1;0;Not Placed
22~24;Female;B.Tech~B.Sc;ECE~ME~Civil;7~8;0~1;2~4;1~4;6~9;51~75;3~6;1;0;Not Placed
22~24;Female;B.Tech~B.Sc;ECE~ME~Civil;7~8;0~1;2~4;1~4;6~9;51~75;3~6;1;0;Not Placed
22~24;Female;B.Tech~B.Sc;ECE~ME~Civil;7~8;0~1;2~4;1~4;6~9;51~75;3~6;1;0;Not Placed
22~24;Female;B.Tech~B.Sc;ECE~ME~Civil;7~8;0~1;2~4;1~4;6~9;51~75;3~6;1;0;Not Placed
22~24;Female;B.Tech~B.Sc;ECE~ME~Civil;7~8;0~1;2~4;1~4;6~9;51~75;3~6;1;0;Not Placed
22~24;Female;B.Tech~B.Sc;ECE~ME~Civil;7~7;0~1;2~3;1~4;6~9;57~75;3~6;0~1;1~2;Not Placed
22~24;Female;B.Tech~B.Sc;ECE~ME~Civil;7~7;0~1;2~3;1~4;6~9;57~75;3~6;0~1;1~2;Not Placed
22~24;Female;B.Tech~B.Sc;ECE~ME~Civil;7~7;0~1;2~3;1~4;6~9;57~75;3~6;0~1;1~2;Not Placed
22~24;Female;B.Tech~B.Sc;ECE~ME~Civil;7~7;0~1;2~3;1~4;6~9;57~75;3~6;0~1;1~2;Not Placed
22~24;Female;B.Tech~B.Sc;ECE~ME~Civil;7~7;0~1;2~3;1~4;6~9;57~75;3~6;0~1;1~2;Not Placed
22~24;Female;B.Tech~B.Sc;ECE~ME~Civil;7~7;0~1;2~3;1~4;6~9;57~75;3~6;0~1;1~2;Not Placed
22~24;Female;B.Tech~B.Sc;ECE~ME~Civil;7~8;0~1;4;5;6~8;63~75;4~6;2;0;Placed
22~24;Female;B.Tech~B.Sc;ECE~ME~Civil;7~8;0~1;4;5;6~8;63~75;4~6;2;0;Placed
22~24;Female;B.Tech~B.Sc;ECE~ME~Civil;7~8;0~1;4;5;6~8;63~75;4~6;2;0;Placed
22~24;Female;B.Tech~B.Sc;ECE~ME~Civil;7~8;0~1;4;5;6~8;63~75;4~6;2;0;Placed
22~24;Female;B.Tech~B.Sc;ECE~ME~Civil;7~8;0~1;4;5;6~8;63~75;4~6;2;0;Placed
22~24;Female;B.Tech~B.Sc;ECE~ME~Civil;7~8;0~1;4;5;6~8;63~75;4~6;2;0;Placed
22~24;Female;B.Tech~B.Sc;ECE~ME~Civil;7~8;0~1;4;5;6~8;63~75;4~6;2;0;Placed
22~24;Female;B.Tech~B.Sc;ECE~ME~Civil;7~8;0~1;4;5;6~8;63~75;4~6;2;0;Placed
22~24;Female;B.Tech~B.Sc;ECE~ME~Civil;7~7;0~1;4;5;6~9;65~73;2~6;2;1~2;Placed
22~24;Female;B.Tech~B.Sc;ECE~ME~Civil;7~7;0~1;4;5;6~9;65~73;2~6;2;1~2;Not Placed
22~24;Female;B.Tech~B.Sc;ECE~ME~Civil;7~7;0~1;4;5;6~9;65~73;2~6;2;1~2;Placed
22~24;Female;B.Tech~B.Sc;ECE~ME~Civil;7~7;0~1;4;5;6~9;65~73;2~6;2;1~2;Placed
22~24;Female;B.Tech~B.Sc;ECE~ME~Civil;7~7;0~1;4;5;6~9;65~73;2~6;2;1~2;Placed
22~24;Female;B.Tech~B.Sc;ECE~ME~Civil;7~8;0~1;3~4;3~5;6~8;63~75;7~8;1~2;0~1;Not Placed
22~24;Female;B.Tech~B.Sc;ECE~ME~Civil;7~8;0~1;3~4;3~5;6~8;63~75;7~8;1~2;0~1;Placed
22~24;Female;B.Tech~B.Sc;ECE~ME~Civil;7~8;0~1;3~4;3~5;6~8;63~75;7~8;1~2;0~1;Placed
22~24;Female;B.Tech~B.Sc;ECE~ME~Civil;7~8;0~1;3~4;3~5;6~8;63~75;7~8;1~2;0~1;Placed
22~24;Female;B.Tech~B.Sc;ECE~ME~Civil;7~8;0~1;3~4;3~5;6~8;63~75;7~8;1~2;0~1;Not Placed
22~24;Female;B.Tech~B.Sc;ECE~ME~Civil;7~8;0~1;3~4;3~5;6~8;63~75;7~8;1~2;0~1;Not Placed
22~24;Female;B.Tech~B.Sc;ECE~ME~Civil;7~8;0~1;3~4;3~5;6~8;63~75;7~8;1~2;0~1;Placed
22~24;Female;B.Tech~B.Sc;ECE~ME~Civil;7~8;0~1;3~4;3~5;6~8;63~75;7~8;1~2;0~1;Not Placed
22~24;Female;B.Tech~B.Sc;ECE~ME~Civil;7~7;0~1;3~4;3~5;6~8;76~83;4~5;1~2;0;Not Placed
22~24;Female;B.Tech~B.Sc;ECE~ME~Civil;7~7;0~1;3~4;3~5;6~8;76~83;4~5;1~2;0;Not Placed
22~24;Female;B.Tech~B.Sc;ECE~ME~Civil;7~7;0~1;3~4;3~5;6~8;76~83;4~5;1~2;0;Placed
22~24;Female;B.Tech~B.Sc;ECE~ME~Civil;7~7;0~1;3~4;3~5;6~8;76~83;4~5;1~2;0;Not Placed
22~24;Female;B.Tech~B.Sc;ECE~ME~Civil;7~7;0~1;3~4;3~5;6~8;76~83;4~5;1~2;0;Placed
22~24;Female;B.Tech~B.Sc;ECE~ME~Civil;7~7;0~1;3~4;3~5;6~8;76~83;4~5;1~2;0;Placed
22~24;Female;B.Tech~B.Sc;ECE~ME~Civil;7~7;0~1;3~4;3~5;6~8;76~83;4~5;1~2;0;Placed
22~24;Female;B.Tech~B.Sc;ECE~ME~Civil;7~8;0~1;3~4;4~5;6~8;76~93;3~5;2;0~2;Placed
22~24;Female;B.Tech~B.Sc;ECE~ME~Civil;7~8;0~1;3~4;4~5;6~8;76~93;3~5;2;0~2;Placed
22~24;Female;B.Tech~B.Sc;ECE~ME~Civil;7~8;0~1;3~4;4~5;6~8;76~93;3~5;2;0~2;Not Placed
22~24;Female;B.Tech~B.Sc;ECE~ME~Civil;7~8;0~1;3~4;4~5;6~8;76~93;3~5;2;0~2;Placed
22~24;Female;B.Tech~B.Sc;ECE~ME~Civil;7~8;0~1;3~4;4~5;6~8;76~93;3~5;2;0~2;Placed
22~24;Female;B.Tech~B.Sc;ECE~ME~Civil;7~8;0~1;3~4;4~5;6~8;76~93;3~5;2;0~2;Placed
22~24;Female;B.Tech~B.Sc;ECE~ME~Civil;7~8;0~1;3~4;4~5;6~8;76~93;3~5;2;0~2;Not Placed
22~24;Female;B.Tech~B.Sc;ECE~ME~Civil;7~8;0~1;3~4;4~5;6~8;76~93;3~5;2;0~2;Not Placed
22~23;Female;B.Tech~B.Sc;ECE~ME~Civil;7~7;0~1;3~4;3~5;6~8;77~82;6~7;1~2;0~1;Placed
22~23;Female;B.Tech~B.Sc;ECE~ME~Civil;7~7;0~1;3~4;3~5;6~8;77~82;6~7;1~2;0~1;Placed
22~23;Female;B.Tech~B.Sc;ECE~ME~Civil;7~7;0~1;3~4;3~5;6~8;77~82;6~7;1~2;0~1;Not Placed
22~23;Female;B.Tech~B.Sc;ECE~ME~Civil;7~7;0~1;3~4;3~5;6~8;77~82;6~7;1~2;0~1;Not Placed
22~23;Female;B.Tech~B.Sc;ECE~ME~Civil;7~7;0~1;3~4;3~5;6~8;77~82;6~7;1~2;0~1;Placed
22~24;Female;B.Tech~B.Sc;ECE~ME~Civil;7~9;0~1;3~4;3~5;6~8;78~100;6~7;1~2;0~2;Not Placed
22~24;Female;B.Tech~B.Sc;ECE~ME~Civil;7~9;0~1;3~4;3~5;6~8;78~100;6~7;1~2;0~2;Placed
22~24;Female;B.Tech~B.Sc;ECE~ME~Civil;7~9;0~1;3~4;3~5;6~8;78~100;6~7;1~2;0~2;Placed
22~24;Female;B.Tech~B.Sc;ECE~ME~Civil;7~9;0~1;3~4;3~5;6~8;78~100;6~7;1~2;0~2;Not Placed
22~24;Female;B.Tech~B.Sc;ECE~ME~Civil;7~9;0~1;3~4;3~5;6~8;78~100;6~7;1~2;0~2;Not Placed
22~24;Female;B.Tech~B.Sc;ECE~ME~Civil;7~9;0~1;3~4;3~5;6~8;78~100;6~7;1~2;0~2;Not Placed
22~24;Female;B.Tech~B.Sc;ECE~ME~Civil;7~7;0~1;4;6~7;2~5;48~76;3~7;2;0;Placed
22~24;Female;B.Tech~B.Sc;ECE~ME~Civil;7~7;0~1;4;6~7;2~5;48~76;3~7;2;0;Placed
22~24;Female;B.Tech~B.Sc;ECE~ME~Civil;7~7;0~1;4;6~7;2~5;48~76;3~7;2;0;Not Placed
22~24;Female;B.Tech~B.Sc;ECE~ME~Civil;7~7;0~1;4;6~7;2~5;48~76;3~7;2;0;Placed
22~24;Female;B.Tech~B.Sc;ECE~ME~Civil;7~7;0~1;4;6~7;2~5;48~76;3~7;2;0;Not Placed
22~24;Female;B.Tech~B.Sc;ECE~ME~Civil;7~7;0~1;4;6~7;2~5;48~76;3~7;2;0;Not Placed
22~24;Female;B.Tech~B.Sc;ECE~ME~Civil;7~8;0~1;4;6~7;4~5;66~76;4~7;2;0;Not Placed
22~24;Female;B.Tech~B.Sc;ECE~ME~Civil;7~8;0~1;4;6~7;4~5;66~76;4~7;2;0;Not Placed
22~24;Female;B.Tech~B.Sc;ECE~ME~Civil;7~8;0~1;4;6~7;4~5;66~76;4~7;2;0;Placed
22~24;Female;B.Tech~B.Sc;ECE~ME~Civil;7~8;0~1;4;6~7;4~5;66~76;4~7;2;0;Placed
22~24;Female;B.Tech~B.Sc;ECE~ME~Civil;7~8;0~1;4;6~7;4~5;66~76;4~7;2;0;Placed
22~24;Female;B.Tech~B.Sc;ECE~ME~Civil;7~8;0~1;4;6~7;4~5;66~76;4~7;2;0;Not Placed
22~24;Female;B.Tech~B.Sc;ECE~ME~Civil;7~8;0~1;4;6~7;4~5;66~76;4~7;2;0;Not Placed
22~24;Female;B.Tech~B.Sc;ECE~ME~Civil;7~7;0~1;4;6~7;4~5;55~75;5~7;2;1~2;Not Placed
22~24;Female;B.Tech~B.Sc;ECE~ME~Civil;7~7;0~1;4;6~7;4~5;55~75;5~7;2;1~2;Placed
22~24;Female;B.Tech~B.Sc;ECE~ME~Civil;7~7;0~1;4;6~7;4~5;55~75;5~7;2;1~2;Placed
22~24;Female;B.Tech~B.Sc;ECE~ME~Civil;7~7;0~1;4;6~7;4~5;55~75;5~7;2;1~2;Not Placed
22~24;Female;B.Tech~B.Sc;ECE~ME~Civil;7~7;0~1;4;6~7;4~5;55~75;5~7;2;1~2;Not Placed
22~24;Female;B.Tech~B.Sc;ECE~ME~Civil;7~7;0~1;4;6~7;4~5;55~75;5~7;2;1~2;Not Placed
22~24;Female;B.Tech~B.Sc;ECE~ME~Civil;7~7;0~1;4;6~7;4~5;55~75;5~7;2;1~2;Not Placed
23~24;Female;B.Tech~B.Sc;ECE~ME~Civil;7~8;0~1;4;6~7;4~5;78~86;4~5;2;0;Placed
23~24;Female;B.Tech~B.Sc;ECE~ME~Civil;7~8;0~1;4;6~7;4~5;78~86;4~5;2;0;Not Placed
23~24;Female;B.Tech~B.Sc;ECE~ME~Civil;7~8;0~1;4;6~7;4~5;78~86;4~5;2;0;Not Placed
23~24;Female;B.Tech~B.Sc;ECE~ME~Civil;7~8;0~1;4;6~7;4~5;78~86;4~5;2;0;Placed
23~24;Female;B.Tech~B.Sc;ECE~ME~Civil;7~8;0~1;4;6~7;4~5;78~86;4~5;2;0;Not Placed
22~24;Female;B.Tech~B.Sc;ECE~ME~Civil;7~7;0~1;4;6~7;4~5;77~97;4~5;2;1~2;Not Placed
22~24;Female;B.Tech~B.Sc;ECE~ME~Civil;7~7;0~1;4;6~7;4~5;77~97;4~5;2;1~2;Placed
22~24;Female;B.Tech~B.Sc;ECE~ME~Civil;7~7;0~1;4;6~7;4~5;77~97;4~5;2;1~2;Not Placed
22~24;Female;B.Tech~B.Sc;ECE~ME~Civil;7~7;0~1;4;6~7;4~5;77~97;4~5;2;1~2;Placed
22~24;Female;B.Tech~B.Sc;ECE~ME~Civil;7~7;0~1;4;6~7;4~5;77~97;4~5;2;1~2;Not Placed
22~24;Female;B.Tech~B.Sc;ECE~ME~Civil;7~7;0~1;4;6~7;4~5;77~97;4~5;2;1~2;Placed
23~24;Female;B.Tech~B.Sc;ECE~ME;7~8;0~1;4;6~7;4~5;80~100;6~7;2;0~1;Not Placed
23~24;Female;B.Tech~B.Sc;ECE~ME;7~8;0~1;4;6~7;4~5;80~100;6~7;2;0~1;Placed
23~24;Female;B.Tech~B.Sc;ECE~ME;7~8;0~1;4;6~7;4~5;80~100;6~7;2;0~1;Placed
23~24;Female;B.Tech~B.Sc;ECE~ME;7~8;0~1;4;6~7;4~5;80~100;6~7;2;0~1;Not Placed
23~24;Female;B.Tech~B.Sc;ECE~ME;7~8;0~1;4;6~7;4~5;80~100;6~7;2;0~1;Not Placed
22~24;Female;B.Tech~B.Sc;ECE~ME;7~7;0~1;4;6~7;6~7;58~70;4~6;2;0~1;Placed
22~24;Female;B.Tech~B.Sc;ECE~ME;7~7;0~1;4;6~7;6~7;58~70;4~6;2;0~1;Placed
22~24;Female;B.Tech~B.Sc;ECE~ME;7~7;0~1;4;6~7;6~7;58~70;4~6;2;0~1;Placed
22~24;Female;B.Tech~B.Sc;ECE~ME;7~7;0~1;4;6~7;6~7;58~70;4~6;2;0~1;Placed
22~24;Female;B.Tech~B.Sc;ECE~ME;7~7;0~1;4;6~7;6~7;58~70;4~6;2;0~1;Placed
22~24;Female;B.Tech;ECE~ME~Civil;7~7;1;4;6~7;6~8;60~75;4~6;2;0~2;Not Placed
22~24;Female;B.Tech;ECE~ME~Civil;7~7;1;4;6~7;6~8;60~75;4~6;2;0~2;Placed
22~24;Female;B.Tech;ECE~ME~Civil;7~7;1;4;6~7;6~8;60~75;4~6;2;0~2;Placed
22~24;Female;B.Tech;ECE~ME~Civil;7~7;1;4;6~7;6~8;60~75;4~6;2;0~2;Not Placed
22~24;Female;B.Tech;ECE~ME~Civil;7~7;1;4;6~7;6~8;60~75;4~6;2;0~2;Placed
22~24;Female;B.Tech~B.Sc;ECE~ME~Civil;7~7;0~1;4;6~7;6~9;63~73;7~8;2;0~1;Placed
22~24;Female;B.Tech~B.Sc;ECE~ME~Civil;7~7;0~1;4;6~7;6~9;63~73;7~8;2;0~1;Placed
22~24;Female;B.Tech~B.Sc;ECE~ME~Civil;7~7;0~1;4;6~7;6~9;63~73;7~8;2;0~1;Placed
22~24;Female;B.Tech~B.Sc;ECE~ME~Civil;7~7;0~1;4;6~7;6~9;63~73;7~8;2;0~1;Placed
22~24;Female;B.Tech~B.Sc;ECE~ME~Civil;7~7;0~1;4;6~7;6~9;63~73;7~8;2;0~1;Placed
22~24;Female;B.Tech~B.Sc;ECE~ME~Civil;7~7;0~1;4;6~7;6~9;63~73;7~8;2;0~1;Placed
22~24;Female;B.Tech~B.Sc;ECE~ME~Civil;7~7;0~1;4;6~7;6~8;79~89;3~5;2;0~2;Placed
22~24;Female;B.Tech~B.Sc;ECE~ME~Civil;7~7;0~1;4;6~7;6~8;79~89;3~5;2;0~2;Placed
22~24;Female;B.Tech~B.Sc;ECE~ME~Civil;7~7;0~1;4;6~7;6~8;79~89;3~5;2;0~2;Placed
22~24;Female;B.Tech~B.Sc;ECE~ME~Civil;7~7;0~1;4;6~7;6~8;79~89;3~5;2;0~2;Not Placed
22~24;Female;B.Tech~B.Sc;ECE~ME~Civil;7~7;0~1;4;6~7;6~8;79~89;3~5;2;0~2;Placed
22~24;Female;B.Tech~B.Sc;ECE~ME~Civil;8~8;0~1;4;6;6~7;77~100;1~5;2;0~1;Placed
22~24;Female;B.Tech~B.Sc;ECE~ME~Civil;8~8;0~1;4;6;6~7;77~100;1~5;2;0~1;Placed
22~24;Female;B.Tech~B.Sc;ECE~ME~Civil;8~8;0~1;4;6;6~7;77~100;1~5;2;0~1;Placed
22~24;Female;B.Tech~B.Sc;ECE~ME~Civil;8~8;0~1;4;6;6~7;77~100;1~5;2;0~1;Placed
22~24;Female;B.Tech~B.Sc;ECE~ME~Civil;8~8;0~1;4;6;6~7;77~100;1~5;2;0~1;Placed
23~24;Female;B.Tech~B.Sc;ECE~ME~Civil;7~8;0~1;4;6~7;6~7;76~100;6~7;2;0~2;Placed
23~24;Female;B.Tech~B.Sc;ECE~ME~Civil;7~8;0~1;4;6~7;6~7;76~100;6~7;2;0~2;Placed
23~24;Female;B.Tech~B.Sc;ECE~ME~Civil;7~8;0~1;4;6~7;6~7;76~100;6~7;2;0~2;Placed
23~24;Female;B.Tech~B.Sc;ECE~ME~Civil;7~8;0~1;4;6~7;6~7;76~100;6~7;2;0~2;Placed
23~24;Female;B.Tech~B.Sc;ECE~ME~Civil;7~8;0~1;4;6~7;6~7;76~100;6~7;2;0~2;Not Placed
23~24;Female;B.Tech~B.Sc;ECE~ME~Civil;7~8;0~1;4;6~7;6~7;76~100;6~7;2;0~2;Placed
22~24;Female;B.Tech~B.Sc;ECE~ME~Civil;7~9;1;5;7~8;2~5;70~91;4~7;2~3;0~2;Placed
22~24;Female;B.Tech~B.Sc;ECE~ME~Civil;7~9;1;5;7~8;2~5;70~91;4~7;2~3;0~2;Placed
22~24;Female;B.Tech~B.Sc;ECE~ME~Civil;7~9;1;5;7~8;2~5;70~91;4~7;2~3;0~2;Placed
22~24;Female;B.Tech~B.Sc;ECE~ME~Civil;7~9;1;5;7~8;2~5;70~91;4~7;2~3;0~2;Placed
22~24;Female;B.Tech~B.Sc;ECE~ME~Civil;7~9;1;5;7~8;2~5;70~91;4~7;2~3;0~2;Placed
22~24;Female;B.Tech~B.Sc;ECE~ME~Civil;7~9;1;5;7~8;2~5;70~91;4~7;2~3;0~2;Not Placed
22~24;Female;B.Tech~B.Sc;ECE~ME~Civil;7~9;1;5;7~8;2~5;70~91;4~7;2~3;0~2;Not Placed
22~24;Female;B.Tech~B.Sc;ECE~ME~Civil;7~9;1;5;7~8;2~5;70~91;4~7;2~3;0~2;Not Placed
22~24;Female;B.Tech~B.Sc;ECE~ME~Civil;8~9;0~1;5;6~8;3~5;92~100;5~7;2~3;0~1;Not Placed
22~24;Female;B.Tech~B.Sc;ECE~ME~Civil;8~9;0~1;5;6~8;3~5;92~100;5~7;2~3;0~1;Not Placed
22~24;Female;B.Tech~B.Sc;ECE~ME~Civil;8~9;0~1;5;6~8;3~5;92~100;5~7;2~3;0~1;Not Placed
22~24;Female;B.Tech~B.Sc;ECE~ME~Civil;8~9;0~1;5;6~8;3~5;92~100;5~7;2~3;0~1;Placed
22~24;Female;B.Tech~B.Sc;ECE~ME~Civil;8~9;0~1;5;6~8;3~5;92~100;5~7;2~3;0~1;Not Placed
22~24;Female;B.Tech~B.Sc;ECE~ME~Civil;8~9;0~1;5;6~8;3~5;92~100;5~7;2~3;0~1;Placed
22~24;Female;B.Tech~B.Sc;ECE~ME~Civil;8~9;0~1;5;6~8;3~5;92~100;5~7;2~3;0~1;Placed
22~24;Female;B.Tech~B.Sc;ECE~ME~Civil;8~9;0~1;5;6~8;3~5;92~100;5~7;2~3;0~1;Placed
22~24;Female;B.Tech~B.Sc;ECE~ME~Civil;7~8;1;5;7~8;6~8;66~79;4~7;2;0~1;Placed
22~24;Female;B.Tech~B.Sc;ECE~ME~Civil;7~8;1;5;7~8;6~8;66~79;4~7;2;0~1;Placed
22~24;Female;B.Tech~B.Sc;ECE~ME~Civil;7~8;1;5;7~8;6~8;66~79;4~7;2;0~1;Placed
22~24;Female;B.Tech~B.Sc;ECE~ME~Civil;7~8;1;5;7~8;6~8;66~79;4~7;2;0~1;Placed
22~24;Female;B.Tech~B.Sc;ECE~ME~Civil;7~8;1;5;7~8;6~8;66~79;4~7;2;0~1;Placed
22~24;Female;B.Tech~B.Sc;ECE~ME~Civil;7~8;1;5;7~8;6~8;66~79;4~7;2;0~1;Placed
22~24;Female;B.Tech~B.Sc;ECE~ME~Civil;7~8;1;5;7~8;6~8;66~79;4~7;2;0~1;Placed
22~24;Female;B.Tech~B.Sc;ECE~ME~Civil;7~9;0~1;5;6~8;6~8;80~94;3~8;2~3;0~2;Placed
22~24;Female;B.Tech~B.Sc;ECE~ME~Civil;7~9;0~1;5;6~8;6~8;80~94;3~8;2~3;0~2;Not Placed
22~24;Female;B.Tech~B.Sc;ECE~ME~Civil;7~9;0~1;5;6~8;6~8;80~94;3~8;2~3;0~2;Placed
22~24;Female;B.Tech~B.Sc;ECE~ME~Civil;7~9;0~1;5;6~8;6~8;80~94;3~8;2~3;0~2;Placed
22~24;Female;B.Tech~B.Sc;ECE~ME~Civil;7~9;0~1;5;6~8;6~8;80~94;3~8;2~3;0~2;Placed
22~24;Female;B.Tech~B.Sc;ECE~ME~Civil;7~9;0~1;5;6~8;6~8;80~94;3~8;2~3;0~2;Placed
22~24;Female;B.Tech~B.Sc;ECE~ME~Civil;7~9;0~1;5;6~8;6~8;80~94;3~8;2~3;0~2;Placed
22~24;Female;B.Tech~B.Sc;ECE~ME~Civil;7~9;0~1;5;6~8;6~8;80~94;3~8;2~3;0~2;Placed
22~24;Female;B.Tech~B.Sc;ECE~ME~Civil;7~9;1;5~6;9~10;2~5;62~97;4~8;3;0~1;Not Placed
22~24;Female;B.Tech~B.Sc;ECE~ME~Civil;7~9;1;5~6;9~10;2~5;62~97;4~8;3;0~1;Not Placed
22~24;Female;B.Tech~B.Sc;ECE~ME~Civil;7~9;1;5~6;9~10;2~5;62~97;4~8;3;0~1;Placed
22~24;Female;B.Tech~B.Sc;ECE~ME~Civil;7~9;1;5~6;9~10;2~5;62~97;4~8;3;0~1;Placed
22~24;Female;B.Tech~B.Sc;ECE~ME~Civil;7~9;1;5~6;9~10;2~5;62~97;4~8;3;0~1;Not Placed
22~24;Female;B.Tech~B.Sc;ECE~ME~Civil;7~9;1;5~6;9~10;2~5;62~97;4~8;3;0~1;Placed
22~24;Female;B.Tech~B.Sc;ECE~ME~Civil;7~9;1;5~6;9~10;2~5;62~97;4~8;3;0~1;Not Placed
22~24;Female;B.Tech~B.Sc;ECE~ME~Civil;7~9;1;5~6;9~10;2~5;62~97;4~8;3;0~1;Placed
22~24;Female;B.Tech~B.Sc;ECE~ME~Civil;7~9;1;5~6;9~10;2~5;62~97;4~8;3;0~1;Not Placed
22~24;Female;B.Tech~B.Sc;ECE~ME~Civil;7~8;1;5;9~10;6~9;69~85;5~7;3;0~1;Placed
22~24;Female;B.Tech~B.Sc;ECE~ME~Civil;7~8;1;5;9~10;6~9;69~85;5~7;3;0~1;Placed
22~24;Female;B.Tech~B.Sc;ECE~ME~Civil;7~8;1;5;9~10;6~9;69~85;5~7;3;0~1;Placed
22~24;Female;B.Tech~B.Sc;ECE~ME~Civil;7~8;1;5;9~10;6~9;69~85;5~7;3;0~1;Placed
22~24;Female;B.Tech~B.Sc;ECE~ME~Civil;7~8;1;5;9~10;6~9;69~85;5~7;3;0~1;Placed
22~24;Female;B.Tech~B.Sc;ECE~ME~Civil;7~8;1;5;9~10;6~9;69~85;5~7;3;0~1;Placed
22~24;Female;B.Tech~B.Sc;ECE~ME~Civil;7~7;2~3;4;6~7;3~5;59~70;5~7;2;0~2;Placed
22~24;Female;B.Tech~B.Sc;ECE~ME~Civil;7~7;2~3;4;6~7;3~5;59~70;5~7;2;0~2;Placed
22~24;Female;B.Tech~B.Sc;ECE~ME~Civil;7~7;2~3;4;6~7;3~5;59~70;5~7;2;0~2;Placed
22~24;Female;B.Tech~B.Sc;ECE~ME~Civil;7~7;2~3;4;6~7;3~5;59~70;5~7;2;0~2;Not Placed
22~24;Female;B.Tech~B.Sc;ECE~ME~Civil;7~7;2~3;4;6~7;3~5;59~70;5~7;2;0~2;Not Placed
22~24;Female;B.Tech~B.Sc;ECE~ME~Civil;7~8;2~3;4;5~7;4~5;61~70;5~7;2;0~1;Placed
22~24;Female;B.Tech~B.Sc;ECE~ME~Civil;7~8;2~3;4;5~7;4~5;61~70;5~7;2;0~1;Placed
22~24;Female;B.Tech~B.Sc;ECE~ME~Civil;7~8;2~3;4;5~7;4~5;61~70;5~7;2;0~1;Not Placed
22~24;Female;B.Tech~B.Sc;ECE~ME~Civil;7~8;2~3;4;5~7;4~5;61~70;5~7;2;0~1;Not Placed
22~24;Female;B.Tech~B.Sc;ECE~ME~Civil;7~8;2~3;4;5~7;4~5;61~70;5~7;2;0~1;Not Placed
22~24;Female;B.Tech~B.Sc;ECE~ME~Civil;7~8;2;4;5~7;2~5;73~85;4~8;2;0~2;Not Placed
22~24;Female;B.Tech~B.Sc;ECE~ME~Civil;7~8;2;4;5~7;2~5;73~85;4~8;2;0~2;Not Placed
22~24;Female;B.Tech~B.Sc;ECE~ME~Civil;7~8;2;4;5~7;2~5;73~85;4~8;2;0~2;Not Placed
22~24;Female;B.Tech~B.Sc;ECE~ME~Civil;7~8;2;4;5~7;2~5;73~85;4~8;2;0~2;Placed
22~24;Female;B.Tech~B.Sc;ECE~ME~Civil;7~8;2;4;5~7;2~5;73~85;4~8;2;0~2;Placed
22~24;Female;B.Tech~B.Sc;ECE~ME~Civil;7~8;2;4;5~7;2~5;73~85;4~8;2;0~2;Not Placed
22~24;Female;B.Tech~B.Sc;ECE~ME~Civil;7~8;2;4;5~7;2~5;73~85;4~8;2;0~2;Placed
22~24;Female;B.Tech~B.Sc;ECE~ME~Civil;7~8;2;4;5~7;2~5;73~85;4~8;2;0~2;Not Placed
22~24;Female;B.Tech~B.Sc;ECE~ME;7~7;2;4;6~7;6~10;58~81;4~6;2;0~2;Placed
22~24;Female;B.Tech~B.Sc;ECE~ME;7~7;2;4;6~7;6~10;58~81;4~6;2;0~2;Placed
22~24;Female;B.Tech~B.Sc;ECE~ME;7~7;2;4;6~7;6~10;58~81;4~6;2;0~2;Placed
22~24;Female;B.Tech~B.Sc;ECE~ME;7~7;2;4;6~7;6~10;58~81;4~6;2;0~2;Not Placed
22~24;Female;B.Tech~B.Sc;ECE~ME;7~7;2;4;6~7;6~10;58~81;4~6;2;0~2;Placed
22~24;Female;B.Tech~B.Sc;ECE~ME;7~7;2;4;6~7;6~10;58~81;4~6;2;0~2;Placed
22~24;Female;B.Tech~B.Sc;ECE~ME~Civil;7~8;2~3;4;5~7;6~9;83~98;4~9;2;0~1;Placed
22~24;Female;B.Tech~B.Sc;ECE~ME~Civil;7~8;2~3;4;5~7;6~9;83~98;4~9;2;0~1;Placed
22~24;Female;B.Tech~B.Sc;ECE~ME~Civil;7~8;2~3;4;5~7;6~9;83~98;4~9;2;0~1;Placed
22~24;Female;B.Tech~B.Sc;ECE~ME~Civil;7~8;2~3;4;5~7;6~9;83~98;4~9;2;0~1;Placed
22~24;Female;B.Tech~B.Sc;ECE~ME~Civil;7~8;2~3;4;5~7;6~9;83~98;4~9;2;0~1;Placed
22~24;Female;B.Tech~B.Sc;ECE~ME~Civil;7~8;2~3;4;5~7;6~9;83~98;4~9;2;0~1;Placed
22~24;Female;B.Tech~B.Sc;ECE~ME~Civil;7~8;2~3;4;5~7;6~9;83~98;4~9;2;0~1;Placed
22~23;Female;B.Tech~B.Sc;ECE~ME;7~8;2~3;5;7~8;3~6;53~74;3~6;2;0~2;Not Placed
22~23;Female;B.Tech~B.Sc;ECE~ME;7~8;2~3;5;7~8;3~6;53~74;3~6;2;0~2;Not Placed
22~23;Female;B.Tech~B.Sc;ECE~ME;7~8;2~3;5;7~8;3~6;53~74;3~6;2;0~2;Placed
22~23;Female;B.Tech~B.Sc;ECE~ME;7~8;2~3;5;7~8;3~6;53~74;3~6;2;0~2;Placed
22~23;Female;B.Tech~B.Sc;ECE~ME;7~8;2~3;5;7~8;3~6;53~74;3~6;2;0~2;Placed
22~23;Female;B.Tech~B.Sc;ECE~ME;7~8;2~3;5;7~8;3~6;53~74;3~6;2;0~2;Not Placed
22~24;Female;B.Tech~B.Sc;ECE~ME~Civil;7~9;2~3;5;7~8;4~6;76~100;4~7;2~3;0~2;Placed
22~24;Female;B.Tech~B.Sc;ECE~ME~Civil;7~9;2~3;5;7~8;4~6;76~100;4~7;2~3;0~2;Not Placed
22~24;Female;B.Tech~B.Sc;ECE~ME~Civil;7~9;2~3;5;7~8;4~6;76~100;4~7;2~3;0~2;Not Placed
22~24;Female;B.Tech~B.Sc;ECE~ME~Civil;7~9;2~3;5;7~8;4~6;76~100;4~7;2~3;0~2;Placed
22~24;Female;B.Tech~B.Sc;ECE~ME~Civil;7~9;2~3;5;7~8;4~6;76~100;4~7;2~3;0~2;Placed
22~24;Female;B.Tech~B.Sc;ECE~ME~Civil;7~9;2~3;5;7~8;4~6;76~100;4~7;2~3;0~2;Placed
22~24;Female;B.Tech~B.Sc;ECE~ME~Civil;7~9;2~3;5;6~8;7~9;59~100;5~7;2~3;0~2;Placed
22~24;Female;B.Tech~B.Sc;ECE~ME~Civil;7~9;2~3;5;6~8;7~9;59~100;5~7;2~3;0~2;Not Placed
22~24;Female;B.Tech~B.Sc;ECE~ME~Civil;7~9;2~3;5;6~8;7~9;59~100;5~7;2~3;0~2;Placed
22~24;Female;B.Tech~B.Sc;ECE~ME~Civil;7~9;2~3;5;6~8;7~9;59~100;5~7;2~3;0~2;Placed
22~24;Female;B.Tech~B.Sc;ECE~ME~Civil;7~9;2~3;5;6~8;7~9;59~100;5~7;2~3;0~2;Placed
22~24;Female;B.Tech~B.Sc;ECE~ME~Civil;7~9;2~3;5;6~8;7~9;59~100;5~7;2~3;0~2;Placed
22~24;Female;B.Tech~B.Sc;ECE~ME~Civil;7~9;2~3;5;6~8;7~9;59~100;5~7;2~3;0~2;Placed
22~24;Female;B.Tech~B.Sc;ECE~ME~Civil;7~9;2~3;5;6~8;7~9;59~100;5~7;2~3;0~2;Placed
22~24;Female;B.Tech~B.Sc;ECE~ME~Civil;7~9;2~3;5;6~8;7~9;59~100;5~7;2~3;0~2;Placed
22~24;Female;B.Tech~B.Sc;ECE~ME;7~9;2~3;5~6;9~10;3~8;59~98;4~7;2~3;0~1;Placed
22~24;Female;B.Tech~B.Sc;ECE~ME;7~9;2~3;5~6;9~10;3~8;59~98;4~7;2~3;0~1;Placed
22~24;Female;B.Tech~B.Sc;ECE~ME;7~9;2~3;5~6;9~10;3~8;59~98;4~7;2~3;0~1;Placed
22~24;Female;B.Tech~B.Sc;ECE~ME;7~9;2~3;5~6;9~10;3~8;59~98;4~7;2~3;0~1;Not Placed
22~24;Female;B.Tech~B.Sc;ECE~ME;7~9;2~3;5~6;9~10;3~8;59~98;4~7;2~3;0~1;Placed
22~24;Female;B.Tech~B.Sc;ECE~ME;7~9;2~3;5~6;9~10;3~8;59~98;4~7;2~3;0~1;Placed
22~24;Female;B.Tech~B.Sc;ECE~ME;7~9;2~3;5~6;9~10;3~8;59~98;4~7;2~3;0~1;Not Placed
22~24;Female;B.Tech~B.Sc;ECE~ME;7~9;2~3;5~6;9~10;3~8;59~98;4~7;2~3;0~1;Placed
22~24;Female;B.Tech~B.Sc;CSE~IT;4~6;0;3~4;4~6;3~5;36~58;3~5;1~2;0~2;Not Placed
22~24;Female;B.Tech~B.Sc;CSE~IT;4~6;0;3~4;4~6;3~5;36~58;3~5;1~2;0~2;Not Placed
22~24;Female;B.Tech~B.Sc;CSE~IT;4~6;0;3~4;4~6;3~5;36~58;3~5;1~2;0~2;Not Placed
22~24;Female;B.Tech~B.Sc;CSE~IT;4~6;0;3~4;4~6;3~5;36~58;3~5;1~2;0~2;Not Placed
22~24;Female;B.Tech~B.Sc;CSE~IT;4~6;0;3~4;4~6;3~5;36~58;3~5;1~2;0~2;Not Placed
22~24;Female;B.Tech~B.Sc;CSE~IT;4~6;0;3~4;4~6;3~5;36~58;3~5;1~2;0~2;Not Placed
22~24;Female;B.Tech~B.Sc;CSE~IT;4~6;0;3~4;4~6;3~5;36~58;3~5;1~2;0~2;Not Placed
22~24;Female;B.Tech~B.Sc;CSE~IT;4~6;0;3~4;4~6;3~5;36~58;3~5;1~2;0~2;Not Placed
22~24;Female;B.Tech~B.Sc;CSE~IT;4~6;0;3~4;4~6;3~5;36~58;3~5;1~2;0~2;Not Placed
22~24;Female;B.Tech~B.Sc;CSE~IT;4~6;0;2~4;3~6;3~5;38~55;6~8;1~2;0~3;Not Placed
22~24;Female;B.Tech~B.Sc;CSE~IT;4~6;0;2~4;3~6;3~5;38~55;6~8;1~2;0~3;Not Placed
22~24;Female;B.Tech~B.Sc;CSE~IT;4~6;0;2~4;3~6;3~5;38~55;6~8;1~2;0~3;Not Placed
22~24;Female;B.Tech~B.Sc;CSE~IT;4~6;0;2~4;3~6;3~5;38~55;6~8;1~2;0~3;Not Placed
22~24;Female;B.Tech~B.Sc;CSE~IT;4~6;0;2~4;3~6;3~5;38~55;6~8;1~2;0~3;Not Placed
22~24;Female;B.Tech~B.Sc;CSE~IT;4~6;0;2~4;3~6;3~5;38~55;6~8;1~2;0~3;Not Placed
22~24;Female;B.Tech~B.Sc;CSE~IT;4~6;0;2~4;3~6;3~5;38~55;6~8;1~2;0~3;Not Placed
22~23;Female;B.Tech~B.Sc;CSE~IT;4~7;0;2~3;3~4;4~5;64~77;4~5;1;0~2;Not Placed
22~23;Female;B.Tech~B.Sc;CSE~IT;4~7;0;2~3;3~4;4~5;64~77;4~5;1;0~2;Not Placed
22~23;Female;B.Tech~B.Sc;CSE~IT;4~7;0;2~3;3~4;4~5;64~77;4~5;1;0~2;Not Placed
22~23;Female;B.Tech~B.Sc;CSE~IT;4~7;0;2~3;3~4;4~5;64~77;4~5;1;0~2;Not Placed
22~23;Female;B.Tech~B.Sc;CSE~IT;4~7;0;2~3;3~4;4~5;64~77;4~5;1;0~2;Not Placed
22~24;Female;B.Tech~B.Sc;CSE~IT;6~7;0;3~4;5~6;3~5;60~91;4~5;2;0~1;Placed
22~24;Female;B.Tech~B.Sc;CSE~IT;6~7;0;3~4;5~6;3~5;60~91;4~5;2;0~1;Placed
22~24;Female;B.Tech~B.Sc;CSE~IT;6~7;0;3~4;5~6;3~5;60~91;4~5;2;0~1;Placed
22~24;Female;B.Tech~B.Sc;CSE~IT;6~7;0;3~4;5~6;3~5;60~91;4~5;2;0~1;Placed
22~24;Female;B.Tech~B.Sc;CSE~IT;6~7;0;3~4;5~6;3~5;60~91;4~5;2;0~1;Not Placed
22~24;Female;B.Tech~B.Sc;CSE~IT;5~6;0;2~4;3~6;3~5;60~78;6~8;1~2;1~2;Not Placed
22~24;Female;B.Tech~B.Sc;CSE~IT;5~6;0;2~4;3~6;3~5;60~78;6~8;1~2;1~2;Not Placed
22~24;Female;B.Tech~B.Sc;CSE~IT;5~6;0;2~4;3~6;3~5;60~78;6~8;1~2;1~2;Not Placed
22~24;Female;B.Tech~B.Sc;CSE~IT;5~6;0;2~4;3~6;3~5;60~78;6~8;1~2;1~2;Not Placed
22~24;Female;B.Tech~B.Sc;CSE~IT;5~6;0;2~4;3~6;3~5;60~78;6~8;1~2;1~2;Not Placed
22~24;Female;B.Tech~B.Sc;CSE~IT;5~6;0;2~4;3~6;3~5;60~78;6~8;1~2;1~2;Not Placed
22~24;Female;B.Tech~B.Sc;CSE~IT;5~6;0;2~4;3~6;3~5;60~78;6~8;1~2;1~2;Not Placed
22~24;Female;B.Tech~B.Sc;CSE~IT;4~5;0;2~3;2~6;6~9;46~60;4~5;1~2;1~3;Not Placed
22~24;Female;B.Tech~B.Sc;CSE~IT;4~5;0;2~3;2~6;6~9;46~60;4~5;1~2;1~3;Not Placed
22~24;Female;B.Tech~B.Sc;CSE~IT;4~5;0;2~3;2~6;6~9;46~60;4~5;1~2;1~3;Not Placed
22~24;Female;B.Tech~B.Sc;CSE~IT;4~5;0;2~3;2~6;6~9;46~60;4~5;1~2;1~3;Not Placed
22~24;Female;B.Tech~B.Sc;CSE~IT;4~5;0;2~3;2~6;6~9;46~60;4~5;1~2;1~3;Not Placed
22~24;Female;B.Tech~B.Sc;CSE~IT;5~6;0;3~4;4~6;6~7;50~60;3~5;1~2;1~2;Placed
22~24;Female;B.Tech~B.Sc;CSE~IT;5~6;0;3~4;4~6;6~7;50~60;3~5;1~2;1~2;Not Placed
22~24;Female;B.Tech~B.Sc;CSE~IT;5~6;0;3~4;4~6;6~7;50~60;3~5;1~2;1~2;Not Placed
22~24;Female;B.Tech~B.Sc;CSE~IT;5~6;0;3~4;4~6;6~7;50~60;3~5;1~2;1~2;Not Placed
22~24;Female;B.Tech~B.Sc;CSE~IT;5~6;0;3~4;4~6;6~7;50~60;3~5;1~2;1~2;Not Placed
22~24;Female;B.Tech~B.Sc;CSE~IT;4~6;0;2~3;3~5;6~8;38~59;6~7;1;1~3;Not Placed
22~24;Female;B.Tech~B.Sc;CSE~IT;4~6;0;2~3;3~5;6~8;38~59;6~7;1;1~3;Not Placed
22~24;Female;B.Tech~B.Sc;CSE~IT;4~6;0;2~3;3~5;6~8;38~59;6~7;1;1~3;Not Placed
22~24;Female;B.Tech~B.Sc;CSE~IT;4~6;0;2~3;3~5;6~8;38~59;6~7;1;1~3;Not Placed
22~24;Female;B.Tech~B.Sc;CSE~IT;4~6;0;2~3;3~5;6~8;38~59;6~7;1;1~3;Not Placed
22~24;Female;B.Tech~B.Sc;CSE~IT;4~6;0;2~3;3~5;6~8;38~59;6~7;1;1~3;Not Placed
22~24;Female;B.Tech~B.Sc;CSE~IT;5~6;0;3~4;4~6;6~8;61~86;4~5;1~2;0~1;Placed
22~24;Female;B.Tech~B.Sc;CSE~IT;5~6;0;3~4;4~6;6~8;61~86;4~5;1~2;0~1;Placed
22~24;Female;B.Tech~B.Sc;CSE~IT;5~6;0;3~4;4~6;6~8;61~86;4~5;1~2;0~1;Not Placed
22~24;Female;B.Tech~B.Sc;CSE~IT;5~6;0;3~4;4~6;6~8;61~86;4~5;1~2;0~1;Not Placed
22~24;Female;B.Tech~B.Sc;CSE~IT;5~6;0;3~4;4~6;6~8;61~86;4~5;1~2;0~1;Not Placed
22~24;Female;B.Tech~B.Sc;CSE~IT;5~6;0;3~4;4~6;6~8;61~86;4~5;1~2;0~1;Placed
22~24;Female;B.Tech~B.Sc;CSE~IT;5~6;0;3~4;3~6;7;63~73;4~5;1~2;2~3;Not Placed
22~24;Female;B.Tech~B.Sc;CSE~IT;5~6;0;3~4;3~6;7;63~73;4~5;1~2;2~3;Not Placed
22~24;Female;B.Tech~B.Sc;CSE~IT;5~6;0;3~4;3~6;7;63~73;4~5;1~2;2~3;Not Placed
22~24;Female;B.Tech~B.Sc;CSE~IT;5~6;0;3~4;3~6;7;63~73;4~5;1~2;2~3;Not Placed
22~24;Female;B.Tech~B.Sc;CSE~IT;5~6;0;3~4;3~6;7;63~73;4~5;1~2;2~3;Not Placed
22~24;Female;B.Tech~B.Sc;CSE~IT;5~6;0;3~4;5~6;6~7;65~81;6~7;2;0~3;Not Placed
22~24;Female;B.Tech~B.Sc;CSE~IT;5~6;0;3~4;5~6;6~7;65~81;6~7;2;0~3;Not Placed
22~24;Female;B.Tech~B.Sc;CSE~IT;5~6;0;3~4;5~6;6~7;65~81;6~7;2;0~3;Placed
22~24;Female;B.Tech~B.Sc;CSE~IT;5~6;0;3~4;5~6;6~7;65~81;6~7;2;0~3;Not Placed
22~24;Female;B.Tech~B.Sc;CSE~IT;5~6;0;3~4;5~6;6~7;65~81;6~7;2;0~3;Not Placed
22~24;Female;B.Tech~B.Sc;CSE~IT;5~6;0;3~4;5~6;6~7;65~81;6~7;2;0~3;Placed
22~23;Female;B.Tech~B.Sc;CSE~IT;6~6;0;4;7~8;4~6;47~59;3~7;2;0;Not Placed
22~23;Female;B.Tech~B.Sc;CSE~IT;6~6;0;4;7~8;4~6;47~59;3~7;2;0;Not Placed
22~23;Female;B.Tech~B.Sc;CSE~IT;6~6;0;4;7~8;4~6;47~59;3~7;2;0;Not Placed
22~23;Female;B.Tech~B.Sc;CSE~IT;6~6;0;4;7~8;4~6;47~59;3~7;2;0;Not Placed
22~23;Female;B.Tech~B.Sc;CSE~IT;6~6;0;4;7~8;4~6;47~59;3~7;2;0;Not Placed
22~23;Female;B.Tech~B.Sc;CSE~IT;6~6;0;4;7~8;4~6;47~59;3~7;2;0;Not Placed
22~23;Female;B.Tech~B.Sc;CSE~IT;6~6;0;4;7~8;4~6;47~59;3~7;2;0;Not Placed
22~24;Female;B.Tech~B.Sc;CSE~IT;5~6;0;4;7~9;4~6;36~61;4~7;2~3;1~3;Not Placed
22~24;Female;B.Tech~B.Sc;CSE~IT;5~6;0;4;7~9;4~6;36~61;4~7;2~3;1~3;Not Placed
22~24;Female;B.Tech~B.Sc;CSE~IT;5~6;0;4;7~9;4~6;36~61;4~7;2~3;1~3;Placed
22~24;Female;B.Tech~B.Sc;CSE~IT;5~6;0;4;7~9;4~6;36~61;4~7;2~3;1~3;Not Placed
22~24;Female;B.Tech~B.Sc;CSE~IT;5~6;0;4;7~9;4~6;36~61;4~7;2~3;1~3;Not Placed
22~24;Female;B.Tech~B.Sc;CSE~IT;5~6;0;4;7~9;4~6;36~61;4~7;2~3;1~3;Not Placed
22~24;Female;B.Tech~B.Sc;CSE~IT;5~6;0;4;7~9;4~6;36~61;4~7;2~3;1~3;Not Placed
22~24;Female;B.Tech~B.Sc;CSE~IT;5~6;0;4;7~9;4~6;36~61;4~7;2~3;1~3;Not Placed
22~24;Female;B.Tech~B.Sc;CSE~IT;5~6;0;4~5;7~9;5~6;62~86;4~5;2~3;0~3;Not Placed
22~24;Female;B.Tech~B.Sc;CSE~IT;5~6;0;4~5;7~9;5~6;62~86;4~5;2~3;0~3;Not Placed
22~24;Female;B.Tech~B.Sc;CSE~IT;5~6;0;4~5;7~9;5~6;62~86;4~5;2~3;0~3;Placed
22~24;Female;B.Tech~B.Sc;CSE~IT;5~6;0;4~5;7~9;5~6;62~86;4~5;2~3;0~3;Not Placed
22~24;Female;B.Tech~B.Sc;CSE~IT;5~6;0;4~5;7~9;5~6;62~86;4~5;2~3;0~3;Placed
22~24;Female;B.Tech~B.Sc;CSE~IT;5~6;0;4~5;7~9;5~6;62~86;4~5;2~3;0~3;Not Placed
22~24;Female;B.Tech~B.Sc;CSE~IT;5~6;0;4~5;7~9;5~6;62~86;4~5;2~3;0~3;Not Placed
22~24;Female;B.Tech~B.Sc;CSE~IT;5~6;0;4~5;7~9;5~6;62~86;4~5;2~3;0~3;Not Placed
22~24;Female;B.Tech~B.Sc;CSE~IT;5~6;0;4;7~8;3~6;62~82;6~7;2~3;0~3;Placed
22~24;Female;B.Tech~B.Sc;CSE~IT;5~6;0;4;7~8;3~6;62~82;6~7;2~3;0~3;Placed
22~24;Female;B.Tech~B.Sc;CSE~IT;5~6;0;4;7~8;3~6;62~82;6~7;2~3;0~3;Placed
22~24;Female;B.Tech~B.Sc;CSE~IT;5~6;0;4;7~8;3~6;62~82;6~7;2~3;0~3;Not Placed
22~24;Female;B.Tech~B.Sc;CSE~IT;5~6;0;4;7~8;3~6;62~82;6~7;2~3;0~3;Not Placed
22~24;Female;B.Tech~B.Sc;CSE~IT;5~6;0;4;7~8;3~6;62~82;6~7;2~3;0~3;Not Placed
22~24;Female;B.Tech~B.Sc;CSE~IT;5~6;0;4;7~8;3~6;62~82;6~7;2~3;0~3;Not Placed
22~24;Female;B.Tech~B.Sc;CSE~IT;5~6;0;4;7~8;3~6;62~82;6~7;2~3;0~3;Not Placed
22~24;Female;B.Tech~B.Sc;CSE~IT;5~6;0;4~5;7~9;7~9;44~78;3~8;2;0~3;Not Placed
22~24;Female;B.Tech~B.Sc;CSE~IT;5~6;0;4~5;7~9;7~9;44~78;3~8;2;0~3;Placed
22~24;Female;B.Tech~B.Sc;CSE~IT;5~6;0;4~5;7~9;7~9;44~78;3~8;2;0~3;Placed
22~24;Female;B.Tech~B.Sc;CSE~IT;5~6;0;4~5;7~9;7~9;44~78;3~8;2;0~3;Not Placed
22~24;Female;B.Tech~B.Sc;CSE~IT;5~6;0;4~5;7~9;7~9;44~78;3~8;2;0~3;Placed
22~24;Female;B.Tech~B.Sc;CSE~IT;5~6;0;4~5;7~9;7~9;44~78;3~8;2;0~3;Not Placed
22~24;Female;B.Tech~B.Sc;CSE~IT;5~6;0;4~5;7~9;7~9;44~78;3~8;2;0~3;Not Placed
22~24;Female;B.Tech~B.Sc;CSE~IT;5~6;1~2;3~4;4~6;3~6;42~58;2~5;1~2;1~3;Not Placed
22~24;Female;B.Tech~B.Sc;CSE~IT;5~6;1~2;3~4;4~6;3~6;42~58;2~5;1~2;1~3;Not Placed
22~24;Female;B.Tech~B.Sc;CSE~IT;5~6;1~2;3~4;4~6;3~6;42~58;2~5;1~2;1~3;Not Placed
22~24;Female;B.Tech~B.Sc;CSE~IT;5~6;1~2;3~4;4~6;3~6;42~58;2~5;1~2;1~3;Not Placed
22~24;Female;B.Tech~B.Sc;CSE~IT;5~6;1~2;3~4;4~6;3~6;42~58;2~5;1~2;1~3;Not Placed
22~24;Female;B.Tech~B.Sc;CSE~IT;5~6;1~2;3~4;4~6;3~6;42~58;2~5;1~2;1~3;Not Placed
22~24;Female;B.Tech~B.Sc;CSE~IT;5~6;1~2;3~4;4~6;3~6;42~58;2~5;1~2;1~3;Not Placed
22~24;Female;B.Tech~B.Sc;CSE~IT;5~6;1~2;3~4;4~6;3~6;42~58;2~5;1~2;1~3;Not Placed
22~24;Female;B.Tech~B.Sc;CSE~IT;5~6;1~2;3~4;4~6;3~6;42~58;2~5;1~2;1~3;Not Placed
22~24;Female;B.Tech~B.Sc;CSE~IT;4~6;1~2;3~4;4~6;4~6;35~57;6~7;1~2;0~3;Not Placed
22~24;Female;B.Tech~B.Sc;CSE~IT;4~6;1~2;3~4;4~6;4~6;35~57;6~7;1~2;0~3;Not Placed
22~24;Female;B.Tech~B.Sc;CSE~IT;4~6;1~2;3~4;4~6;4~6;35~57;6~7;1~2;0~3;Not Placed
22~24;Female;B.Tech~B.Sc;CSE~IT;4~6;1~2;3~4;4~6;4~6;35~57;6~7;1~2;0~3;Not Placed
22~24;Female;B.Tech~B.Sc;CSE~IT;4~6;1~2;3~4;4~6;4~6;35~57;6~7;1~2;0~3;Not Placed
22~24;Female;B.Tech~B.Sc;CSE~IT;4~6;1~2;3~4;4~6;4~6;35~57;6~7;1~2;0~3;Not Placed
22~24;Female;B.Tech~B.Sc;CSE~IT;4~6;1~2;3~4;4~6;4~6;35~57;6~7;1~2;0~3;Not Placed
22~24;Female;B.Tech~B.Sc;CSE~IT;4~6;1~2;3~4;4~6;4~6;35~57;6~7;1~2;0~3;Not Placed
22~24;Female;B.Tech~B.Sc;CSE~IT;4~6;1~2;3~4;4~6;4~6;35~57;6~7;1~2;0~3;Placed
22~24;Female;B.Tech~B.Sc;CSE~IT;5~6;1~2;3~4;4~6;3~6;63~75;4~7;1~2;1;Not Placed
22~24;Female;B.Tech~B.Sc;CSE~IT;5~6;1~2;3~4;4~6;3~6;63~75;4~7;1~2;1;Not Placed
22~24;Female;B.Tech~B.Sc;CSE~IT;5~6;1~2;3~4;4~6;3~6;63~75;4~7;1~2;1;Not Placed
22~24;Female;B.Tech~B.Sc;CSE~IT;5~6;1~2;3~4;4~6;3~6;63~75;4~7;1~2;1;Not Placed
22~24;Female;B.Tech~B.Sc;CSE~IT;5~6;1~2;3~4;4~6;3~6;63~75;4~7;1~2;1;Not Placed
22~24;Female;B.Tech~B.Sc;CSE~IT;6~6;1;3~4;5~6;3~6;65~77;4~6;2;0~1;Placed
22~24;Female;B.Tech~B.Sc;CSE~IT;6~6;1;3~4;5~6;3~6;65~77;4~6;2;0~1;Not Placed
22~24;Female;B.Tech~B.Sc;CSE~IT;6~6;1;3~4;5~6;3~6;65~77;4~6;2;0~1;Placed
22~24;Female;B.Tech~B.Sc;CSE~IT;6~6;1;3~4;5~6;3~6;65~77;4~6;2;0~1;Placed
22~24;Female;B.Tech~B.Sc;CSE~IT;6~6;1;3~4;5~6;3~6;65~77;4~6;2;0~1;Not Placed
22~24;Female;B.Tech~B.Sc;CSE~IT;5~6;1~2;3~4;5~6;3~6;59~86;3~7;2;2~3;Not Placed
22~24;Female;B.Tech~B.Sc;CSE~IT;5~6;1~2;3~4;5~6;3~6;59~86;3~7;2;2~3;Not Placed
22~24;Female;B.Tech~B.Sc;CSE~IT;5~6;1~2;3~4;5~6;3~6;59~86;3~7;2;2~3;Not Placed
22~24;Female;B.Tech~B.Sc;CSE~IT;5~6;1~2;3~4;5~6;3~6;59~86;3~7;2;2~3;Not Placed
22~24;Female;B.Tech~B.Sc;CSE~IT;5~6;1~2;3~4;5~6;3~6;59~86;3~7;2;2~3;Not Placed
22~24;Female;B.Tech~B.Sc;CSE~IT;5~6;1~2;3~4;5~6;3~6;59~86;3~7;2;2~3;Not Placed
22~24;Female;B.Tech~B.Sc;CSE~IT;5~6;1~2;3~4;5~6;3~6;59~86;3~7;2;2~3;Not Placed
22~24;Female;B.Tech~B.Sc;CSE~IT;5~6;1~2;3~4;5~6;3~6;59~86;3~7;2;2~3;Not Placed
22~24;Female;B.Tech~B.Sc;CSE~IT;5~6;1~2;3~4;5~6;3~6;59~86;3~7;2;2~3;Not Placed
22~24;Female;B.Tech~B.Sc;CSE~IT;4~5;1~2;3;5~6;7~8;50~60;2~6;2;1~3;Not Placed
22~24;Female;B.Tech~B.Sc;CSE~IT;4~5;1~2;3;5~6;7~8;50~60;2~6;2;1~3;Not Placed
22~24;Female;B.Tech~B.Sc;CSE~IT;4~5;1~2;3;5~6;7~8;50~60;2~6;2;1~3;Not Placed
22~24;Female;B.Tech~B.Sc;CSE~IT;4~5;1~2;3;5~6;7~8;50~60;2~6;2;1~3;Not Placed
22~24;Female;B.Tech~B.Sc;CSE~IT;4~5;1~2;3;5~6;7~8;50~60;2~6;2;1~3;Not Placed
23~24;Female;B.Tech~B.Sc;CSE~IT;6~6;1~2;3~4;4~6;7~8;57~60;4~8;1~2;0~3;Placed
23~24;Female;B.Tech~B.Sc;CSE~IT;6~6;1~2;3~4;4~6;7~8;57~60;4~8;1~2;0~3;Not Placed
23~24;Female;B.Tech~B.Sc;CSE~IT;6~6;1~2;3~4;4~6;7~8;57~60;4~8;1~2;0~3;Not Placed
23~24;Female;B.Tech~B.Sc;CSE~IT;6~6;1~2;3~4;4~6;7~8;57~60;4~8;1~2;0~3;Placed
23~24;Female;B.Tech~B.Sc;CSE~IT;6~6;1~2;3~4;4~6;7~8;57~60;4~8;1~2;0~3;Not Placed
22~24;Female;B.Tech~B.Sc;IT;5~6;1~2;2~4;3~6;7~9;61~83;4~6;1~2;0~3;Placed
22~24;Female;B.Tech~B.Sc;IT;5~6;1~2;2~4;3~6;7~9;61~83;4~6;1~2;0~3;Placed
22~24;Female;B.Tech~B.Sc;IT;5~6;1~2;2~4;3~6;7~9;61~83;4~6;1~2;0~3;Not Placed
22~24;Female;B.Tech~B.Sc;IT;5~6;1~2;2~4;3~6;7~9;61~83;4~6;1~2;0~3;Placed
22~24;Female;B.Tech~B.Sc;IT;5~6;1~2;2~4;3~6;7~9;61~83;4~6;1~2;0~3;Not Placed
22~24;Female;B.Tech~B.Sc;IT;5~6;1~2;2~4;3~6;7~9;61~83;4~6;1~2;0~3;Placed
22~24;Female;B.Tech~B.Sc;IT;5~6;1~2;2~4;3~6;7~9;61~83;4~6;1~2;0~3;Placed
22~24;Female;B.Tech~B.Sc;IT;5~6;1~2;2~4;3~6;7~9;61~83;4~6;1~2;0~3;Placed
23~24;Female;B.Tech~B.Sc;CSE~IT;5~6;1~2;4;7~8;2~5;49~57;4~5;2;0~3;Not Placed
23~24;Female;B.Tech~B.Sc;CSE~IT;5~6;1~2;4;7~8;2~5;49~57;4~5;2;0~3;Not Placed
23~24;Female;B.Tech~B.Sc;CSE~IT;5~6;1~2;4;7~8;2~5;49~57;4~5;2;0~3;Not Placed
23~24;Female;B.Tech~B.Sc;CSE~IT;5~6;1~2;4;7~8;2~5;49~57;4~5;2;0~3;Not Placed
23~24;Female;B.Tech~B.Sc;CSE~IT;5~6;1~2;4;7~8;2~5;49~57;4~5;2;0~3;Not Placed
23~24;Female;B.Tech~B.Sc;CSE;6~6;1~2;4;7~8;3~5;54~61;6~8;2;1~3;Not Placed
23~24;Female;B.Tech~B.Sc;CSE;6~6;1~2;4;7~8;3~5;54~61;6~8;2;1~3;Placed
23~24;Female;B.Tech~B.Sc;CSE;6~6;1~2;4;7~8;3~5;54~61;6~8;2;1~3;Not Placed
23~24;Female;B.Tech~B.Sc;CSE;6~6;1~2;4;7~8;3~5;54~61;6~8;2;1~3;Not Placed
23~24;Female;B.Tech~B.Sc;CSE;6~6;1~2;4;7~8;3~5;54~61;6~8;2;1~3;Not Placed
22~24;Female;B.Tech~B.Sc;CSE~IT;5~6;1;4;7~8;4~5;64~77;4~6;2;1~2;Not Placed
22~24;Female;B.Tech~B.Sc;CSE~IT;5~6;1;4;7~8;4~5;64~77;4~6;2;1~2;Not Placed
22~24;Female;B.Tech~B.Sc;CSE~IT;5~6;1;4;7~8;4~5;64~77;4~6;2;1~2;Not Placed
22~24;Female;B.Tech~B.Sc;CSE~IT;5~6;1;4;7~8;4~5;64~77;4~6;2;1~2;Not Placed
22~24;Female;B.Tech~B.Sc;CSE~IT;5~6;1;4;7~8;4~5;64~77;4~6;2;1~2;Not Placed
22~24;Female;B.Tech~B.Sc;CSE~IT;6~6;1~2;4;7~8;5;62~81;3~7;2~3;0~2;Not Placed
22~24;Female;B.Tech~B.Sc;CSE~IT;6~6;1~2;4;7~8;5;62~81;3~7;2~3;0~2;Placed
22~24;Female;B.Tech~B.Sc;CSE~IT;6~6;1~2;4;7~8;5;62~81;3~7;2~3;0~2;Placed
22~24;Female;B.Tech~B.Sc;CSE~IT;6~6;1~2;4;7~8;5;62~81;3~7;2~3;0~2;Placed
22~24;Female;B.Tech~B.Sc;CSE~IT;6~6;1~2;4;7~8;5;62~81;3~7;2~3;0~2;Placed
22~24;Female;B.Tech~B.Sc;CSE~IT;6~6;1~2;4;7~8;5;62~81;3~7;2~3;0~2;Placed
22~24;Female;B.Tech~B.Sc;CSE~IT;6~7;1~2;4;7~8;6~8;41~64;5~6;2;0~3;Not Placed
22~24;Female;B.Tech~B.Sc;CSE~IT;6~7;1~2;4;7~8;6~8;41~64;5~6;2;0~3;Not Placed
22~24;Female;B.Tech~B.Sc;CSE~IT;6~7;1~2;4;7~8;6~8;41~64;5~6;2;0~3;Placed
22~24;Female;B.Tech~B.Sc;CSE~IT;6~7;1~2;4;7~8;6~8;41~64;5~6;2;0~3;Not Placed
22~24;Female;B.Tech~B.Sc;CSE~IT;6~7;1~2;4;7~8;6~8;41~64;5~6;2;0~3;Not Placed
22~24;Female;B.Tech~B.Sc;CSE~IT;6~7;1~2;4;7~8;6~8;41~64;5~6;2;0~3;Not Placed
22~24;Female;B.Tech~B.Sc;CSE~IT;6~7;1~2;4;7~8;6~8;41~64;5~6;2;0~3;Not Placed
22~24;Female;B.Tech~B.Sc;CSE~IT;6~7;1~2;5;8~10;3~5;49~84;5~7;2~3;0~3;Not Placed
22~24;Female;B.Tech~B.Sc;CSE~IT;6~7;1~2;5;8~10;3~5;49~84;5~7;2~3;0~3;Placed
22~24;Female;B.Tech~B.Sc;CSE~IT;6~7;1~2;5;8~10;3~5;49~84;5~7;2~3;0~3;Not Placed
22~24;Female;B.Tech~B.Sc;CSE~IT;6~7;1~2;5;8~10;3~5;49~84;5~7;2~3;0~3;Not Placed
22~24;Female;B.Tech~B.Sc;CSE~IT;6~7;1~2;5;8~10;3~5;49~84;5~7;2~3;0~3;Not Placed
22~24;Female;B.Tech~B.Sc;CSE~IT;6~7;1~2;5;8~10;3~5;49~84;5~7;2~3;0~3;Not Placed
22~24;Female;B.Tech~B.Sc;CSE~IT;6~7;1~2;5;8~10;3~5;49~84;5~7;2~3;0~3;Not Placed
22~24;Female;B.Tech~B.Sc;CSE~IT;6~7;1~2;5;8~10;3~5;49~84;5~7;2~3;0~3;Not Placed
22~24;Female;B.Tech~B.Sc;CSE~IT;6~7;1~2;5;8~10;3~5;49~84;5~7;2~3;0~3;Not Placed
22~23;Female;B.Tech~B.Sc;CSE~IT;6~7;1~2;5;9~10;6~8;47~87;4~7;2~3;0~3;Not Placed
22~23;Female;B.Tech~B.Sc;CSE~IT;6~7;1~2;5;9~10;6~8;47~87;4~7;2~3;0~3;Placed
22~23;Female;B.Tech~B.Sc;CSE~IT;6~7;1~2;5;9~10;6~8;47~87;4~7;2~3;0~3;Placed
22~23;Female;B.Tech~B.Sc;CSE~IT;6~7;1~2;5;9~10;6~8;47~87;4~7;2~3;0~3;Placed
22~23;Female;B.Tech~B.Sc;CSE~IT;6~7;1~2;5;9~10;6~8;47~87;4~7;2~3;0~3;Not Placed
22~23;Female;B.Tech~B.Sc;CSE~IT;6~7;1~2;5;9~10;6~8;47~87;4~7;2~3;0~3;Not Placed
22~24;Female;B.Tech~B.Sc;CSE~IT;7~7;0~1;3~4;4~6;4~5;68~78;5~7;1~2;0;Placed
22~24;Female;B.Tech~B.Sc;CSE~IT;7~7;0~1;3~4;4~6;4~5;68~78;5~7;1~2;0;Not Placed
22~24;Female;B.Tech~B.Sc;CSE~IT;7~7;0~1;3~4;4~6;4~5;68~78;5~7;1~2;0;Placed
22~24;Female;B.Tech~B.Sc;CSE~IT;7~7;0~1;3~4;4~6;4~5;68~78;5~7;1~2;0;Placed
22~24;Female;B.Tech~B.Sc;CSE~IT;7~7;0~1;3~4;4~6;4~5;68~78;5~7;1~2;0;Not Placed
22~24;Female;B.Tech~B.Sc;CSE~IT;7~8;0~1;4;4~6;2~5;60~73;5~7;1~2;0;Not Placed
22~24;Female;B.Tech~B.Sc;CSE~IT;7~8;0~1;4;4~6;2~5;60~73;5~7;1~2;0;Not Placed
22~24;Female;B.Tech~B.Sc;CSE~IT;7~8;0~1;4;4~6;2~5;60~73;5~7;1~2;0;Not Placed
22~24;Female;B.Tech~B.Sc;CSE~IT;7~8;0~1;4;4~6;2~5;60~73;5~7;1~2;0;Not Placed
22~24;Female;B.Tech~B.Sc;CSE~IT;7~8;0~1;4;4~6;2~5;60~73;5~7;1~2;0;Placed
22~24;Female;B.Tech~B.Sc;CSE~IT;7~8;0~1;4;4~6;2~5;60~73;5~7;1~2;0;Not Placed
22~24;Female;B.Tech~B.Sc;CSE~IT;7~7;0~1;4;6;3~5;59~78;5~7;2;1~2;Placed
22~24;Female;B.Tech~B.Sc;CSE~IT;7~7;0~1;4;6;3~5;59~78;5~7;2;1~2;Placed
22~24;Female;B.Tech~B.Sc;CSE~IT;7~7;0~1;4;6;3~5;59~78;5~7;2;1~2;Not Placed
22~24;Female;B.Tech~B.Sc;CSE~IT;7~7;0~1;4;6;3~5;59~78;5~7;2;1~2;Placed
22~24;Female;B.Tech~B.Sc;CSE~IT;7~7;0~1;4;6;3~5;59~78;5~7;2;1~2;Placed
22~24;Female;B.Tech~B.Sc;CSE~IT;7~8;0~1;4;4~6;2~5;79~94;1~6;2;0~1;Not Placed
22~24;Female;B.Tech~B.Sc;CSE~IT;7~8;0~1;4;4~6;2~5;79~94;1~6;2;0~1;Placed
22~24;Female;B.Tech~B.Sc;CSE~IT;7~8;0~1;4;4~6;2~5;79~94;1~6;2;0~1;Placed
22~24;Female;B.Tech~B.Sc;CSE~IT;7~8;0~1;4;4~6;2~5;79~94;1~6;2;0~1;Placed
22~24;Female;B.Tech~B.Sc;CSE~IT;7~8;0~1;4;4~6;2~5;79~94;1~6;2;0~1;Placed
22~24;Female;B.Tech~B.Sc;CSE~IT;7~8;0~1;4;4~6;2~5;79~94;1~6;2;0~1;Not Placed
22~24;Female;B.Tech~B.Sc;CSE~IT;7~8;0~1;4;4~6;2~5;79~94;1~6;2;0~1;Not Placed
22~24;Female;B.Tech~B.Sc;CSE~IT;7~8;0~1;4;4~6;2~5;79~94;1~6;2;0~1;Placed
22~24;Female;B.Tech~B.Sc;CSE~IT;7~8;0~1;4;4~6;2~5;79~94;1~6;2;0~1;Not Placed
22~24;Female;B.Tech~B.Sc;CSE~IT;7~8;0~1;3~4;3~6;4~5;81~96;7~8;1~2;0~1;Placed
22~24;Female;B.Tech~B.Sc;CSE~IT;7~8;0~1;3~4;3~6;4~5;81~96;7~8;1~2;0~1;Not Placed
22~24;Female;B.Tech~B.Sc;CSE~IT;7~8;0~1;3~4;3~6;4~5;81~96;7~8;1~2;0~1;Not Placed
22~24;Female;B.Tech~B.Sc;CSE~IT;7~8;0~1;3~4;3~6;4~5;81~96;7~8;1~2;0~1;Placed
22~24;Female;B.Tech~B.Sc;CSE~IT;7~8;0~1;3~4;3~6;4~5;81~96;7~8;1~2;0~1;Not Placed
22~24;Female;B.Tech~B.Sc;CSE~IT;7~7;0~1;3~4;3~6;6~9;63~75;3~5;1~2;0~1;Placed
22~24;Female;B.Tech~B.Sc;CSE~IT;7~7;0~1;3~4;3~6;6~9;63~75;3~5;1~2;0~1;Placed
22~24;Female;B.Tech~B.Sc;CSE~IT;7~7;0~1;3~4;3~6;6~9;63~75;3~5;1~2;0~1;Placed
22~24;Female;B.Tech~B.Sc;CSE~IT;7~7;0~1;3~4;3~6;6~9;63~75;3~5;1~2;0~1;Placed
22~24;Female;B.Tech~B.Sc;CSE~IT;7~7;0~1;3~4;3~6;6~9;63~75;3~5;1~2;0~1;Placed
22~24;Female;B.Tech~B.Sc;CSE~IT;7~7;0~1;3~4;3~6;6~9;63~75;3~5;1~2;0~1;Placed
22~24;Female;B.Tech~B.Sc;CSE~IT;7~7;0~1;3~4;3~6;6~9;63~75;3~5;1~2;0~1;Not Placed
22~24;Female;B.Tech~B.Sc;CSE~IT;7~7;0~1;3~4;3~6;6~9;63~75;3~5;1~2;0~1;Placed
22~24;Female;B.Tech~B.Sc;CSE~IT;7~7;0~1;3~4;4~6;6~8;51~75;6~8;1~2;0~2;Placed
22~24;Female;B.Tech~B.Sc;CSE~IT;7~7;0~1;3~4;4~6;6~8;51~75;6~8;1~2;0~2;Placed
22~24;Female;B.Tech~B.Sc;CSE~IT;7~7;0~1;3~4;4~6;6~8;51~75;6~8;1~2;0~2;Placed
22~24;Female;B.Tech~B.Sc;CSE~IT;7~7;0~1;3~4;4~6;6~8;51~75;6~8;1~2;0~2;Not Placed
22~24;Female;B.Tech~B.Sc;CSE~IT;7~7;0~1;3~4;4~6;6~8;51~75;6~8;1~2;0~2;Not Placed
22~24;Female;B.Tech~B.Sc;CSE~IT;7~7;0~1;3~4;4~6;6~8;51~75;6~8;1~2;0~2;Placed
22~24;Female;B.Tech~B.Sc;CSE~IT;7~7;0~1;3~4;4~6;6~8;51~75;6~8;1~2;0~2;Not Placed
22~24;Female;B.Tech~B.Sc;CSE~IT;7~8;0~1;4;5~6;6~8;77~100;3~5;2;0~2;Placed
22~24;Female;B.Tech~B.Sc;CSE~IT;7~8;0~1;4;5~6;6~8;77~100;3~5;2;0~2;Placed
22~24;Female;B.Tech~B.Sc;CSE~IT;7~8;0~1;4;5~6;6~8;77~100;3~5;2;0~2;Placed
22~24;Female;B.Tech~B.Sc;CSE~IT;7~8;0~1;4;5~6;6~8;77~100;3~5;2;0~2;Placed
22~24;Female;B.Tech~B.Sc;CSE~IT;7~8;0~1;4;5~6;6~8;77~100;3~5;2;0~2;Placed
22~24;Female;B.Tech~B.Sc;CSE~IT;7~8;0~1;4;5~6;6~8;77~100;3~5;2;0~2;Not Placed
22~24;Female;B.Tech~B.Sc;CSE~IT;7~8;0~1;4;5~6;6~8;77~100;3~5;2;0~2;Placed
22~24;Female;B.Tech~B.Sc;CSE~IT;7~8;0~1;3~4;4~6;6~8;76~95;6~7;2;0~2;Placed
22~24;Female;B.Tech~B.Sc;CSE~IT;7~8;0~1;3~4;4~6;6~8;76~95;6~7;2;0~2;Not Placed
22~24;Female;B.Tech~B.Sc;CSE~IT;7~8;0~1;3~4;4~6;6~8;76~95;6~7;2;0~2;Placed
22~24;Female;B.Tech~B.Sc;CSE~IT;7~8;0~1;3~4;4~6;6~8;76~95;6~7;2;0~2;Not Placed
22~24;Female;B.Tech~B.Sc;CSE~IT;7~8;0~1;3~4;4~6;6~8;76~95;6~7;2;0~2;Placed
22~24;Female;B.Tech~B.Sc;CSE~IT;7~8;0~1;3~4;4~6;6~8;76~95;6~7;2;0~2;Placed
22~24;Female;B.Tech~B.Sc;CSE~IT;7~7;1;4;7;4~5;56~72;3~7;2;0~2;Not Placed
22~24;Female;B.Tech~B.Sc;CSE~IT;7~7;1;4;7;4~5;56~72;3~7;2;0~2;Not Placed
22~24;Female;B.Tech~B.Sc;CSE~IT;7~7;1;4;7;4~5;56~72;3~7;2;0~2;Not Placed
22~24;Female;B.Tech~B.Sc;CSE~IT;7~7;1;4;7;4~5;56~72;3~7;2;0~2;Placed
22~24;Female;B.Tech~B.Sc;CSE~IT;7~7;1;4;7;4~5;56~72;3~7;2;0~2;Not Placed
22~23;Female;B.Tech~B.Sc;CSE~IT;7~7;1;4;7;3~5;74~92;4~7;2;0~2;Placed
22~23;Female;B.Tech~B.Sc;CSE~IT;7~7;1;4;7;3~5;74~92;4~7;2;0~2;Placed
22~23;Female;B.Tech~B.Sc;CSE~IT;7~7;1;4;7;3~5;74~92;4~7;2;0~2;Placed
22~23;Female;B.Tech~B.Sc;CSE~IT;7~7;1;4;7;3~5;74~92;4~7;2;0~2;Not Placed
22~23;Female;B.Tech~B.Sc;CSE~IT;7~7;1;4;7;3~5;74~92;4~7;2;0~2;Placed
22~24;Female;B.Tech~B.Sc;CSE~IT;7~7;1;4;7;6~8;64~100;4~8;2~3;0~2;Placed
22~24;Female;B.Tech~B.Sc;CSE~IT;7~7;1;4;7;6~8;64~100;4~8;2~3;0~2;Placed
22~24;Female;B.Tech~B.Sc;CSE~IT;7~7;1;4;7;6~8;64~100;4~8;2~3;0~2;Placed
22~24;Female;B.Tech~B.Sc;CSE~IT;7~7;1;4;7;6~8;64~100;4~8;2~3;0~2;Placed
22~24;Female;B.Tech~B.Sc;CSE~IT;7~7;1;4;7;6~8;64~100;4~8;2~3;0~2;Placed
22~24;Female;B.Tech~B.Sc;CSE~IT;7~7;1;4;7;6~8;64~100;4~8;2~3;0~2;Not Placed
22~24;Female;B.Tech~B.Sc;CSE~IT;7~7;1;4;7;6~8;64~100;4~8;2~3;0~2;Placed
22~24;Female;B.Tech~B.Sc;CSE~IT;7~7;1;4;7;6~8;64~100;4~8;2~3;0~2;Not Placed
23~24;Female;B.Tech~B.Sc;CSE~IT;7~7;1;5;8;3~4;69~78;5~6;2;0~2;Not Placed
23~24;Female;B.Tech~B.Sc;CSE~IT;7~7;1;5;8;3~4;69~78;5~6;2;0~2;Not Placed
23~24;Female;B.Tech~B.Sc;CSE~IT;7~7;1;5;8;3~4;69~78;5~6;2;0~2;Not Placed
23~24;Female;B.Tech~B.Sc;CSE~IT;7~7;1;5;8;3~4;69~78;5~6;2;0~2;Not Placed
23~24;Female;B.Tech~B.Sc;CSE~IT;7~7;1;5;8;3~4;69~78;5~6;2;0~2;Not Placed
23~24;Female;B.Tech~B.Sc;CSE~IT;7~7;1;5;8;3~4;69~78;5~6;2;0~2;Not Placed
22~24;Female;B.Tech~B.Sc;CSE~IT;7~8;1;5;7~8;2~5;57~79;3~7;2;0~1;Not Placed
22~24;Female;B.Tech~B.Sc;CSE~IT;7~8;1;5;7~8;2~5;57~79;3~7;2;0~1;Not Placed
22~24;Female;B.Tech~B.Sc;CSE~IT;7~8;1;5;7~8;2~5;57~79;3~7;2;0~1;Placed
22~24;Female;B.Tech~B.Sc;CSE~IT;7~8;1;5;7~8;2~5;57~79;3~7;2;0~1;Not Placed
22~24;Female;B.Tech~B.Sc;CSE~IT;7~8;1;5;7~8;2~5;57~79;3~7;2;0~1;Not Placed
22~24;Female;B.Tech~B.Sc;CSE~IT;7~8;1;5;7~8;2~5;57~79;3~7;2;0~1;Placed
22~24;Female;B.Tech~B.Sc;CSE~IT;7~8;1;5;8;3~5;84~100;4~5;3;0~2;Not Placed
22~24;Female;B.Tech~B.Sc;CSE~IT;7~8;1;5;8;3~5;84~100;4~5;3;0~2;Placed
22~24;Female;B.Tech~B.Sc;CSE~IT;7~8;1;5;8;3~5;84~100;4~5;3;0~2;Placed
22~24;Female;B.Tech~B.Sc;CSE~IT;7~8;1;5;8;3~5;84~100;4~5;3;0~2;Not Placed
22~24;Female;B.Tech~B.Sc;CSE~IT;7~8;1;5;8;3~5;84~100;4~5;3;0~2;Not Placed
22~24;Female;B.Tech~B.Sc;CSE~IT;7~8;1;5;8;3~5;84~100;4~5;3;0~2;Placed
22~24;Female;B.Tech~B.Sc;CSE~IT;7~8;1;5;8;3~5;84~100;4~5;3;0~2;Placed
22~24;Female;B.Tech~B.Sc;CSE~IT;7~9;1;5;6~8;3~5;87~97;6~8;2~3;0~1;Not Placed
22~24;Female;B.Tech~B.Sc;CSE~IT;7~9;1;5;6~8;3~5;87~97;6~8;2~3;0~1;Not Placed
22~24;Female;B.Tech~B.Sc;CSE~IT;7~9;1;5;6~8;3~5;87~97;6~8;2~3;0~1;Placed
22~24;Female;B.Tech~B.Sc;CSE~IT;7~9;1;5;6~8;3~5;87~97;6~8;2~3;0~1;Not Placed
22~24;Female;B.Tech~B.Sc;CSE~IT;7~9;1;5;6~8;3~5;87~97;6~8;2~3;0~1;Placed
22~24;Female;B.Tech~B.Sc;CSE~IT;7~9;1;5;6~8;3~5;87~97;6~8;2~3;0~1;Placed
22~24;Female;B.Tech~B.Sc;CSE~IT;7~8;1;5;7~8;6~10;59~93;2~6;2~3;0~2;Placed
22~24;Female;B.Tech~B.Sc;CSE~IT;7~8;1;5;7~8;6~10;59~93;2~6;2~3;0~2;Not Placed
22~24;Female;B.Tech~B.Sc;CSE~IT;7~8;1;5;7~8;6~10;59~93;2~6;2~3;0~2;Placed
22~24;Female;B.Tech~B.Sc;CSE~IT;7~8;1;5;7~8;6~10;59~93;2~6;2~3;0~2;Placed
22~24;Female;B.Tech~B.Sc;CSE~IT;7~8;1;5;7~8;6~10;59~93;2~6;2~3;0~2;Placed
22~24;Female;B.Tech~B.Sc;CSE~IT;7~8;1;5;7~8;6~10;59~93;2~6;2~3;0~2;Placed
22~24;Female;B.Tech~B.Sc;CSE~IT;7~8;1;5;7~8;6~10;59~93;2~6;2~3;0~2;Placed
22~24;Female;B.Tech~B.Sc;CSE~IT;7~8;1;5;7~8;6~10;59~93;2~6;2~3;0~2;Placed
22~24;Female;B.Tech~B.Sc;CSE~IT;7~8;1;5;7~8;6~10;59~93;2~6;2~3;0~2;Placed
22~24;Female;B.Tech~B.Sc;CSE~IT;7~7;1;5;9~10;5~6;63~80;4~7;3;0~2;Placed
22~24;Female;B.Tech~B.Sc;CSE~IT;7~7;1;5;9~10;5~6;63~80;4~7;3;0~2;Not Placed
22~24;Female;B.Tech~B.Sc;CSE~IT;7~7;1;5;9~10;5~6;63~80;4~7;3;0~2;Not Placed
22~24;Female;B.Tech~B.Sc;CSE~IT;7~7;1;5;9~10;5~6;63~80;4~7;3;0~2;Not Placed
22~24;Female;B.Tech~B.Sc;CSE~IT;7~7;1;5;9~10;5~6;63~80;4~7;3;0~2;Placed
22~24;Female;B.Tech~B.Sc;CSE~IT;7~7;1;5;9~10;5~6;63~80;4~7;3;0~2;Placed
22~24;Female;B.Tech~B.Sc;CSE~IT;7~8;1;5~6;9~10;3~6;82~100;4~8;3;0~1;Placed
22~24;Female;B.Tech~B.Sc;CSE~IT;7~8;1;5~6;9~10;3~6;82~100;4~8;3;0~1;Not Placed
22~24;Female;B.Tech~B.Sc;CSE~IT;7~8;1;5~6;9~10;3~6;82~100;4~8;3;0~1;Not Placed
22~24;Female;B.Tech~B.Sc;CSE~IT;7~8;1;5~6;9~10;3~6;82~100;4~8;3;0~1;Placed
22~24;Female;B.Tech~B.Sc;CSE~IT;7~8;1;5~6;9~10;3~6;82~100;4~8;3;0~1;Placed
22~24;Female;B.Tech~B.Sc;CSE~IT;7~8;1;5~6;9~10;3~6;82~100;4~8;3;0~1;Placed
23~24;Female;B.Tech~B.Sc;CSE~IT;7~9;1;5~6;9~10;7~10;76~95;5~7;3;0~1;Placed
23~24;Female;B.Tech~B.Sc;CSE~IT;7~9;1;5~6;9~10;7~10;76~95;5~7;3;0~1;Placed
23~24;Female;B.Tech~B.Sc;CSE~IT;7~9;1;5~6;9~10;7~10;76~95;5~7;3;0~1;Placed
23~24;Female;B.Tech~B.Sc;CSE~IT;7~9;1;5~6;9~10;7~10;76~95;5~7;3;0~1;Placed
23~24;Female;B.Tech~B.Sc;CSE~IT;7~9;1;5~6;9~10;7~10;76~95;5~7;3;0~1;Placed
23~24;Female;B.Tech~B.Sc;CSE~IT;7~9;1;5~6;9~10;7~10;76~95;5~7;3;0~1;Placed
23~24;Female;B.Tech;CSE~IT;7~7;2~3;4~5;5~8;4~6;57~75;4~6;1~2;0;Not Placed
23~24;Female;B.Tech;CSE~IT;7~7;2~3;4~5;5~8;4~6;57~75;4~6;1~2;0;Placed
23~24;Female;B.Tech;CSE~IT;7~7;2~3;4~5;5~8;4~6;57~75;4~6;1~2;0;Placed
23~24;Female;B.Tech;CSE~IT;7~7;2~3;4~5;5~8;4~6;57~75;4~6;1~2;0;Placed
23~24;Female;B.Tech;CSE~IT;7~7;2~3;4~5;5~8;4~6;57~75;4~6;1~2;0;Placed
22~24;Female;B.Tech~B.Sc;CSE~IT;7~8;2~3;4~5;6~8;3~6;71~77;5~8;2;0;Not Placed
22~24;Female;B.Tech~B.Sc;CSE~IT;7~8;2~3;4~5;6~8;3~6;71~77;5~8;2;0;Placed
22~24;Female;B.Tech~B.Sc;CSE~IT;7~8;2~3;4~5;6~8;3~6;71~77;5~8;2;0;Placed
22~24;Female;B.Tech~B.Sc;CSE~IT;7~8;2~3;4~5;6~8;3~6;71~77;5~8;2;0;Not Placed
22~24;Female;B.Tech~B.Sc;CSE~IT;7~8;2~3;4~5;6~8;3~6;71~77;5~8;2;0;Placed
22~24;Female;B.Tech~B.Sc;CSE~IT;7~8;2~3;4~5;6~8;3~6;71~77;5~8;2;0;Placed
22~24;Female;B.Tech~B.Sc;CSE~IT;7~7;2~3;4~5;5~8;3~6;66~77;3~6;2;1~2;Placed
22~24;Female;B.Tech~B.Sc;CSE~IT;7~7;2~3;4~5;5~8;3~6;66~77;3~6;2;1~2;Placed
22~24;Female;B.Tech~B.Sc;CSE~IT;7~7;2~3;4~5;5~8;3~6;66~77;3~6;2;1~2;Not Placed
22~24;Female;B.Tech~B.Sc;CSE~IT;7~7;2~3;4~5;5~8;3~6;66~77;3~6;2;1~2;Not Placed
22~24;Female;B.Tech~B.Sc;CSE~IT;7~7;2~3;4~5;5~8;3~6;66~77;3~6;2;1~2;Not Placed
22~24;Female;B.Tech~B.Sc;CSE~IT;7~7;2~3;4~5;5~8;3~6;66~77;3~6;2;1~2;Not Placed
22~24;Female;B.Tech~B.Sc;CSE~IT;7~7;2~3;4~5;5~8;3~6;66~77;3~6;2;1~2;Placed
23~24;Female;B.Tech~B.Sc;CSE~IT;7~8;2~3;4~5;5~8;3~6;78~96;4~5;2~3;0~2;Placed
23~24;Female;B.Tech~B.Sc;CSE~IT;7~8;2~3;4~5;5~8;3~6;78~96;4~5;2~3;0~2;Not Placed
23~24;Female;B.Tech~B.Sc;CSE~IT;7~8;2~3;4~5;5~8;3~6;78~96;4~5;2~3;0~2;Not Placed
23~24;Female;B.Tech~B.Sc;CSE~IT;7~8;2~3;4~5;5~8;3~6;78~96;4~5;2~3;0~2;Not Placed
23~24;Female;B.Tech~B.Sc;CSE~IT;7~8;2~3;4~5;5~8;3~6;78~96;4~5;2~3;0~2;Placed
23~24;Female;B.Tech~B.Sc;CSE~IT;7~8;2~3;4~5;5~8;3~6;78~96;4~5;2~3;0~2;Placed
23~24;Female;B.Tech~B.Sc;CSE~IT;7~8;2~3;4~5;5~8;3~6;78~96;4~5;2~3;0~2;Placed
23~24;Female;B.Tech~B.Sc;CSE~IT;7~8;2~3;4~5;5~8;3~6;78~96;4~5;2~3;0~2;Placed
22~24;Female;B.Tech~B.Sc;CSE~IT;7~9;2~3;4~5;6~8;3~6;78~99;6~8;2~3;0~1;Placed
22~24;Female;B.Tech~B.Sc;CSE~IT;7~9;2~3;4~5;6~8;3~6;78~99;6~8;2~3;0~1;Placed
22~24;Female;B.Tech~B.Sc;CSE~IT;7~9;2~3;4~5;6~8;3~6;78~99;6~8;2~3;0~1;Not Placed
22~24;Female;B.Tech~B.Sc;CSE~IT;7~9;2~3;4~5;6~8;3~6;78~99;6~8;2~3;0~1;Placed
22~24;Female;B.Tech~B.Sc;CSE~IT;7~9;2~3;4~5;6~8;3~6;78~99;6~8;2~3;0~1;Placed
22~24;Female;B.Tech~B.Sc;CSE~IT;7~9;2~3;4~5;6~8;3~6;78~99;6~8;2~3;0~1;Not Placed
22~24;Female;B.Tech~B.Sc;CSE~IT;7~9;2~3;4~5;6~8;3~6;78~99;6~8;2~3;0~1;Not Placed
22~24;Female;B.Tech~B.Sc;CSE~IT;7~9;2~3;4~5;6~8;3~6;78~99;6~8;2~3;0~1;Placed
22~24;Female;B.Tech~B.Sc;CSE~IT;7~9;2~3;4~5;6~8;3~6;78~99;6~8;2~3;0~1;Not Placed
22~24;Female;B.Tech~B.Sc;CSE~IT;7~8;2~3;4~5;7~8;7~8;59~75;4~8;2;0~1;Placed
22~24;Female;B.Tech~B.Sc;CSE~IT;7~8;2~3;4~5;7~8;7~8;59~75;4~8;2;0~1;Placed
22~24;Female;B.Tech~B.Sc;CSE~IT;7~8;2~3;4~5;7~8;7~8;59~75;4~8;2;0~1;Placed
22~24;Female;B.Tech~B.Sc;CSE~IT;7~8;2~3;4~5;7~8;7~8;59~75;4~8;2;0~1;Placed
22~24;Female;B.Tech~B.Sc;CSE~IT;7~8;2~3;4~5;7~8;7~8;59~75;4~8;2;0~1;Placed
22~24;Female;B.Tech~B.Sc;CSE~IT;7~8;2~3;4~5;7~8;7~8;59~75;4~8;2;0~1;Placed
22~23;Female;B.Tech~B.Sc;CSE~IT;7~8;2~3;5;7~8;7~9;78~91;5~7;2~3;0~2;Placed
22~23;Female;B.Tech~B.Sc;CSE~IT;7~8;2~3;5;7~8;7~9;78~91;5~7;2~3;0~2;Placed
22~23;Female;B.Tech~B.Sc;CSE~IT;7~8;2~3;5;7~8;7~9;78~91;5~7;2~3;0~2;Not Placed
22~23;Female;B.Tech~B.Sc;CSE~IT;7~8;2~3;5;7~8;7~9;78~91;5~7;2~3;0~2;Placed
22~23;Female;B.Tech~B.Sc;CSE~IT;7~8;2~3;5;7~8;7~9;78~91;5~7;2~3;0~2;Placed
22~23;Female;B.Tech~B.Sc;CSE~IT;7~8;2~3;5;7~8;7~9;78~91;5~7;2~3;0~2;Placed
22~23;Female;B.Tech~B.Sc;CSE~IT;7~8;2~3;5;7~8;7~9;78~91;5~7;2~3;0~2;Placed
23~24;Female;B.Tech~B.Sc;CSE~IT;7~8;2~3;5;9~10;4~5;54~96;4~7;2~3;0~2;Placed
23~24;Female;B.Tech~B.Sc;CSE~IT;7~8;2~3;5;9~10;4~5;54~96;4~7;2~3;0~2;Not Placed
23~24;Female;B.Tech~B.Sc;CSE~IT;7~8;2~3;5;9~10;4~5;54~96;4~7;2~3;0~2;Placed
23~24;Female;B.Tech~B.Sc;CSE~IT;7~8;2~3;5;9~10;4~5;54~96;4~7;2~3;0~2;Placed
23~24;Female;B.Tech~B.Sc;CSE~IT;7~8;2~3;5;9~10;4~5;54~96;4~7;2~3;0~2;Placed
23~24;Female;B.Tech~B.Sc;CSE~IT;7~8;2~3;5;9~10;4~5;54~96;4~7;2~3;0~2;Not Placed
23~24;Female;B.Tech~B.Sc;CSE~IT;7~8;2~3;5;9~10;4~5;54~96;4~7;2~3;0~2;Not Placed
23~24;Female;B.Tech~B.Sc;CSE~IT;7~8;2~3;5;9~10;4~5;54~96;4~7;2~3;0~2;Not Placed
23~24;Female;B.Tech~B.Sc;CSE~IT;7~8;2~3;5;9~10;4~5;54~96;4~7;2~3;0~2;Not Placed
22~24;Female;B.Tech~B.Sc;CSE;7~8;2~3;5;9~10;6~9;61~100;3~7;3;0~2;Placed
22~24;Female;B.Tech~B.Sc;CSE;7~8;2~3;5;9~10;6~9;61~100;3~7;3;0~2;Not Placed
22~24;Female;B.Tech~B.Sc;CSE;7~8;2~3;5;9~10;6~9;61~100;3~7;3;0~2;Placed
22~24;Female;B.Tech~B.Sc;CSE;7~8;2~3;5;9~10;6~9;61~100;3~7;3;0~2;Placed
22~24;Female;B.Tech~B.Sc;CSE;7~8;2~3;5;9~10;6~9;61~100;3~7;3;0~2;Placed
22~24;Female;B.Tech~B.Sc;CSE;7~8;2~3;5;9~10;6~9;61~100;3~7;3;0~2;Placed
22~24;Female;B.Tech~B.Sc;CSE;7~8;2~3;5;9~10;6~9;61~100;3~7;3;0~2;Placed
22~24;Female;B.Tech~B.Sc;CSE~IT;8~9;2~3;6;9~10;2~9;75~100;4~7;3;0;Placed
22~24;Female;B.Tech~B.Sc;CSE~IT;8~9;2~3;6;9~10;2~9;75~100;4~7;3;0;Placed
22~24;Female;B.Tech~B.Sc;CSE~IT;8~9;2~3;6;9~10;2~9;75~100;4~7;3;0;Placed
22~24;Female;B.Tech~B.Sc;CSE~IT;8~9;2~3;6;9~10;2~9;75~100;4~7;3;0;Placed
22~24;Female;B.Tech~B.Sc;CSE~IT;8~9;2~3;6;9~10;2~9;75~100;4~7;3;0;Placed
22~24;Female;B.Tech~B.Sc;CSE~IT;8~9;2~3;6;9~10;2~9;75~100;4~7;3;0;Placed
22~24;Female;B.Tech~B.Sc;CSE~IT;8~9;2~3;6;9~10;2~9;75~100;4~7;3;0;Placed
22~24;Female;B.Tech~B.Sc;CSE~IT;8~9;2~3;6;9~10;2~9;75~100;4~7;3;0;Not Placed
22~24;Female;B.Tech~B.Sc;CSE~IT;8~9;2~3;6;9~10;2~9;75~100;4~7;3;0;Not Placed
22~24;Female;MCA;ME~Civil;5~6;0;2~3;1~4;3~5;44~58;3~5;0~1;1;Not Placed
22~24;Female;MCA;ME~Civil;5~6;0;2~3;1~4;3~5;44~58;3~5;0~1;1;Not Placed
22~24;Female;MCA;ME~Civil;5~6;0;2~3;1~4;3~5;44~58;3~5;0~1;1;Not Placed
22~24;Female;MCA;ME~Civil;5~6;0;2~3;1~4;3~5;44~58;3~5;0~1;1;Not Placed
22~24;Female;MCA;ME~Civil;5~6;0;2~3;1~4;3~5;44~58;3~5;0~1;1;Not Placed
22~24;Female;BCA~MCA;ECE~ME~Civil;6~6;0;2~3;2~4;3~5;44~62;5;1;0~1;Not Placed
22~24;Female;BCA~MCA;ECE~ME~Civil;6~6;0;2~3;2~4;3~5;44~62;5;1;0~1;Not Placed
22~24;Female;BCA~MCA;ECE~ME~Civil;6~6;0;2~3;2~4;3~5;44~62;5;1;0~1;Not Placed
22~24;Female;BCA~MCA;ECE~ME~Civil;6~6;0;2~3;2~4;3~5;44~62;5;1;0~1;Not Placed
22~24;Female;BCA~MCA;ECE~ME~Civil;6~6;0;2~3;2~4;3~5;44~62;5;1;0~1;Not Placed
22~24;Female;BCA~MCA;ECE~ME~Civil;6~6;0;2~3;2~4;3~5;44~62;5;1;0~1;Not Placed
22~24;Female;BCA~MCA;ECE~ME~Civil;4~5;0;2~3;1~4;3~5;37~55;4~5;0~1;2~3;Not Placed
22~24;Female;BCA~MCA;ECE~ME~Civil;4~5;0;2~3;1~4;3~5;37~55;4~5;0~1;2~3;Not Placed
22~24;Female;BCA~MCA;ECE~ME~Civil;4~5;0;2~3;1~4;3~5;37~55;4~5;0~1;2~3;Not Placed
22~24;Female;BCA~MCA;ECE~ME~Civil;4~5;0;2~3;1~4;3~5;37~55;4~5;0~1;2~3;Not Placed
22~24;Female;BCA~MCA;ECE~ME~Civil;4~5;0;2~3;1~4;3~5;37~55;4~5;0~1;2~3;Not Placed
22~24;Female;BCA~MCA;ECE~ME~Civil;4~5;0;2~3;1~4;3~5;37~55;4~5;0~1;2~3;Not Placed
22~24;Female;BCA~MCA;ME~Civil;4~5;0;1~3;1~4;2~5;48~62;6;0~1;1;Not Placed
22~24;Female;BCA~MCA;ME~Civil;4~5;0;1~3;1~4;2~5;48~62;6;0~1;1;Not Placed
22~24;Female;BCA~MCA;ME~Civil;4~5;0;1~3;1~4;2~5;48~62;6;0~1;1;Not Placed
22~24;Female;BCA~MCA;ME~Civil;4~5;0;1~3;1~4;2~5;48~62;6;0~1;1;Not Placed
22~24;Female;BCA~MCA;ME~Civil;4~5;0;1~3;1~4;2~5;48~62;6;0~1;1;Not Placed
22~24;Female;BCA~MCA;ECE~ME~Civil;6~6;0;2~3;2~4;3~5;53~62;6~8;1;0~1;Not Placed
22~24;Female;BCA~MCA;ECE~ME~Civil;6~6;0;2~3;2~4;3~5;53~62;6~8;1;0~1;Not Placed
22~24;Female;BCA~MCA;ECE~ME~Civil;6~6;0;2~3;2~4;3~5;53~62;6~8;1;0~1;Not Placed
22~24;Female;BCA~MCA;ECE~ME~Civil;6~6;0;2~3;2~4;3~5;53~62;6~8;1;0~1;Not Placed
22~24;Female;BCA~MCA;ECE~ME~Civil;6~6;0;2~3;2~4;3~5;53~62;6~8;1;0~1;Not Placed
22~24;Female;BCA~MCA;ECE~ME~Civil;5~6;0;2~3;2~4;3~5;37~62;6~8;1;2~3;Not Placed
22~24;Female;BCA~MCA;ECE~ME~Civil;5~6;0;2~3;2~4;3~5;37~62;6~8;1;2~3;Not Placed
22~24;Female;BCA~MCA;ECE~ME~Civil;5~6;0;2~3;2~4;3~5;37~62;6~8;1;2~3;Not Placed
22~24;Female;BCA~MCA;ECE~ME~Civil;5~6;0;2~3;2~4;3~5;37~62;6~8;1;2~3;Not Placed
22~24;Female;BCA~MCA;ECE~ME~Civil;5~6;0;2~3;2~4;3~5;37~62;6~8;1;2~3;Not Placed
22~24;Female;BCA~MCA;ECE~ME~Civil;5~6;0;2~3;2~4;3~5;37~62;6~8;1;2~3;Not Placed
22~24;Female;BCA~MCA;ECE~ME~Civil;5~6;0;2~3;2~4;3~5;37~62;6~8;1;2~3;Not Placed
22~24;Female;BCA~MCA;ECE~ME~Civil;5~6;0;2~3;2~4;3~5;37~62;6~8;1;2~3;Not Placed
22~24;Female;BCA~MCA;ECE~ME;6~6;0;2~3;1~4;3~5;63~84;4~5;1;0~1;Not Placed
22~24;Female;BCA~MCA;ECE~ME;6~6;0;2~3;1~4;3~5;63~84;4~5;1;0~1;Not Placed
22~24;Female;BCA~MCA;ECE~ME;6~6;0;2~3;1~4;3~5;63~84;4~5;1;0~1;Not Placed
22~24;Female;BCA~MCA;ECE~ME;6~6;0;2~3;1~4;3~5;63~84;4~5;1;0~1;Not Placed
22~24;Female;BCA~MCA;ECE~ME;6~6;0;2~3;1~4;3~5;63~84;4~5;1;0~1;Not Placed
22~24;Female;BCA~MCA;ECE~ME;6~6;0;2~3;1~4;3~5;63~84;4~5;1;0~1;Not Placed
22~24;Female;BCA~MCA;ECE~ME;6~6;0;2~3;1~4;3~5;63~84;4~5;1;0~1;Not Placed
22~24;Female;BCA~MCA;Civil;6~7;0;3;2~4;2~5;64~79;3~5;1;0~1;Not Placed
22~24;Female;BCA~MCA;Civil;6~7;0;3;2~4;2~5;64~79;3~5;1;0~1;Not Placed
22~24;Female;BCA~MCA;Civil;6~7;0;3;2~4;2~5;64~79;3~5;1;0~1;Not Placed
22~24;Female;BCA~MCA;Civil;6~7;0;3;2~4;2~5;64~79;3~5;1;0~1;Not Placed
22~24;Female;BCA~MCA;Civil;6~7;0;3;2~4;2~5;64~79;3~5;1;0~1;Not Placed
22~24;Female;BCA~MCA;Civil;6~7;0;3;2~4;2~5;64~79;3~5;1;0~1;Not Placed
22~24;Female;BCA~MCA;Civil;6~7;0;3;2~4;2~5;64~79;3~5;1;0~1;Not Placed
22~24;Female;BCA~MCA;Civil;6~7;0;3;2~4;2~5;64~79;3~5;1;0~1;Not Placed
22~24;Female;BCA~MCA;ECE~ME~Civil;5~6;0;2~3;1~4;3~5;64~90;2~5;1~2;2~3;Not Placed
22~24;Female;BCA~MCA;ECE~ME~Civil;5~6;0;2~3;1~4;3~5;64~90;2~5;1~2;2~3;Not Placed
22~24;Female;BCA~MCA;ECE~ME~Civil;5~6;0;2~3;1~4;3~5;64~90;2~5;1~2;2~3;Not Placed
22~24;Female;BCA~MCA;ECE~ME~Civil;5~6;0;2~3;1~4;3~5;64~90;2~5;1~2;2~3;Not Placed
22~24;Female;BCA~MCA;ECE~ME~Civil;5~6;0;2~3;1~4;3~5;64~90;2~5;1~2;2~3;Not Placed
22~24;Female;BCA~MCA;ECE~ME~Civil;5~6;0;2~3;1~4;3~5;64~90;2~5;1~2;2~3;Not Placed
22~24;Female;BCA~MCA;ECE~ME~Civil;5~6;0;2~3;1~4;3~5;64~90;2~5;1~2;2~3;Not Placed
22~24;Female;BCA~MCA;ECE~ME~Civil;5~6;0;2~3;1~4;3~5;64~90;2~5;1~2;2~3;Not Placed
22~24;Female;BCA~MCA;ECE~ME~Civil;5~6;0;2~3;1~4;3~5;64~90;2~5;1~2;2~3;Not Placed
22~23;Female;BCA~MCA;ECE~ME~Civil;6~7;0;2~3;2~4;3~5;64~91;6~7;1;0;Not Placed
22~23;Female;BCA~MCA;ECE~ME~Civil;6~7;0;2~3;2~4;3~5;64~91;6~7;1;0;Not Placed
22~23;Female;BCA~MCA;ECE~ME~Civil;6~7;0;2~3;2~4;3~5;64~91;6~7;1;0;Not Placed
22~23;Female;BCA~MCA;ECE~ME~Civil;6~7;0;2~3;2~4;3~5;64~91;6~7;1;0;Not Placed
22~23;Female;BCA~MCA;ECE~ME~Civil;6~7;0;2~3;2~4;3~5;64~91;6~7;1;0;Not Placed
22~23;Female;BCA~MCA;ECE~ME~Civil;6~7;0;2~3;2~4;3~5;64~91;6~7;1;0;Not Placed
22~23;Female;BCA~MCA;ECE~ME~Civil;6~7;0;2~3;2~4;3~5;64~91;6~7;1;0;Not Placed
22~24;Female;BCA~MCA;ECE~ME~Civil;6~6;0;2~3;1~4;4~5;63~76;6;1;1~3;Not Placed
22~24;Female;BCA~MCA;ECE~ME~Civil;6~6;0;2~3;1~4;4~5;63~76;6;1;1~3;Not Placed
22~24;Female;BCA~MCA;ECE~ME~Civil;6~6;0;2~3;1~4;4~5;63~76;6;1;1~3;Not Placed
22~24;Female;BCA~MCA;ECE~ME~Civil;6~6;0;2~3;1~4;4~5;63~76;6;1;1~3;Not Placed
22~24;Female;BCA~MCA;ECE~ME~Civil;6~6;0;2~3;1~4;4~5;63~76;6;1;1~3;Not Placed
22~23;Female;BCA~MCA;ECE~ME~Civil;5~6;0;2~3;3~4;6~7;44~61;3~6;1;1;Not Placed
22~23;Female;BCA~MCA;ECE~ME~Civil;5~6;0;2~3;3~4;6~7;44~61;3~6;1;1;Not Placed
22~23;Female;BCA~MCA;ECE~ME~Civil;5~6;0;2~3;3~4;6~7;44~61;3~6;1;1;Not Placed
22~23;Female;BCA~MCA;ECE~ME~Civil;5~6;0;2~3;3~4;6~7;44~61;3~6;1;1;Not Placed
22~23;Female;BCA~MCA;ECE~ME~Civil;5~6;0;2~3;3~4;6~7;44~61;3~6;1;1;Not Placed
23~24;Female;BCA~MCA;ECE~ME~Civil;6~6;0;2~3;2~4;6~9;36~61;4~6;0~1;0~1;Not Placed
23~24;Female;BCA~MCA;ECE~ME~Civil;6~6;0;2~3;2~4;6~9;36~61;4~6;0~1;0~1;Not Placed
23~24;Female;BCA~MCA;ECE~ME~Civil;6~6;0;2~3;2~4;6~9;36~61;4~6;0~1;0~1;Not Placed
23~24;Female;BCA~MCA;ECE~ME~Civil;6~6;0;2~3;2~4;6~9;36~61;4~6;0~1;0~1;Not Placed
23~24;Female;BCA~MCA;ECE~ME~Civil;6~6;0;2~3;2~4;6~9;36~61;4~6;0~1;0~1;Not Placed
23~24;Female;BCA~MCA;ECE~ME~Civil;6~6;0;2~3;2~4;6~9;36~61;4~6;0~1;0~1;Not Placed
22~24;Female;BCA~MCA;ECE~ME~Civil;5~6;0;2~3;2~4;6~9;44~61;3~6;1;2;Not Placed
22~24;Female;BCA~MCA;ECE~ME~Civil;5~6;0;2~3;2~4;6~9;44~61;3~6;1;2;Not Placed
22~24;Female;BCA~MCA;ECE~ME~Civil;5~6;0;2~3;2~4;6~9;44~61;3~6;1;2;Not Placed
22~24;Female;BCA~MCA;ECE~ME~Civil;5~6;0;2~3;2~4;6~9;44~61;3~6;1;2;Not Placed
22~24;Female;BCA~MCA;ECE~ME~Civil;5~6;0;2~3;2~4;6~9;44~61;3~6;1;2;Not Placed
22~24;Female;BCA~MCA;ECE~ME~Civil;5~6;0;2~3;2~4;6~9;44~61;3~6;1;2;Not Placed
22~24;Female;BCA~MCA;ECE~ME~Civil;5~6;0;2~3;2~4;6~9;44~61;3~6;1;2;Not Placed
22~24;Female;BCA~MCA;ECE~ME~Civil;5~6;0;2~3;2~4;6~9;44~61;3~6;1;2;Not Placed
22~24;Female;BCA~MCA;ECE~ME~Civil;4~6;0;2~3;2~4;6~7;35~61;4~6;0~1;3;Not Placed
22~24;Female;BCA~MCA;ECE~ME~Civil;4~6;0;2~3;2~4;6~7;35~61;4~6;0~1;3;Not Placed
22~24;Female;BCA~MCA;ECE~ME~Civil;4~6;0;2~3;2~4;6~7;35~61;4~6;0~1;3;Not Placed
22~24;Female;BCA~MCA;ECE~ME~Civil;4~6;0;2~3;2~4;6~7;35~61;4~6;0~1;3;Not Placed
22~24;Female;BCA~MCA;ECE~ME~Civil;4~6;0;2~3;2~4;6~7;35~61;4~6;0~1;3;Not Placed
22~24;Female;BCA~MCA;ECE~ME~Civil;4~6;0;2~3;2~3;6~7;44~61;7~8;1;0~3;Not Placed
22~24;Female;BCA~MCA;ECE~ME~Civil;4~6;0;2~3;2~3;6~7;44~61;7~8;1;0~3;Not Placed
22~24;Female;BCA~MCA;ECE~ME~Civil;4~6;0;2~3;2~3;6~7;44~61;7~8;1;0~3;Not Placed
22~24;Female;BCA~MCA;ECE~ME~Civil;4~6;0;2~3;2~3;6~7;44~61;7~8;1;0~3;Not Placed
22~24;Female;BCA~MCA;ECE~ME~Civil;4~6;0;2~3;2~3;6~7;44~61;7~8;1;0~3;Not Placed
22~24;Female;BCA~MCA;ECE~ME~Civil;4~6;0;2~3;2~3;6~7;44~61;7~8;1;0~3;Not Placed
22~24;Female;BCA~MCA;ECE~ME~Civil;4~6;0;2~3;2~3;6~7;44~61;7~8;1;0~3;Not Placed
22~24;Female;BCA~MCA;ECE~ME~Civil;4~6;0;2~3;2~3;6~7;44~61;7~8;1;0~3;Not Placed
22~24;Female;BCA~MCA;ECE~ME~Civil;4~6;0;2~3;2~3;6~7;44~61;7~8;1;0~3;Not Placed
22~24;Female;BCA~MCA;ECE~ME~Civil;5~6;0;2~3;3~4;6~8;63~75;3~6;1;1;Not Placed
22~24;Female;BCA~MCA;ECE~ME~Civil;5~6;0;2~3;3~4;6~8;63~75;3~6;1;1;Not Placed
22~24;Female;BCA~MCA;ECE~ME~Civil;5~6;0;2~3;3~4;6~8;63~75;3~6;1;1;Not Placed
22~24;Female;BCA~MCA;ECE~ME~Civil;5~6;0;2~3;3~4;6~8;63~75;3~6;1;1;Not Placed
22~24;Female;BCA~MCA;ECE~ME~Civil;5~6;0;2~3;3~4;6~8;63~75;3~6;1;1;Not Placed
22~24;Female;BCA~MCA;ECE~ME~Civil;5~6;0;2~3;3~4;6~8;63~75;3~6;1;1;Not Placed
22~24;Female;BCA~MCA;ECE~ME~Civil;5~6;0;2~3;3~4;6~8;63~75;3~6;1;1;Not Placed
22~24;Female;BCA~MCA;ECE~ME~Civil;6~7;0;3;3~4;6~8;64~84;4~6;1;0~1;Not Placed
22~24;Female;BCA~MCA;ECE~ME~Civil;6~7;0;3;3~4;6~8;64~84;4~6;1;0~1;Not Placed
22~24;Female;BCA~MCA;ECE~ME~Civil;6~7;0;3;3~4;6~8;64~84;4~6;1;0~1;Not Placed
22~24;Female;BCA~MCA;ECE~ME~Civil;6~7;0;3;3~4;6~8;64~84;4~6;1;0~1;Not Placed
22~24;Female;BCA~MCA;ECE~ME~Civil;6~7;0;3;3~4;6~8;64~84;4~6;1;0~1;Not Placed
22~24;Female;BCA~MCA;ECE~ME~Civil;6~7;0;3;3~4;6~8;64~84;4~6;1;0~1;Not Placed
22~24;Female;BCA~MCA;ECE~ME~Civil;6~7;0;3;3~4;6~8;64~84;4~6;1;0~1;Not Placed
22~24;Female;BCA~MCA;ECE~ME~Civil;6~7;0;3;3~4;6~8;64~84;4~6;1;0~1;Not Placed
22~24;Female;BCA~MCA;ME~Civil;5~6;0;2~3;2~4;6~7;62~73;5~6;1;2~3;Not Placed
22~24;Female;BCA~MCA;ME~Civil;5~6;0;2~3;2~4;6~7;62~73;5~6;1;2~3;Not Placed
22~24;Female;BCA~MCA;ME~Civil;5~6;0;2~3;2~4;6~7;62~73;5~6;1;2~3;Not Placed
22~24;Female;BCA~MCA;ME~Civil;5~6;0;2~3;2~4;6~7;62~73;5~6;1;2~3;Not Placed
22~24;Female;BCA~MCA;ME~Civil;5~6;0;2~3;2~4;6~7;62~73;5~6;1;2~3;Not Placed
22~24;Female;BCA~MCA;ME~Civil;5~6;0;2~3;2~4;6~7;62~73;5~6;1;2~3;Not Placed
22~24;Female;BCA~MCA;ME~Civil;5~6;0;2~3;2~4;6~7;62~73;5~6;1;2~3;Not Placed
22~24;Female;BCA~MCA;ECE~ME~Civil;6~6;0;2~3;2~4;6~8;63~78;7~8;1;0~2;Not Placed
22~24;Female;BCA~MCA;ECE~ME~Civil;6~6;0;2~3;2~4;6~8;63~78;7~8;1;0~2;Not Placed
22~24;Female;BCA~MCA;ECE~ME~Civil;6~6;0;2~3;2~4;6~8;63~78;7~8;1;0~2;Not Placed
22~24;Female;BCA~MCA;ECE~ME~Civil;6~6;0;2~3;2~4;6~8;63~78;7~8;1;0~2;Not Placed
22~24;Female;BCA~MCA;ECE~ME~Civil;6~6;0;2~3;2~4;6~8;63~78;7~8;1;0~2;Not Placed
22~24;Female;BCA~MCA;ECE~ME~Civil;6~6;0;2~3;2~4;6~8;63~78;7~8;1;0~2;Not Placed
22~24;Female;BCA~MCA;ECE~ME~Civil;6~6;0;2~3;2~4;6~8;63~78;7~8;1;0~2;Not Placed
22~24;Female;BCA~MCA;ECE~ME;5~6;0;3;5;3~5;38~66;4~7;1~2;1~3;Not Placed
22~24;Female;BCA~MCA;ECE~ME;5~6;0;3;5;3~5;38~66;4~7;1~2;1~3;Not Placed
22~24;Female;BCA~MCA;ECE~ME;5~6;0;3;5;3~5;38~66;4~7;1~2;1~3;Not Placed
22~24;Female;BCA~MCA;ECE~ME;5~6;0;3;5;3~5;38~66;4~7;1~2;1~3;Not Placed
22~24;Female;BCA~MCA;ECE~ME;5~6;0;3;5;3~5;38~66;4~7;1~2;1~3;Not Placed
22~24;Female;BCA~MCA;ECE~ME~Civil;6~6;0;3;5;3~5;55~63;4~7;1~2;0~1;Not Placed
22~24;Female;BCA~MCA;ECE~ME~Civil;6~6;0;3;5;3~5;55~63;4~7;1~2;0~1;Not Placed
22~24;Female;BCA~MCA;ECE~ME~Civil;6~6;0;3;5;3~5;55~63;4~7;1~2;0~1;Placed
22~24;Female;BCA~MCA;ECE~ME~Civil;6~6;0;3;5;3~5;55~63;4~7;1~2;0~1;Not Placed
22~24;Female;BCA~MCA;ECE~ME~Civil;6~6;0;3;5;3~5;55~63;4~7;1~2;0~1;Placed
22~24;Female;BCA~MCA;ECE~ME~Civil;5~6;0;3;5;3~5;68~77;3~7;2;0~3;Placed
22~24;Female;BCA~MCA;ECE~ME~Civil;5~6;0;3;5;3~5;68~77;3~7;2;0~3;Not Placed
22~24;Female;BCA~MCA;ECE~ME~Civil;5~6;0;3;5;3~5;68~77;3~7;2;0~3;Placed
22~24;Female;BCA~MCA;ECE~ME~Civil;5~6;0;3;5;3~5;68~77;3~7;2;0~3;Not Placed
22~24;Female;BCA~MCA;ECE~ME~Civil;5~6;0;3;5;3~5;68~77;3~7;2;0~3;Not Placed
22~24;Female;BCA~MCA;ECE~ME~Civil;5~6;0;3;5;3~5;68~77;3~7;2;0~3;Not Placed
22~24;Female;BCA~MCA;ECE~ME~Civil;5~6;0;3;5;3~5;68~77;3~7;2;0~3;Not Placed
22~24;Female;BCA~MCA;ECE~ME~Civil;5~6;0;3;5;3~5;68~77;3~7;2;0~3;Not Placed
22~24;Female;BCA~MCA;ECE~ME~Civil;5~6;0;3;5;3~5;68~77;3~7;2;0~3;Not Placed
22~24;Female;BCA~MCA;ECE~ME~Civil;5~6;0;3;5;6~8;42~66;4~6;1~2;1~2;Placed
22~24;Female;BCA~MCA;ECE~ME~Civil;5~6;0;3;5;6~8;42~66;4~6;1~2;1~2;Not Placed
22~24;Female;BCA~MCA;ECE~ME~Civil;5~6;0;3;5;6~8;42~66;4~6;1~2;1~2;Placed
22~24;Female;BCA~MCA;ECE~ME~Civil;5~6;0;3;5;6~8;42~66;4~6;1~2;1~2;Not Placed
22~24;Female;BCA~MCA;ECE~ME~Civil;5~6;0;3;5;6~8;42~66;4~6;1~2;1~2;Not Placed
22~24;Female;BCA~MCA;ECE~ME~Civil;5~6;0;3;5;6~8;42~66;4~6;1~2;1~2;Not Placed
22~24;Female;BCA~MCA;ECE~ME~Civil;5~6;0;3;5;6~8;42~66;4~6;1~2;1~2;Placed
22~24;Female;BCA;ECE~ME~Civil;5~6;0;3;5;6~8;68~79;5~8;2;0~3;Not Placed
22~24;Female;BCA;ECE~ME~Civil;5~6;0;3;5;6~8;68~79;5~8;2;0~3;Not Placed
22~24;Female;BCA;ECE~ME~Civil;5~6;0;3;5;6~8;68~79;5~8;2;0~3;Not Placed
22~24;Female;BCA;ECE~ME~Civil;5~6;0;3;5;6~8;68~79;5~8;2;0~3;Not Placed
22~24;Female;BCA;ECE~ME~Civil;5~6;0;3;5;6~8;68~79;5~8;2;0~3;Not Placed
22~24;Female;BCA;ECE~ME~Civil;5~6;0;3;5;6~8;68~79;5~8;2;0~3;Placed
22~24;Female;BCA;ECE~ME~Civil;5~6;0;3;5;6~8;68~79;5~8;2;0~3;Placed
22~24;Female;BCA;ECE~ME~Civil;6~6;0;4;6;5~6;46~71;4~6;2;0~3;Not Placed
22~24;Female;BCA;ECE~ME~Civil;6~6;0;4;6;5~6;46~71;4~6;2;0~3;Not Placed
22~24;Female;BCA;ECE~ME~Civil;6~6;0;4;6;5~6;46~71;4~6;2;0~3;Not Placed
22~24;Female;BCA;ECE~ME~Civil;6~6;0;4;6;5~6;46~71;4~6;2;0~3;Not Placed
22~24;Female;BCA;ECE~ME~Civil;6~6;0;4;6;5~6;46~71;4~6;2;0~3;Not Placed
22~24;Female;MCA;ECE~ME~Civil;6~7;0;4;6;4~6;74~79;3~7;2;0~2;Placed
22~24;Female;MCA;ECE~ME~Civil;6~7;0;4;6;4~6;74~79;3~7;2;0~2;Not Placed
22~24;Female;MCA;ECE~ME~Civil;6~7;0;4;6;4~6;74~79;3~7;2;0~2;Not Placed
22~24;Female;MCA;ECE~ME~Civil;6~7;0;4;6;4~6;74~79;3~7;2;0~2;Placed
22~24;Female;MCA;ECE~ME~Civil;6~7;0;4;6;4~6;74~79;3~7;2;0~2;Placed
22~24;Female;MCA;ECE~ME~Civil;6~7;0;4;6;4~6;74~79;3~7;2;0~2;Not Placed
22~24;Female;BCA~MCA;ECE~ME;6~7;0;4;5~6;7;46~84;4~6;2;0~2;Not Placed
22~24;Female;BCA~MCA;ECE~ME;6~7;0;4;5~6;7;46~84;4~6;2;0~2;Not Placed
22~24;Female;BCA~MCA;ECE~ME;6~7;0;4;5~6;7;46~84;4~6;2;0~2;Not Placed
22~24;Female;BCA~MCA;ECE~ME;6~7;0;4;5~6;7;46~84;4~6;2;0~2;Not Placed
22~24;Female;BCA~MCA;ECE~ME;6~7;0;4;5~6;7;46~84;4~6;2;0~2;Not Placed
22~23;Female;BCA~MCA;ECE~ME;6~6;0;4~5;7~9;3~7;49~62;5~6;2;0~2;Not Placed
22~23;Female;BCA~MCA;ECE~ME;6~6;0;4~5;7~9;3~7;49~62;5~6;2;0~2;Not Placed
22~23;Female;BCA~MCA;ECE~ME;6~6;0;4~5;7~9;3~7;49~62;5~6;2;0~2;Not Placed
22~23;Female;BCA~MCA;ECE~ME;6~6;0;4~5;7~9;3~7;49~62;5~6;2;0~2;Not Placed
22~23;Female;BCA~MCA;ECE~ME;6~6;0;4~5;7~9;3~7;49~62;5~6;2;0~2;Not Placed
22~24;Female;BCA~MCA;ECE~ME~Civil;6~6;0;4;7~8;4~7;63~82;4~7;2;0~3;Not Placed
22~24;Female;BCA~MCA;ECE~ME~Civil;6~6;0;4;7~8;4~7;63~82;4~7;2;0~3;Not Placed
22~24;Female;BCA~MCA;ECE~ME~Civil;6~6;0;4;7~8;4~7;63~82;4~7;2;0~3;Placed
22~24;Female;BCA~MCA;ECE~ME~Civil;6~6;0;4;7~8;4~7;63~82;4~7;2;0~3;Placed
22~24;Female;BCA~MCA;ECE~ME~Civil;6~6;0;4;7~8;4~7;63~82;4~7;2;0~3;Placed
22~24;Female;BCA~MCA;ECE~ME~Civil;6~6;0;4;7~8;4~7;63~82;4~7;2;0~3;Not Placed
22~24;Female;BCA~MCA;ECE~ME~Civil;5~6;1~2;2~3;1~5;3~5;35~58;3~7;0~1;0~2;Not Placed
22~24;Female;BCA~MCA;ECE~ME~Civil;5~6;1~2;2~3;1~5;3~5;35~58;3~7;0~1;0~2;Not Placed
22~24;Female;BCA~MCA;ECE~ME~Civil;5~6;1~2;2~3;1~5;3~5;35~58;3~7;0~1;0~2;Not Placed
22~24;Female;BCA~MCA;ECE~ME~Civil;5~6;1~2;2~3;1~5;3~5;35~58;3~7;0~1;0~2;Not Placed
22~24;Female;BCA~MCA;ECE~ME~Civil;5~6;1~2;2~3;1~5;3~5;35~58;3~7;0~1;0~2;Not Placed
22~24;Female;BCA~MCA;ECE~ME~Civil;5~6;1~2;2~3;1~5;3~5;35~58;3~7;0~1;0~2;Not Placed
22~24;Female;BCA~MCA;ECE~ME~Civil;5~6;1~2;2~3;1~5;3~5;35~58;3~7;0~1;0~2;Not Placed
22~24;Female;BCA~MCA;ECE~ME~Civil;5~6;1~2;2~3;1~5;3~5;35~58;3~7;0~1;0~2;Not Placed
22~24;Female;BCA~MCA;ECE~ME~Civil;4~6;1~2;2~3;2~5;4~5;36~54;5~8;1;3;Not Placed
22~24;Female;BCA~MCA;ECE~ME~Civil;4~6;1~2;2~3;2~5;4~5;36~54;5~8;1;3;Not Placed
22~24;Female;BCA~MCA;ECE~ME~Civil;4~6;1~2;2~3;2~5;4~5;36~54;5~8;1;3;Not Placed
22~24;Female;BCA~MCA;ECE~ME~Civil;4~6;1~2;2~3;2~5;4~5;36~54;5~8;1;3;Not Placed
22~24;Female;BCA~MCA;ECE~ME~Civil;4~6;1~2;2~3;2~5;4~5;36~54;5~8;1;3;Not Placed
22~24;Female;BCA~MCA;ECE~ME~Civil;4~6;1~2;2~3;2~5;4~5;36~54;5~8;1;3;Not Placed
22~24;Female;BCA~MCA;ME~Civil;6~6;1~2;3;4~5;1~5;59~73;4~5;1~2;0~3;Not Placed
22~24;Female;BCA~MCA;ME~Civil;6~6;1~2;3;4~5;1~5;59~73;4~5;1~2;0~3;Not Placed
22~24;Female;BCA~MCA;ME~Civil;6~6;1~2;3;4~5;1~5;59~73;4~5;1~2;0~3;Not Placed
22~24;Female;BCA~MCA;ME~Civil;6~6;1~2;3;4~5;1~5;59~73;4~5;1~2;0~3;Not Placed
22~24;Female;BCA~MCA;ME~Civil;6~6;1~2;3;4~5;1~5;59~73;4~5;1~2;0~3;Not Placed
22~23;Female;MCA;ME~Civil;6~6;1~2;3;3~5;4~5;66~83;4~5;1~2;0~2;Not Placed
22~23;Female;MCA;ME~Civil;6~6;1~2;3;3~5;4~5;66~83;4~5;1~2;0~2;Not Placed
22~23;Female;MCA;ME~Civil;6~6;1~2;3;3~5;4~5;66~83;4~5;1~2;0~2;Not Placed
22~23;Female;MCA;ME~Civil;6~6;1~2;3;3~5;4~5;66~83;4~5;1~2;0~2;Not Placed
22~23;Female;MCA;ME~Civil;6~6;1~2;3;3~5;4~5;66~83;4~5;1~2;0~2;Not Placed
22~24;Female;BCA~MCA;ECE~ME;5~6;1;3;3~5;4~5;59~72;6~7;1~2;0~1;Not Placed
22~24;Female;BCA~MCA;ECE~ME;5~6;1;3;3~5;4~5;59~72;6~7;1~2;0~1;Not Placed
22~24;Female;BCA~MCA;ECE~ME;5~6;1;3;3~5;4~5;59~72;6~7;1~2;0~1;Not Placed
22~24;Female;BCA~MCA;ECE~ME;5~6;1;3;3~5;4~5;59~72;6~7;1~2;0~1;Not Placed
22~24;Female;BCA~MCA;ECE~ME;5~6;1;3;3~5;4~5;59~72;6~7;1~2;0~1;Not Placed
22~24;Female;BCA~MCA;ECE~ME;5~6;1;2~3;2~5;6~9;49~65;4~6;1~2;0~2;Placed
22~24;Female;BCA~MCA;ECE~ME;5~6;1;2~3;2~5;6~9;49~65;4~6;1~2;0~2;Placed
22~24;Female;BCA~MCA;ECE~ME;5~6;1;2~3;2~5;6~9;49~65;4~6;1~2;0~2;Not Placed
22~24;Female;BCA~MCA;ECE~ME;5~6;1;2~3;2~5;6~9;49~65;4~6;1~2;0~2;Not Placed
22~24;Female;BCA~MCA;ECE~ME;5~6;1;2~3;2~5;6~9;49~65;4~6;1~2;0~2;Placed
22~24;Female;BCA~MCA;ECE~ME;5~6;1;2~3;2~5;6~9;49~65;4~6;1~2;0~2;Not Placed
22~24;Female;BCA~MCA;ECE~ME;5~6;1;2~3;2~5;6~9;49~65;4~6;1~2;0~2;Not Placed
22~24;Female;BCA~MCA;ECE~ME;5~6;1;2~3;2~5;6~9;49~65;4~6;1~2;0~2;Not Placed
22~24;Female;BCA~MCA;ECE~ME;5~6;1;2~3;2~5;6~9;49~65;4~6;1~2;0~2;Placed
22~24;Female;BCA~MCA;ECE~ME~Civil;6~6;1;3;4~5;6~8;67~78;4~7;1~2;0~3;Placed
22~24;Female;BCA~MCA;ECE~ME~Civil;6~6;1;3;4~5;6~8;67~78;4~7;1~2;0~3;Placed
22~24;Female;BCA~MCA;ECE~ME~Civil;6~6;1;3;4~5;6~8;67~78;4~7;1~2;0~3;Not Placed
22~24;Female;BCA~MCA;ECE~ME~Civil;6~6;1;3;4~5;6~8;67~78;4~7;1~2;0~3;Placed
22~24;Female;BCA~MCA;ECE~ME~Civil;6~6;1;3;4~5;6~8;67~78;4~7;1~2;0~3;Not Placed
22~24;Female;BCA~MCA;ECE~ME~Civil;6~6;1;3;4~5;6~8;67~78;4~7;1~2;0~3;Placed
22~24;Female;BCA~MCA;ECE~ME~Civil;6~6;1;3;4~5;6~8;67~78;4~7;1~2;0~3;Placed
22~24;Female;BCA~MCA;ECE~ME~Civil;6~6;1;3;4~5;6~8;67~78;4~7;1~2;0~3;Placed
22~24;Female;BCA~MCA;ECE~ME~Civil;6~6;1;3;4~5;6~8;67~78;4~7;1~2;0~3;Not Placed
22~24;Female;BCA~MCA;ECE~ME~Civil;6~7;1~2;4;5~6;4~5;58~65;4~7;2;0~2;Not Placed
22~24;Female;BCA~MCA;ECE~ME~Civil;6~7;1~2;4;5~6;4~5;58~65;4~7;2;0~2;Not Placed
22~24;Female;BCA~MCA;ECE~ME~Civil;6~7;1~2;4;5~6;4~5;58~65;4~7;2;0~2;Placed
22~24;Female;BCA~MCA;ECE~ME~Civil;6~7;1~2;4;5~6;4~5;58~65;4~7;2;0~2;Not Placed
22~24;Female;BCA~MCA;ECE~ME~Civil;6~7;1~2;4;5~6;4~5;58~65;4~7;2;0~2;Placed
22~24;Female;BCA~MCA;ECE~ME~Civil;6~6;1~2;4;6;2~5;68~84;4~7;2;0~3;Not Placed
22~24;Female;BCA~MCA;ECE~ME~Civil;6~6;1~2;4;6;2~5;68~84;4~7;2;0~3;Not Placed
22~24;Female;BCA~MCA;ECE~ME~Civil;6~6;1~2;4;6;2~5;68~84;4~7;2;0~3;Placed
22~24;Female;BCA~MCA;ECE~ME~Civil;6~6;1~2;4;6;2~5;68~84;4~7;2;0~3;Placed
22~24;Female;BCA~MCA;ECE~ME~Civil;6~6;1~2;4;6;2~5;68~84;4~7;2;0~3;Not Placed
22~24;Female;BCA~MCA;ECE~ME~Civil;6~7;1~2;4;5~6;6~9;47~81;5~8;1~2;0~3;Not Placed
22~24;Female;BCA~MCA;ECE~ME~Civil;6~7;1~2;4;5~6;6~9;47~81;5~8;1~2;0~3;Not Placed
22~24;Female;BCA~MCA;ECE~ME~Civil;6~7;1~2;4;5~6;6~9;47~81;5~8;1~2;0~3;Placed
22~24;Female;BCA~MCA;ECE~ME~Civil;6~7;1~2;4;5~6;6~9;47~81;5~8;1~2;0~3;Not Placed
22~24;Female;BCA~MCA;ECE~ME~Civil;6~7;1~2;4;5~6;6~9;47~81;5~8;1~2;0~3;Not Placed
22~24;Female;BCA~MCA;ECE~ME~Civil;6~7;1~2;4;5~6;6~9;47~81;5~8;1~2;0~3;Placed
22~24;Female;BCA~MCA;ECE~ME~Civil;6~7;1~2;4;5~6;6~9;47~81;5~8;1~2;0~3;Not Placed
22~24;Female;BCA~MCA;ECE~ME~Civil;6~7;1~2;4;5~6;6~9;47~81;5~8;1~2;0~3;Placed
22~24;Female;BCA~MCA;ECE~ME~Civil;6~7;1~2;4;5~6;6~9;47~81;5~8;1~2;0~3;Not Placed
22~24;Female;BCA~MCA;ECE;6~6;1~2;4;7;3~6;51~66;4~7;2;0~3;Not Placed
22~24;Female;BCA~MCA;ECE;6~6;1~2;4;7;3~6;51~66;4~7;2;0~3;Not Placed
22~24;Female;BCA~MCA;ECE;6~6;1~2;4;7;3~6;51~66;4~7;2;0~3;Not Placed
22~24;Female;BCA~MCA;ECE;6~6;1~2;4;7;3~6;51~66;4~7;2;0~3;Placed
22~24;Female;BCA~MCA;ECE;6~6;1~2;4;7;3~6;51~66;4~7;2;0~3;Not Placed
22~24;Female;BCA~MCA;ME~Civil;5~7;2;4~5;7~9;4~6;48~76;4~7;2~3;0~3;Placed
22~24;Female;BCA~MCA;ME~Civil;5~7;2;4~5;7~9;4~6;48~76;4~7;2~3;0~3;Placed
22~24;Female;BCA~MCA;ME~Civil;5~7;2;4~5;7~9;4~6;48~76;4~7;2~3;0~3;Not Placed
22~24;Female;BCA~MCA;ME~Civil;5~7;2;4~5;7~9;4~6;48~76;4~7;2~3;0~3;Not Placed
22~24;Female;BCA~MCA;ME~Civil;5~7;2;4~5;7~9;4~6;48~76;4~7;2~3;0~3;Not Placed
22~24;Female;BCA~MCA;ECE~ME~Civil;6~7;1~3;4;7~8;7~8;56~72;4~7;2;0~1;Placed
22~24;Female;BCA~MCA;ECE~ME~Civil;6~7;1~3;4;7~8;7~8;56~72;4~7;2;0~1;Placed
22~24;Female;BCA~MCA;ECE~ME~Civil;6~7;1~3;4;7~8;7~8;56~72;4~7;2;0~1;Placed
22~24;Female;BCA~MCA;ECE~ME~Civil;6~7;1~3;4;7~8;7~8;56~72;4~7;2;0~1;Placed
22~24;Female;BCA~MCA;ECE~ME~Civil;6~7;1~3;4;7~8;7~8;56~72;4~7;2;0~1;Placed
22~24;Female;BCA~MCA;ECE~ME~Civil;6~7;1~3;4;7~8;7~8;56~72;4~7;2;0~1;Placed
22~24;Female;BCA~MCA;ECE~ME~Civil;7~7;0~1;3~4;2~5;2~5;58~73;3~5;1;0~2;Not Placed
22~24;Female;BCA~MCA;ECE~ME~Civil;7~7;0~1;3~4;2~5;2~5;58~73;3~5;1;0~2;Not Placed
22~24;Female;BCA~MCA;ECE~ME~Civil;7~7;0~1;3~4;2~5;2~5;58~73;3~5;1;0~2;Not Placed
22~24;Female;BCA~MCA;ECE~ME~Civil;7~7;0~1;3~4;2~5;2~5;58~73;3~5;1;0~2;Not Placed
22~24;Female;BCA~MCA;ECE~ME~Civil;7~7;0~1;3~4;2~5;2~5;58~73;3~5;1;0~2;Not Placed
22~24;Female;BCA~MCA;ECE~ME~Civil;7~7;0~1;3~4;2~5;2~5;58~73;3~5;1;0~2;Not Placed
22~24;Female;BCA~MCA;ECE~ME~Civil;7~7;0~1;3~4;2~5;2~5;58~73;3~5;1;0~2;Not Placed
22~24;Female;BCA~MCA;ECE~ME~Civil;7~7;0~1;3~4;2~5;2~5;58~73;3~5;1;0~2;Not Placed
22~24;Female;BCA~MCA;ECE~ME~Civil;7~7;0~1;3~4;2~5;2~5;58~73;3~5;1;0~2;Not Placed
22~24;Female;BCA~MCA;ECE~ME~Civil;7~7;0~1;4;5;2~5;64~76;4~5;2;0~2;Not Placed
22~24;Female;BCA~MCA;ECE~ME~Civil;7~7;0~1;4;5;2~5;64~76;4~5;2;0~2;Not Placed
22~24;Female;BCA~MCA;ECE~ME~Civil;7~7;0~1;4;5;2~5;64~76;4~5;2;0~2;Not Placed
22~24;Female;BCA~MCA;ECE~ME~Civil;7~7;0~1;4;5;2~5;64~76;4~5;2;0~2;Not Placed
22~24;Female;BCA~MCA;ECE~ME~Civil;7~7;0~1;4;5;2~5;64~76;4~5;2;0~2;Not Placed
22~24;Female;BCA~MCA;ECE~ME~Civil;7~7;0~1;4;5;2~5;64~76;4~5;2;0~2;Placed
22~24;Female;BCA~MCA;ECE~ME~Civil;7~7;0~1;4;5;2~5;64~76;4~5;2;0~2;Not Placed
22~24;Female;BCA~MCA;ECE~ME~Civil;7~7;0~1;4;5;2~5;64~76;4~5;2;0~2;Not Placed
22~24;Female;BCA~MCA;ECE~ME~Civil;7~8;0;3~4;3~5;4~5;59~69;6~8;1~2;0;Not Placed
22~24;Female;BCA~MCA;ECE~ME~Civil;7~8;0;3~4;3~5;4~5;59~69;6~8;1~2;0;Placed
22~24;Female;BCA~MCA;ECE~ME~Civil;7~8;0;3~4;3~5;4~5;59~69;6~8;1~2;0;Not Placed
22~24;Female;BCA~MCA;ECE~ME~Civil;7~8;0;3~4;3~5;4~5;59~69;6~8;1~2;0;Not Placed
22~24;Female;BCA~MCA;ECE~ME~Civil;7~8;0;3~4;3~5;4~5;59~69;6~8;1~2;0;Placed
22~24;Female;BCA~MCA;ECE~ME~Civil;7~7;0~1;3~4;4~5;3~5;57~76;6~8;1~2;1~2;Placed
22~24;Female;BCA~MCA;ECE~ME~Civil;7~7;0~1;3~4;4~5;3~5;57~76;6~8;1~2;1~2;Placed
22~24;Female;BCA~MCA;ECE~ME~Civil;7~7;0~1;3~4;4~5;3~5;57~76;6~8;1~2;1~2;Not Placed
22~24;Female;BCA~MCA;ECE~ME~Civil;7~7;0~1;3~4;4~5;3~5;57~76;6~8;1~2;1~2;Not Placed
22~24;Female;BCA~MCA;ECE~ME~Civil;7~7;0~1;3~4;4~5;3~5;57~76;6~8;1~2;1~2;Not Placed
22~24;Female;BCA~MCA;ECE~ME~Civil;7~7;0~1;3~4;4~5;3~5;57~76;6~8;1~2;1~2;Not Placed
22~24;Female;BCA~MCA;ECE~ME~Civil;7~9;0;3~4;3~5;3~5;77~100;4~5;1~2;0;Not Placed
22~24;Female;BCA~MCA;ECE~ME~Civil;7~9;0;3~4;3~5;3~5;77~100;4~5;1~2;0;Placed
22~24;Female;BCA~MCA;ECE~ME~Civil;7~9;0;3~4;3~5;3~5;77~100;4~5;1~2;0;Placed
22~24;Female;BCA~MCA;ECE~ME~Civil;7~9;0;3~4;3~5;3~5;77~100;4~5;1~2;0;Not Placed
22~24;Female;BCA~MCA;ECE~ME~Civil;7~9;0;3~4;3~5;3~5;77~100;4~5;1~2;0;Placed
22~24;Female;BCA~MCA;ECE~ME~Civil;7~9;0;3~4;3~5;3~5;77~100;4~5;1~2;0;Not Placed
22~24;Female;BCA~MCA;ECE~ME~Civil;7~9;0;3~4;3~5;3~5;77~100;4~5;1~2;0;Not Placed
22~24;Female;BCA~MCA;ECE~ME~Civil;7~9;0;3~4;3~5;3~5;77~100;4~5;1~2;0;Not Placed
22~24;Female;BCA~MCA;ME~Civil;7~8;0~1;3~4;4~5;3~5;77~95;4~5;1~2;1~2;Not Placed
22~24;Female;BCA~MCA;ME~Civil;7~8;0~1;3~4;4~5;3~5;77~95;4~5;1~2;1~2;Not Placed
22~24;Female;BCA~MCA;ME~Civil;7~8;0~1;3~4;4~5;3~5;77~95;4~5;1~2;1~2;Not Placed
22~24;Female;BCA~MCA;ME~Civil;7~8;0~1;3~4;4~5;3~5;77~95;4~5;1~2;1~2;Placed
22~24;Female;BCA~MCA;ME~Civil;7~8;0~1;3~4;4~5;3~5;77~95;4~5;1~2;1~2;Placed
22~24;Female;BCA~MCA;ME~Civil;7~8;0~1;3~4;4~5;3~5;77~95;4~5;1~2;1~2;Not Placed
22~24;Female;BCA~MCA;ME~Civil;7~8;0~1;3~4;4~5;3~5;77~95;4~5;1~2;1~2;Not Placed
22~23;Female;BCA~MCA;ECE~ME~Civil;7~7;0~1;3~4;4~5;2~4;77~87;6~7;1~2;0~1;Not Placed
22~23;Female;BCA~MCA;ECE~ME~Civil;7~7;0~1;3~4;4~5;2~4;77~87;6~7;1~2;0~1;Not Placed
22~23;Female;BCA~MCA;ECE~ME~Civil;7~7;0~1;3~4;4~5;2~4;77~87;6~7;1~2;0~1;Not Placed
22~23;Female;BCA~MCA;ECE~ME~Civil;7~7;0~1;3~4;4~5;2~4;77~87;6~7;1~2;0~1;Not Placed
22~23;Female;BCA~MCA;ECE~ME~Civil;7~7;0~1;3~4;4~5;2~4;77~87;6~7;1~2;0~1;Not Placed
22~24;Female;BCA~MCA;ECE~ME~Civil;7~8;0~1;3~4;3~5;3~5;77~85;6~8;1~2;0;Not Placed
22~24;Female;BCA~MCA;ECE~ME~Civil;7~8;0~1;3~4;3~5;3~5;77~85;6~8;1~2;0;Not Placed
22~24;Female;BCA~MCA;ECE~ME~Civil;7~8;0~1;3~4;3~5;3~5;77~85;6~8;1~2;0;Placed
22~24;Female;BCA~MCA;ECE~ME~Civil;7~8;0~1;3~4;3~5;3~5;77~85;6~8;1~2;0;Not Placed
22~24;Female;BCA~MCA;ECE~ME~Civil;7~8;0~1;3~4;3~5;3~5;77~85;6~8;1~2;0;Not Placed
22~24;Female;BCA~MCA;ECE~ME~Civil;7~8;0~1;3~4;3~5;3~5;77~85;6~8;1~2;0;Not Placed
22~24;Female;BCA~MCA;ECE~ME~Civil;7~7;0;3~4;2~5;6~7;67~73;3~5;1~2;0;Not Placed
22~24;Female;BCA~MCA;ECE~ME~Civil;7~7;0;3~4;2~5;6~7;67~73;3~5;1~2;0;Placed
22~24;Female;BCA~MCA;ECE~ME~Civil;7~7;0;3~4;2~5;6~7;67~73;3~5;1~2;0;Not Placed
22~24;Female;BCA~MCA;ECE~ME~Civil;7~7;0;3~4;2~5;6~7;67~73;3~5;1~2;0;Not Placed
22~24;Female;BCA~MCA;ECE~ME~Civil;7~7;0;3~4;2~5;6~7;67~73;3~5;1~2;0;Not Placed
22~24;Female;BCA~MCA;ECE~ME~Civil;7~7;0;3~4;2~5;6~7;67~73;3~5;1~2;0;Not Placed
22~24;Female;BCA~MCA;ECE~ME~Civil;7~8;0~1;3~4;3~5;6~7;56~75;3~5;1~2;0;Not Placed
22~24;Female;BCA~MCA;ECE~ME~Civil;7~8;0~1;3~4;3~5;6~7;56~75;3~5;1~2;0;Not Placed
22~24;Female;BCA~MCA;ECE~ME~Civil;7~8;0~1;3~4;3~5;6~7;56~75;3~5;1~2;0;Placed
22~24;Female;BCA~MCA;ECE~ME~Civil;7~8;0~1;3~4;3~5;6~7;56~75;3~5;1~2;0;Not Placed
22~24;Female;BCA~MCA;ECE~ME~Civil;7~8;0~1;3~4;3~5;6~7;56~75;3~5;1~2;0;Not Placed
22~24;Female;BCA~MCA;ECE~ME~Civil;7~8;0~1;3~4;3~5;6~7;56~75;3~5;1~2;0;Placed
22~24;Female;BCA~MCA;ME~Civil;7~8;0~1;3~4;2~5;6~9;61~76;4~5;1~2;1~2;Not Placed
22~24;Female;BCA~MCA;ME~Civil;7~8;0~1;3~4;2~5;6~9;61~76;4~5;1~2;1~2;Not Placed
22~24;Female;BCA~MCA;ME~Civil;7~8;0~1;3~4;2~5;6~9;61~76;4~5;1~2;1~2;Not Placed
22~24;Female;BCA~MCA;ME~Civil;7~8;0~1;3~4;2~5;6~9;61~76;4~5;1~2;1~2;Placed
22~24;Female;BCA~MCA;ME~Civil;7~8;0~1;3~4;2~5;6~9;61~76;4~5;1~2;1~2;Not Placed
22~24;Female;BCA~MCA;ECE~ME~Civil;7~7;0~1;3~4;4~5;6~8;62~77;6~8;1~2;0~2;Not Placed
22~24;Female;BCA~MCA;ECE~ME~Civil;7~7;0~1;3~4;4~5;6~8;62~77;6~8;1~2;0~2;Not Placed
22~24;Female;BCA~MCA;ECE~ME~Civil;7~7;0~1;3~4;4~5;6~8;62~77;6~8;1~2;0~2;Not Placed
22~24;Female;BCA~MCA;ECE~ME~Civil;7~7;0~1;3~4;4~5;6~8;62~77;6~8;1~2;0~2;Placed
22~24;Female;BCA~MCA;ECE~ME~Civil;7~7;0~1;3~4;4~5;6~8;62~77;6~8;1~2;0~2;Not Placed
22~24;Female;BCA~MCA;ECE~ME~Civil;7~8;0~1;3~4;3~5;6~8;70~75;6~8;1~2;0~1;Placed
22~24;Female;BCA~MCA;ECE~ME~Civil;7~8;0~1;3~4;3~5;6~8;70~75;6~8;1~2;0~1;Placed
22~24;Female;BCA~MCA;ECE~ME~Civil;7~8;0~1;3~4;3~5;6~8;70~75;6~8;1~2;0~1;Not Placed
22~24;Female;BCA~MCA;ECE~ME~Civil;7~8;0~1;3~4;3~5;6~8;70~75;6~8;1~2;0~1;Placed
22~24;Female;BCA~MCA;ECE~ME~Civil;7~8;0~1;3~4;3~5;6~8;70~75;6~8;1~2;0~1;Not Placed
22~24;Female;BCA~MCA;ECE~ME~Civil;7~8;0~1;3~4;3~5;6~8;78~89;4~5;1~2;0;Placed
22~24;Female;BCA~MCA;ECE~ME~Civil;7~8;0~1;3~4;3~5;6~8;78~89;4~5;1~2;0;Placed
22~24;Female;BCA~MCA;ECE~ME~Civil;7~8;0~1;3~4;3~5;6~8;78~89;4~5;1~2;0;Not Placed
22~24;Female;BCA~MCA;ECE~ME~Civil;7~8;0~1;3~4;3~5;6~8;78~89;4~5;1~2;0;Placed
22~24;Female;BCA~MCA;ECE~ME~Civil;7~8;0~1;3~4;3~5;6~8;78~89;4~5;1~2;0;Placed
22~24;Female;BCA~MCA;ECE~ME~Civil;7~8;0~1;3~4;3~5;6~8;78~89;4~5;1~2;0;Not Placed
22~24;Female;BCA~MCA;ECE~ME~Civil;7~8;0~1;3~4;3~5;6~8;78~89;4~5;1~2;0;Not Placed
22~24;Female;BCA~MCA;ECE~ME~Civil;7~8;0~1;3~4;3~5;6~8;78~89;4~5;1~2;0;Not Placed
22~24;Female;BCA~MCA;ME~Civil;7~7;0~1;3~4;2~5;6~7;80~88;4~5;1~2;1~2;Placed
22~24;Female;BCA~MCA;ME~Civil;7~7;0~1;3~4;2~5;6~7;80~88;4~5;1~2;1~2;Not Placed
22~24;Female;BCA~MCA;ME~Civil;7~7;0~1;3~4;2~5;6~7;80~88;4~5;1~2;1~2;Not Placed
22~24;Female;BCA~MCA;ME~Civil;7~7;0~1;3~4;2~5;6~7;80~88;4~5;1~2;1~2;Not Placed
22~24;Female;BCA~MCA;ME~Civil;7~7;0~1;3~4;2~5;6~7;80~88;4~5;1~2;1~2;Not Placed
22~24;Female;BCA~MCA;ME~Civil;7~7;0~1;3~4;2~5;6~7;80~88;4~5;1~2;1~2;Not Placed
22~24;Female;BCA~MCA;ME~Civil;7~7;0~1;3~4;2~5;6~7;80~88;4~5;1~2;1~2;Not Placed
22~24;Female;BCA~MCA;ME~Civil;7~7;0~1;3~4;3~5;6~8;79~93;6~8;1~2;0~1;Not Placed
22~24;Female;BCA~MCA;ME~Civil;7~7;0~1;3~4;3~5;6~8;79~93;6~8;1~2;0~1;Not Placed
22~24;Female;BCA~MCA;ME~Civil;7~7;0~1;3~4;3~5;6~8;79~93;6~8;1~2;0~1;Not Placed
22~24;Female;BCA~MCA;ME~Civil;7~7;0~1;3~4;3~5;6~8;79~93;6~8;1~2;0~1;Not Placed
22~24;Female;BCA~MCA;ME~Civil;7~7;0~1;3~4;3~5;6~8;79~93;6~8;1~2;0~1;Not Placed
22~24;Female;BCA~MCA;ME~Civil;7~7;0~1;3~4;3~5;6~8;79~93;6~8;1~2;0~1;Placed
22~24;Female;BCA~MCA;ECE~ME~Civil;7~8;0~1;3~4;3~5;6~8;84~96;6~7;1~2;0~2;Not Placed
22~24;Female;BCA~MCA;ECE~ME~Civil;7~8;0~1;3~4;3~5;6~8;84~96;6~7;1~2;0~2;Not Placed
22~24;Female;BCA~MCA;ECE~ME~Civil;7~8;0~1;3~4;3~5;6~8;84~96;6~7;1~2;0~2;Placed
22~24;Female;BCA~MCA;ECE~ME~Civil;7~8;0~1;3~4;3~5;6~8;84~96;6~7;1~2;0~2;Not Placed
22~24;Female;BCA~MCA;ECE~ME~Civil;7~8;0~1;3~4;3~5;6~8;84~96;6~7;1~2;0~2;Placed
22~24;Female;BCA~MCA;ECE~ME~Civil;7~8;0~1;3~4;3~5;6~8;84~96;6~7;1~2;0~2;Not Placed
23~24;Female;BCA~MCA;ECE~ME~Civil;7~7;0~1;4;6~7;4~6;54~75;3~5;2;0~2;Placed
23~24;Female;BCA~MCA;ECE~ME~Civil;7~7;0~1;4;6~7;4~6;54~75;3~5;2;0~2;Not Placed
23~24;Female;BCA~MCA;ECE~ME~Civil;7~7;0~1;4;6~7;4~6;54~75;3~5;2;0~2;Not Placed
23~24;Female;BCA~MCA;ECE~ME~Civil;7~7;0~1;4;6~7;4~6;54~75;3~5;2;0~2;Placed
23~24;Female;BCA~MCA;ECE~ME~Civil;7~7;0~1;4;6~7;4~6;54~75;3~5;2;0~2;Placed
23~24;Female;BCA~MCA;ECE~ME~Civil;7~7;0~1;4;6~7;4~6;54~75;3~5;2;0~2;Not Placed
22~24;Female;BCA~MCA;ECE~ME~Civil;7~8;0~1;4;6;2~6;56~75;4~5;2;0~1;Not Placed
22~24;Female;BCA~MCA;ECE~ME~Civil;7~8;0~1;4;6;2~6;56~75;4~5;2;0~1;Not Placed
22~24;Female;BCA~MCA;ECE~ME~Civil;7~8;0~1;4;6;2~6;56~75;4~5;2;0~1;Not Placed
22~24;Female;BCA~MCA;ECE~ME~Civil;7~8;0~1;4;6;2~6;56~75;4~5;2;0~1;Placed
22~24;Female;BCA~MCA;ECE~ME~Civil;7~8;0~1;4;6;2~6;56~75;4~5;2;0~1;Placed
22~24;Female;BCA~MCA;ECE~ME~Civil;7~8;0~1;4;6;2~6;56~75;4~5;2;0~1;Placed
22~24;Female;BCA~MCA;ECE~ME~Civil;7~8;0~1;4;6;2~6;56~75;4~5;2;0~1;Placed
22~24;Female;BCA~MCA;ECE~ME~Civil;7~8;0~1;4;6~7;2~6;61~74;6~9;2;0;Placed
22~24;Female;BCA~MCA;ECE~ME~Civil;7~8;0~1;4;6~7;2~6;61~74;6~9;2;0;Placed
22~24;Female;BCA~MCA;ECE~ME~Civil;7~8;0~1;4;6~7;2~6;61~74;6~9;2;0;Placed
22~24;Female;BCA~MCA;ECE~ME~Civil;7~8;0~1;4;6~7;2~6;61~74;6~9;2;0;Not Placed
22~24;Female;BCA~MCA;ECE~ME~Civil;7~8;0~1;4;6~7;2~6;61~74;6~9;2;0;Placed
22~24;Female;BCA~MCA;ECE~ME~Civil;7~8;0~1;4;6~7;2~6;61~74;6~9;2;0;Not Placed
22~24;Female;BCA~MCA;ECE~ME~Civil;7~7;0~1;4;6~7;3~6;59~70;6~7;2;1~2;Not Placed
22~24;Female;BCA~MCA;ECE~ME~Civil;7~7;0~1;4;6~7;3~6;59~70;6~7;2;1~2;Not Placed
22~24;Female;BCA~MCA;ECE~ME~Civil;7~7;0~1;4;6~7;3~6;59~70;6~7;2;1~2;Not Placed
22~24;Female;BCA~MCA;ECE~ME~Civil;7~7;0~1;4;6~7;3~6;59~70;6~7;2;1~2;Not Placed
22~24;Female;BCA~MCA;ECE~ME~Civil;7~7;0~1;4;6~7;3~6;59~70;6~7;2;1~2;Placed
22~24;Female;BCA~MCA;ECE~ME~Civil;7~7;0~1;4;6~7;3~6;59~70;6~7;2;1~2;Placed
23~24;Female;BCA~MCA;ECE~ME~Civil;7~8;0~1;4;6~7;3~6;77~95;4~5;2;0;Placed
23~24;Female;BCA~MCA;ECE~ME~Civil;7~8;0~1;4;6~7;3~6;77~95;4~5;2;0;Placed
23~24;Female;BCA~MCA;ECE~ME~Civil;7~8;0~1;4;6~7;3~6;77~95;4~5;2;0;Placed
23~24;Female;BCA~MCA;ECE~ME~Civil;7~8;0~1;4;6~7;3~6;77~95;4~5;2;0;Placed
23~24;Female;BCA~MCA;ECE~ME~Civil;7~8;0~1;4;6~7;3~6;77~95;4~5;2;0;Not Placed
23~24;Female;BCA~MCA;ECE~ME~Civil;7~8;0~1;4;6~7;3~6;77~95;4~5;2;0;Not Placed
22~24;Female;BCA~MCA;ECE~ME~Civil;7~8;0~1;4;6~7;3~6;76~100;4~5;2;1~2;Not Placed
22~24;Female;BCA~MCA;ECE~ME~Civil;7~8;0~1;4;6~7;3~6;76~100;4~5;2;1~2;Not Placed
22~24;Female;BCA~MCA;ECE~ME~Civil;7~8;0~1;4;6~7;3~6;76~100;4~5;2;1~2;Placed
22~24;Female;BCA~MCA;ECE~ME~Civil;7~8;0~1;4;6~7;3~6;76~100;4~5;2;1~2;Placed
22~24;Female;BCA~MCA;ECE~ME~Civil;7~8;0~1;4;6~7;3~6;76~100;4~5;2;1~2;Not Placed
22~24;Female;BCA~MCA;ECE~ME~Civil;7~8;0~1;4;6~7;3~6;76~100;4~5;2;1~2;Placed
22~24;Female;BCA~MCA;ECE~ME~Civil;7~8;0~1;4;6~7;3~6;76~100;4~5;2;1~2;Not Placed
22~24;Female;BCA~MCA;ECE~ME~Civil;7~8;0~1;4;6;3~6;81~90;6~7;2;0~1;Placed
22~24;Female;BCA~MCA;ECE~ME~Civil;7~8;0~1;4;6;3~6;81~90;6~7;2;0~1;Not Placed
22~24;Female;BCA~MCA;ECE~ME~Civil;7~8;0~1;4;6;3~6;81~90;6~7;2;0~1;Placed
22~24;Female;BCA~MCA;ECE~ME~Civil;7~8;0~1;4;6;3~6;81~90;6~7;2;0~1;Placed
22~24;Female;BCA~MCA;ECE~ME~Civil;7~8;0~1;4;6;3~6;81~90;6~7;2;0~1;Not Placed
22~24;Female;BCA~MCA;ECE~ME~Civil;7~8;0~1;4;6;3~6;81~90;6~7;2;0~1;Placed
22~24;Female;BCA~MCA;ECE~ME~Civil;8~8;0~1;4;6;3~6;84~100;6~8;2;0~1;Not Placed
22~24;Female;BCA~MCA;ECE~ME~Civil;8~8;0~1;4;6;3~6;84~100;6~8;2;0~1;Placed
22~24;Female;BCA~MCA;ECE~ME~Civil;8~8;0~1;4;6;3~6;84~100;6~8;2;0~1;Placed
22~24;Female;BCA~MCA;ECE~ME~Civil;8~8;0~1;4;6;3~6;84~100;6~8;2;0~1;Not Placed
22~24;Female;BCA~MCA;ECE~ME~Civil;8~8;0~1;4;6;3~6;84~100;6~8;2;0~1;Not Placed
22~24;Female;BCA~MCA;ECE~ME~Civil;8~8;0~1;4;6;3~6;84~100;6~8;2;0~1;Not Placed
22~24;Female;BCA~MCA;ECE~ME~Civil;8~8;0~1;4;6;3~6;84~100;6~8;2;0~1;Placed
22~24;Female;BCA~MCA;ECE~ME~Civil;7~8;0~1;4;6~7;7~9;60~73;5~7;2;0~2;Placed
22~24;Female;BCA~MCA;ECE~ME~Civil;7~8;0~1;4;6~7;7~9;60~73;5~7;2;0~2;Placed
22~24;Female;BCA~MCA;ECE~ME~Civil;7~8;0~1;4;6~7;7~9;60~73;5~7;2;0~2;Placed
22~24;Female;BCA~MCA;ECE~ME~Civil;7~8;0~1;4;6~7;7~9;60~73;5~7;2;0~2;Placed
22~24;Female;BCA~MCA;ECE~ME~Civil;7~8;0~1;4;6~7;7~9;60~73;5~7;2;0~2;Placed
22~24;Female;BCA~MCA;ECE~ME~Civil;7~8;0~1;4;6~7;7~9;60~73;5~7;2;0~2;Placed
22~24;Female;BCA~MCA;ECE~ME~Civil;7~8;0~1;4;6~7;7~9;60~73;5~7;2;0~2;Placed
22~24;Female;BCA~MCA;ECE~ME~Civil;7~8;0~1;4;6~7;7~9;60~73;5~7;2;0~2;Placed
22~24;Female;BCA~MCA;ECE~ME~Civil;7~8;0~1;4;6~7;7~9;60~73;5~7;2;0~2;Not Placed
22~24;Female;BCA~MCA;ECE~ME~Civil;7~8;0~1;4;6~7;7~8;79~98;5~8;2;0~1;Placed
22~24;Female;BCA~MCA;ECE~ME~Civil;7~8;0~1;4;6~7;7~8;79~98;5~8;2;0~1;Placed
22~24;Female;BCA~MCA;ECE~ME~Civil;7~8;0~1;4;6~7;7~8;79~98;5~8;2;0~1;Placed
22~24;Female;BCA~MCA;ECE~ME~Civil;7~8;0~1;4;6~7;7~8;79~98;5~8;2;0~1;Placed
22~24;Female;BCA~MCA;ECE~ME~Civil;7~8;0~1;4;6~7;7~8;79~98;5~8;2;0~1;Placed
22~24;Female;BCA~MCA;ECE~ME~Civil;7~8;1;5;7~9;2~5;61~79;2~7;2~3;0~1;Not Placed
22~24;Female;BCA~MCA;ECE~ME~Civil;7~8;1;5;7~9;2~5;61~79;2~7;2~3;0~1;Not Placed
22~24;Female;BCA~MCA;ECE~ME~Civil;7~8;1;5;7~9;2~5;61~79;2~7;2~3;0~1;Not Placed
22~24;Female;BCA~MCA;ECE~ME~Civil;7~8;1;5;7~9;2~5;61~79;2~7;2~3;0~1;Placed
22~24;Female;BCA~MCA;ECE~ME~Civil;7~8;1;5;7~9;2~5;61~79;2~7;2~3;0~1;Placed
22~24;Female;BCA~MCA;ECE~ME~Civil;7~8;1;5;7~9;2~5;61~79;2~7;2~3;0~1;Placed
22~24;Female;BCA~MCA;ECE~ME~Civil;7~8;1;5;7~9;2~5;61~79;2~7;2~3;0~1;Placed
22~24;Female;BCA~MCA;ECE~ME~Civil;7~8;1;5;7~9;2~5;61~79;2~7;2~3;0~1;Placed
22~24;Female;BCA~MCA;ECE~ME~Civil;7~8;1;5;7~9;2~5;61~79;2~7;2~3;0~1;Not Placed
22~23;Female;BCA~MCA;ECE~ME~Civil;7~9;0~1;5;6~9;3~5;81~97;4~7;2~3;0~2;Not Placed
22~23;Female;BCA~MCA;ECE~ME~Civil;7~9;0~1;5;6~9;3~5;81~97;4~7;2~3;0~2;Not Placed
22~23;Female;BCA~MCA;ECE~ME~Civil;7~9;0~1;5;6~9;3~5;81~97;4~7;2~3;0~2;Not Placed
22~23;Female;BCA~MCA;ECE~ME~Civil;7~9;0~1;5;6~9;3~5;81~97;4~7;2~3;0~2;Placed
22~23;Female;BCA~MCA;ECE~ME~Civil;7~9;0~1;5;6~9;3~5;81~97;4~7;2~3;0~2;Placed
22~23;Female;BCA~MCA;ECE~ME~Civil;7~9;0~1;5;6~9;3~5;81~97;4~7;2~3;0~2;Placed
22~23;Female;BCA~MCA;ECE~ME~Civil;7~9;0~1;5;6~9;3~5;81~97;4~7;2~3;0~2;Not Placed
22~23;Female;BCA~MCA;ECE~ME~Civil;7~9;0~1;5;6~9;3~5;81~97;4~7;2~3;0~2;Not Placed
22~23;Female;BCA~MCA;ECE~ME~Civil;7~9;0~1;5;6~9;3~5;81~97;4~7;2~3;0~2;Not Placed
22~24;Female;BCA~MCA;ECE~ME~Civil;7~8;1;5;7~10;6~7;71~79;4~7;2~3;0~2;Placed
22~24;Female;BCA~MCA;ECE~ME~Civil;7~8;1;5;7~10;6~7;71~79;4~7;2~3;0~2;Placed
22~24;Female;BCA~MCA;ECE~ME~Civil;7~8;1;5;7~10;6~7;71~79;4~7;2~3;0~2;Placed
22~24;Female;BCA~MCA;ECE~ME~Civil;7~8;1;5;7~10;6~7;71~79;4~7;2~3;0~2;Not Placed
22~24;Female;BCA~MCA;ECE~ME~Civil;7~8;1;5;7~10;6~7;71~79;4~7;2~3;0~2;Not Placed
22~24;Female;BCA~MCA;ECE~ME~Civil;8~9;1;5;7~8;6~7;83~100;5~6;2~3;0;Placed
22~24;Female;BCA~MCA;ECE~ME~Civil;8~9;1;5;7~8;6~7;83~100;5~6;2~3;0;Placed
22~24;Female;BCA~MCA;ECE~ME~Civil;8~9;1;5;7~8;6~7;83~100;5~6;2~3;0;Placed
22~24;Female;BCA~MCA;ECE~ME~Civil;8~9;1;5;7~8;6~7;83~100;5~6;2~3;0;Placed
22~24;Female;BCA~MCA;ECE~ME~Civil;8~9;1;5;7~8;6~7;83~100;5~6;2~3;0;Placed
22~24;Female;BCA~MCA;ECE~ME~Civil;8~9;1;5;7~8;6~7;83~100;5~6;2~3;0;Placed
22~24;Female;BCA~MCA;ECE~ME~Civil;7~8;2;4;5~6;4~6;61~77;3~7;2;0~1;Placed
22~24;Female;BCA~MCA;ECE~ME~Civil;7~8;2;4;5~6;4~6;61~77;3~7;2;0~1;Placed
22~24;Female;BCA~MCA;ECE~ME~Civil;7~8;2;4;5~6;4~6;61~77;3~7;2;0~1;Not Placed
22~24;Female;BCA~MCA;ECE~ME~Civil;7~8;2;4;5~6;4~6;61~77;3~7;2;0~1;Placed
22~24;Female;BCA~MCA;ECE~ME~Civil;7~8;2;4;5~6;4~6;61~77;3~7;2;0~1;Placed
22~24;Female;BCA~MCA;ECE~ME~Civil;7~8;2;4;5~6;4~6;61~77;3~7;2;0~1;Not Placed
22~24;Female;BCA~MCA;ECE~ME~Civil;7~8;2;4;5~6;4~6;61~77;3~7;2;0~1;Placed
22~24;Female;BCA~MCA;ECE~ME~Civil;7~8;2;4;5~6;4~6;61~77;3~7;2;0~1;Placed
22~24;Female;BCA~MCA;ECE~ME~Civil;7~8;2;4;5~6;4~6;61~77;3~7;2;0~1;Placed
22~24;Female;BCA~MCA;ECE~ME~Civil;7~8;2;4;5~6;4~6;78~91;5~8;2;0~1;Placed
22~24;Female;BCA~MCA;ECE~ME~Civil;7~8;2;4;5~6;4~6;78~91;5~8;2;0~1;Placed
22~24;Female;BCA~MCA;ECE~ME~Civil;7~8;2;4;5~6;4~6;78~91;5~8;2;0~1;Not Placed
22~24;Female;BCA~MCA;ECE~ME~Civil;7~8;2;4;5~6;4~6;78~91;5~8;2;0~1;Placed
22~24;Female;BCA~MCA;ECE~ME~Civil;7~8;2;4;5~6;4~6;78~91;5~8;2;0~1;Placed
22~24;Female;BCA~MCA;ECE~ME~Civil;7~8;2;4;5~6;4~6;78~91;5~8;2;0~1;Not Placed
22~24;Female;BCA~MCA;ECE~ME~Civil;7~8;2;4;5~6;4~6;78~91;5~8;2;0~1;Placed
22~24;Female;BCA~MCA;ECE~ME~Civil;7~8;2;4;5~6;7~9;63~100;4~7;2;0;Placed
22~24;Female;BCA~MCA;ECE~ME~Civil;7~8;2;4;5~6;7~9;63~100;4~7;2;0;Placed
22~24;Female;BCA~MCA;ECE~ME~Civil;7~8;2;4;5~6;7~9;63~100;4~7;2;0;Placed
22~24;Female;BCA~MCA;ECE~ME~Civil;7~8;2;4;5~6;7~9;63~100;4~7;2;0;Placed
22~24;Female;BCA~MCA;ECE~ME~Civil;7~8;2;4;5~6;7~9;63~100;4~7;2;0;Placed
22~24;Female;BCA~MCA;ECE~ME~Civil;7~7;2;4;7;4~8;54~71;3~7;2;0~2;Placed
22~24;Female;BCA~MCA;ECE~ME~Civil;7~7;2;4;7;4~8;54~71;3~7;2;0~2;Not Placed
22~24;Female;BCA~MCA;ECE~ME~Civil;7~7;2;4;7;4~8;54~71;3~7;2;0~2;Placed
22~24;Female;BCA~MCA;ECE~ME~Civil;7~7;2;4;7;4~8;54~71;3~7;2;0~2;Placed
22~24;Female;BCA~MCA;ECE~ME~Civil;7~7;2;4;7;4~8;54~71;3~7;2;0~2;Placed
22~24;Female;BCA~MCA;ECE~ME~Civil;7~7;2;4;7;4~8;54~71;3~7;2;0~2;Not Placed
22~24;Female;BCA~MCA;ECE~ME~Civil;7~7;2;4;7;4~8;54~71;3~7;2;0~2;Not Placed
22~24;Female;BCA~MCA;ECE~ME~Civil;7~7;2;4;7;4~8;54~71;3~7;2;0~2;Not Placed
22~24;Female;BCA~MCA;ECE~ME;7~7;2~3;4;7;3~8;73~88;5~7;2;0~2;Placed
22~24;Female;BCA~MCA;ECE~ME;7~7;2~3;4;7;3~8;73~88;5~7;2;0~2;Placed
22~24;Female;BCA~MCA;ECE~ME;7~7;2~3;4;7;3~8;73~88;5~7;2;0~2;Placed
22~24;Female;BCA~MCA;ECE~ME;7~7;2~3;4;7;3~8;73~88;5~7;2;0~2;Not Placed
22~24;Female;BCA~MCA;ECE~ME;7~7;2~3;4;7;3~8;73~88;5~7;2;0~2;Not Placed
22~24;Female;BCA~MCA;ECE~ME;7~7;2~3;4;7;3~8;73~88;5~7;2;0~2;Not Placed
22~24;Female;BCA~MCA;ECE~ME;7~7;2~3;4;7;3~8;73~88;5~7;2;0~2;Placed
22~24;Female;BCA~MCA;ECE~ME;7~7;2~3;4;7;3~8;73~88;5~7;2;0~2;Placed
22~24;Female;BCA~MCA;ECE~ME~Civil;7~8;2~3;5;7~8;2~5;51~81;4~6;2;0~2;Placed
22~24;Female;BCA~MCA;ECE~ME~Civil;7~8;2~3;5;7~8;2~5;51~81;4~6;2;0~2;Not Placed
22~24;Female;BCA~MCA;ECE~ME~Civil;7~8;2~3;5;7~8;2~5;51~81;4~6;2;0~2;Not Placed
22~24;Female;BCA~MCA;ECE~ME~Civil;7~8;2~3;5;7~8;2~5;51~81;4~6;2;0~2;Not Placed
22~24;Female;BCA~MCA;ECE~ME~Civil;7~8;2~3;5;7~8;2~5;51~81;4~6;2;0~2;Not Placed
22~24;Female;BCA~MCA;ECE~ME~Civil;7~8;2~3;5;7~8;2~5;51~81;4~6;2;0~2;Placed
22~24;Female;BCA~MCA;ECE~ME~Civil;7~8;2~3;5;7~8;2~5;51~81;4~6;2;0~2;Placed
22~24;Female;BCA~MCA;ECE~ME~Civil;7~8;2~3;5;7~8;2~5;51~81;4~6;2;0~2;Not Placed
22~24;Female;BCA~MCA;ECE~ME~Civil;7~8;2~3;5;7~8;2~5;51~81;4~6;2;0~2;Placed
22~24;Female;BCA~MCA;ECE~ME~Civil;7~9;2~3;5;7~8;3~5;82~100;4~8;2~3;0~2;Placed
22~24;Female;BCA~MCA;ECE~ME~Civil;7~9;2~3;5;7~8;3~5;82~100;4~8;2~3;0~2;Not Placed
22~24;Female;BCA~MCA;ECE~ME~Civil;7~9;2~3;5;7~8;3~5;82~100;4~8;2~3;0~2;Placed
22~24;Female;BCA~MCA;ECE~ME~Civil;7~9;2~3;5;7~8;3~5;82~100;4~8;2~3;0~2;Not Placed
22~24;Female;BCA~MCA;ECE~ME~Civil;7~9;2~3;5;7~8;3~5;82~100;4~8;2~3;0~2;Not Placed
22~24;Female;BCA~MCA;ECE~ME~Civil;7~9;2~3;5;7~8;3~5;82~100;4~8;2~3;0~2;Not Placed
22~24;Female;BCA~MCA;ECE~ME~Civil;7~9;2~3;5;7~8;3~5;82~100;4~8;2~3;0~2;Placed
22~24;Female;BCA~MCA;ECE~ME~Civil;7~9;2~3;5;7~8;3~5;82~100;4~8;2~3;0~2;Placed
22~24;Female;BCA~MCA;ECE~ME~Civil;7~9;2~3;5;7~8;3~5;82~100;4~8;2~3;0~2;Not Placed
22~24;Female;BCA~MCA;ECE~ME~Civil;7~8;2~3;5;7~8;6~8;69~86;4~7;2~3;0~1;Placed
22~24;Female;BCA~MCA;ECE~ME~Civil;7~8;2~3;5;7~8;6~8;69~86;4~7;2~3;0~1;Placed
22~24;Female;BCA~MCA;ECE~ME~Civil;7~8;2~3;5;7~8;6~8;69~86;4~7;2~3;0~1;Placed
22~24;Female;BCA~MCA;ECE~ME~Civil;7~8;2~3;5;7~8;6~8;69~86;4~7;2~3;0~1;Placed
22~24;Female;BCA~MCA;ECE~ME~Civil;7~8;2~3;5;7~8;6~8;69~86;4~7;2~3;0~1;Placed
23~24;Female;BCA;ECE~ME;8~9;2;5;7~8;6~7;89~100;5~7;2~3;0~1;Placed
23~24;Female;BCA;ECE~ME;8~9;2;5;7~8;6~7;89~100;5~7;2~3;0~1;Placed
23~24;Female;BCA;ECE~ME;8~9;2;5;7~8;6~7;89~100;5~7;2~3;0~1;Placed
23~24;Female;BCA;ECE~ME;8~9;2;5;7~8;6~7;89~100;5~7;2~3;0~1;Placed
23~24;Female;BCA;ECE~ME;8~9;2;5;7~8;6~7;89~100;5~7;2~3;0~1;Placed
22~24;Female;BCA~MCA;ECE~ME~Civil;7~9;2~3;5~6;9~10;2~8;62~92;2~7;3;0~2;Not Placed
22~24;Female;BCA~MCA;ECE~ME~Civil;7~9;2~3;5~6;9~10;2~8;62~92;2~7;3;0~2;Placed
22~24;Female;BCA~MCA;ECE~ME~Civil;7~9;2~3;5~6;9~10;2~8;62~92;2~7;3;0~2;Placed
22~24;Female;BCA~MCA;ECE~ME~Civil;7~9;2~3;5~6;9~10;2~8;62~92;2~7;3;0~2;Placed
22~24;Female;BCA~MCA;ECE~ME~Civil;7~9;2~3;5~6;9~10;2~8;62~92;2~7;3;0~2;Not Placed
22~24;Female;BCA~MCA;ECE~ME~Civil;7~9;2~3;5~6;9~10;2~8;62~92;2~7;3;0~2;Placed
22~24;Female;BCA~MCA;ECE~ME~Civil;7~9;2~3;5~6;9~10;2~8;62~92;2~7;3;0~2;Placed
22~24;Female;BCA~MCA;ECE~ME~Civil;7~9;2~3;5~6;9~10;2~8;62~92;2~7;3;0~2;Not Placed
22~24;Female;BCA~MCA;CSE~IT;4~6;0;1~3;1~4;2~5;46~60;4~8;0~1;1~3;Not Placed
22~24;Female;BCA~MCA;CSE~IT;4~6;0;1~3;1~4;2~5;46~60;4~8;0~1;1~3;Not Placed
22~24;Female;BCA~MCA;CSE~IT;4~6;0;1~3;1~4;2~5;46~60;4~8;0~1;1~3;Not Placed
22~24;Female;BCA~MCA;CSE~IT;4~6;0;1~3;1~4;2~5;46~60;4~8;0~1;1~3;Not Placed
22~24;Female;BCA~MCA;CSE~IT;4~6;0;1~3;1~4;2~5;46~60;4~8;0~1;1~3;Not Placed
22~24;Female;BCA~MCA;CSE~IT;4~6;0;1~3;1~4;2~5;46~60;4~8;0~1;1~3;Not Placed
22~24;Female;BCA~MCA;CSE~IT;4~6;0;1~3;1~4;2~5;46~60;4~8;0~1;1~3;Not Placed
22~24;Female;BCA~MCA;CSE~IT;4~6;0;1~3;1~4;2~5;46~60;4~8;0~1;1~3;Not Placed
22~24;Female;BCA~MCA;CSE~IT;5~6;0;2~3;2~4;3~5;65~81;5~7;1~2;0~3;Not Placed
22~24;Female;BCA~MCA;CSE~IT;5~6;0;2~3;2~4;3~5;65~81;5~7;1~2;0~3;Not Placed
22~24;Female;BCA~MCA;CSE~IT;5~6;0;2~3;2~4;3~5;65~81;5~7;1~2;0~3;Not Placed
22~24;Female;BCA~MCA;CSE~IT;5~6;0;2~3;2~4;3~5;65~81;5~7;1~2;0~3;Not Placed
22~24;Female;BCA~MCA;CSE~IT;5~6;0;2~3;2~4;3~5;65~81;5~7;1~2;0~3;Not Placed
22~24;Female;BCA~MCA;CSE~IT;5~6;0;2~3;2~4;3~5;65~81;5~7;1~2;0~3;Not Placed
22~24;Female;BCA~MCA;CSE~IT;5~6;0;2~3;2~4;3~5;65~81;5~7;1~2;0~3;Not Placed
22~24;Female;BCA~MCA;IT;4~6;0;2~3;3~4;6~7;41~52;2~8;1;0~3;Not Placed
22~24;Female;BCA~MCA;IT;4~6;0;2~3;3~4;6~7;41~52;2~8;1;0~3;Not Placed
22~24;Female;BCA~MCA;IT;4~6;0;2~3;3~4;6~7;41~52;2~8;1;0~3;Not Placed
22~24;Female;BCA~MCA;IT;4~6;0;2~3;3~4;6~7;41~52;2~8;1;0~3;Not Placed
22~24;Female;BCA~MCA;IT;4~6;0;2~3;3~4;6~7;41~52;2~8;1;0~3;Not Placed
22~24;Female;BCA~MCA;CSE~IT;5~6;0;2~3;3~4;6~9;54~85;3~6;1~2;1~3;Not Placed
22~24;Female;BCA~MCA;CSE~IT;5~6;0;2~3;3~4;6~9;54~85;3~6;1~2;1~3;Not Placed
22~24;Female;BCA~MCA;CSE~IT;5~6;0;2~3;3~4;6~9;54~85;3~6;1~2;1~3;Not Placed
22~24;Female;BCA~MCA;CSE~IT;5~6;0;2~3;3~4;6~9;54~85;3~6;1~2;1~3;Not Placed
22~24;Female;BCA~MCA;CSE~IT;5~6;0;2~3;3~4;6~9;54~85;3~6;1~2;1~3;Not Placed
22~24;Female;BCA~MCA;CSE~IT;5~6;0;3;5~6;2~5;42~51;5~8;1~2;1~3;Not Placed
22~24;Female;BCA~MCA;CSE~IT;5~6;0;3;5~6;2~5;42~51;5~8;1~2;1~3;Not Placed
22~24;Female;BCA~MCA;CSE~IT;5~6;0;3;5~6;2~5;42~51;5~8;1~2;1~3;Not Placed
22~24;Female;BCA~MCA;CSE~IT;5~6;0;3;5~6;2~5;42~51;5~8;1~2;1~3;Not Placed
22~24;Female;BCA~MCA;CSE~IT;5~6;0;3;5~6;2~5;42~51;5~8;1~2;1~3;Not Placed
22~24;Female;BCA~MCA;CSE~IT;5~6;0;3;5~6;2~5;42~51;5~8;1~2;1~3;Not Placed
22~23;Female;BCA~MCA;CSE~IT;5~6;0;3;5~6;3~5;52~86;4~7;1~2;0~3;Not Placed
22~23;Female;BCA~MCA;CSE~IT;5~6;0;3;5~6;3~5;52~86;4~7;1~2;0~3;Not Placed
22~23;Female;BCA~MCA;CSE~IT;5~6;0;3;5~6;3~5;52~86;4~7;1~2;0~3;Not Placed
22~23;Female;BCA~MCA;CSE~IT;5~6;0;3;5~6;3~5;52~86;4~7;1~2;0~3;Not Placed
22~23;Female;BCA~MCA;CSE~IT;5~6;0;3;5~6;3~5;52~86;4~7;1~2;0~3;Not Placed
22~23;Female;BCA~MCA;CSE~IT;5~6;0;3;5~6;3~5;52~86;4~7;1~2;0~3;Not Placed
22~23;Female;BCA~MCA;CSE~IT;5~6;0;3;5~6;3~5;52~86;4~7;1~2;0~3;Placed
22~24;Female;BCA~MCA;CSE~IT;5~6;0;3;5~6;6~10;50~72;3~8;1~2;0~3;Not Placed
22~24;Female;BCA~MCA;CSE~IT;5~6;0;3;5~6;6~10;50~72;3~8;1~2;0~3;Not Placed
22~24;Female;BCA~MCA;CSE~IT;5~6;0;3;5~6;6~10;50~72;3~8;1~2;0~3;Not Placed
22~24;Female;BCA~MCA;CSE~IT;5~6;0;3;5~6;6~10;50~72;3~8;1~2;0~3;Not Placed
22~24;Female;BCA~MCA;CSE~IT;5~6;0;3;5~6;6~10;50~72;3~8;1~2;0~3;Not Placed
22~24;Female;BCA~MCA;CSE~IT;5~6;0;3;5~6;6~10;50~72;3~8;1~2;0~3;Not Placed
22~24;Female;BCA~MCA;CSE~IT;5~6;0;3;5~6;6~10;50~72;3~8;1~2;0~3;Not Placed
22~24;Female;BCA~MCA;CSE~IT;5~6;0;3;5~6;6~10;50~72;3~8;1~2;0~3;Placed
22~24;Female;BCA~MCA;CSE~IT;5~6;0;3;5~6;6~10;50~72;3~8;1~2;0~3;Not Placed
22~23;Female;BCA~MCA;CSE~IT;5~6;0;4;6~7;3~5;46~65;4~7;2;0~3;Not Placed
22~23;Female;BCA~MCA;CSE~IT;5~6;0;4;6~7;3~5;46~65;4~7;2;0~3;Not Placed
22~23;Female;BCA~MCA;CSE~IT;5~6;0;4;6~7;3~5;46~65;4~7;2;0~3;Not Placed
22~23;Female;BCA~MCA;CSE~IT;5~6;0;4;6~7;3~5;46~65;4~7;2;0~3;Not Placed
22~23;Female;BCA~MCA;CSE~IT;5~6;0;4;6~7;3~5;46~65;4~7;2;0~3;Not Placed
22~23;Female;BCA~MCA;CSE~IT;5~6;0;4;6~7;3~5;46~65;4~7;2;0~3;Placed
22~23;Female;BCA~MCA;CSE~IT;5~6;0;4;6~7;3~5;46~65;4~7;2;0~3;Placed
22~23;Female;BCA~MCA;CSE~IT;5~6;0;4;6~7;3~5;46~65;4~7;2;0~3;Not Placed
22~23;Female;BCA~MCA;CSE~IT;5~6;0;4;6~7;3~5;46~65;4~7;2;0~3;Not Placed
22~24;Female;BCA~MCA;CSE~IT;6~6;0;4;6~7;3~5;67~86;4~7;2;0~3;Placed
22~24;Female;BCA~MCA;CSE~IT;6~6;0;4;6~7;3~5;67~86;4~7;2;0~3;Placed
22~24;Female;BCA~MCA;CSE~IT;6~6;0;4;6~7;3~5;67~86;4~7;2;0~3;Placed
22~24;Female;BCA~MCA;CSE~IT;6~6;0;4;6~7;3~5;67~86;4~7;2;0~3;Not Placed
22~24;Female;BCA~MCA;CSE~IT;6~6;0;4;6~7;3~5;67~86;4~7;2;0~3;Not Placed
22~24;Female;BCA~MCA;CSE~IT;6~6;0;4;6~7;3~5;67~86;4~7;2;0~3;Not Placed
22~24;Female;BCA~MCA;CSE~IT;6~6;0;4;6~7;3~5;67~86;4~7;2;0~3;Not Placed
22~24;Female;BCA~MCA;CSE~IT;6~6;0;4;6~7;3~5;67~86;4~7;2;0~3;Not Placed
22~24;Female;BCA~MCA;CSE;5~7;0;4;6~7;6~8;50~66;3~8;2;0~2;Not Placed
22~24;Female;BCA~MCA;CSE;5~7;0;4;6~7;6~8;50~66;3~8;2;0~2;Placed
22~24;Female;BCA~MCA;CSE;5~7;0;4;6~7;6~8;50~66;3~8;2;0~2;Not Placed
22~24;Female;BCA~MCA;CSE;5~7;0;4;6~7;6~8;50~66;3~8;2;0~2;Not Placed
22~24;Female;BCA~MCA;CSE;5~7;0;4;6~7;6~8;50~66;3~8;2;0~2;Not Placed
22~24;Female;BCA~MCA;CSE;5~7;0;4;6~7;6~8;50~66;3~8;2;0~2;Not Placed
22~24;Female;BCA~MCA;CSE;5~7;0;4;6~7;6~8;50~66;3~8;2;0~2;Not Placed
22~24;Female;BCA~MCA;CSE;5~7;0;4;6~7;6~8;50~66;3~8;2;0~2;Not Placed
22~24;Female;MCA;CSE~IT;6~7;0;4;6~7;6~7;69~94;2~6;2;0~1;Placed
22~24;Female;MCA;CSE~IT;6~7;0;4;6~7;6~7;69~94;2~6;2;0~1;Placed
22~24;Female;MCA;CSE~IT;6~7;0;4;6~7;6~7;69~94;2~6;2;0~1;Placed
22~24;Female;MCA;CSE~IT;6~7;0;4;6~7;6~7;69~94;2~6;2;0~1;Placed
22~24;Female;MCA;CSE~IT;6~7;0;4;6~7;6~7;69~94;2~6;2;0~1;Placed
22~24;Female;MCA;CSE~IT;6~7;0;4;6~7;6~7;69~94;2~6;2;0~1;Placed
22~24;Female;MCA;CSE~IT;6~7;0;4;6~7;6~7;69~94;2~6;2;0~1;Placed
22~24;Female;BCA~MCA;CSE~IT;5~6;0;4~5;8~10;3~5;44~68;4~7;2~3;0~3;Not Placed
22~24;Female;BCA~MCA;CSE~IT;5~6;0;4~5;8~10;3~5;44~68;4~7;2~3;0~3;Not Placed
22~24;Female;BCA~MCA;CSE~IT;5~6;0;4~5;8~10;3~5;44~68;4~7;2~3;0~3;Not Placed
22~24;Female;BCA~MCA;CSE~IT;5~6;0;4~5;8~10;3~5;44~68;4~7;2~3;0~3;Not Placed
22~24;Female;BCA~MCA;CSE~IT;5~6;0;4~5;8~10;3~5;44~68;4~7;2~3;0~3;Not Placed
22~24;Female;BCA~MCA;CSE~IT;5~6;0;4~5;8~10;3~5;44~68;4~7;2~3;0~3;Placed
22~24;Female;BCA~MCA;CSE~IT;5~6;0;4~5;8~10;3~5;44~68;4~7;2~3;0~3;Not Placed
22~24;Female;BCA~MCA;CSE~IT;5~6;0;4~5;8~10;3~5;44~68;4~7;2~3;0~3;Placed
22~24;Female;BCA~MCA;CSE~IT;5~6;0;4~5;8~10;3~5;44~68;4~7;2~3;0~3;Not Placed
22~24;Female;BCA~MCA;CSE~IT;5~6;0;4~5;8~10;6~9;51~85;4~8;2~3;0~3;Placed
22~24;Female;BCA~MCA;CSE~IT;5~6;0;4~5;8~10;6~9;51~85;4~8;2~3;0~3;Not Placed
22~24;Female;BCA~MCA;CSE~IT;5~6;0;4~5;8~10;6~9;51~85;4~8;2~3;0~3;Placed
22~24;Female;BCA~MCA;CSE~IT;5~6;0;4~5;8~10;6~9;51~85;4~8;2~3;0~3;Not Placed
22~24;Female;BCA~MCA;CSE~IT;5~6;0;4~5;8~10;6~9;51~85;4~8;2~3;0~3;Not Placed
22~24;Female;BCA~MCA;CSE~IT;5~6;0;4~5;8~10;6~9;51~85;4~8;2~3;0~3;Not Placed
22~24;Female;BCA~MCA;CSE~IT;5~6;0;4~5;8~10;6~9;51~85;4~8;2~3;0~3;Not Placed
22~24;Female;MCA;CSE~IT;4~6;1~2;3~4;5~6;4~6;37~54;3~5;1~2;0~1;Not Placed
22~24;Female;MCA;CSE~IT;4~6;1~2;3~4;5~6;4~6;37~54;3~5;1~2;0~1;Not Placed
22~24;Female;MCA;CSE~IT;4~6;1~2;3~4;5~6;4~6;37~54;3~5;1~2;0~1;Not Placed
22~24;Female;MCA;CSE~IT;4~6;1~2;3~4;5~6;4~6;37~54;3~5;1~2;0~1;Not Placed
22~24;Female;MCA;CSE~IT;4~6;1~2;3~4;5~6;4~6;37~54;3~5;1~2;0~1;Not Placed
22~24;Female;BCA~MCA;CSE~IT;5~6;1~2;3~4;5~6;4~6;45~63;3~5;1~2;2~3;Not Placed
22~24;Female;BCA~MCA;CSE~IT;5~6;1~2;3~4;5~6;4~6;45~63;3~5;1~2;2~3;Not Placed
22~24;Female;BCA~MCA;CSE~IT;5~6;1~2;3~4;5~6;4~6;45~63;3~5;1~2;2~3;Not Placed
22~24;Female;BCA~MCA;CSE~IT;5~6;1~2;3~4;5~6;4~6;45~63;3~5;1~2;2~3;Not Placed
22~24;Female;BCA~MCA;CSE~IT;5~6;1~2;3~4;5~6;4~6;45~63;3~5;1~2;2~3;Not Placed
22~24;Female;BCA~MCA;CSE~IT;4~6;1;2~4;4~6;2~4;48~56;6~8;1~2;0~3;Not Placed
22~24;Female;BCA~MCA;CSE~IT;4~6;1;2~4;4~6;2~4;48~56;6~8;1~2;0~3;Not Placed
22~24;Female;BCA~MCA;CSE~IT;4~6;1;2~4;4~6;2~4;48~56;6~8;1~2;0~3;Not Placed
22~24;Female;BCA~MCA;CSE~IT;4~6;1;2~4;4~6;2~4;48~56;6~8;1~2;0~3;Not Placed
22~24;Female;BCA~MCA;CSE~IT;4~6;1;2~4;4~6;2~4;48~56;6~8;1~2;0~3;Not Placed
24;Female;BCA~MCA;CSE~IT;4~6;1;1~3;1~6;5~6;53~57;6~7;0~2;0~2;Not Placed
24;Female;BCA~MCA;CSE~IT;4~6;1;1~3;1~6;5~6;53~57;6~7;0~2;0~2;Not Placed
24;Female;BCA~MCA;CSE~IT;4~6;1;1~3;1~6;5~6;53~57;6~7;0~2;0~2;Not Placed
24;Female;BCA~MCA;CSE~IT;4~6;1;1~3;1~6;5~6;53~57;6~7;0~2;0~2;Not Placed
24;Female;BCA~MCA;CSE~IT;4~6;1;1~3;1~6;5~6;53~57;6~7;0~2;0~2;Not Placed
22~24;Female;BCA~MCA;CSE~IT;4~6;1~2;3~4;5~6;2~6;64~84;5;2;1~3;Not Placed
22~24;Female;BCA~MCA;CSE~IT;4~6;1~2;3~4;5~6;2~6;64~84;5;2;1~3;Not Placed
22~24;Female;BCA~MCA;CSE~IT;4~6;1~2;3~4;5~6;2~6;64~84;5;2;1~3;Not Placed
22~24;Female;BCA~MCA;CSE~IT;4~6;1~2;3~4;5~6;2~6;64~84;5;2;1~3;Placed
22~24;Female;BCA~MCA;CSE~IT;4~6;1~2;3~4;5~6;2~6;64~84;5;2;1~3;Not Placed
22~24;Female;BCA~MCA;CSE~IT;6~7;1~2;3~4;5~6;5~6;68~93;3~5;2;0~2;Placed
22~24;Female;BCA~MCA;CSE~IT;6~7;1~2;3~4;5~6;5~6;68~93;3~5;2;0~2;Placed
22~24;Female;BCA~MCA;CSE~IT;6~7;1~2;3~4;5~6;5~6;68~93;3~5;2;0~2;Placed
22~24;Female;BCA~MCA;CSE~IT;6~7;1~2;3~4;5~6;5~6;68~93;3~5;2;0~2;Not Placed
22~24;Female;BCA~MCA;CSE~IT;6~7;1~2;3~4;5~6;5~6;68~93;3~5;2;0~2;Placed
22~23;Female;BCA~MCA;CSE~IT;4~6;1~2;3;4~5;3~6;66~84;6~7;1~2;0~3;Not Placed
22~23;Female;BCA~MCA;CSE~IT;4~6;1~2;3;4~5;3~6;66~84;6~7;1~2;0~3;Not Placed
22~23;Female;BCA~MCA;CSE~IT;4~6;1~2;3;4~5;3~6;66~84;6~7;1~2;0~3;Not Placed
22~23;Female;BCA~MCA;CSE~IT;4~6;1~2;3;4~5;3~6;66~84;6~7;1~2;0~3;Not Placed
22~23;Female;BCA~MCA;CSE~IT;4~6;1~2;3;4~5;3~6;66~84;6~7;1~2;0~3;Not Placed
22~24;Female;BCA~MCA;CSE~IT;6~6;1~2;4;6;1~6;65~72;7;2;0~3;Not Placed
22~24;Female;BCA~MCA;CSE~IT;6~6;1~2;4;6;1~6;65~72;7;2;0~3;Not Placed
22~24;Female;BCA~MCA;CSE~IT;6~6;1~2;4;6;1~6;65~72;7;2;0~3;Not Placed
22~24;Female;BCA~MCA;CSE~IT;6~6;1~2;4;6;1~6;65~72;7;2;0~3;Not Placed
22~24;Female;BCA~MCA;CSE~IT;6~6;1~2;4;6;1~6;65~72;7;2;0~3;Placed
22~24;Female;BCA~MCA;CSE~IT;4~6;1~2;1~4;1~6;7~10;46~57;5~7;0~2;1~3;Not Placed
22~24;Female;BCA~MCA;CSE~IT;4~6;1~2;1~4;1~6;7~10;46~57;5~7;0~2;1~3;Not Placed
22~24;Female;BCA~MCA;CSE~IT;4~6;1~2;1~4;1~6;7~10;46~57;5~7;0~2;1~3;Not Placed
22~24;Female;BCA~MCA;CSE~IT;4~6;1~2;1~4;1~6;7~10;46~57;5~7;0~2;1~3;Not Placed
22~24;Female;BCA~MCA;CSE~IT;4~6;1~2;1~4;1~6;7~10;46~57;5~7;0~2;1~3;Not Placed
22~24;Female;BCA~MCA;CSE~IT;4~6;1~2;1~4;1~6;7~10;46~57;5~7;0~2;1~3;Not Placed
22~24;Female;BCA~MCA;CSE~IT;4~6;1~2;1~4;1~6;7~10;46~57;5~7;0~2;1~3;Not Placed
22~24;Female;BCA~MCA;CSE~IT;4~6;1~2;1~4;1~6;7~10;46~57;5~7;0~2;1~3;Placed
22~24;Female;BCA~MCA;CSE~IT;6~6;1~2;3~4;5~6;7~9;58~82;3~7;1~2;0~3;Not Placed
22~24;Female;BCA~MCA;CSE~IT;6~6;1~2;3~4;5~6;7~9;58~82;3~7;1~2;0~3;Placed
22~24;Female;BCA~MCA;CSE~IT;6~6;1~2;3~4;5~6;7~9;58~82;3~7;1~2;0~3;Not Placed
22~24;Female;BCA~MCA;CSE~IT;6~6;1~2;3~4;5~6;7~9;58~82;3~7;1~2;0~3;Not Placed
22~24;Female;BCA~MCA;CSE~IT;6~6;1~2;3~4;5~6;7~9;58~82;3~7;1~2;0~3;Not Placed
22~24;Female;BCA~MCA;CSE~IT;6~6;1~2;3~4;5~6;7~9;58~82;3~7;1~2;0~3;Not Placed
22~24;Female;BCA~MCA;CSE~IT;6~6;1~2;3~4;5~6;7~9;58~82;3~7;1~2;0~3;Placed
22~24;Female;BCA~MCA;CSE~IT;6~6;1~2;3~4;5~6;7~9;58~82;3~7;1~2;0~3;Placed
22~24;Female;BCA~MCA;CSE~IT;6~6;1~2;3~4;5~6;7~9;58~82;3~7;1~2;0~3;Placed
22~24;Female;BCA~MCA;CSE~IT;4~7;1;4;7~8;3~6;47~56;4~7;2;0~2;Not Placed
22~24;Female;BCA~MCA;CSE~IT;4~7;1;4;7~8;3~6;47~56;4~7;2;0~2;Not Placed
22~24;Female;BCA~MCA;CSE~IT;4~7;1;4;7~8;3~6;47~56;4~7;2;0~2;Not Placed
22~24;Female;BCA~MCA;CSE~IT;4~7;1;4;7~8;3~6;47~56;4~7;2;0~2;Not Placed
22~24;Female;BCA~MCA;CSE~IT;4~7;1;4;7~8;3~6;47~56;4~7;2;0~2;Not Placed
22~24;Female;BCA~MCA;CSE~IT;4~7;1;4;7~8;3~6;47~56;4~7;2;0~2;Not Placed
22~24;Female;BCA~MCA;CSE~IT;4~7;1;4;7~8;3~6;47~56;4~7;2;0~2;Not Placed
22~24;Female;BCA~MCA;CSE~IT;6~6;1~2;4;7~8;4~6;57~78;5~7;2;0~3;Placed
22~24;Female;BCA~MCA;CSE~IT;6~6;1~2;4;7~8;4~6;57~78;5~7;2;0~3;Placed
22~24;Female;BCA~MCA;CSE~IT;6~6;1~2;4;7~8;4~6;57~78;5~7;2;0~3;Placed
22~24;Female;BCA~MCA;CSE~IT;6~6;1~2;4;7~8;4~6;57~78;5~7;2;0~3;Not Placed
22~24;Female;BCA~MCA;CSE~IT;6~6;1~2;4;7~8;4~6;57~78;5~7;2;0~3;Not Placed
22~24;Female;BCA~MCA;CSE~IT;6~6;1~2;4;7~8;4~6;57~78;5~7;2;0~3;Not Placed
22~24;Female;BCA~MCA;CSE~IT;6~6;1~2;4;7~8;4~6;57~78;5~7;2;0~3;Not Placed
22~24;Female;BCA~MCA;CSE~IT;5~6;1~2;4;7~8;7~10;60~82;4~7;2;0~3;Not Placed
22~24;Female;BCA~MCA;CSE~IT;5~6;1~2;4;7~8;7~10;60~82;4~7;2;0~3;Not Placed
22~24;Female;BCA~MCA;CSE~IT;5~6;1~2;4;7~8;7~10;60~82;4~7;2;0~3;Not Placed
22~24;Female;BCA~MCA;CSE~IT;5~6;1~2;4;7~8;7~10;60~82;4~7;2;0~3;Placed
22~24;Female;BCA~MCA;CSE~IT;5~6;1~2;4;7~8;7~10;60~82;4~7;2;0~3;Not Placed
22~24;Female;BCA~MCA;CSE~IT;5~6;1~2;4;7~8;7~10;60~82;4~7;2;0~3;Not Placed
22~24;Female;BCA~MCA;CSE~IT;5~6;1~2;4;7~8;7~10;60~82;4~7;2;0~3;Placed
22~24;Female;BCA~MCA;CSE~IT;5~6;1~2;4;7~8;7~10;60~82;4~7;2;0~3;Not Placed
22~24;Female;BCA~MCA;CSE~IT;5~6;1~2;4;7~8;7~10;60~82;4~7;2;0~3;Not Placed
22~24;Female;BCA~MCA;CSE~IT;5~7;1~2;5;8~10;3~8;44~90;5~7;2~3;0~3;Not Placed
22~24;Female;BCA~MCA;CSE~IT;5~7;1~2;5;8~10;3~8;44~90;5~7;2~3;0~3;Placed
22~24;Female;BCA~MCA;CSE~IT;5~7;1~2;5;8~10;3~8;44~90;5~7;2~3;0~3;Placed
22~24;Female;BCA~MCA;CSE~IT;5~7;1~2;5;8~10;3~8;44~90;5~7;2~3;0~3;Not Placed
22~24;Female;BCA~MCA;CSE~IT;5~7;1~2;5;8~10;3~8;44~90;5~7;2~3;0~3;Placed
22~24;Female;BCA~MCA;CSE~IT;5~7;1~2;5;8~10;3~8;44~90;5~7;2~3;0~3;Not Placed
22~24;Female;BCA~MCA;CSE~IT;5~7;1~2;5;8~10;3~8;44~90;5~7;2~3;0~3;Placed
22~24;Female;BCA~MCA;CSE~IT;5~7;1~2;5;8~10;3~8;44~90;5~7;2~3;0~3;Not Placed
22~24;Female;BCA~MCA;CSE~IT;7~8;0~1;3~4;3~6;4~6;60~73;3~6;1~2;0~1;Placed
22~24;Female;BCA~MCA;CSE~IT;7~8;0~1;3~4;3~6;4~6;60~73;3~6;1~2;0~1;Placed
22~24;Female;BCA~MCA;CSE~IT;7~8;0~1;3~4;3~6;4~6;60~73;3~6;1~2;0~1;Placed
22~24;Female;BCA~MCA;CSE~IT;7~8;0~1;3~4;3~6;4~6;60~73;3~6;1~2;0~1;Placed
22~24;Female;BCA~MCA;CSE~IT;7~8;0~1;3~4;3~6;4~6;60~73;3~6;1~2;0~1;Not Placed
22~24;Female;BCA~MCA;CSE~IT;7~8;0~1;3~4;3~6;4~6;60~73;3~6;1~2;0~1;Placed
22~24;Female;BCA~MCA;CSE~IT;7~8;0~1;3~4;3~6;4~6;60~73;3~6;1~2;0~1;Placed
22~24;Female;BCA~MCA;CSE~IT;7~8;0~1;3~4;3~6;4~6;60~73;3~6;1~2;0~1;Placed
22~24;Female;BCA~MCA;CSE~IT;7~7;0~1;3~4;4~6;2~6;56~74;7~8;1~2;0~1;Placed
22~24;Female;BCA~MCA;CSE~IT;7~7;0~1;3~4;4~6;2~6;56~74;7~8;1~2;0~1;Not Placed
22~24;Female;BCA~MCA;CSE~IT;7~7;0~1;3~4;4~6;2~6;56~74;7~8;1~2;0~1;Not Placed
22~24;Female;BCA~MCA;CSE~IT;7~7;0~1;3~4;4~6;2~6;56~74;7~8;1~2;0~1;Placed
22~24;Female;BCA~MCA;CSE~IT;7~7;0~1;3~4;4~6;2~6;56~74;7~8;1~2;0~1;Placed
22~24;Female;BCA~MCA;CSE~IT;7~8;0~1;3~4;2~6;4~6;75~94;3~5;1~2;0~1;Not Placed
22~24;Female;BCA~MCA;CSE~IT;7~8;0~1;3~4;2~6;4~6;75~94;3~5;1~2;0~1;Placed
22~24;Female;BCA~MCA;CSE~IT;7~8;0~1;3~4;2~6;4~6;75~94;3~5;1~2;0~1;Placed
22~24;Female;BCA~MCA;CSE~IT;7~8;0~1;3~4;2~6;4~6;75~94;3~5;1~2;0~1;Not Placed
22~24;Female;BCA~MCA;CSE~IT;7~8;0~1;3~4;2~6;4~6;75~94;3~5;1~2;0~1;Not Placed
22~24;Female;BCA~MCA;CSE~IT;7~8;0~1;3~4;2~6;4~6;75~94;3~5;1~2;0~1;Not Placed
22~24;Female;BCA~MCA;CSE~IT;7~8;0~1;3~4;2~6;4~6;75~94;3~5;1~2;0~1;Placed
22~23;Female;BCA~MCA;CSE~IT;7~8;0~1;3~4;2~6;4~6;76~100;6~8;1~2;0~2;Placed
22~23;Female;BCA~MCA;CSE~IT;7~8;0~1;3~4;2~6;4~6;76~100;6~8;1~2;0~2;Placed
22~23;Female;BCA~MCA;CSE~IT;7~8;0~1;3~4;2~6;4~6;76~100;6~8;1~2;0~2;Not Placed
22~23;Female;BCA~MCA;CSE~IT;7~8;0~1;3~4;2~6;4~6;76~100;6~8;1~2;0~2;Not Placed
22~23;Female;BCA~MCA;CSE~IT;7~8;0~1;3~4;2~6;4~6;76~100;6~8;1~2;0~2;Placed
22~23;Female;BCA~MCA;CSE~IT;7~8;0~1;3~4;2~6;4~6;76~100;6~8;1~2;0~2;Not Placed
22~23;Female;BCA~MCA;CSE~IT;7~8;0~1;3~4;2~6;4~6;76~100;6~8;1~2;0~2;Not Placed
22~24;Female;BCA~MCA;CSE~IT;7~7;0~1;3~4;4~6;7~8;62~87;4~7;1~2;0~2;Placed
22~24;Female;BCA~MCA;CSE~IT;7~7;0~1;3~4;4~6;7~8;62~87;4~7;1~2;0~2;Not Placed
22~24;Female;BCA~MCA;CSE~IT;7~7;0~1;3~4;4~6;7~8;62~87;4~7;1~2;0~2;Placed
22~24;Female;BCA~MCA;CSE~IT;7~7;0~1;3~4;4~6;7~8;62~87;4~7;1~2;0~2;Placed
22~24;Female;BCA~MCA;CSE~IT;7~7;0~1;3~4;4~6;7~8;62~87;4~7;1~2;0~2;Not Placed
22~24;Female;BCA~MCA;CSE~IT;7~7;1;4;7;3~6;54~67;5~8;2;0~2;Not Placed
22~24;Female;BCA~MCA;CSE~IT;7~7;1;4;7;3~6;54~67;5~8;2;0~2;Not Placed
22~24;Female;BCA~MCA;CSE~IT;7~7;1;4;7;3~6;54~67;5~8;2;0~2;Not Placed
22~24;Female;BCA~MCA;CSE~IT;7~7;1;4;7;3~6;54~67;5~8;2;0~2;Placed
22~24;Female;BCA~MCA;CSE~IT;7~7;1;4;7;3~6;54~67;5~8;2;0~2;Not Placed
22~24;Female;BCA~MCA;CSE~IT;7~7;1;4;7;3~6;68~94;5~6;2;0~2;Not Placed
22~24;Female;BCA~MCA;CSE~IT;7~7;1;4;7;3~6;68~94;5~6;2;0~2;Not Placed
22~24;Female;BCA~MCA;CSE~IT;7~7;1;4;7;3~6;68~94;5~6;2;0~2;Placed
22~24;Female;BCA~MCA;CSE~IT;7~7;1;4;7;3~6;68~94;5~6;2;0~2;Placed
22~24;Female;BCA~MCA;CSE~IT;7~7;1;4;7;3~6;68~94;5~6;2;0~2;Not Placed
22~24;Female;BCA~MCA;CSE~IT;7~7;1;4;7;3~6;68~94;5~6;2;0~2;Not Placed
22~24;Female;BCA~MCA;CSE~IT;7~7;1;4;7;7~8;57~84;4~7;2;0~2;Placed
22~24;Female;BCA~MCA;CSE~IT;7~7;1;4;7;7~8;57~84;4~7;2;0~2;Placed
22~24;Female;BCA~MCA;CSE~IT;7~7;1;4;7;7~8;57~84;4~7;2;0~2;Placed
22~24;Female;BCA~MCA;CSE~IT;7~7;1;4;7;7~8;57~84;4~7;2;0~2;Placed
22~24;Female;BCA~MCA;CSE~IT;7~7;1;4;7;7~8;57~84;4~7;2;0~2;Not Placed
22~24;Female;BCA~MCA;CSE~IT;7~7;1;4;7;7~8;57~84;4~7;2;0~2;Placed
22~24;Female;BCA~MCA;CSE~IT;7~7;1;4;7;7~8;57~84;4~7;2;0~2;Placed
22~24;Female;BCA~MCA;CSE~IT;7~7;1;5;8~9;4~5;54~75;3~4;2~3;0~1;Placed
22~24;Female;BCA~MCA;CSE~IT;7~7;1;5;8~9;4~5;54~75;3~4;2~3;0~1;Not Placed
22~24;Female;BCA~MCA;CSE~IT;7~7;1;5;8~9;4~5;54~75;3~4;2~3;0~1;Not Placed
22~24;Female;BCA~MCA;CSE~IT;7~7;1;5;8~9;4~5;54~75;3~4;2~3;0~1;Not Placed
22~24;Female;BCA~MCA;CSE~IT;7~7;1;5;8~9;4~5;54~75;3~4;2~3;0~1;Placed
23~24;Female;BCA~MCA;CSE~IT;7~8;1;5;7~9;3~5;61~74;6~7;2~3;0;Not Placed
23~24;Female;BCA~MCA;CSE~IT;7~8;1;5;7~9;3~5;61~74;6~7;2~3;0;Placed
23~24;Female;BCA~MCA;CSE~IT;7~8;1;5;7~9;3~5;61~74;6~7;2~3;0;Placed
23~24;Female;BCA~MCA;CSE~IT;7~8;1;5;7~9;3~5;61~74;6~7;2~3;0;Placed
23~24;Female;BCA~MCA;CSE~IT;7~8;1;5;7~9;3~5;61~74;6~7;2~3;0;Placed
22~24;Female;BCA~MCA;CSE~IT;7~8;1;5;7~9;4~5;79~97;4~5;2~3;0;Placed
22~24;Female;BCA~MCA;CSE~IT;7~8;1;5;7~9;4~5;79~97;4~5;2~3;0;Placed
22~24;Female;BCA~MCA;CSE~IT;7~8;1;5;7~9;4~5;79~97;4~5;2~3;0;Not Placed
22~24;Female;BCA~MCA;CSE~IT;7~8;1;5;7~9;4~5;79~97;4~5;2~3;0;Placed
22~24;Female;BCA~MCA;CSE~IT;7~8;1;5;7~9;4~5;79~97;4~5;2~3;0;Placed
22~24;Female;BCA~MCA;CSE~IT;7~8;1;5;8~9;3~5;83~100;6~7;3;0~2;Not Placed
22~24;Female;BCA~MCA;CSE~IT;7~8;1;5;8~9;3~5;83~100;6~7;3;0~2;Placed
22~24;Female;BCA~MCA;CSE~IT;7~8;1;5;8~9;3~5;83~100;6~7;3;0~2;Not Placed
22~24;Female;BCA~MCA;CSE~IT;7~8;1;5;8~9;3~5;83~100;6~7;3;0~2;Placed
22~24;Female;BCA~MCA;CSE~IT;7~8;1;5;8~9;3~5;83~100;6~7;3;0~2;Not Placed
22~24;Female;BCA~MCA;CSE~IT;7~8;1;5;8~9;3~5;83~100;6~7;3;0~2;Not Placed
22~24;Female;BCA~MCA;CSE~IT;7~8;1;5;8~9;6~7;57~76;4~6;2~3;0~1;Placed
22~24;Female;BCA~MCA;CSE~IT;7~8;1;5;8~9;6~7;57~76;4~6;2~3;0~1;Placed
22~24;Female;BCA~MCA;CSE~IT;7~8;1;5;8~9;6~7;57~76;4~6;2~3;0~1;Placed
22~24;Female;BCA~MCA;CSE~IT;7~8;1;5;8~9;6~7;57~76;4~6;2~3;0~1;Placed
22~24;Female;BCA~MCA;CSE~IT;7~8;1;5;8~9;6~7;57~76;4~6;2~3;0~1;Placed
22~24;Female;MCA;CSE;8~9;1;5~6;7~9;6~8;68~79;4~7;2~3;0~1;Placed
22~24;Female;MCA;CSE;8~9;1;5~6;7~9;6~8;68~79;4~7;2~3;0~1;Placed
22~24;Female;MCA;CSE;8~9;1;5~6;7~9;6~8;68~79;4~7;2~3;0~1;Placed
22~24;Female;MCA;CSE;8~9;1;5~6;7~9;6~8;68~79;4~7;2~3;0~1;Placed
22~24;Female;MCA;CSE;8~9;1;5~6;7~9;6~8;68~79;4~7;2~3;0~1;Placed
22~24;Female;BCA~MCA;CSE~IT;7~9;1;5~6;8~9;6~8;81~100;3~7;3;0~2;Placed
22~24;Female;BCA~MCA;CSE~IT;7~9;1;5~6;8~9;6~8;81~100;3~7;3;0~2;Placed
22~24;Female;BCA~MCA;CSE~IT;7~9;1;5~6;8~9;6~8;81~100;3~7;3;0~2;Placed
22~24;Female;BCA~MCA;CSE~IT;7~9;1;5~6;8~9;6~8;81~100;3~7;3;0~2;Placed
22~24;Female;BCA~MCA;CSE~IT;7~9;1;5~6;8~9;6~8;81~100;3~7;3;0~2;Placed
22~24;Female;BCA~MCA;CSE~IT;7~9;1;5~6;8~9;6~8;81~100;3~7;3;0~2;Placed
22~24;Female;BCA~MCA;CSE~IT;7~9;1;5~6;8~9;6~8;81~100;3~7;3;0~2;Placed
22~24;Female;BCA~MCA;CSE~IT;7~9;1;5~6;8~9;6~8;81~100;3~7;3;0~2;Not Placed
22~24;Female;BCA~MCA;CSE~IT;7~9;1;5~6;10;3~9;58~99;5~7;3;0~1;Not Placed
22~24;Female;BCA~MCA;CSE~IT;7~9;1;5~6;10;3~9;58~99;5~7;3;0~1;Placed
22~24;Female;BCA~MCA;CSE~IT;7~9;1;5~6;10;3~9;58~99;5~7;3;0~1;Placed
22~24;Female;BCA~MCA;CSE~IT;7~9;1;5~6;10;3~9;58~99;5~7;3;0~1;Placed
22~24;Female;BCA~MCA;CSE~IT;7~9;1;5~6;10;3~9;58~99;5~7;3;0~1;Placed
22~24;Female;BCA~MCA;CSE~IT;7~9;1;5~6;10;3~9;58~99;5~7;3;0~1;Placed
22~24;Female;BCA~MCA;CSE~IT;7~9;1;5~6;10;3~9;58~99;5~7;3;0~1;Placed
22~24;Female;BCA~MCA;CSE~IT;7~7;2~3;4~5;5~8;3~5;43~71;4~5;1~2;0~2;Not Placed
22~24;Female;BCA~MCA;CSE~IT;7~7;2~3;4~5;5~8;3~5;43~71;4~5;1~2;0~2;Not Placed
22~24;Female;BCA~MCA;CSE~IT;7~7;2~3;4~5;5~8;3~5;43~71;4~5;1~2;0~2;Placed
22~24;Female;BCA~MCA;CSE~IT;7~7;2~3;4~5;5~8;3~5;43~71;4~5;1~2;0~2;Placed
22~24;Female;BCA~MCA;CSE~IT;7~7;2~3;4~5;5~8;3~5;43~71;4~5;1~2;0~2;Not Placed
22~24;Female;BCA~MCA;CSE~IT;7~7;2~3;4~5;5~8;3~5;43~71;4~5;1~2;0~2;Not Placed
22~24;Female;BCA~MCA;CSE~IT;7~7;2~3;4~5;5~8;3~5;43~71;4~5;1~2;0~2;Placed
22~24;Female;BCA~MCA;CSE~IT;7~7;2~3;4~5;5~8;3~5;43~71;4~5;1~2;0~2;Placed
22~23;Female;BCA~MCA;CSE~IT;7~8;2~3;4~5;6~8;3~5;62~72;6~7;2;0~1;Placed
22~23;Female;BCA~MCA;CSE~IT;7~8;2~3;4~5;6~8;3~5;62~72;6~7;2;0~1;Placed
22~23;Female;BCA~MCA;CSE~IT;7~8;2~3;4~5;6~8;3~5;62~72;6~7;2;0~1;Placed
22~23;Female;BCA~MCA;CSE~IT;7~8;2~3;4~5;6~8;3~5;62~72;6~7;2;0~1;Not Placed
22~23;Female;BCA~MCA;CSE~IT;7~8;2~3;4~5;6~8;3~5;62~72;6~7;2;0~1;Not Placed
22~23;Female;BCA~MCA;CSE~IT;7~8;2~3;4~5;6~8;3~5;62~72;6~7;2;0~1;Not Placed
22~23;Female;BCA~MCA;CSE~IT;7~8;2~3;4~5;6~8;3~5;62~72;6~7;2;0~1;Placed
22~24;Female;BCA~MCA;CSE~IT;7~8;2~3;4~5;7~8;4~5;79~100;3~5;2~3;0~2;Placed
22~24;Female;BCA~MCA;CSE~IT;7~8;2~3;4~5;7~8;4~5;79~100;3~5;2~3;0~2;Not Placed
22~24;Female;BCA~MCA;CSE~IT;7~8;2~3;4~5;7~8;4~5;79~100;3~5;2~3;0~2;Not Placed
22~24;Female;BCA~MCA;CSE~IT;7~8;2~3;4~5;7~8;4~5;79~100;3~5;2~3;0~2;Placed
22~24;Female;BCA~MCA;CSE~IT;7~8;2~3;4~5;7~8;4~5;79~100;3~5;2~3;0~2;Placed
22~24;Female;BCA~MCA;CSE~IT;7~8;2~3;4~5;7~8;4~5;79~100;3~5;2~3;0~2;Placed
22~24;Female;BCA~MCA;CSE~IT;7~8;2~3;4~5;7~8;4~5;79~100;3~5;2~3;0~2;Not Placed
22~24;Female;BCA~MCA;CSE~IT;7~8;2~3;4~5;7~8;4~5;79~100;3~5;2~3;0~2;Not Placed
22~24;Female;BCA~MCA;CSE~IT;7~8;2~3;4~5;7~8;4~5;79~100;3~5;2~3;0~2;Placed
22~24;Female;BCA~MCA;CSE~IT;7~8;2~3;4~5;6~8;3~5;73~95;6~8;2~3;0~1;Placed
22~24;Female;BCA~MCA;CSE~IT;7~8;2~3;4~5;6~8;3~5;73~95;6~8;2~3;0~1;Not Placed
22~24;Female;BCA~MCA;CSE~IT;7~8;2~3;4~5;6~8;3~5;73~95;6~8;2~3;0~1;Not Placed
22~24;Female;BCA~MCA;CSE~IT;7~8;2~3;4~5;6~8;3~5;73~95;6~8;2~3;0~1;Placed
22~24;Female;BCA~MCA;CSE~IT;7~8;2~3;4~5;6~8;3~5;73~95;6~8;2~3;0~1;Not Placed
22~24;Female;BCA~MCA;CSE~IT;7~8;2~3;4~5;6~8;3~5;73~95;6~8;2~3;0~1;Placed
22~24;Female;BCA~MCA;CSE~IT;7~8;2~3;4~5;6~8;3~5;73~95;6~8;2~3;0~1;Placed
22~24;Female;BCA~MCA;CSE~IT;7~8;2~3;4~5;6~8;6~9;62~73;3~5;2;0~1;Placed
22~24;Female;BCA~MCA;CSE~IT;7~8;2~3;4~5;6~8;6~9;62~73;3~5;2;0~1;Placed
22~24;Female;BCA~MCA;CSE~IT;7~8;2~3;4~5;6~8;6~9;62~73;3~5;2;0~1;Placed
22~24;Female;BCA~MCA;CSE~IT;7~8;2~3;4~5;6~8;6~9;62~73;3~5;2;0~1;Placed
22~24;Female;BCA~MCA;CSE~IT;7~8;2~3;4~5;6~8;6~9;62~73;3~5;2;0~1;Placed
22~24;Female;BCA~MCA;CSE~IT;7~8;2~3;4~5;6~8;6~9;62~73;3~5;2;0~1;Placed
22~24;Female;BCA~MCA;CSE~IT;7~8;2~3;4~5;6~8;6~9;62~73;3~5;2;0~1;Placed
22~24;Female;BCA~MCA;CSE~IT;7~8;2~3;4~5;6~8;6~9;62~73;3~5;2;0~1;Placed
22~24;Female;BCA~MCA;CSE~IT;7~8;2~3;4~5;6~8;6~9;62~73;3~5;2;0~1;Placed
22~24;Female;BCA~MCA;CSE~IT;7~7;2~3;4~5;7~8;6~9;57~70;6~9;2;0~2;Placed
22~24;Female;BCA~MCA;CSE~IT;7~7;2~3;4~5;7~8;6~9;57~70;6~9;2;0~2;Not Placed
22~24;Female;BCA~MCA;CSE~IT;7~7;2~3;4~5;7~8;6~9;57~70;6~9;2;0~2;Placed
22~24;Female;BCA~MCA;CSE~IT;7~7;2~3;4~5;7~8;6~9;57~70;6~9;2;0~2;Placed
22~24;Female;BCA~MCA;CSE~IT;7~7;2~3;4~5;7~8;6~9;57~70;6~9;2;0~2;Placed
22~24;Female;BCA~MCA;CSE~IT;7~8;2~3;4~5;6~8;6~8;74~88;3~8;2;0~2;Placed
22~24;Female;BCA~MCA;CSE~IT;7~8;2~3;4~5;6~8;6~8;74~88;3~8;2;0~2;Placed
22~24;Female;BCA~MCA;CSE~IT;7~8;2~3;4~5;6~8;6~8;74~88;3~8;2;0~2;Placed
22~24;Female;BCA~MCA;CSE~IT;7~8;2~3;4~5;6~8;6~8;74~88;3~8;2;0~2;Not Placed
22~24;Female;BCA~MCA;CSE~IT;7~8;2~3;4~5;6~8;6~8;74~88;3~8;2;0~2;Placed
22~24;Female;BCA~MCA;CSE~IT;7~8;2~3;4~5;6~8;6~8;74~88;3~8;2;0~2;Not Placed
22~24;Female;BCA~MCA;CSE~IT;7~8;2~3;4~5;6~8;6~8;74~88;3~8;2;0~2;Placed
22~24;Female;BCA~MCA;CSE~IT;7~8;2~3;4~5;6~8;6~8;74~88;3~8;2;0~2;Placed
22~24;Female;BCA~MCA;CSE~IT;7~8;2~3;4~5;6~8;6~8;74~88;3~8;2;0~2;Placed
22~24;Female;BCA~MCA;CSE~IT;7~9;2~3;5;8;6~8;80~100;3~7;3;0~1;Placed
22~24;Female;BCA~MCA;CSE~IT;7~9;2~3;5;8;6~8;80~100;3~7;3;0~1;Placed
22~24;Female;BCA~MCA;CSE~IT;7~9;2~3;5;8;6~8;80~100;3~7;3;0~1;Placed
22~24;Female;BCA~MCA;CSE~IT;7~9;2~3;5;8;6~8;80~100;3~7;3;0~1;Placed
22~24;Female;BCA~MCA;CSE~IT;7~9;2~3;5;8;6~8;80~100;3~7;3;0~1;Placed
22~24;Female;BCA~MCA;CSE~IT;7~9;2~3;5;8;6~8;80~100;3~7;3;0~1;Placed
22~24;Female;BCA~MCA;CSE~IT;7~7;2~3;5;9~10;3~5;57~72;4~8;3;0~2;Placed
22~24;Female;BCA~MCA;CSE~IT;7~7;2~3;5;9~10;3~5;57~72;4~8;3;0~2;Not Placed
22~24;Female;BCA~MCA;CSE~IT;7~7;2~3;5;9~10;3~5;57~72;4~8;3;0~2;Not Placed
22~24;Female;BCA~MCA;CSE~IT;7~7;2~3;5;9~10;3~5;57~72;4~8;3;0~2;Not Placed
22~24;Female;BCA~MCA;CSE~IT;7~7;2~3;5;9~10;3~5;57~72;4~8;3;0~2;Not Placed
22~24;Female;BCA~MCA;CSE~IT;7~8;2~3;5;9~10;4~5;78~94;5~9;3;0~1;Not Placed
22~24;Female;BCA~MCA;CSE~IT;7~8;2~3;5;9~10;4~5;78~94;5~9;3;0~1;Placed
22~24;Female;BCA~MCA;CSE~IT;7~8;2~3;5;9~10;4~5;78~94;5~9;3;0~1;Placed
22~24;Female;BCA~MCA;CSE~IT;7~8;2~3;5;9~10;4~5;78~94;5~9;3;0~1;Placed
22~24;Female;BCA~MCA;CSE~IT;7~8;2~3;5;9~10;4~5;78~94;5~9;3;0~1;Placed
22~24;Female;BCA~MCA;CSE~IT;7~8;2~3;5;9~10;4~5;78~94;5~9;3;0~1;Placed
22~24;Female;BCA~MCA;CSE~IT;7~8;2~3;5;9~10;6~10;62~89;4~8;3;0;Placed
22~24;Female;BCA~MCA;CSE~IT;7~8;2~3;5;9~10;6~10;62~89;4~8;3;0;Placed
22~24;Female;BCA~MCA;CSE~IT;7~8;2~3;5;9~10;6~10;62~89;4~8;3;0;Placed
22~24;Female;BCA~MCA;CSE~IT;7~8;2~3;5;9~10;6~10;62~89;4~8;3;0;Placed
22~24;Female;BCA~MCA;CSE~IT;7~8;2~3;5;9~10;6~10;62~89;4~8;3;0;Placed
22~24;Female;BCA~MCA;CSE~IT;7~8;2~3;5;9~10;6~10;62~89;4~8;3;0;Placed
22~24;Female;BCA~MCA;CSE~IT;7~8;2~3;5;9~10;6~10;62~89;4~8;3;0;Placed
22~24;Female;BCA~MCA;CSE~IT;8~9;2~3;6;10;3~4;73~100;5~8;3;0;Not Placed
22~24;Female;BCA~MCA;CSE~IT;8~9;2~3;6;10;3~4;73~100;5~8;3;0;Not Placed
22~24;Female;BCA~MCA;CSE~IT;8~9;2~3;6;10;3~4;73~100;5~8;3;0;Not Placed
22~24;Female;BCA~MCA;CSE~IT;8~9;2~3;6;10;3~4;73~100;5~8;3;0;Not Placed
22~24;Female;BCA~MCA;CSE~IT;8~9;2~3;6;10;3~4;73~100;5~8;3;0;Not Placed
22~23;Female;BCA~MCA;CSE~IT;8~8;2;6;10;5~10;67~92;6~8;3;0;Placed
22~23;Female;BCA~MCA;CSE~IT;8~8;2;6;10;5~10;67~92;6~8;3;0;Placed
22~23;Female;BCA~MCA;CSE~IT;8~8;2;6;10;5~10;67~92;6~8;3;0;Placed
22~23;Female;BCA~MCA;CSE~IT;8~8;2;6;10;5~10;67~92;6~8;3;0;Placed
22~23;Female;BCA~MCA;CSE~IT;8~8;2;6;10;5~10;67~92;6~8;3;0;Placed
