Age;Gender;School_Grade;Daily_Usage_Hours;Sleep_Hours;Academic_Performance;Social_Interactions;Exercise_Hours;Anxiety_Level;Depression_Level;Self_Esteem;Parental_Control;Screen_Time_Before_Bed;Phone_Checks_Per_Day;Apps_Used_Daily;Time_on_Social_Media;Time_on_Gaming;Time_on_Education;Phone_Usage_Purpose;Family_Communication;Weekend_Usage_Hours;Addiction_Level
13~16;Female~Other;7~9;2~4;3~6;51~75;1~6;0~1;1~5;4~6;2~9;0~1;0~1;30~145;7~20;1~3;1~3;0~2;Browsing~Education~Social Media~Gaming~Other;4~10;3~10;10.0
13~16;Female~Other;7~9;2~4;3~6;51~75;1~6;0~1;1~5;4~6;2~9;0~1;0~1;30~145;7~20;1~3;1~3;0~2;Browsing~Education~Social Media~Gaming~Other;4~10;3~10;10.0
13~16;Female~Other;7~9;2~4;3~6;51~75;1~6;0~1;1~5;4~6;2~9;0~1;0~1;30~145;7~20;1~3;1~3;0~2;Browsing~Education~Social Media~Gaming~Other;4~10;3~10;5.4
13~16;Female~Other;7~9;2~4;3~6;51~75;1~6;0~1;1~5;4~6;2~9;0~1;0~1;30~145;7~20;1~3;1~3;0~2;Browsing~Education~Social Media~Gaming~Other;4~10;3~10;8.8
13~16;Female~Other;7~9;2~4;3~6;51~75;1~6;0~1;1~5;4~6;2~9;0~1;0~1;30~145;7~20;1~3;1~3;0~2;Browsing~Education~Social Media~Gaming~Other;4~10;3~10;9.0
13~16;Female~Other;7~9;2~4;3~6;51~75;1~6;0~1;1~5;4~6;2~9;0~1;0~1;30~145;7~20;1~3;1~3;0~2;Browsing~Education~Social Media~Gaming~Other;4~10;3~10;8.5
13~15;Female~Other;7~9;0~4;3~6;51~76;0~6;0~1;1~5;7~10;1~7;0~1;0~1;25~111;5~19;0~3;0~1;0~1;Browsing~Education~Social Media~Gaming~Other;1~9;1~9;5.7
13~15;Female~Other;7~9;0~4;3~6;51~76;0~6;0~1;1~5;7~10;1~7;0~1;0~1;25~111;5~19;0~3;0~1;0~1;Browsing~Education~Social Media~Gaming~Other;1~9;1~9;5.2
13~15;Female~Other;7~9;0~4;3~6;51~76;0~6;0~1;1~5;7~10;1~7;0~1;0~1;25~111;5~19;0~3;0~1;0~1;Browsing~Education~Social Media~Gaming~Other;1~9;1~9;5.4
13~15;Female~Other;7~9;0~4;3~6;51~76;0~6;0~1;1~5;7~10;1~7;0~1;0~1;25~111;5~19;0~3;0~1;0~1;Browsing~Education~Social Media~Gaming~Other;1~9;1~9;7.4
13~15;Female~Other;7~9;0~4;3~6;51~76;0~6;0~1;1~5;7~10;1~7;0~1;0~1;25~111;5~19;0~3;0~1;0~1;Browsing~Education~Social Media~Gaming~Other;1~9;1~9;8.9
13~15;Female~Other;7~9;0~4;3~6;51~76;0~6;0~1;1~5;7~10;1~7;0~1;0~1;25~111;5~19;0~3;0~1;0~1;Browsing~Education~Social Media~Gaming~Other;1~9;1~9;8.0
13~15;Female~Other;7~9;0~4;3~6;51~76;0~6;0~1;1~5;7~10;1~7;0~1;0~1;25~111;5~19;0~3;0~1;0~1;Browsing~Education~Social Media~Gaming~Other;1~9;1~9;8.2
14~16;Female~Other;7~9;1~4;4~6;50~76;0~6;0~1;6~9;1~7;1~10;0~1;0~1;47~143;6~19;1~3;0~2;0~2;Education~Social Media~Gaming~Other;1~10;3~8;10.0
14~16;Female~Other;7~9;1~4;4~6;50~76;0~6;0~1;6~9;1~7;1~10;0~1;0~1;47~143;6~19;1~3;0~2;0~2;Education~Social Media~Gaming~Other;1~10;3~8;10.0
14~16;Female~Other;7~9;1~4;4~6;50~76;0~6;0~1;6~9;1~7;1~10;0~1;0~1;47~143;6~19;1~3;0~2;0~2;Education~Social Media~Gaming~Other;1~10;3~8;9.6
14~16;Female~Other;7~9;1~4;4~6;50~76;0~6;0~1;6~9;1~7;1~10;0~1;0~1;47~143;6~19;1~3;0~2;0~2;Education~Social Media~Gaming~Other;1~10;3~8;7.5
14~16;Female~Other;7~9;1~4;4~6;50~76;0~6;0~1;6~9;1~7;1~10;0~1;0~1;47~143;6~19;1~3;0~2;0~2;Education~Social Media~Gaming~Other;1~10;3~8;7.1
14~16;Female~Other;7~9;1~4;4~6;50~76;0~6;0~1;6~9;1~7;1~10;0~1;0~1;47~143;6~19;1~3;0~2;0~2;Education~Social Media~Gaming~Other;1~10;3~8;8.5
14~16;Female~Other;7~9;1~4;4~6;50~76;0~6;0~1;6~9;1~7;1~10;0~1;0~1;47~143;6~19;1~3;0~2;0~2;Education~Social Media~Gaming~Other;1~10;3~8;10.0
13~16;Female~Other;7~8;2~4;4~6;59~70;0~5;0~1;6~10;8~10;1~10;0~1;0~1;39~150;5~20;1~2;0~2;0~2;Social Media~Gaming;4~9;5~7;9.2
13~16;Female~Other;7~8;2~4;4~6;59~70;0~5;0~1;6~10;8~10;1~10;0~1;0~1;39~150;5~20;1~2;0~2;0~2;Social Media~Gaming;4~9;5~7;7.5
13~16;Female~Other;7~8;2~4;4~6;59~70;0~5;0~1;6~10;8~10;1~10;0~1;0~1;39~150;5~20;1~2;0~2;0~2;Social Media~Gaming;4~9;5~7;10.0
13~16;Female~Other;7~8;2~4;4~6;59~70;0~5;0~1;6~10;8~10;1~10;0~1;0~1;39~150;5~20;1~2;0~2;0~2;Social Media~Gaming;4~9;5~7;8.6
13~16;Female~Other;7~8;2~4;4~6;59~70;0~5;0~1;6~10;8~10;1~10;0~1;0~1;39~150;5~20;1~2;0~2;0~2;Social Media~Gaming;4~9;5~7;6.4
13~16;Female~Other;7~8;2~4;4~6;59~70;0~5;0~1;6~10;8~10;1~10;0~1;0~1;39~150;5~20;1~2;0~2;0~2;Social Media~Gaming;4~9;5~7;9.4
13~16;Female~Other;7~9;2~4;3~6;51~76;2~6;1~1;2~5;1~6;1~8;0~1;0~1;39~144;5~20;0~4;0~2;0~1;Education~Social Media~Gaming~Other;1~10;1~7;8.2
13~16;Female~Other;7~9;2~4;3~6;51~76;2~6;1~1;2~5;1~6;1~8;0~1;0~1;39~144;5~20;0~4;0~2;0~1;Education~Social Media~Gaming~Other;1~10;1~7;4.6
13~16;Female~Other;7~9;2~4;3~6;51~76;2~6;1~1;2~5;1~6;1~8;0~1;0~1;39~144;5~20;0~4;0~2;0~1;Education~Social Media~Gaming~Other;1~10;1~7;10.0
13~16;Female~Other;7~9;2~4;3~6;51~76;2~6;1~1;2~5;1~6;1~8;0~1;0~1;39~144;5~20;0~4;0~2;0~1;Education~Social Media~Gaming~Other;1~10;1~7;8.3
13~16;Female~Other;7~9;2~4;3~6;51~76;2~6;1~1;2~5;1~6;1~8;0~1;0~1;39~144;5~20;0~4;0~2;0~1;Education~Social Media~Gaming~Other;1~10;1~7;8.1
13~16;Female~Other;7~9;2~4;3~6;51~76;2~6;1~1;2~5;1~6;1~8;0~1;0~1;39~144;5~20;0~4;0~2;0~1;Education~Social Media~Gaming~Other;1~10;1~7;10.0
13~16;Female~Other;7~9;2~4;3~6;51~76;2~6;1~1;2~5;1~6;1~8;0~1;0~1;39~144;5~20;0~4;0~2;0~1;Education~Social Media~Gaming~Other;1~10;1~7;9.5
14~16;Female~Other;7~9;2~4;3~6;56~73;1~6;1~2;1~5;7~10;2~10;0~1;0~1;42~127;5~19;1~2;0~2;0~2;Browsing~Education~Social Media~Gaming~Other;4~9;2~7;7.7
14~16;Female~Other;7~9;2~4;3~6;56~73;1~6;1~2;1~5;7~10;2~10;0~1;0~1;42~127;5~19;1~2;0~2;0~2;Browsing~Education~Social Media~Gaming~Other;4~9;2~7;7.7
14~16;Female~Other;7~9;2~4;3~6;56~73;1~6;1~2;1~5;7~10;2~10;0~1;0~1;42~127;5~19;1~2;0~2;0~2;Browsing~Education~Social Media~Gaming~Other;4~9;2~7;10.0
14~16;Female~Other;7~9;2~4;3~6;56~73;1~6;1~2;1~5;7~10;2~10;0~1;0~1;42~127;5~19;1~2;0~2;0~2;Browsing~Education~Social Media~Gaming~Other;4~9;2~7;8.2
14~16;Female~Other;7~9;2~4;3~6;56~73;1~6;1~2;1~5;7~10;2~10;0~1;0~1;42~127;5~19;1~2;0~2;0~2;Browsing~Education~Social Media~Gaming~Other;4~9;2~7;2.8
14~16;Female~Other;7~9;2~4;3~6;56~73;1~6;1~2;1~5;7~10;2~10;0~1;0~1;42~127;5~19;1~2;0~2;0~2;Browsing~Education~Social Media~Gaming~Other;4~9;2~7;8.1
14~16;Female~Other;7~9;2~4;3~6;56~73;1~6;1~2;1~5;7~10;2~10;0~1;0~1;42~127;5~19;1~2;0~2;0~2;Browsing~Education~Social Media~Gaming~Other;4~9;2~7;9.5
14~16;Female~Other;7~9;2~5;4~6;50~76;0~6;1~3;6~10;3~10;1~10;0~1;0~1;21~136;5~20;1~3;0~2;0~2;Browsing~Education~Social Media~Gaming;1~10;4~9;10.0
14~16;Female~Other;7~9;2~5;4~6;50~76;0~6;1~3;6~10;3~10;1~10;0~1;0~1;21~136;5~20;1~3;0~2;0~2;Browsing~Education~Social Media~Gaming;1~10;4~9;10.0
14~16;Female~Other;7~9;2~5;4~6;50~76;0~6;1~3;6~10;3~10;1~10;0~1;0~1;21~136;5~20;1~3;0~2;0~2;Browsing~Education~Social Media~Gaming;1~10;4~9;7.1
14~16;Female~Other;7~9;2~5;4~6;50~76;0~6;1~3;6~10;3~10;1~10;0~1;0~1;21~136;5~20;1~3;0~2;0~2;Browsing~Education~Social Media~Gaming;1~10;4~9;7.8
14~16;Female~Other;7~9;2~5;4~6;50~76;0~6;1~3;6~10;3~10;1~10;0~1;0~1;21~136;5~20;1~3;0~2;0~2;Browsing~Education~Social Media~Gaming;1~10;4~9;9.3
14~16;Female~Other;7~9;2~5;4~6;50~76;0~6;1~3;6~10;3~10;1~10;0~1;0~1;21~136;5~20;1~3;0~2;0~2;Browsing~Education~Social Media~Gaming;1~10;4~9;10.0
14~16;Female~Other;7~9;2~5;4~6;50~76;0~6;1~3;6~10;3~10;1~10;0~1;0~1;21~136;5~20;1~3;0~2;0~2;Browsing~Education~Social Media~Gaming;1~10;4~9;8.9
14~16;Female~Other;7~9;2~5;4~6;50~76;0~6;1~3;6~10;3~10;1~10;0~1;0~1;21~136;5~20;1~3;0~2;0~2;Browsing~Education~Social Media~Gaming;1~10;4~9;7.6
14~16;Female~Other;7~9;2~5;4~6;50~76;0~6;1~3;6~10;3~10;1~10;0~1;0~1;21~136;5~20;1~3;0~2;0~2;Browsing~Education~Social Media~Gaming;1~10;4~9;10.0
13~16;Female~Other;7~9;0~5;4~6;51~68;7~10;0~1;1~5;2~9;1~9;0~1;0~1;43~140;6~19;1~3;0~2;0~1;Browsing~Education~Social Media~Gaming~Other;1~8;2~9;7.8
13~16;Female~Other;7~9;0~5;4~6;51~68;7~10;0~1;1~5;2~9;1~9;0~1;0~1;43~140;6~19;1~3;0~2;0~1;Browsing~Education~Social Media~Gaming~Other;1~8;2~9;8.0
13~16;Female~Other;7~9;0~5;4~6;51~68;7~10;0~1;1~5;2~9;1~9;0~1;0~1;43~140;6~19;1~3;0~2;0~1;Browsing~Education~Social Media~Gaming~Other;1~8;2~9;5.0
13~16;Female~Other;7~9;0~5;4~6;51~68;7~10;0~1;1~5;2~9;1~9;0~1;0~1;43~140;6~19;1~3;0~2;0~1;Browsing~Education~Social Media~Gaming~Other;1~8;2~9;7.1
13~16;Female~Other;7~9;0~5;4~6;51~68;7~10;0~1;1~5;2~9;1~9;0~1;0~1;43~140;6~19;1~3;0~2;0~1;Browsing~Education~Social Media~Gaming~Other;1~8;2~9;9.6
13~16;Female~Other;7~9;0~5;4~6;51~68;7~10;0~1;1~5;2~9;1~9;0~1;0~1;43~140;6~19;1~3;0~2;0~1;Browsing~Education~Social Media~Gaming~Other;1~8;2~9;8.6
13~16;Female~Other;7~9;0~5;4~6;51~68;7~10;0~1;1~5;2~9;1~9;0~1;0~1;43~140;6~19;1~3;0~2;0~1;Browsing~Education~Social Media~Gaming~Other;1~8;2~9;10.0
13~16;Female~Other;7~9;0~5;4~6;51~68;7~10;0~1;1~5;2~9;1~9;0~1;0~1;43~140;6~19;1~3;0~2;0~1;Browsing~Education~Social Media~Gaming~Other;1~8;2~9;10.0
13~16;Female~Other;7~9;0~4;4~6;57~72;7~10;0~1;6~10;2~10;1~8;0~1;0~1;24~142;7~16;0~4;0~3;0~1;Browsing~Education~Social Media~Gaming~Other;3~9;4~7;8.1
13~16;Female~Other;7~9;0~4;4~6;57~72;7~10;0~1;6~10;2~10;1~8;0~1;0~1;24~142;7~16;0~4;0~3;0~1;Browsing~Education~Social Media~Gaming~Other;3~9;4~7;10.0
13~16;Female~Other;7~9;0~4;4~6;57~72;7~10;0~1;6~10;2~10;1~8;0~1;0~1;24~142;7~16;0~4;0~3;0~1;Browsing~Education~Social Media~Gaming~Other;3~9;4~7;8.6
13~16;Female~Other;7~9;0~4;4~6;57~72;7~10;0~1;6~10;2~10;1~8;0~1;0~1;24~142;7~16;0~4;0~3;0~1;Browsing~Education~Social Media~Gaming~Other;3~9;4~7;6.6
13~16;Female~Other;7~9;0~4;4~6;57~72;7~10;0~1;6~10;2~10;1~8;0~1;0~1;24~142;7~16;0~4;0~3;0~1;Browsing~Education~Social Media~Gaming~Other;3~9;4~7;10.0
13~16;Female~Other;7~9;0~4;4~6;57~72;7~10;0~1;6~10;2~10;1~8;0~1;0~1;24~142;7~16;0~4;0~3;0~1;Browsing~Education~Social Media~Gaming~Other;3~9;4~7;6.1
13~16;Female~Other;7~9;0~4;4~6;57~72;7~10;0~1;6~10;2~10;1~8;0~1;0~1;24~142;7~16;0~4;0~3;0~1;Browsing~Education~Social Media~Gaming~Other;3~9;4~7;7.1
13~16;Female~Other;7~9;0~4;4~6;57~72;7~10;0~1;6~10;2~10;1~8;0~1;0~1;24~142;7~16;0~4;0~3;0~1;Browsing~Education~Social Media~Gaming~Other;3~9;4~7;8.6
13~16;Female~Other;7~9;0~4;4~6;57~72;7~10;0~1;6~10;2~10;1~8;0~1;0~1;24~142;7~16;0~4;0~3;0~1;Browsing~Education~Social Media~Gaming~Other;3~9;4~7;8.0
13~15;Female~Other;7~9;2~5;4~6;53~75;7~10;1~3;1~6;3~10;1~10;0~1;0~1;37~145;7~18;1~3;0~2;0~1;Browsing~Education~Social Media~Gaming~Other;2~10;3~10;10.0
13~15;Female~Other;7~9;2~5;4~6;53~75;7~10;1~3;1~6;3~10;1~10;0~1;0~1;37~145;7~18;1~3;0~2;0~1;Browsing~Education~Social Media~Gaming~Other;2~10;3~10;10.0
13~15;Female~Other;7~9;2~5;4~6;53~75;7~10;1~3;1~6;3~10;1~10;0~1;0~1;37~145;7~18;1~3;0~2;0~1;Browsing~Education~Social Media~Gaming~Other;2~10;3~10;8.6
13~15;Female~Other;7~9;2~5;4~6;53~75;7~10;1~3;1~6;3~10;1~10;0~1;0~1;37~145;7~18;1~3;0~2;0~1;Browsing~Education~Social Media~Gaming~Other;2~10;3~10;5.8
13~15;Female~Other;7~9;2~5;4~6;53~75;7~10;1~3;1~6;3~10;1~10;0~1;0~1;37~145;7~18;1~3;0~2;0~1;Browsing~Education~Social Media~Gaming~Other;2~10;3~10;8.8
13~15;Female~Other;7~9;2~5;4~6;53~75;7~10;1~3;1~6;3~10;1~10;0~1;0~1;37~145;7~18;1~3;0~2;0~1;Browsing~Education~Social Media~Gaming~Other;2~10;3~10;9.4
13~15;Female~Other;7~9;2~5;4~6;53~75;7~10;1~3;1~6;3~10;1~10;0~1;0~1;37~145;7~18;1~3;0~2;0~1;Browsing~Education~Social Media~Gaming~Other;2~10;3~10;9.2
13~15;Female~Other;7~9;2~5;4~6;53~75;7~10;1~3;1~6;3~10;1~10;0~1;0~1;37~145;7~18;1~3;0~2;0~1;Browsing~Education~Social Media~Gaming~Other;2~10;3~10;8.9
13~16;Female~Other;7~9;2~4;3~5;50~74;7~10;1~2;7~10;1~10;2~10;0~1;0~1;29~127;9~18;0~4;0~3;0~2;Browsing~Education~Social Media~Gaming~Other;2~10;3~12;10.0
13~16;Female~Other;7~9;2~4;3~5;50~74;7~10;1~2;7~10;1~10;2~10;0~1;0~1;29~127;9~18;0~4;0~3;0~2;Browsing~Education~Social Media~Gaming~Other;2~10;3~12;10.0
13~16;Female~Other;7~9;2~4;3~5;50~74;7~10;1~2;7~10;1~10;2~10;0~1;0~1;29~127;9~18;0~4;0~3;0~2;Browsing~Education~Social Media~Gaming~Other;2~10;3~12;9.9
13~16;Female~Other;7~9;2~4;3~5;50~74;7~10;1~2;7~10;1~10;2~10;0~1;0~1;29~127;9~18;0~4;0~3;0~2;Browsing~Education~Social Media~Gaming~Other;2~10;3~12;10.0
13~16;Female~Other;7~9;2~4;3~5;50~74;7~10;1~2;7~10;1~10;2~10;0~1;0~1;29~127;9~18;0~4;0~3;0~2;Browsing~Education~Social Media~Gaming~Other;2~10;3~12;10.0
13~16;Female~Other;7~9;2~4;3~5;50~74;7~10;1~2;7~10;1~10;2~10;0~1;0~1;29~127;9~18;0~4;0~3;0~2;Browsing~Education~Social Media~Gaming~Other;2~10;3~12;8.6
13~16;Female~Other;7~9;2~4;3~5;50~74;7~10;1~2;7~10;1~10;2~10;0~1;0~1;29~127;9~18;0~4;0~3;0~2;Browsing~Education~Social Media~Gaming~Other;2~10;3~12;9.5
13~16;Female~Other;7~9;2~4;3~5;50~74;7~10;1~2;7~10;1~10;2~10;0~1;0~1;29~127;9~18;0~4;0~3;0~2;Browsing~Education~Social Media~Gaming~Other;2~10;3~12;10.0
13~15;Female~Other;7~9;2~4;3~6;77~99;0~4;0~1;1~4;1~4;5~10;0~1;0~1;26~143;5~15;1~3;0~1;0~2;Education~Social Media~Gaming~Other;3~9;3~8;5.1
13~15;Female~Other;7~9;2~4;3~6;77~99;0~4;0~1;1~4;1~4;5~10;0~1;0~1;26~143;5~15;1~3;0~1;0~2;Education~Social Media~Gaming~Other;3~9;3~8;10.0
13~15;Female~Other;7~9;2~4;3~6;77~99;0~4;0~1;1~4;1~4;5~10;0~1;0~1;26~143;5~15;1~3;0~1;0~2;Education~Social Media~Gaming~Other;3~9;3~8;10.0
13~15;Female~Other;7~9;2~4;3~6;77~99;0~4;0~1;1~4;1~4;5~10;0~1;0~1;26~143;5~15;1~3;0~1;0~2;Education~Social Media~Gaming~Other;3~9;3~8;6.2
13~15;Female~Other;7~9;2~4;3~6;77~99;0~4;0~1;1~4;1~4;5~10;0~1;0~1;26~143;5~15;1~3;0~1;0~2;Education~Social Media~Gaming~Other;3~9;3~8;8.1
13~15;Female~Other;7~9;2~4;3~6;77~99;0~4;0~1;1~4;1~4;5~10;0~1;0~1;26~143;5~15;1~3;0~1;0~2;Education~Social Media~Gaming~Other;3~9;3~8;6.2
14~16;Female~Other;7~9;2~4;3~6;80~100;0~3;0~1;1~4;5~10;4~10;0~1;0~1;27~131;6~18;1~2;1~2;0~2;Education~Social Media~Gaming~Other;4~9;1~9;10.0
14~16;Female~Other;7~9;2~4;3~6;80~100;0~3;0~1;1~4;5~10;4~10;0~1;0~1;27~131;6~18;1~2;1~2;0~2;Education~Social Media~Gaming~Other;4~9;1~9;8.1
14~16;Female~Other;7~9;2~4;3~6;80~100;0~3;0~1;1~4;5~10;4~10;0~1;0~1;27~131;6~18;1~2;1~2;0~2;Education~Social Media~Gaming~Other;4~9;1~9;6.6
14~16;Female~Other;7~9;2~4;3~6;80~100;0~3;0~1;1~4;5~10;4~10;0~1;0~1;27~131;6~18;1~2;1~2;0~2;Education~Social Media~Gaming~Other;4~9;1~9;8.6
14~16;Female~Other;7~9;2~4;3~6;80~100;0~3;0~1;1~4;5~10;4~10;0~1;0~1;27~131;6~18;1~2;1~2;0~2;Education~Social Media~Gaming~Other;4~9;1~9;10.0
13~16;Female~Other;8~9;3~3;4~6;91~100;0~4;0~1;7~10;1~4;2~10;0~1;0~1;21~123;6~15;1~3;1~2;0~2;Browsing~Education~Social Media~Gaming~Other;5~9;2~7;6.1
13~16;Female~Other;8~9;3~3;4~6;91~100;0~4;0~1;7~10;1~4;2~10;0~1;0~1;21~123;6~15;1~3;1~2;0~2;Browsing~Education~Social Media~Gaming~Other;5~9;2~7;7.8
13~16;Female~Other;8~9;3~3;4~6;91~100;0~4;0~1;7~10;1~4;2~10;0~1;0~1;21~123;6~15;1~3;1~2;0~2;Browsing~Education~Social Media~Gaming~Other;5~9;2~7;10.0
13~16;Female~Other;8~9;3~3;4~6;91~100;0~4;0~1;7~10;1~4;2~10;0~1;0~1;21~123;6~15;1~3;1~2;0~2;Browsing~Education~Social Media~Gaming~Other;5~9;2~7;7.3
13~16;Female~Other;8~9;3~3;4~6;91~100;0~4;0~1;7~10;1~4;2~10;0~1;0~1;21~123;6~15;1~3;1~2;0~2;Browsing~Education~Social Media~Gaming~Other;5~9;2~7;10.0
13~16;Female~Other;8~9;3~3;4~6;91~100;0~4;0~1;7~10;1~4;2~10;0~1;0~1;21~123;6~15;1~3;1~2;0~2;Browsing~Education~Social Media~Gaming~Other;5~9;2~7;9.3
13~16;Female~Other;7~9;2~4;3~6;84~98;0~4;0~1;5~10;5~9;2~9;1;0~1;45~142;5~20;2~3;0~2;0~1;Browsing~Education~Social Media~Gaming~Other;1~8;2~8;8.3
13~16;Female~Other;7~9;2~4;3~6;84~98;0~4;0~1;5~10;5~9;2~9;1;0~1;45~142;5~20;2~3;0~2;0~1;Browsing~Education~Social Media~Gaming~Other;1~8;2~8;4.2
13~16;Female~Other;7~9;2~4;3~6;84~98;0~4;0~1;5~10;5~9;2~9;1;0~1;45~142;5~20;2~3;0~2;0~1;Browsing~Education~Social Media~Gaming~Other;1~8;2~8;10.0
13~16;Female~Other;7~9;2~4;3~6;84~98;0~4;0~1;5~10;5~9;2~9;1;0~1;45~142;5~20;2~3;0~2;0~1;Browsing~Education~Social Media~Gaming~Other;1~8;2~8;8.7
13~16;Female~Other;7~9;2~4;3~6;84~98;0~4;0~1;5~10;5~9;2~9;1;0~1;45~142;5~20;2~3;0~2;0~1;Browsing~Education~Social Media~Gaming~Other;1~8;2~8;6.8
13~16;Female~Other;7~9;2~4;3~6;84~98;0~4;0~1;5~10;5~9;2~9;1;0~1;45~142;5~20;2~3;0~2;0~1;Browsing~Education~Social Media~Gaming~Other;1~8;2~8;10.0
13~16;Female~Other;7~9;2~4;3~6;79~96;0~4;1~2;1~6;1~8;1~9;0~1;0~1;22~110;6~20;1~4;1~2;0~1;Browsing~Education~Social Media~Gaming~Other;1~10;1~9;8.7
13~16;Female~Other;7~9;2~4;3~6;79~96;0~4;1~2;1~6;1~8;1~9;0~1;0~1;22~110;6~20;1~4;1~2;0~1;Browsing~Education~Social Media~Gaming~Other;1~10;1~9;9.0
13~16;Female~Other;7~9;2~4;3~6;79~96;0~4;1~2;1~6;1~8;1~9;0~1;0~1;22~110;6~20;1~4;1~2;0~1;Browsing~Education~Social Media~Gaming~Other;1~10;1~9;10.0
13~16;Female~Other;7~9;2~4;3~6;79~96;0~4;1~2;1~6;1~8;1~9;0~1;0~1;22~110;6~20;1~4;1~2;0~1;Browsing~Education~Social Media~Gaming~Other;1~10;1~9;7.7
13~16;Female~Other;7~9;2~4;3~6;79~96;0~4;1~2;1~6;1~8;1~9;0~1;0~1;22~110;6~20;1~4;1~2;0~1;Browsing~Education~Social Media~Gaming~Other;1~10;1~9;8.1
13~16;Female~Other;7~9;2~4;3~6;79~96;0~4;1~2;1~6;1~8;1~9;0~1;0~1;22~110;6~20;1~4;1~2;0~1;Browsing~Education~Social Media~Gaming~Other;1~10;1~9;10.0
13~16;Female~Other;7~9;2~4;3~6;79~96;0~4;1~2;1~6;1~8;1~9;0~1;0~1;22~110;6~20;1~4;1~2;0~1;Browsing~Education~Social Media~Gaming~Other;1~10;1~9;9.3
13~16;Female~Other;7~9;2~4;3~6;79~96;0~4;1~2;1~6;1~8;1~9;0~1;0~1;22~110;6~20;1~4;1~2;0~1;Browsing~Education~Social Media~Gaming~Other;1~10;1~9;7.4
13~16;Female~Other;7~9;2~4;3~6;79~96;0~4;1~2;1~6;1~8;1~9;0~1;0~1;22~110;6~20;1~4;1~2;0~1;Browsing~Education~Social Media~Gaming~Other;1~10;1~9;10.0
13~16;Female~Other;7~9;1~4;4~6;77~98;1~3;1~1;8~10;6~9;1~10;0~1;0~0;21~104;6~17;2~4;0~1;0~1;Social Media~Gaming~Other;4~8;3~8;6.4
13~16;Female~Other;7~9;1~4;4~6;77~98;1~3;1~1;8~10;6~9;1~10;0~1;0~0;21~104;6~17;2~4;0~1;0~1;Social Media~Gaming~Other;4~8;3~8;10.0
13~16;Female~Other;7~9;1~4;4~6;77~98;1~3;1~1;8~10;6~9;1~10;0~1;0~0;21~104;6~17;2~4;0~1;0~1;Social Media~Gaming~Other;4~8;3~8;3.2
13~16;Female~Other;7~9;1~4;4~6;77~98;1~3;1~1;8~10;6~9;1~10;0~1;0~0;21~104;6~17;2~4;0~1;0~1;Social Media~Gaming~Other;4~8;3~8;10.0
13~16;Female~Other;7~9;1~4;4~6;77~98;1~3;1~1;8~10;6~9;1~10;0~1;0~0;21~104;6~17;2~4;0~1;0~1;Social Media~Gaming~Other;4~8;3~8;10.0
13~16;Female~Other;7~9;3~4;5~6;82~97;0~4;1~3;7~10;1~9;4~9;0;0~1;43~119;9~14;1~2;0~2;0~2;Education~Social Media~Gaming;3~9;1~7;9.0
13~16;Female~Other;7~9;3~4;5~6;82~97;0~4;1~3;7~10;1~9;4~9;0;0~1;43~119;9~14;1~2;0~2;0~2;Education~Social Media~Gaming;3~9;1~7;10.0
13~16;Female~Other;7~9;3~4;5~6;82~97;0~4;1~3;7~10;1~9;4~9;0;0~1;43~119;9~14;1~2;0~2;0~2;Education~Social Media~Gaming;3~9;1~7;7.1
13~16;Female~Other;7~9;3~4;5~6;82~97;0~4;1~3;7~10;1~9;4~9;0;0~1;43~119;9~14;1~2;0~2;0~2;Education~Social Media~Gaming;3~9;1~7;7.9
13~16;Female~Other;7~9;3~4;5~6;82~97;0~4;1~3;7~10;1~9;4~9;0;0~1;43~119;9~14;1~2;0~2;0~2;Education~Social Media~Gaming;3~9;1~7;7.6
13~16;Female~Other;7~9;1~4;3~6;81~98;5~8;0~1;2~7;1~3;3~9;0~1;0~1;26~121;8~16;2~4;0~2;0~1;Education~Social Media~Gaming~Other;1~6;3~6;10.0
13~16;Female~Other;7~9;1~4;3~6;81~98;5~8;0~1;2~7;1~3;3~9;0~1;0~1;26~121;8~16;2~4;0~2;0~1;Education~Social Media~Gaming~Other;1~6;3~6;8.2
13~16;Female~Other;7~9;1~4;3~6;81~98;5~8;0~1;2~7;1~3;3~9;0~1;0~1;26~121;8~16;2~4;0~2;0~1;Education~Social Media~Gaming~Other;1~6;3~6;5.6
13~16;Female~Other;7~9;1~4;3~6;81~98;5~8;0~1;2~7;1~3;3~9;0~1;0~1;26~121;8~16;2~4;0~2;0~1;Education~Social Media~Gaming~Other;1~6;3~6;10.0
13~16;Female~Other;7~9;1~4;3~6;81~98;5~8;0~1;2~7;1~3;3~9;0~1;0~1;26~121;8~16;2~4;0~2;0~1;Education~Social Media~Gaming~Other;1~6;3~6;10.0
13~15;Female~Other;7~9;2~4;4~6;79~99;5~10;0~0;2~7;4~10;6~10;0~1;0~1;31~119;6~11;1~4;0~2;0~1;Browsing~Education~Social Media~Gaming;1~10;3~6;7.6
13~15;Female~Other;7~9;2~4;4~6;79~99;5~10;0~0;2~7;4~10;6~10;0~1;0~1;31~119;6~11;1~4;0~2;0~1;Browsing~Education~Social Media~Gaming;1~10;3~6;9.1
13~15;Female~Other;7~9;2~4;4~6;79~99;5~10;0~0;2~7;4~10;6~10;0~1;0~1;31~119;6~11;1~4;0~2;0~1;Browsing~Education~Social Media~Gaming;1~10;3~6;8.0
13~15;Female~Other;7~9;2~4;4~6;79~99;5~10;0~0;2~7;4~10;6~10;0~1;0~1;31~119;6~11;1~4;0~2;0~1;Browsing~Education~Social Media~Gaming;1~10;3~6;9.6
13~15;Female~Other;7~9;2~4;4~6;79~99;5~10;0~0;2~7;4~10;6~10;0~1;0~1;31~119;6~11;1~4;0~2;0~1;Browsing~Education~Social Media~Gaming;1~10;3~6;7.4
13~16;Female~Other;7~9;4~4;3~6;78~100;5~10;0~1;8~10;1~4;2~9;0~1;0~1;31~102;5~19;0~3;1~3;0~1;Browsing~Education~Social Media~Gaming~Other;3~10;4~10;10.0
13~16;Female~Other;7~9;4~4;3~6;78~100;5~10;0~1;8~10;1~4;2~9;0~1;0~1;31~102;5~19;0~3;1~3;0~1;Browsing~Education~Social Media~Gaming~Other;3~10;4~10;9.5
13~16;Female~Other;7~9;4~4;3~6;78~100;5~10;0~1;8~10;1~4;2~9;0~1;0~1;31~102;5~19;0~3;1~3;0~1;Browsing~Education~Social Media~Gaming~Other;3~10;4~10;7.4
13~16;Female~Other;7~9;4~4;3~6;78~100;5~10;0~1;8~10;1~4;2~9;0~1;0~1;31~102;5~19;0~3;1~3;0~1;Browsing~Education~Social Media~Gaming~Other;3~10;4~10;10.0
13~16;Female~Other;7~9;4~4;3~6;78~100;5~10;0~1;8~10;1~4;2~9;0~1;0~1;31~102;5~19;0~3;1~3;0~1;Browsing~Education~Social Media~Gaming~Other;3~10;4~10;9.5
14~16;Female~Other;7~9;2~4;5~6;79~98;5~10;0~0;8~10;7~10;1~10;0~1;0~2;22~132;8~18;1~4;0~2;0~1;Browsing~Education~Social Media~Gaming~Other;2~9;3~8;10.0
14~16;Female~Other;7~9;2~4;5~6;79~98;5~10;0~0;8~10;7~10;1~10;0~1;0~2;22~132;8~18;1~4;0~2;0~1;Browsing~Education~Social Media~Gaming~Other;2~9;3~8;10.0
14~16;Female~Other;7~9;2~4;5~6;79~98;5~10;0~0;8~10;7~10;1~10;0~1;0~2;22~132;8~18;1~4;0~2;0~1;Browsing~Education~Social Media~Gaming~Other;2~9;3~8;10.0
14~16;Female~Other;7~9;2~4;5~6;79~98;5~10;0~0;8~10;7~10;1~10;0~1;0~2;22~132;8~18;1~4;0~2;0~1;Browsing~Education~Social Media~Gaming~Other;2~9;3~8;6.5
14~16;Female~Other;7~9;2~4;5~6;79~98;5~10;0~0;8~10;7~10;1~10;0~1;0~2;22~132;8~18;1~4;0~2;0~1;Browsing~Education~Social Media~Gaming~Other;2~9;3~8;7.2
14~16;Female~Other;7~9;2~4;5~6;79~98;5~10;0~0;8~10;7~10;1~10;0~1;0~2;22~132;8~18;1~4;0~2;0~1;Browsing~Education~Social Media~Gaming~Other;2~9;3~8;8.4
13~16;Other;7~8;0~4;4~6;79~92;5~9;1~2;2~4;1~5;1~8;0~1;0~1;37~144;8~20;0~3;0~2;0~1;Education~Social Media~Gaming~Other;1~8;3~7;9.6
13~16;Other;7~8;0~4;4~6;79~92;5~9;1~2;2~4;1~5;1~8;0~1;0~1;37~144;8~20;0~3;0~2;0~1;Education~Social Media~Gaming~Other;1~8;3~7;3.9
13~16;Other;7~8;0~4;4~6;79~92;5~9;1~2;2~4;1~5;1~8;0~1;0~1;37~144;8~20;0~3;0~2;0~1;Education~Social Media~Gaming~Other;1~8;3~7;9.1
13~16;Other;7~8;0~4;4~6;79~92;5~9;1~2;2~4;1~5;1~8;0~1;0~1;37~144;8~20;0~3;0~2;0~1;Education~Social Media~Gaming~Other;1~8;3~7;8.2
13~16;Other;7~8;0~4;4~6;79~92;5~9;1~2;2~4;1~5;1~8;0~1;0~1;37~144;8~20;0~3;0~2;0~1;Education~Social Media~Gaming~Other;1~8;3~7;10.0
13~16;Female~Other;7~9;1~4;3~5;83~100;5~10;1~2;1~4;6~10;1~10;0~1;0~1;60~144;12~19;1~3;0~2;0~2;Browsing~Education~Social Media~Gaming~Other;1~9;1~8;9.7
13~16;Female~Other;7~9;1~4;3~5;83~100;5~10;1~2;1~4;6~10;1~10;0~1;0~1;60~144;12~19;1~3;0~2;0~2;Browsing~Education~Social Media~Gaming~Other;1~9;1~8;7.1
13~16;Female~Other;7~9;1~4;3~5;83~100;5~10;1~2;1~4;6~10;1~10;0~1;0~1;60~144;12~19;1~3;0~2;0~2;Browsing~Education~Social Media~Gaming~Other;1~9;1~8;10.0
13~16;Female~Other;7~9;1~4;3~5;83~100;5~10;1~2;1~4;6~10;1~10;0~1;0~1;60~144;12~19;1~3;0~2;0~2;Browsing~Education~Social Media~Gaming~Other;1~9;1~8;8.6
13~16;Female~Other;7~9;1~4;3~5;83~100;5~10;1~2;1~4;6~10;1~10;0~1;0~1;60~144;12~19;1~3;0~2;0~2;Browsing~Education~Social Media~Gaming~Other;1~9;1~8;10.0
13~16;Female~Other;7~9;1~4;3~5;83~100;5~10;1~2;1~4;6~10;1~10;0~1;0~1;60~144;12~19;1~3;0~2;0~2;Browsing~Education~Social Media~Gaming~Other;1~9;1~8;8.1
13~16;Female~Other;7~9;0~5;4~6;78~97;5~8;1~3;5~10;1~10;1~10;0~1;0~1;22~149;7~20;1~3;0~2;0~2;Browsing~Education~Social Media;1~9;3~8;7.9
13~16;Female~Other;7~9;0~5;4~6;78~97;5~8;1~3;5~10;1~10;1~10;0~1;0~1;22~149;7~20;1~3;0~2;0~2;Browsing~Education~Social Media;1~9;3~8;9.6
13~16;Female~Other;7~9;0~5;4~6;78~97;5~8;1~3;5~10;1~10;1~10;0~1;0~1;22~149;7~20;1~3;0~2;0~2;Browsing~Education~Social Media;1~9;3~8;7.2
13~16;Female~Other;7~9;0~5;4~6;78~97;5~8;1~3;5~10;1~10;1~10;0~1;0~1;22~149;7~20;1~3;0~2;0~2;Browsing~Education~Social Media;1~9;3~8;7.7
13~16;Female~Other;7~9;0~5;4~6;78~97;5~8;1~3;5~10;1~10;1~10;0~1;0~1;22~149;7~20;1~3;0~2;0~2;Browsing~Education~Social Media;1~9;3~8;10.0
13~16;Female~Other;7~9;0~5;4~6;78~97;5~8;1~3;5~10;1~10;1~10;0~1;0~1;22~149;7~20;1~3;0~2;0~2;Browsing~Education~Social Media;1~9;3~8;8.8
13~16;Female~Other;7~9;0~5;4~6;78~97;5~8;1~3;5~10;1~10;1~10;0~1;0~1;22~149;7~20;1~3;0~2;0~2;Browsing~Education~Social Media;1~9;3~8;9.3
13~16;Female~Other;7~9;0~5;4~6;78~97;5~8;1~3;5~10;1~10;1~10;0~1;0~1;22~149;7~20;1~3;0~2;0~2;Browsing~Education~Social Media;1~9;3~8;7.2
13~16;Female~Other;7~9;1~3;7~9;50~70;0~5;0~0;1~6;1~4;2~10;0~1;0~1;29~81;5~18;2~3;0~2;0~1;Browsing~Education~Social Media~Gaming~Other;1~7;3~8;6.2
13~16;Female~Other;7~9;1~3;7~9;50~70;0~5;0~0;1~6;1~4;2~10;0~1;0~1;29~81;5~18;2~3;0~2;0~1;Browsing~Education~Social Media~Gaming~Other;1~7;3~8;9.0
13~16;Female~Other;7~9;1~3;7~9;50~70;0~5;0~0;1~6;1~4;2~10;0~1;0~1;29~81;5~18;2~3;0~2;0~1;Browsing~Education~Social Media~Gaming~Other;1~7;3~8;8.2
13~16;Female~Other;7~9;1~3;7~9;50~70;0~5;0~0;1~6;1~4;2~10;0~1;0~1;29~81;5~18;2~3;0~2;0~1;Browsing~Education~Social Media~Gaming~Other;1~7;3~8;5.6
13~16;Female~Other;7~9;1~3;7~9;50~70;0~5;0~0;1~6;1~4;2~10;0~1;0~1;29~81;5~18;2~3;0~2;0~1;Browsing~Education~Social Media~Gaming~Other;1~7;3~8;4.9
13~16;Female~Other;7~9;1~3;7~9;50~70;0~5;0~0;1~6;1~4;2~10;0~1;0~1;29~81;5~18;2~3;0~2;0~1;Browsing~Education~Social Media~Gaming~Other;1~7;3~8;4.3
13~16;Female~Other;7~9;1~5;7~8;53~72;1~5;0~0;1~6;6~9;1~10;0~1;0~2;23~126;10~20;0~3;1~2;0~2;Education~Social Media~Gaming;1~10;4~7;6.7
13~16;Female~Other;7~9;1~5;7~8;53~72;1~5;0~0;1~6;6~9;1~10;0~1;0~2;23~126;10~20;0~3;1~2;0~2;Education~Social Media~Gaming;1~10;4~7;8.2
13~16;Female~Other;7~9;1~5;7~8;53~72;1~5;0~0;1~6;6~9;1~10;0~1;0~2;23~126;10~20;0~3;1~2;0~2;Education~Social Media~Gaming;1~10;4~7;5.9
13~16;Female~Other;7~9;1~5;7~8;53~72;1~5;0~0;1~6;6~9;1~10;0~1;0~2;23~126;10~20;0~3;1~2;0~2;Education~Social Media~Gaming;1~10;4~7;10.0
13~16;Female~Other;7~9;1~5;7~8;53~72;1~5;0~0;1~6;6~9;1~10;0~1;0~2;23~126;10~20;0~3;1~2;0~2;Education~Social Media~Gaming;1~10;4~7;9.2
13~16;Female~Other;7~9;1~4;6~8;52~62;0~5;0~0;7~10;1~6;1~8;0~1;0~1;46~139;8~17;0~4;0~2;0~1;Browsing~Education~Social Media~Gaming~Other;3~10;1~10;7.4
13~16;Female~Other;7~9;1~4;6~8;52~62;0~5;0~0;7~10;1~6;1~8;0~1;0~1;46~139;8~17;0~4;0~2;0~1;Browsing~Education~Social Media~Gaming~Other;3~10;1~10;6.6
13~16;Female~Other;7~9;1~4;6~8;52~62;0~5;0~0;7~10;1~6;1~8;0~1;0~1;46~139;8~17;0~4;0~2;0~1;Browsing~Education~Social Media~Gaming~Other;3~10;1~10;7.1
13~16;Female~Other;7~9;1~4;6~8;52~62;0~5;0~0;7~10;1~6;1~8;0~1;0~1;46~139;8~17;0~4;0~2;0~1;Browsing~Education~Social Media~Gaming~Other;3~10;1~10;5.6
13~16;Female~Other;7~9;1~4;6~8;52~62;0~5;0~0;7~10;1~6;1~8;0~1;0~1;46~139;8~17;0~4;0~2;0~1;Browsing~Education~Social Media~Gaming~Other;3~10;1~10;10.0
13~16;Female~Other;7~9;1~4;6~8;52~62;0~5;0~0;7~10;1~6;1~8;0~1;0~1;46~139;8~17;0~4;0~2;0~1;Browsing~Education~Social Media~Gaming~Other;3~10;1~10;9.3
14~16;Female~Other;7~8;2~4;7~9;57~67;0~5;0~0;7~9;8~9;3~9;0~1;0~1;31~138;5~18;1~4;0~2;0~1;Education~Social Media~Gaming~Other;1~9;3~9;6.5
14~16;Female~Other;7~8;2~4;7~9;57~67;0~5;0~0;7~9;8~9;3~9;0~1;0~1;31~138;5~18;1~4;0~2;0~1;Education~Social Media~Gaming~Other;1~9;3~9;5.1
14~16;Female~Other;7~8;2~4;7~9;57~67;0~5;0~0;7~9;8~9;3~9;0~1;0~1;31~138;5~18;1~4;0~2;0~1;Education~Social Media~Gaming~Other;1~9;3~9;10.0
14~16;Female~Other;7~8;2~4;7~9;57~67;0~5;0~0;7~9;8~9;3~9;0~1;0~1;31~138;5~18;1~4;0~2;0~1;Education~Social Media~Gaming~Other;1~9;3~9;5.7
14~16;Female~Other;7~8;2~4;7~9;57~67;0~5;0~0;7~9;8~9;3~9;0~1;0~1;31~138;5~18;1~4;0~2;0~1;Education~Social Media~Gaming~Other;1~9;3~9;9.0
14~16;Female~Other;7~9;1~4;6~9;53~66;1~4;1~1;1~5;3~8;3~6;0~1;0~0;22~106;5~19;1~4;0~3;0~0;Browsing~Education~Social Media~Gaming~Other;5~6;3~6;2.6
14~16;Female~Other;7~9;1~4;6~9;53~66;1~4;1~1;1~5;3~8;3~6;0~1;0~0;22~106;5~19;1~4;0~3;0~0;Browsing~Education~Social Media~Gaming~Other;5~6;3~6;2.8
14~16;Female~Other;7~9;1~4;6~9;53~66;1~4;1~1;1~5;3~8;3~6;0~1;0~0;22~106;5~19;1~4;0~3;0~0;Browsing~Education~Social Media~Gaming~Other;5~6;3~6;8.1
14~16;Female~Other;7~9;1~4;6~9;53~66;1~4;1~1;1~5;3~8;3~6;0~1;0~0;22~106;5~19;1~4;0~3;0~0;Browsing~Education~Social Media~Gaming~Other;5~6;3~6;8.5
14~16;Female~Other;7~9;1~4;6~9;53~66;1~4;1~1;1~5;3~8;3~6;0~1;0~0;22~106;5~19;1~4;0~3;0~0;Browsing~Education~Social Media~Gaming~Other;5~6;3~6;9.5
13~16;Female~Other;7~9;0~4;6~9;56~71;0~4;0~2;1~4;1~7;1~4;0~1;1~2;30~110;6~20;0~4;0~1;0~2;Browsing~Education~Social Media~Gaming~Other;1~10;3~8;8.6
13~16;Female~Other;7~9;0~4;6~9;56~71;0~4;0~2;1~4;1~7;1~4;0~1;1~2;30~110;6~20;0~4;0~1;0~2;Browsing~Education~Social Media~Gaming~Other;1~10;3~8;10.0
13~16;Female~Other;7~9;0~4;6~9;56~71;0~4;0~2;1~4;1~7;1~4;0~1;1~2;30~110;6~20;0~4;0~1;0~2;Browsing~Education~Social Media~Gaming~Other;1~10;3~8;3.4
13~16;Female~Other;7~9;0~4;6~9;56~71;0~4;0~2;1~4;1~7;1~4;0~1;1~2;30~110;6~20;0~4;0~1;0~2;Browsing~Education~Social Media~Gaming~Other;1~10;3~8;3.5
13~16;Female~Other;7~9;0~4;6~9;56~71;0~4;0~2;1~4;1~7;1~4;0~1;1~2;30~110;6~20;0~4;0~1;0~2;Browsing~Education~Social Media~Gaming~Other;1~10;3~8;8.5
13~16;Female~Other;7~9;0~4;6~9;56~71;0~4;0~2;1~4;1~7;1~4;0~1;1~2;30~110;6~20;0~4;0~1;0~2;Browsing~Education~Social Media~Gaming~Other;1~10;3~8;7.6
13~16;Female~Other;7~9;2~4;6~9;52~72;0~5;1~2;6~9;1~3;3~9;1;0~1;85~142;13~20;2~3;0~3;0~1;Education~Social Media~Gaming;2~10;2~8;10.0
13~16;Female~Other;7~9;2~4;6~9;52~72;0~5;1~2;6~9;1~3;3~9;1;0~1;85~142;13~20;2~3;0~3;0~1;Education~Social Media~Gaming;2~10;2~8;9.7
13~16;Female~Other;7~9;2~4;6~9;52~72;0~5;1~2;6~9;1~3;3~9;1;0~1;85~142;13~20;2~3;0~3;0~1;Education~Social Media~Gaming;2~10;2~8;10.0
13~16;Female~Other;7~9;2~4;6~9;52~72;0~5;1~2;6~9;1~3;3~9;1;0~1;85~142;13~20;2~3;0~3;0~1;Education~Social Media~Gaming;2~10;2~8;10.0
13~16;Female~Other;7~9;2~4;6~9;52~72;0~5;1~2;6~9;1~3;3~9;1;0~1;85~142;13~20;2~3;0~3;0~1;Education~Social Media~Gaming;2~10;2~8;8.0
14~16;Female~Other;7~9;1~4;7~8;58~72;0~5;1~2;6~10;4~10;5~10;0~1;0~1;65~108;5~17;0~2;0~3;0~2;Browsing~Education~Social Media~Gaming~Other;2~10;0~6;6.7
14~16;Female~Other;7~9;1~4;7~8;58~72;0~5;1~2;6~10;4~10;5~10;0~1;0~1;65~108;5~17;0~2;0~3;0~2;Browsing~Education~Social Media~Gaming~Other;2~10;0~6;6.7
14~16;Female~Other;7~9;1~4;7~8;58~72;0~5;1~2;6~10;4~10;5~10;0~1;0~1;65~108;5~17;0~2;0~3;0~2;Browsing~Education~Social Media~Gaming~Other;2~10;0~6;8.4
14~16;Female~Other;7~9;1~4;7~8;58~72;0~5;1~2;6~10;4~10;5~10;0~1;0~1;65~108;5~17;0~2;0~3;0~2;Browsing~Education~Social Media~Gaming~Other;2~10;0~6;5.4
14~16;Female~Other;7~9;1~4;7~8;58~72;0~5;1~2;6~10;4~10;5~10;0~1;0~1;65~108;5~17;0~2;0~3;0~2;Browsing~Education~Social Media~Gaming~Other;2~10;0~6;8.8
14~16;Female~Other;7~9;1~4;7~8;58~72;0~5;1~2;6~10;4~10;5~10;0~1;0~1;65~108;5~17;0~2;0~3;0~2;Browsing~Education~Social Media~Gaming~Other;2~10;0~6;8.5
13~16;Female~Other;7~9;2~4;6~10;52~72;6~10;0~0;1~5;4~8;6~10;0~1;0~2;28~149;7~17;1~4;0~2;0~1;Browsing~Education~Social Media~Gaming~Other;1~8;2~8;6.1
13~16;Female~Other;7~9;2~4;6~10;52~72;6~10;0~0;1~5;4~8;6~10;0~1;0~2;28~149;7~17;1~4;0~2;0~1;Browsing~Education~Social Media~Gaming~Other;1~8;2~8;9.2
13~16;Female~Other;7~9;2~4;6~10;52~72;6~10;0~0;1~5;4~8;6~10;0~1;0~2;28~149;7~17;1~4;0~2;0~1;Browsing~Education~Social Media~Gaming~Other;1~8;2~8;6.4
13~16;Female~Other;7~9;2~4;6~10;52~72;6~10;0~0;1~5;4~8;6~10;0~1;0~2;28~149;7~17;1~4;0~2;0~1;Browsing~Education~Social Media~Gaming~Other;1~8;2~8;9.4
13~16;Female~Other;7~9;2~4;6~10;52~72;6~10;0~0;1~5;4~8;6~10;0~1;0~2;28~149;7~17;1~4;0~2;0~1;Browsing~Education~Social Media~Gaming~Other;1~8;2~8;7.8
13~16;Female~Other;7~9;2~4;6~10;52~72;6~10;0~0;1~5;4~8;6~10;0~1;0~2;28~149;7~17;1~4;0~2;0~1;Browsing~Education~Social Media~Gaming~Other;1~8;2~8;8.0
13~16;Female~Other;7~9;2~4;6~10;52~72;6~10;0~0;1~5;4~8;6~10;0~1;0~2;28~149;7~17;1~4;0~2;0~1;Browsing~Education~Social Media~Gaming~Other;1~8;2~8;9.9
13~16;Female~Other;7~9;2~4;6~10;52~72;6~10;0~0;1~5;4~8;6~10;0~1;0~2;28~149;7~17;1~4;0~2;0~1;Browsing~Education~Social Media~Gaming~Other;1~8;2~8;9.4
13~16;Female~Other;7~9;2~4;6~10;52~72;6~10;0~0;1~5;4~8;6~10;0~1;0~2;28~149;7~17;1~4;0~2;0~1;Browsing~Education~Social Media~Gaming~Other;1~8;2~8;7.5
13~15;Female~Other;7~9;3~5;6~9;56~65;7~10;0~0;6~10;3~10;3~9;0~1;0~1;22~72;14~19;1~2;1~2;1~2;Education~Social Media~Gaming~Other;1~10;5~10;9.4
13~15;Female~Other;7~9;3~5;6~9;56~65;7~10;0~0;6~10;3~10;3~9;0~1;0~1;22~72;14~19;1~2;1~2;1~2;Education~Social Media~Gaming~Other;1~10;5~10;10.0
13~15;Female~Other;7~9;3~5;6~9;56~65;7~10;0~0;6~10;3~10;3~9;0~1;0~1;22~72;14~19;1~2;1~2;1~2;Education~Social Media~Gaming~Other;1~10;5~10;7.4
13~15;Female~Other;7~9;3~5;6~9;56~65;7~10;0~0;6~10;3~10;3~9;0~1;0~1;22~72;14~19;1~2;1~2;1~2;Education~Social Media~Gaming~Other;1~10;5~10;7.8
13~15;Female~Other;7~9;3~5;6~9;56~65;7~10;0~0;6~10;3~10;3~9;0~1;0~1;22~72;14~19;1~2;1~2;1~2;Education~Social Media~Gaming~Other;1~10;5~10;8.4
15~16;Female~Other;7~9;0~4;6~8;51~71;6~9;0~0;6~10;2~10;1~10;0~1;0~2;76~147;5~14;1~3;0~2;0~1;Education~Social Media~Gaming~Other;1~8;2~11;9.1
15~16;Female~Other;7~9;0~4;6~8;51~71;6~9;0~0;6~10;2~10;1~10;0~1;0~2;76~147;5~14;1~3;0~2;0~1;Education~Social Media~Gaming~Other;1~8;2~11;7.0
15~16;Female~Other;7~9;0~4;6~8;51~71;6~9;0~0;6~10;2~10;1~10;0~1;0~2;76~147;5~14;1~3;0~2;0~1;Education~Social Media~Gaming~Other;1~8;2~11;1.4
15~16;Female~Other;7~9;0~4;6~8;51~71;6~9;0~0;6~10;2~10;1~10;0~1;0~2;76~147;5~14;1~3;0~2;0~1;Education~Social Media~Gaming~Other;1~8;2~11;4.8
15~16;Female~Other;7~9;0~4;6~8;51~71;6~9;0~0;6~10;2~10;1~10;0~1;0~2;76~147;5~14;1~3;0~2;0~1;Education~Social Media~Gaming~Other;1~8;2~11;4.7
13~16;Female~Other;7~9;3~5;6~9;50~70;6~10;1~2;1~4;1~9;2~10;0~1;0~1;33~140;6~20;0~4;0~1;0~1;Browsing~Education~Social Media~Gaming~Other;1~10;3~7;4.6
13~16;Female~Other;7~9;3~5;6~9;50~70;6~10;1~2;1~4;1~9;2~10;0~1;0~1;33~140;6~20;0~4;0~1;0~1;Browsing~Education~Social Media~Gaming~Other;1~10;3~7;10.0
13~16;Female~Other;7~9;3~5;6~9;50~70;6~10;1~2;1~4;1~9;2~10;0~1;0~1;33~140;6~20;0~4;0~1;0~1;Browsing~Education~Social Media~Gaming~Other;1~10;3~7;7.4
13~16;Female~Other;7~9;3~5;6~9;50~70;6~10;1~2;1~4;1~9;2~10;0~1;0~1;33~140;6~20;0~4;0~1;0~1;Browsing~Education~Social Media~Gaming~Other;1~10;3~7;10.0
13~16;Female~Other;7~9;3~5;6~9;50~70;6~10;1~2;1~4;1~9;2~10;0~1;0~1;33~140;6~20;0~4;0~1;0~1;Browsing~Education~Social Media~Gaming~Other;1~10;3~7;6.1
13~16;Female~Other;7~9;3~5;6~9;50~70;6~10;1~2;1~4;1~9;2~10;0~1;0~1;33~140;6~20;0~4;0~1;0~1;Browsing~Education~Social Media~Gaming~Other;1~10;3~7;9.9
13~16;Female~Other;7~9;3~5;6~9;50~70;6~10;1~2;1~4;1~9;2~10;0~1;0~1;33~140;6~20;0~4;0~1;0~1;Browsing~Education~Social Media~Gaming~Other;1~10;3~7;10.0
13~16;Female~Other;7~9;3~5;6~9;50~70;6~10;1~2;1~4;1~9;2~10;0~1;0~1;33~140;6~20;0~4;0~1;0~1;Browsing~Education~Social Media~Gaming~Other;1~10;3~7;4.3
13~16;Female~Other;7~9;2~5;6~7;51~72;6~10;1~2;5~10;1~10;1~10;0~1;0~1;26~145;8~20;0~4;0~3;0~2;Browsing~Education~Social Media~Gaming;1~9;4~10;5.0
13~16;Female~Other;7~9;2~5;6~7;51~72;6~10;1~2;5~10;1~10;1~10;0~1;0~1;26~145;8~20;0~4;0~3;0~2;Browsing~Education~Social Media~Gaming;1~9;4~10;10.0
13~16;Female~Other;7~9;2~5;6~7;51~72;6~10;1~2;5~10;1~10;1~10;0~1;0~1;26~145;8~20;0~4;0~3;0~2;Browsing~Education~Social Media~Gaming;1~9;4~10;7.5
13~16;Female~Other;7~9;2~5;6~7;51~72;6~10;1~2;5~10;1~10;1~10;0~1;0~1;26~145;8~20;0~4;0~3;0~2;Browsing~Education~Social Media~Gaming;1~9;4~10;10.0
13~16;Female~Other;7~9;2~5;6~7;51~72;6~10;1~2;5~10;1~10;1~10;0~1;0~1;26~145;8~20;0~4;0~3;0~2;Browsing~Education~Social Media~Gaming;1~9;4~10;7.4
13~16;Female~Other;7~9;2~5;6~7;51~72;6~10;1~2;5~10;1~10;1~10;0~1;0~1;26~145;8~20;0~4;0~3;0~2;Browsing~Education~Social Media~Gaming;1~9;4~10;6.1
13~16;Female~Other;7~9;2~5;6~7;51~72;6~10;1~2;5~10;1~10;1~10;0~1;0~1;26~145;8~20;0~4;0~3;0~2;Browsing~Education~Social Media~Gaming;1~9;4~10;9.8
13~16;Female~Other;7~9;2~5;6~7;51~72;6~10;1~2;5~10;1~10;1~10;0~1;0~1;26~145;8~20;0~4;0~3;0~2;Browsing~Education~Social Media~Gaming;1~9;4~10;3.1
13~16;Female~Other;7~9;2~5;6~7;51~72;6~10;1~2;5~10;1~10;1~10;0~1;0~1;26~145;8~20;0~4;0~3;0~2;Browsing~Education~Social Media~Gaming;1~9;4~10;10.0
13~16;Female~Other;7~9;2~4;6~8;77~95;0~5;0~0;1~6;2~4;2~7;0~1;0~1;40~128;6~20;1~3;0~2;0~1;Education~Social Media~Gaming~Other;2~10;5~7;7.9
13~16;Female~Other;7~9;2~4;6~8;77~95;0~5;0~0;1~6;2~4;2~7;0~1;0~1;40~128;6~20;1~3;0~2;0~1;Education~Social Media~Gaming~Other;2~10;5~7;7.0
13~16;Female~Other;7~9;2~4;6~8;77~95;0~5;0~0;1~6;2~4;2~7;0~1;0~1;40~128;6~20;1~3;0~2;0~1;Education~Social Media~Gaming~Other;2~10;5~7;4.8
13~16;Female~Other;7~9;2~4;6~8;77~95;0~5;0~0;1~6;2~4;2~7;0~1;0~1;40~128;6~20;1~3;0~2;0~1;Education~Social Media~Gaming~Other;2~10;5~7;7.4
13~16;Female~Other;7~9;2~4;6~8;77~95;0~5;0~0;1~6;2~4;2~7;0~1;0~1;40~128;6~20;1~3;0~2;0~1;Education~Social Media~Gaming~Other;2~10;5~7;6.2
13~16;Female~Other;7~9;2~4;6~8;77~95;0~5;0~0;1~6;2~4;2~7;0~1;0~1;40~128;6~20;1~3;0~2;0~1;Education~Social Media~Gaming~Other;2~10;5~7;10.0
14~16;Female~Other;7~9;2~4;6~7;74~90;1~6;0~1;1~6;5~9;2~8;0~1;0~1;20~143;6~20;2~3;0~3;0~2;Social Media~Gaming~Other;3~9;3~10;10.0
14~16;Female~Other;7~9;2~4;6~7;74~90;1~6;0~1;1~6;5~9;2~8;0~1;0~1;20~143;6~20;2~3;0~3;0~2;Social Media~Gaming~Other;3~9;3~10;9.2
14~16;Female~Other;7~9;2~4;6~7;74~90;1~6;0~1;1~6;5~9;2~8;0~1;0~1;20~143;6~20;2~3;0~3;0~2;Social Media~Gaming~Other;3~9;3~10;8.0
14~16;Female~Other;7~9;2~4;6~7;74~90;1~6;0~1;1~6;5~9;2~8;0~1;0~1;20~143;6~20;2~3;0~3;0~2;Social Media~Gaming~Other;3~9;3~10;6.5
14~16;Female~Other;7~9;2~4;6~7;74~90;1~6;0~1;1~6;5~9;2~8;0~1;0~1;20~143;6~20;2~3;0~3;0~2;Social Media~Gaming~Other;3~9;3~10;9.5
14~16;Female~Other;7~9;2~4;6~7;74~90;1~6;0~1;1~6;5~9;2~8;0~1;0~1;20~143;6~20;2~3;0~3;0~2;Social Media~Gaming~Other;3~9;3~10;9.3
14~16;Female~Other;7~9;2~4;6~7;74~90;1~6;0~1;1~6;5~9;2~8;0~1;0~1;20~143;6~20;2~3;0~3;0~2;Social Media~Gaming~Other;3~9;3~10;8.1
13~15;Female~Other;8~9;1~4;7~9;73~95;2~5;0~1;7~10;1~10;1~9;0~1;0~2;38~84;8~20;1~3;0~3;0~2;Browsing~Education~Social Media~Gaming;1~9;4~8;9.5
13~15;Female~Other;8~9;1~4;7~9;73~95;2~5;0~1;7~10;1~10;1~9;0~1;0~2;38~84;8~20;1~3;0~3;0~2;Browsing~Education~Social Media~Gaming;1~9;4~8;6.5
13~15;Female~Other;8~9;1~4;7~9;73~95;2~5;0~1;7~10;1~10;1~9;0~1;0~2;38~84;8~20;1~3;0~3;0~2;Browsing~Education~Social Media~Gaming;1~9;4~8;9.8
13~15;Female~Other;8~9;1~4;7~9;73~95;2~5;0~1;7~10;1~10;1~9;0~1;0~2;38~84;8~20;1~3;0~3;0~2;Browsing~Education~Social Media~Gaming;1~9;4~8;8.0
13~15;Female~Other;8~9;1~4;7~9;73~95;2~5;0~1;7~10;1~10;1~9;0~1;0~2;38~84;8~20;1~3;0~3;0~2;Browsing~Education~Social Media~Gaming;1~9;4~8;3.8
13~15;Female~Other;8~9;1~4;7~9;73~95;2~5;0~1;7~10;1~10;1~9;0~1;0~2;38~84;8~20;1~3;0~3;0~2;Browsing~Education~Social Media~Gaming;1~9;4~8;3.0
13~15;Female~Other;8~9;1~4;7~9;73~95;2~5;0~1;7~10;1~10;1~9;0~1;0~2;38~84;8~20;1~3;0~3;0~2;Browsing~Education~Social Media~Gaming;1~9;4~8;5.5
13~15;Female~Other;7~9;1~4;6~8;74~95;0~3;1~1;1~6;1~2;2~9;0~1;0~2;43~150;12~18;1~3;0~2;0~1;Education~Social Media~Gaming~Other;3~9;4~8;8.9
13~15;Female~Other;7~9;1~4;6~8;74~95;0~3;1~1;1~6;1~2;2~9;0~1;0~2;43~150;12~18;1~3;0~2;0~1;Education~Social Media~Gaming~Other;3~9;4~8;5.5
13~15;Female~Other;7~9;1~4;6~8;74~95;0~3;1~1;1~6;1~2;2~9;0~1;0~2;43~150;12~18;1~3;0~2;0~1;Education~Social Media~Gaming~Other;3~9;4~8;9.9
13~15;Female~Other;7~9;1~4;6~8;74~95;0~3;1~1;1~6;1~2;2~9;0~1;0~2;43~150;12~18;1~3;0~2;0~1;Education~Social Media~Gaming~Other;3~9;4~8;8.7
13~15;Female~Other;7~9;1~4;6~8;74~95;0~3;1~1;1~6;1~2;2~9;0~1;0~2;43~150;12~18;1~3;0~2;0~1;Education~Social Media~Gaming~Other;3~9;4~8;8.9
13~16;Female~Other;7~9;2~4;6~8;74~91;0~6;1~2;2~6;4~9;4~10;0~1;0~1;44~148;5~17;0~4;0~2;0~1;Browsing~Education~Social Media~Gaming~Other;1~10;3~5;7.6
13~16;Female~Other;7~9;2~4;6~8;74~91;0~6;1~2;2~6;4~9;4~10;0~1;0~1;44~148;5~17;0~4;0~2;0~1;Browsing~Education~Social Media~Gaming~Other;1~10;3~5;4.2
13~16;Female~Other;7~9;2~4;6~8;74~91;0~6;1~2;2~6;4~9;4~10;0~1;0~1;44~148;5~17;0~4;0~2;0~1;Browsing~Education~Social Media~Gaming~Other;1~10;3~5;10.0
13~16;Female~Other;7~9;2~4;6~8;74~91;0~6;1~2;2~6;4~9;4~10;0~1;0~1;44~148;5~17;0~4;0~2;0~1;Browsing~Education~Social Media~Gaming~Other;1~10;3~5;7.1
13~16;Female~Other;7~9;2~4;6~8;74~91;0~6;1~2;2~6;4~9;4~10;0~1;0~1;44~148;5~17;0~4;0~2;0~1;Browsing~Education~Social Media~Gaming~Other;1~10;3~5;10.0
13~16;Female~Other;7~9;2~4;6~8;74~91;0~6;1~2;2~6;4~9;4~10;0~1;0~1;44~148;5~17;0~4;0~2;0~1;Browsing~Education~Social Media~Gaming~Other;1~10;3~5;10.0
13~16;Female~Other;7~9;0~4;6~10;78~91;0~4;1~2;7~10;2~10;3~9;0~1;0~1;38~119;11~19;2~4;0~3;0~2;Browsing~Education~Social Media~Gaming~Other;1~8;2~9;10.0
13~16;Female~Other;7~9;0~4;6~10;78~91;0~4;1~2;7~10;2~10;3~9;0~1;0~1;38~119;11~19;2~4;0~3;0~2;Browsing~Education~Social Media~Gaming~Other;1~8;2~9;5.8
13~16;Female~Other;7~9;0~4;6~10;78~91;0~4;1~2;7~10;2~10;3~9;0~1;0~1;38~119;11~19;2~4;0~3;0~2;Browsing~Education~Social Media~Gaming~Other;1~8;2~9;7.3
13~16;Female~Other;7~9;0~4;6~10;78~91;0~4;1~2;7~10;2~10;3~9;0~1;0~1;38~119;11~19;2~4;0~3;0~2;Browsing~Education~Social Media~Gaming~Other;1~8;2~9;10.0
13~16;Female~Other;7~9;0~4;6~10;78~91;0~4;1~2;7~10;2~10;3~9;0~1;0~1;38~119;11~19;2~4;0~3;0~2;Browsing~Education~Social Media~Gaming~Other;1~8;2~9;8.5
13~16;Female~Other;7~9;0~4;6~10;78~91;0~4;1~2;7~10;2~10;3~9;0~1;0~1;38~119;11~19;2~4;0~3;0~2;Browsing~Education~Social Media~Gaming~Other;1~8;2~9;8.1
13~16;Female~Other;7~9;0~4;6~10;78~91;0~4;1~2;7~10;2~10;3~9;0~1;0~1;38~119;11~19;2~4;0~3;0~2;Browsing~Education~Social Media~Gaming~Other;1~8;2~9;8.0
13~16;Female~Other;7~9;1~4;6~8;75~98;7~10;0~1;1~4;2~10;1~9;0~1;0~1;24~129;7~20;1~4;0~4;0~1;Browsing~Education~Social Media~Gaming;3~8;0~9;8.3
13~16;Female~Other;7~9;1~4;6~8;75~98;7~10;0~1;1~4;2~10;1~9;0~1;0~1;24~129;7~20;1~4;0~4;0~1;Browsing~Education~Social Media~Gaming;3~8;0~9;9.0
13~16;Female~Other;7~9;1~4;6~8;75~98;7~10;0~1;1~4;2~10;1~9;0~1;0~1;24~129;7~20;1~4;0~4;0~1;Browsing~Education~Social Media~Gaming;3~8;0~9;8.1
13~16;Female~Other;7~9;1~4;6~8;75~98;7~10;0~1;1~4;2~10;1~9;0~1;0~1;24~129;7~20;1~4;0~4;0~1;Browsing~Education~Social Media~Gaming;3~8;0~9;7.8
13~16;Female~Other;7~9;1~4;6~8;75~98;7~10;0~1;1~4;2~10;1~9;0~1;0~1;24~129;7~20;1~4;0~4;0~1;Browsing~Education~Social Media~Gaming;3~8;0~9;6.2
13~16;Female~Other;7~9;1~4;6~8;75~98;7~10;0~1;1~4;2~10;1~9;0~1;0~1;24~129;7~20;1~4;0~4;0~1;Browsing~Education~Social Media~Gaming;3~8;0~9;9.1
13~16;Female~Other;7~9;1~4;6~8;75~98;7~10;0~1;1~4;2~10;1~9;0~1;0~1;24~129;7~20;1~4;0~4;0~1;Browsing~Education~Social Media~Gaming;3~8;0~9;8.8
13~16;Female~Other;7~9;1~4;6~8;75~98;7~10;0~1;1~4;2~10;1~9;0~1;0~1;24~129;7~20;1~4;0~4;0~1;Browsing~Education~Social Media~Gaming;3~8;0~9;7.5
13~16;Female~Other;7~9;1~4;6~8;75~98;7~10;0~1;1~4;2~10;1~9;0~1;0~1;24~129;7~20;1~4;0~4;0~1;Browsing~Education~Social Media~Gaming;3~8;0~9;6.8
13~16;Female~Other;7~9;2~5;6~8;74~99;7~9;0~0;5~10;2~9;2~6;0~1;0~2;29~105;6~19;0~2;1~2;0~1;Browsing~Education~Social Media~Gaming~Other;1~10;4~9;8.0
13~16;Female~Other;7~9;2~5;6~8;74~99;7~9;0~0;5~10;2~9;2~6;0~1;0~2;29~105;6~19;0~2;1~2;0~1;Browsing~Education~Social Media~Gaming~Other;1~10;4~9;8.8
13~16;Female~Other;7~9;2~5;6~8;74~99;7~9;0~0;5~10;2~9;2~6;0~1;0~2;29~105;6~19;0~2;1~2;0~1;Browsing~Education~Social Media~Gaming~Other;1~10;4~9;7.9
13~16;Female~Other;7~9;2~5;6~8;74~99;7~9;0~0;5~10;2~9;2~6;0~1;0~2;29~105;6~19;0~2;1~2;0~1;Browsing~Education~Social Media~Gaming~Other;1~10;4~9;4.7
13~16;Female~Other;7~9;2~5;6~8;74~99;7~9;0~0;5~10;2~9;2~6;0~1;0~2;29~105;6~19;0~2;1~2;0~1;Browsing~Education~Social Media~Gaming~Other;1~10;4~9;7.6
13~15;Female~Other;7~9;2~3;7~8;82~99;7~10;0~0;5~10;4~10;9~10;0~1;0~1;46~144;7~14;0~2;1~2;0~1;Browsing~Education~Social Media~Gaming;4~9;4~6;4.7
13~15;Female~Other;7~9;2~3;7~8;82~99;7~10;0~0;5~10;4~10;9~10;0~1;0~1;46~144;7~14;0~2;1~2;0~1;Browsing~Education~Social Media~Gaming;4~9;4~6;9.0
13~15;Female~Other;7~9;2~3;7~8;82~99;7~10;0~0;5~10;4~10;9~10;0~1;0~1;46~144;7~14;0~2;1~2;0~1;Browsing~Education~Social Media~Gaming;4~9;4~6;9.6
13~15;Female~Other;7~9;2~3;7~8;82~99;7~10;0~0;5~10;4~10;9~10;0~1;0~1;46~144;7~14;0~2;1~2;0~1;Browsing~Education~Social Media~Gaming;4~9;4~6;7.2
13~15;Female~Other;7~9;2~3;7~8;82~99;7~10;0~0;5~10;4~10;9~10;0~1;0~1;46~144;7~14;0~2;1~2;0~1;Browsing~Education~Social Media~Gaming;4~9;4~6;4.7
13~15;Female~Other;7~9;2~4;6~8;76~92;7~10;1~2;1~5;1~5;4~10;0~1;0~2;29~140;5~17;1~3;0~1;0~2;Education~Social Media~Gaming;1~10;2~8;6.8
13~15;Female~Other;7~9;2~4;6~8;76~92;7~10;1~2;1~5;1~5;4~10;0~1;0~2;29~140;5~17;1~3;0~1;0~2;Education~Social Media~Gaming;1~10;2~8;6.1
13~15;Female~Other;7~9;2~4;6~8;76~92;7~10;1~2;1~5;1~5;4~10;0~1;0~2;29~140;5~17;1~3;0~1;0~2;Education~Social Media~Gaming;1~10;2~8;8.8
13~15;Female~Other;7~9;2~4;6~8;76~92;7~10;1~2;1~5;1~5;4~10;0~1;0~2;29~140;5~17;1~3;0~1;0~2;Education~Social Media~Gaming;1~10;2~8;6.6
13~15;Female~Other;7~9;2~4;6~8;76~92;7~10;1~2;1~5;1~5;4~10;0~1;0~2;29~140;5~17;1~3;0~1;0~2;Education~Social Media~Gaming;1~10;2~8;7.1
13~16;Female~Other;7~9;1~5;6~9;75~98;7~10;1~2;1~5;6~10;1~10;0~1;0~1;24~122;7~19;1~3;0~1;0~1;Browsing~Education~Social Media;5~8;5~9;7.7
13~16;Female~Other;7~9;1~5;6~9;75~98;7~10;1~2;1~5;6~10;1~10;0~1;0~1;24~122;7~19;1~3;0~1;0~1;Browsing~Education~Social Media;5~8;5~9;10.0
13~16;Female~Other;7~9;1~5;6~9;75~98;7~10;1~2;1~5;6~10;1~10;0~1;0~1;24~122;7~19;1~3;0~1;0~1;Browsing~Education~Social Media;5~8;5~9;7.8
13~16;Female~Other;7~9;1~5;6~9;75~98;7~10;1~2;1~5;6~10;1~10;0~1;0~1;24~122;7~19;1~3;0~1;0~1;Browsing~Education~Social Media;5~8;5~9;5.9
13~16;Female~Other;7~9;1~5;6~9;75~98;7~10;1~2;1~5;6~10;1~10;0~1;0~1;24~122;7~19;1~3;0~1;0~1;Browsing~Education~Social Media;5~8;5~9;6.4
13~16;Female~Other;7~9;3~5;6~10;73~98;7~9;1~2;6~9;1~10;4~10;0~1;0~1;30~150;6~17;2~3;0~2;0~1;Browsing~Education~Social Media~Gaming~Other;2~9;3~9;10.0
13~16;Female~Other;7~9;3~5;6~10;73~98;7~9;1~2;6~9;1~10;4~10;0~1;0~1;30~150;6~17;2~3;0~2;0~1;Browsing~Education~Social Media~Gaming~Other;2~9;3~9;9.4
13~16;Female~Other;7~9;3~5;6~10;73~98;7~9;1~2;6~9;1~10;4~10;0~1;0~1;30~150;6~17;2~3;0~2;0~1;Browsing~Education~Social Media~Gaming~Other;2~9;3~9;7.9
13~16;Female~Other;7~9;3~5;6~10;73~98;7~9;1~2;6~9;1~10;4~10;0~1;0~1;30~150;6~17;2~3;0~2;0~1;Browsing~Education~Social Media~Gaming~Other;2~9;3~9;7.3
13~16;Female~Other;7~9;3~5;6~10;73~98;7~9;1~2;6~9;1~10;4~10;0~1;0~1;30~150;6~17;2~3;0~2;0~1;Browsing~Education~Social Media~Gaming~Other;2~9;3~9;9.7
13~16;Female~Other;7~9;3~5;6~10;73~98;7~9;1~2;6~9;1~10;4~10;0~1;0~1;30~150;6~17;2~3;0~2;0~1;Browsing~Education~Social Media~Gaming~Other;2~9;3~9;10.0
13~16;Female~Other;7~9;3~5;6~10;73~98;7~9;1~2;6~9;1~10;4~10;0~1;0~1;30~150;6~17;2~3;0~2;0~1;Browsing~Education~Social Media~Gaming~Other;2~9;3~9;7.0
13~16;Female~Other;7~9;3~5;6~10;73~98;7~9;1~2;6~9;1~10;4~10;0~1;0~1;30~150;6~17;2~3;0~2;0~1;Browsing~Education~Social Media~Gaming~Other;2~9;3~9;9.0
13~16;Female~Other;7~9;3~5;6~10;73~98;7~9;1~2;6~9;1~10;4~10;0~1;0~1;30~150;6~17;2~3;0~2;0~1;Browsing~Education~Social Media~Gaming~Other;2~9;3~9;10.0
13~16;Female~Other;7~9;6~8;4~6;51~75;1~6;0~0;1~5;2~5;1~10;0~1;0~1;53~120;6~19;1~4;1~3;0~1;Browsing~Education~Social Media~Gaming~Other;5~10;4~8;10.0
13~16;Female~Other;7~9;6~8;4~6;51~75;1~6;0~0;1~5;2~5;1~10;0~1;0~1;53~120;6~19;1~4;1~3;0~1;Browsing~Education~Social Media~Gaming~Other;5~10;4~8;10.0
13~16;Female~Other;7~9;6~8;4~6;51~75;1~6;0~0;1~5;2~5;1~10;0~1;0~1;53~120;6~19;1~4;1~3;0~1;Browsing~Education~Social Media~Gaming~Other;5~10;4~8;10.0
13~16;Female~Other;7~9;6~8;4~6;51~75;1~6;0~0;1~5;2~5;1~10;0~1;0~1;53~120;6~19;1~4;1~3;0~1;Browsing~Education~Social Media~Gaming~Other;5~10;4~8;10.0
13~16;Female~Other;7~9;6~8;4~6;51~75;1~6;0~0;1~5;2~5;1~10;0~1;0~1;53~120;6~19;1~4;1~3;0~1;Browsing~Education~Social Media~Gaming~Other;5~10;4~8;10.0
13~16;Female~Other;7~9;6~8;4~6;51~75;1~6;0~0;1~5;2~5;1~10;0~1;0~1;53~120;6~19;1~4;1~3;0~1;Browsing~Education~Social Media~Gaming~Other;5~10;4~8;10.0
13~15;Female~Other;7~9;5~7;3~5;50~72;0~3;0~0;1~5;6~9;1~7;0~1;0~1;40~145;6~18;1~4;1~3;0~1;Browsing~Education~Social Media~Gaming~Other;2~9;4~6;9.4
13~15;Female~Other;7~9;5~7;3~5;50~72;0~3;0~0;1~5;6~9;1~7;0~1;0~1;40~145;6~18;1~4;1~3;0~1;Browsing~Education~Social Media~Gaming~Other;2~9;4~6;10.0
13~15;Female~Other;7~9;5~7;3~5;50~72;0~3;0~0;1~5;6~9;1~7;0~1;0~1;40~145;6~18;1~4;1~3;0~1;Browsing~Education~Social Media~Gaming~Other;2~9;4~6;10.0
13~15;Female~Other;7~9;5~7;3~5;50~72;0~3;0~0;1~5;6~9;1~7;0~1;0~1;40~145;6~18;1~4;1~3;0~1;Browsing~Education~Social Media~Gaming~Other;2~9;4~6;10.0
13~15;Female~Other;7~9;5~7;3~5;50~72;0~3;0~0;1~5;6~9;1~7;0~1;0~1;40~145;6~18;1~4;1~3;0~1;Browsing~Education~Social Media~Gaming~Other;2~9;4~6;10.0
13~15;Female~Other;7~9;5~8;4~6;53~75;0~6;0~0;6~9;1~5;2~9;0;0~2;37~127;8~18;1~2;0~2;0~1;Education~Social Media~Gaming;2~8;5~8;10.0
13~15;Female~Other;7~9;5~8;4~6;53~75;0~6;0~0;6~9;1~5;2~9;0;0~2;37~127;8~18;1~2;0~2;0~1;Education~Social Media~Gaming;2~8;5~8;9.4
13~15;Female~Other;7~9;5~8;4~6;53~75;0~6;0~0;6~9;1~5;2~9;0;0~2;37~127;8~18;1~2;0~2;0~1;Education~Social Media~Gaming;2~8;5~8;10.0
13~15;Female~Other;7~9;5~8;4~6;53~75;0~6;0~0;6~9;1~5;2~9;0;0~2;37~127;8~18;1~2;0~2;0~1;Education~Social Media~Gaming;2~8;5~8;8.4
13~15;Female~Other;7~9;5~8;4~6;53~75;0~6;0~0;6~9;1~5;2~9;0;0~2;37~127;8~18;1~2;0~2;0~1;Education~Social Media~Gaming;2~8;5~8;10.0
13~15;Female~Other;7~9;5~8;4~6;53~75;0~6;0~0;6~9;1~5;2~9;0;0~2;37~127;8~18;1~2;0~2;0~1;Education~Social Media~Gaming;2~8;5~8;10.0
13~16;Female~Other;7~9;5~8;3~6;60~71;0~4;0~0;6~10;7~10;1~10;0~1;0~1;23~142;9~17;2~4;0~2;0~1;Browsing~Education~Social Media~Gaming~Other;1~10;2~7;10.0
13~16;Female~Other;7~9;5~8;3~6;60~71;0~4;0~0;6~10;7~10;1~10;0~1;0~1;23~142;9~17;2~4;0~2;0~1;Browsing~Education~Social Media~Gaming~Other;1~10;2~7;10.0
13~16;Female~Other;7~9;5~8;3~6;60~71;0~4;0~0;6~10;7~10;1~10;0~1;0~1;23~142;9~17;2~4;0~2;0~1;Browsing~Education~Social Media~Gaming~Other;1~10;2~7;10.0
13~16;Female~Other;7~9;5~8;3~6;60~71;0~4;0~0;6~10;7~10;1~10;0~1;0~1;23~142;9~17;2~4;0~2;0~1;Browsing~Education~Social Media~Gaming~Other;1~10;2~7;10.0
13~16;Female~Other;7~9;5~8;3~6;60~71;0~4;0~0;6~10;7~10;1~10;0~1;0~1;23~142;9~17;2~4;0~2;0~1;Browsing~Education~Social Media~Gaming~Other;1~10;2~7;10.0
13~16;Female~Other;7~9;5~8;3~6;60~71;0~4;0~0;6~10;7~10;1~10;0~1;0~1;23~142;9~17;2~4;0~2;0~1;Browsing~Education~Social Media~Gaming~Other;1~10;2~7;10.0
13~16;Female~Other;7~9;6~7;3~6;59~74;1~6;1~1;2~4;1~6;1~10;0~1;0~1;26~135;7~20;1~5;0~2;0~2;Education~Social Media~Gaming~Other;1~5;2~6;10.0
13~16;Female~Other;7~9;6~7;3~6;59~74;1~6;1~1;2~4;1~6;1~10;0~1;0~1;26~135;7~20;1~5;0~2;0~2;Education~Social Media~Gaming~Other;1~5;2~6;10.0
13~16;Female~Other;7~9;6~7;3~6;59~74;1~6;1~1;2~4;1~6;1~10;0~1;0~1;26~135;7~20;1~5;0~2;0~2;Education~Social Media~Gaming~Other;1~5;2~6;9.8
13~16;Female~Other;7~9;6~7;3~6;59~74;1~6;1~1;2~4;1~6;1~10;0~1;0~1;26~135;7~20;1~5;0~2;0~2;Education~Social Media~Gaming~Other;1~5;2~6;10.0
13~16;Female~Other;7~9;6~7;3~6;59~74;1~6;1~1;2~4;1~6;1~10;0~1;0~1;26~135;7~20;1~5;0~2;0~2;Education~Social Media~Gaming~Other;1~5;2~6;10.0
13~16;Female~Other;7~9;5~8;3~5;55~76;0~6;1~2;1~4;8~10;5~10;0~1;0~1;21~142;10~18;1~4;0~3;0~2;Browsing~Education~Social Media~Gaming~Other;2~10;2~7;10.0
13~16;Female~Other;7~9;5~8;3~5;55~76;0~6;1~2;1~4;8~10;5~10;0~1;0~1;21~142;10~18;1~4;0~3;0~2;Browsing~Education~Social Media~Gaming~Other;2~10;2~7;10.0
13~16;Female~Other;7~9;5~8;3~5;55~76;0~6;1~2;1~4;8~10;5~10;0~1;0~1;21~142;10~18;1~4;0~3;0~2;Browsing~Education~Social Media~Gaming~Other;2~10;2~7;10.0
13~16;Female~Other;7~9;5~8;3~5;55~76;0~6;1~2;1~4;8~10;5~10;0~1;0~1;21~142;10~18;1~4;0~3;0~2;Browsing~Education~Social Media~Gaming~Other;2~10;2~7;10.0
13~16;Female~Other;7~9;5~8;3~5;55~76;0~6;1~2;1~4;8~10;5~10;0~1;0~1;21~142;10~18;1~4;0~3;0~2;Browsing~Education~Social Media~Gaming~Other;2~10;2~7;10.0
13~16;Female~Other;7~9;5~8;3~5;55~76;0~6;1~2;1~4;8~10;5~10;0~1;0~1;21~142;10~18;1~4;0~3;0~2;Browsing~Education~Social Media~Gaming~Other;2~10;2~7;10.0
13~14;Female~Other;7~9;5~7;4~6;61~74;0~5;1~3;5~10;2~8;1~5;0~1;0~1;20~87;11~19;2~4;0~3;1~1;Browsing~Education~Social Media~Gaming~Other;2~10;4~7;10.0
13~14;Female~Other;7~9;5~7;4~6;61~74;0~5;1~3;5~10;2~8;1~5;0~1;0~1;20~87;11~19;2~4;0~3;1~1;Browsing~Education~Social Media~Gaming~Other;2~10;4~7;10.0
13~14;Female~Other;7~9;5~7;4~6;61~74;0~5;1~3;5~10;2~8;1~5;0~1;0~1;20~87;11~19;2~4;0~3;1~1;Browsing~Education~Social Media~Gaming~Other;2~10;4~7;10.0
13~14;Female~Other;7~9;5~7;4~6;61~74;0~5;1~3;5~10;2~8;1~5;0~1;0~1;20~87;11~19;2~4;0~3;1~1;Browsing~Education~Social Media~Gaming~Other;2~10;4~7;10.0
13~14;Female~Other;7~9;5~7;4~6;61~74;0~5;1~3;5~10;2~8;1~5;0~1;0~1;20~87;11~19;2~4;0~3;1~1;Browsing~Education~Social Media~Gaming~Other;2~10;4~7;10.0
13~16;Female~Other;7~9;5~10;4~6;54~75;1~6;1~2;7~10;4~9;6~9;0;0~1;37~138;12~17;0~3;0~2;0~1;Browsing~Education~Social Media~Gaming~Other;2~6;4~7;10.0
13~16;Female~Other;7~9;5~10;4~6;54~75;1~6;1~2;7~10;4~9;6~9;0;0~1;37~138;12~17;0~3;0~2;0~1;Browsing~Education~Social Media~Gaming~Other;2~6;4~7;10.0
13~16;Female~Other;7~9;5~10;4~6;54~75;1~6;1~2;7~10;4~9;6~9;0;0~1;37~138;12~17;0~3;0~2;0~1;Browsing~Education~Social Media~Gaming~Other;2~6;4~7;10.0
13~16;Female~Other;7~9;5~10;4~6;54~75;1~6;1~2;7~10;4~9;6~9;0;0~1;37~138;12~17;0~3;0~2;0~1;Browsing~Education~Social Media~Gaming~Other;2~6;4~7;10.0
13~16;Female~Other;7~9;5~10;4~6;54~75;1~6;1~2;7~10;4~9;6~9;0;0~1;37~138;12~17;0~3;0~2;0~1;Browsing~Education~Social Media~Gaming~Other;2~6;4~7;6.9
13~16;Female~Other;7~9;5~6;3~6;50~68;7~10;0~1;2~5;1~10;3~9;0~1;0~2;28~136;6~18;1~4;0~2;0~2;Browsing~Education~Social Media~Gaming~Other;1~8;1~11;8.4
13~16;Female~Other;7~9;5~6;3~6;50~68;7~10;0~1;2~5;1~10;3~9;0~1;0~2;28~136;6~18;1~4;0~2;0~2;Browsing~Education~Social Media~Gaming~Other;1~8;1~11;8.9
13~16;Female~Other;7~9;5~6;3~6;50~68;7~10;0~1;2~5;1~10;3~9;0~1;0~2;28~136;6~18;1~4;0~2;0~2;Browsing~Education~Social Media~Gaming~Other;1~8;1~11;10.0
13~16;Female~Other;7~9;5~6;3~6;50~68;7~10;0~1;2~5;1~10;3~9;0~1;0~2;28~136;6~18;1~4;0~2;0~2;Browsing~Education~Social Media~Gaming~Other;1~8;1~11;10.0
13~16;Female~Other;7~9;5~6;3~6;50~68;7~10;0~1;2~5;1~10;3~9;0~1;0~2;28~136;6~18;1~4;0~2;0~2;Browsing~Education~Social Media~Gaming~Other;1~8;1~11;10.0
13~16;Female~Other;7~9;5~6;3~6;50~68;7~10;0~1;2~5;1~10;3~9;0~1;0~2;28~136;6~18;1~4;0~2;0~2;Browsing~Education~Social Media~Gaming~Other;1~8;1~11;10.0
13~16;Female~Other;7~9;5~6;3~6;50~68;7~10;0~1;2~5;1~10;3~9;0~1;0~2;28~136;6~18;1~4;0~2;0~2;Browsing~Education~Social Media~Gaming~Other;1~8;1~11;10.0
13~16;Female~Other;7~9;5~6;3~6;50~68;7~10;0~1;2~5;1~10;3~9;0~1;0~2;28~136;6~18;1~4;0~2;0~2;Browsing~Education~Social Media~Gaming~Other;1~8;1~11;10.0
14~16;Female~Other;7~9;5~9;4~6;55~65;7~9;0~1;7~10;1~10;1~9;0~1;0~1;27~146;5~19;1~3;0~4;0~1;Browsing~Education~Social Media~Gaming~Other;1~10;3~8;10.0
14~16;Female~Other;7~9;5~9;4~6;55~65;7~9;0~1;7~10;1~10;1~9;0~1;0~1;27~146;5~19;1~3;0~4;0~1;Browsing~Education~Social Media~Gaming~Other;1~10;3~8;10.0
14~16;Female~Other;7~9;5~9;4~6;55~65;7~9;0~1;7~10;1~10;1~9;0~1;0~1;27~146;5~19;1~3;0~4;0~1;Browsing~Education~Social Media~Gaming~Other;1~10;3~8;10.0
14~16;Female~Other;7~9;5~9;4~6;55~65;7~9;0~1;7~10;1~10;1~9;0~1;0~1;27~146;5~19;1~3;0~4;0~1;Browsing~Education~Social Media~Gaming~Other;1~10;3~8;10.0
14~16;Female~Other;7~9;5~9;4~6;55~65;7~9;0~1;7~10;1~10;1~9;0~1;0~1;27~146;5~19;1~3;0~4;0~1;Browsing~Education~Social Media~Gaming~Other;1~10;3~8;9.5
14~16;Female~Other;7~9;5~9;4~6;55~65;7~9;0~1;7~10;1~10;1~9;0~1;0~1;27~146;5~19;1~3;0~4;0~1;Browsing~Education~Social Media~Gaming~Other;1~10;3~8;10.0
14~16;Female~Other;7~9;5~9;4~6;55~65;7~9;0~1;7~10;1~10;1~9;0~1;0~1;27~146;5~19;1~3;0~4;0~1;Browsing~Education~Social Media~Gaming~Other;1~10;3~8;10.0
13~16;Female~Other;7~9;5~8;3~6;50~73;7~10;1~2;1~4;1~9;1~6;0~1;0~1;30~129;7~16;1~5;0~2;0~1;Browsing~Education~Social Media~Gaming~Other;2~8;4~9;10.0
13~16;Female~Other;7~9;5~8;3~6;50~73;7~10;1~2;1~4;1~9;1~6;0~1;0~1;30~129;7~16;1~5;0~2;0~1;Browsing~Education~Social Media~Gaming~Other;2~8;4~9;9.2
13~16;Female~Other;7~9;5~8;3~6;50~73;7~10;1~2;1~4;1~9;1~6;0~1;0~1;30~129;7~16;1~5;0~2;0~1;Browsing~Education~Social Media~Gaming~Other;2~8;4~9;10.0
13~16;Female~Other;7~9;5~8;3~6;50~73;7~10;1~2;1~4;1~9;1~6;0~1;0~1;30~129;7~16;1~5;0~2;0~1;Browsing~Education~Social Media~Gaming~Other;2~8;4~9;10.0
13~16;Female~Other;7~9;5~8;3~6;50~73;7~10;1~2;1~4;1~9;1~6;0~1;0~1;30~129;7~16;1~5;0~2;0~1;Browsing~Education~Social Media~Gaming~Other;2~8;4~9;10.0
13~16;Female~Other;7~9;5~8;3~6;50~73;7~10;1~2;1~4;1~9;1~6;0~1;0~1;30~129;7~16;1~5;0~2;0~1;Browsing~Education~Social Media~Gaming~Other;2~8;4~9;10.0
13~16;Female~Other;7~9;5~8;3~6;50~73;7~10;1~2;1~4;1~9;1~6;0~1;0~1;30~129;7~16;1~5;0~2;0~1;Browsing~Education~Social Media~Gaming~Other;2~8;4~9;8.1
13~16;Female~Other;7~9;5~8;3~6;50~73;7~10;1~2;1~4;1~9;1~6;0~1;0~1;30~129;7~16;1~5;0~2;0~1;Browsing~Education~Social Media~Gaming~Other;2~8;4~9;10.0
14~16;Female~Other;7~9;5~8;4~6;53~74;7~10;1~3;5~10;1~6;1~10;0~1;0~1;25~113;5~20;1~3;0~3;0~1;Browsing~Education~Social Media~Gaming~Other;2~8;4~9;8.3
14~16;Female~Other;7~9;5~8;4~6;53~74;7~10;1~3;5~10;1~6;1~10;0~1;0~1;25~113;5~20;1~3;0~3;0~1;Browsing~Education~Social Media~Gaming~Other;2~8;4~9;10.0
14~16;Female~Other;7~9;5~8;4~6;53~74;7~10;1~3;5~10;1~6;1~10;0~1;0~1;25~113;5~20;1~3;0~3;0~1;Browsing~Education~Social Media~Gaming~Other;2~8;4~9;10.0
14~16;Female~Other;7~9;5~8;4~6;53~74;7~10;1~3;5~10;1~6;1~10;0~1;0~1;25~113;5~20;1~3;0~3;0~1;Browsing~Education~Social Media~Gaming~Other;2~8;4~9;10.0
14~16;Female~Other;7~9;5~8;4~6;53~74;7~10;1~3;5~10;1~6;1~10;0~1;0~1;25~113;5~20;1~3;0~3;0~1;Browsing~Education~Social Media~Gaming~Other;2~8;4~9;10.0
14~16;Female~Other;7~9;5~8;4~6;53~74;7~10;1~3;5~10;1~6;1~10;0~1;0~1;25~113;5~20;1~3;0~3;0~1;Browsing~Education~Social Media~Gaming~Other;2~8;4~9;10.0
14~16;Female~Other;7~9;5~8;4~6;53~74;7~10;1~3;5~10;1~6;1~10;0~1;0~1;25~113;5~20;1~3;0~3;0~1;Browsing~Education~Social Media~Gaming~Other;2~8;4~9;10.0
13~15;Female~Other;7~9;5~7;3~6;77~92;0~5;0~0;1~6;1~6;1~4;0~1;0~1;86~146;8~20;1~3;0~1;0~1;Browsing~Education~Social Media~Gaming~Other;5~10;2~9;10.0
13~15;Female~Other;7~9;5~7;3~6;77~92;0~5;0~0;1~6;1~6;1~4;0~1;0~1;86~146;8~20;1~3;0~1;0~1;Browsing~Education~Social Media~Gaming~Other;5~10;2~9;10.0
13~15;Female~Other;7~9;5~7;3~6;77~92;0~5;0~0;1~6;1~6;1~4;0~1;0~1;86~146;8~20;1~3;0~1;0~1;Browsing~Education~Social Media~Gaming~Other;5~10;2~9;10.0
13~15;Female~Other;7~9;5~7;3~6;77~92;0~5;0~0;1~6;1~6;1~4;0~1;0~1;86~146;8~20;1~3;0~1;0~1;Browsing~Education~Social Media~Gaming~Other;5~10;2~9;10.0
13~15;Female~Other;7~9;5~7;3~6;77~92;0~5;0~0;1~6;1~6;1~4;0~1;0~1;86~146;8~20;1~3;0~1;0~1;Browsing~Education~Social Media~Gaming~Other;5~10;2~9;10.0
13~16;Female~Other;7~9;5~7;4~6;77~99;0~6;0~0;1~5;2~10;6~10;0~1;0~1;35~143;6~19;1~4;0~3;0~2;Browsing~Education~Social Media~Gaming~Other;4~10;3~8;10.0
13~16;Female~Other;7~9;5~7;4~6;77~99;0~6;0~0;1~5;2~10;6~10;0~1;0~1;35~143;6~19;1~4;0~3;0~2;Browsing~Education~Social Media~Gaming~Other;4~10;3~8;10.0
13~16;Female~Other;7~9;5~7;4~6;77~99;0~6;0~0;1~5;2~10;6~10;0~1;0~1;35~143;6~19;1~4;0~3;0~2;Browsing~Education~Social Media~Gaming~Other;4~10;3~8;9.6
13~16;Female~Other;7~9;5~7;4~6;77~99;0~6;0~0;1~5;2~10;6~10;0~1;0~1;35~143;6~19;1~4;0~3;0~2;Browsing~Education~Social Media~Gaming~Other;4~10;3~8;9.9
13~16;Female~Other;7~9;5~7;4~6;77~99;0~6;0~0;1~5;2~10;6~10;0~1;0~1;35~143;6~19;1~4;0~3;0~2;Browsing~Education~Social Media~Gaming~Other;4~10;3~8;10.0
13~16;Female~Other;7~9;5~7;4~6;77~99;0~6;0~0;1~5;2~10;6~10;0~1;0~1;35~143;6~19;1~4;0~3;0~2;Browsing~Education~Social Media~Gaming~Other;4~10;3~8;10.0
14~16;Female~Other;8~9;5~6;4~6;88~98;0~6;0~0;7~10;1~3;1~10;0~1;0~1;38~143;7~14;1~3;0~2;0~1;Browsing~Education~Social Media~Gaming~Other;1~5;3~7;10.0
14~16;Female~Other;8~9;5~6;4~6;88~98;0~6;0~0;7~10;1~3;1~10;0~1;0~1;38~143;7~14;1~3;0~2;0~1;Browsing~Education~Social Media~Gaming~Other;1~5;3~7;10.0
14~16;Female~Other;8~9;5~6;4~6;88~98;0~6;0~0;7~10;1~3;1~10;0~1;0~1;38~143;7~14;1~3;0~2;0~1;Browsing~Education~Social Media~Gaming~Other;1~5;3~7;7.7
14~16;Female~Other;8~9;5~6;4~6;88~98;0~6;0~0;7~10;1~3;1~10;0~1;0~1;38~143;7~14;1~3;0~2;0~1;Browsing~Education~Social Media~Gaming~Other;1~5;3~7;10.0
14~16;Female~Other;8~9;5~6;4~6;88~98;0~6;0~0;7~10;1~3;1~10;0~1;0~1;38~143;7~14;1~3;0~2;0~1;Browsing~Education~Social Media~Gaming~Other;1~5;3~7;10.0
14~16;Female~Other;8~9;5~10;4~6;82~95;0~6;0~0;7~10;4~9;5~10;0~1;0~1;28~108;6~15;1~4;0~2;0~0;Browsing~Education~Social Media~Gaming~Other;1~7;2~9;10.0
14~16;Female~Other;8~9;5~10;4~6;82~95;0~6;0~0;7~10;4~9;5~10;0~1;0~1;28~108;6~15;1~4;0~2;0~0;Browsing~Education~Social Media~Gaming~Other;1~7;2~9;10.0
14~16;Female~Other;8~9;5~10;4~6;82~95;0~6;0~0;7~10;4~9;5~10;0~1;0~1;28~108;6~15;1~4;0~2;0~0;Browsing~Education~Social Media~Gaming~Other;1~7;2~9;10.0
14~16;Female~Other;8~9;5~10;4~6;82~95;0~6;0~0;7~10;4~9;5~10;0~1;0~1;28~108;6~15;1~4;0~2;0~0;Browsing~Education~Social Media~Gaming~Other;1~7;2~9;10.0
14~16;Female~Other;8~9;5~10;4~6;82~95;0~6;0~0;7~10;4~9;5~10;0~1;0~1;28~108;6~15;1~4;0~2;0~0;Browsing~Education~Social Media~Gaming~Other;1~7;2~9;7.6
13~16;Female~Other;7~9;5~6;3~6;79~94;2~6;1~2;1~5;1~4;2~8;0~1;0~1;37~132;5~14;1~3;0~2;0~2;Browsing~Education~Social Media~Gaming~Other;1~5;1~7;10.0
13~16;Female~Other;7~9;5~6;3~6;79~94;2~6;1~2;1~5;1~4;2~8;0~1;0~1;37~132;5~14;1~3;0~2;0~2;Browsing~Education~Social Media~Gaming~Other;1~5;1~7;9.4
13~16;Female~Other;7~9;5~6;3~6;79~94;2~6;1~2;1~5;1~4;2~8;0~1;0~1;37~132;5~14;1~3;0~2;0~2;Browsing~Education~Social Media~Gaming~Other;1~5;1~7;8.9
13~16;Female~Other;7~9;5~6;3~6;79~94;2~6;1~2;1~5;1~4;2~8;0~1;0~1;37~132;5~14;1~3;0~2;0~2;Browsing~Education~Social Media~Gaming~Other;1~5;1~7;10.0
13~16;Female~Other;7~9;5~6;3~6;79~94;2~6;1~2;1~5;1~4;2~8;0~1;0~1;37~132;5~14;1~3;0~2;0~2;Browsing~Education~Social Media~Gaming~Other;1~5;1~7;10.0
13~16;Female~Other;7~9;5~6;3~6;77~97;1~5;1~2;1~5;5~10;2~9;0~1;0~1;23~61;6~19;0~3;0~2;0~2;Browsing~Education~Social Media~Gaming~Other;1~7;3~9;10.0
13~16;Female~Other;7~9;5~6;3~6;77~97;1~5;1~2;1~5;5~10;2~9;0~1;0~1;23~61;6~19;0~3;0~2;0~2;Browsing~Education~Social Media~Gaming~Other;1~7;3~9;10.0
13~16;Female~Other;7~9;5~6;3~6;77~97;1~5;1~2;1~5;5~10;2~9;0~1;0~1;23~61;6~19;0~3;0~2;0~2;Browsing~Education~Social Media~Gaming~Other;1~7;3~9;10.0
13~16;Female~Other;7~9;5~6;3~6;77~97;1~5;1~2;1~5;5~10;2~9;0~1;0~1;23~61;6~19;0~3;0~2;0~2;Browsing~Education~Social Media~Gaming~Other;1~7;3~9;10.0
13~16;Female~Other;7~9;5~6;3~6;77~97;1~5;1~2;1~5;5~10;2~9;0~1;0~1;23~61;6~19;0~3;0~2;0~2;Browsing~Education~Social Media~Gaming~Other;1~7;3~9;7.0
13~16;Female~Other;7~9;5~6;3~6;77~97;1~5;1~2;1~5;5~10;2~9;0~1;0~1;23~61;6~19;0~3;0~2;0~2;Browsing~Education~Social Media~Gaming~Other;1~7;3~9;9.9
13~16;Female~Other;7~9;5~9;3~6;84~91;3~6;1~2;7~8;2~9;2~6;0~1;0~1;22~96;6~18;0~3;0~2;0~2;Browsing~Education~Social Media~Gaming~Other;4~9;4~8;7.8
13~16;Female~Other;7~9;5~9;3~6;84~91;3~6;1~2;7~8;2~9;2~6;0~1;0~1;22~96;6~18;0~3;0~2;0~2;Browsing~Education~Social Media~Gaming~Other;4~9;4~8;10.0
13~16;Female~Other;7~9;5~9;3~6;84~91;3~6;1~2;7~8;2~9;2~6;0~1;0~1;22~96;6~18;0~3;0~2;0~2;Browsing~Education~Social Media~Gaming~Other;4~9;4~8;10.0
13~16;Female~Other;7~9;5~9;3~6;84~91;3~6;1~2;7~8;2~9;2~6;0~1;0~1;22~96;6~18;0~3;0~2;0~2;Browsing~Education~Social Media~Gaming~Other;4~9;4~8;10.0
13~16;Female~Other;7~9;5~9;3~6;84~91;3~6;1~2;7~8;2~9;2~6;0~1;0~1;22~96;6~18;0~3;0~2;0~2;Browsing~Education~Social Media~Gaming~Other;4~9;4~8;10.0
13~16;Female;7~9;5~6;3~5;79~94;0~6;1~2;7~10;1~7;7~10;0~1;0~1;22~129;5~18;1~3;1~2;0~1;Browsing~Education~Social Media~Gaming~Other;1~9;1~8;10.0
13~16;Female;7~9;5~6;3~5;79~94;0~6;1~2;7~10;1~7;7~10;0~1;0~1;22~129;5~18;1~3;1~2;0~1;Browsing~Education~Social Media~Gaming~Other;1~9;1~8;10.0
13~16;Female;7~9;5~6;3~5;79~94;0~6;1~2;7~10;1~7;7~10;0~1;0~1;22~129;5~18;1~3;1~2;0~1;Browsing~Education~Social Media~Gaming~Other;1~9;1~8;10.0
13~16;Female;7~9;5~6;3~5;79~94;0~6;1~2;7~10;1~7;7~10;0~1;0~1;22~129;5~18;1~3;1~2;0~1;Browsing~Education~Social Media~Gaming~Other;1~9;1~8;10.0
13~16;Female;7~9;5~6;3~5;79~94;0~6;1~2;7~10;1~7;7~10;0~1;0~1;22~129;5~18;1~3;1~2;0~1;Browsing~Education~Social Media~Gaming~Other;1~9;1~8;10.0
13~16;Female~Other;7~9;5~8;4~6;79~98;7~10;0~1;1~3;1~9;2~10;0~1;0~1;26~148;7~19;1~4;0~3;0~2;Browsing~Education~Social Media~Gaming~Other;2~10;3~9;10.0
13~16;Female~Other;7~9;5~8;4~6;79~98;7~10;0~1;1~3;1~9;2~10;0~1;0~1;26~148;7~19;1~4;0~3;0~2;Browsing~Education~Social Media~Gaming~Other;2~10;3~9;10.0
13~16;Female~Other;7~9;5~8;4~6;79~98;7~10;0~1;1~3;1~9;2~10;0~1;0~1;26~148;7~19;1~4;0~3;0~2;Browsing~Education~Social Media~Gaming~Other;2~10;3~9;10.0
13~16;Female~Other;7~9;5~8;4~6;79~98;7~10;0~1;1~3;1~9;2~10;0~1;0~1;26~148;7~19;1~4;0~3;0~2;Browsing~Education~Social Media~Gaming~Other;2~10;3~9;10.0
13~16;Female~Other;7~9;5~8;4~6;79~98;7~10;0~1;1~3;1~9;2~10;0~1;0~1;26~148;7~19;1~4;0~3;0~2;Browsing~Education~Social Media~Gaming~Other;2~10;3~9;10.0
13~16;Female~Other;7~9;5~8;4~6;79~98;7~10;0~1;1~3;1~9;2~10;0~1;0~1;26~148;7~19;1~4;0~3;0~2;Browsing~Education~Social Media~Gaming~Other;2~10;3~9;10.0
13~16;Female~Other;7~9;5~8;4~6;79~98;7~10;0~1;1~3;1~9;2~10;0~1;0~1;26~148;7~19;1~4;0~3;0~2;Browsing~Education~Social Media~Gaming~Other;2~10;3~9;10.0
13~16;Female~Other;7~9;5~8;4~6;79~98;7~10;0~1;1~3;1~9;2~10;0~1;0~1;26~148;7~19;1~4;0~3;0~2;Browsing~Education~Social Media~Gaming~Other;2~10;3~9;10.0
13~16;Female~Other;7~9;5~8;3~6;80~89;7~9;0~1;5~10;2~10;1~9;0~1;0~2;27~149;5~14;1~4;0~3;0~1;Browsing~Education~Social Media~Gaming~Other;1~8;4~9;10.0
13~16;Female~Other;7~9;5~8;3~6;80~89;7~9;0~1;5~10;2~10;1~9;0~1;0~2;27~149;5~14;1~4;0~3;0~1;Browsing~Education~Social Media~Gaming~Other;1~8;4~9;10.0
13~16;Female~Other;7~9;5~8;3~6;80~89;7~9;0~1;5~10;2~10;1~9;0~1;0~2;27~149;5~14;1~4;0~3;0~1;Browsing~Education~Social Media~Gaming~Other;1~8;4~9;10.0
13~16;Female~Other;7~9;5~8;3~6;80~89;7~9;0~1;5~10;2~10;1~9;0~1;0~2;27~149;5~14;1~4;0~3;0~1;Browsing~Education~Social Media~Gaming~Other;1~8;4~9;10.0
13~16;Female~Other;7~9;5~8;3~6;80~89;7~9;0~1;5~10;2~10;1~9;0~1;0~2;27~149;5~14;1~4;0~3;0~1;Browsing~Education~Social Media~Gaming~Other;1~8;4~9;10.0
13~16;Female~Other;7~9;5~8;3~6;80~89;7~9;0~1;5~10;2~10;1~9;0~1;0~2;27~149;5~14;1~4;0~3;0~1;Browsing~Education~Social Media~Gaming~Other;1~8;4~9;10.0
13~16;Female~Other;7~9;5~8;3~6;80~89;7~9;0~1;5~10;2~10;1~9;0~1;0~2;27~149;5~14;1~4;0~3;0~1;Browsing~Education~Social Media~Gaming~Other;1~8;4~9;10.0
13~16;Female~Other;7~9;5~8;3~6;80~89;7~9;0~1;5~10;2~10;1~9;0~1;0~2;27~149;5~14;1~4;0~3;0~1;Browsing~Education~Social Media~Gaming~Other;1~8;4~9;10.0
14~16;Female~Other;7~9;5~8;4~6;89~99;7~10;1~2;1~8;1~7;1~7;0~1;0~1;25~148;7~19;0~4;0~2;0~1;Browsing~Education~Social Media~Gaming~Other;7~10;4~9;10.0
14~16;Female~Other;7~9;5~8;4~6;89~99;7~10;1~2;1~8;1~7;1~7;0~1;0~1;25~148;7~19;0~4;0~2;0~1;Browsing~Education~Social Media~Gaming~Other;7~10;4~9;10.0
14~16;Female~Other;7~9;5~8;4~6;89~99;7~10;1~2;1~8;1~7;1~7;0~1;0~1;25~148;7~19;0~4;0~2;0~1;Browsing~Education~Social Media~Gaming~Other;7~10;4~9;10.0
14~16;Female~Other;7~9;5~8;4~6;89~99;7~10;1~2;1~8;1~7;1~7;0~1;0~1;25~148;7~19;0~4;0~2;0~1;Browsing~Education~Social Media~Gaming~Other;7~10;4~9;10.0
14~16;Female~Other;7~9;5~8;4~6;89~99;7~10;1~2;1~8;1~7;1~7;0~1;0~1;25~148;7~19;0~4;0~2;0~1;Browsing~Education~Social Media~Gaming~Other;7~10;4~9;10.0
14~16;Female~Other;7~9;5~8;4~6;89~99;7~10;1~2;1~8;1~7;1~7;0~1;0~1;25~148;7~19;0~4;0~2;0~1;Browsing~Education~Social Media~Gaming~Other;7~10;4~9;10.0
14~16;Female~Other;7~8;5~7;4~5;77~98;7~10;1~2;1~8;8~10;2~7;0~1;0~1;28~85;6~20;1~3;0~3;0~1;Browsing~Education~Social Media~Gaming;1~9;3~7;10.0
14~16;Female~Other;7~8;5~7;4~5;77~98;7~10;1~2;1~8;8~10;2~7;0~1;0~1;28~85;6~20;1~3;0~3;0~1;Browsing~Education~Social Media~Gaming;1~9;3~7;10.0
14~16;Female~Other;7~8;5~7;4~5;77~98;7~10;1~2;1~8;8~10;2~7;0~1;0~1;28~85;6~20;1~3;0~3;0~1;Browsing~Education~Social Media~Gaming;1~9;3~7;10.0
14~16;Female~Other;7~8;5~7;4~5;77~98;7~10;1~2;1~8;8~10;2~7;0~1;0~1;28~85;6~20;1~3;0~3;0~1;Browsing~Education~Social Media~Gaming;1~9;3~7;10.0
14~16;Female~Other;7~8;5~7;4~5;77~98;7~10;1~2;1~8;8~10;2~7;0~1;0~1;28~85;6~20;1~3;0~3;0~1;Browsing~Education~Social Media~Gaming;1~9;3~7;10.0
13~16;Female~Other;7~9;5~8;3~6;80~93;7~9;1~2;9~10;1~9;4~9;0~1;0~1;28~125;6~17;0~3;0~2;0~1;Browsing~Education~Social Media~Gaming~Other;3~9;2~10;9.7
13~16;Female~Other;7~9;5~8;3~6;80~93;7~9;1~2;9~10;1~9;4~9;0~1;0~1;28~125;6~17;0~3;0~2;0~1;Browsing~Education~Social Media~Gaming~Other;3~9;2~10;10.0
13~16;Female~Other;7~9;5~8;3~6;80~93;7~9;1~2;9~10;1~9;4~9;0~1;0~1;28~125;6~17;0~3;0~2;0~1;Browsing~Education~Social Media~Gaming~Other;3~9;2~10;10.0
13~16;Female~Other;7~9;5~8;3~6;80~93;7~9;1~2;9~10;1~9;4~9;0~1;0~1;28~125;6~17;0~3;0~2;0~1;Browsing~Education~Social Media~Gaming~Other;3~9;2~10;10.0
13~16;Female~Other;7~9;5~8;3~6;80~93;7~9;1~2;9~10;1~9;4~9;0~1;0~1;28~125;6~17;0~3;0~2;0~1;Browsing~Education~Social Media~Gaming~Other;3~9;2~10;10.0
13~16;Female~Other;7~9;5~8;3~6;80~93;7~9;1~2;9~10;1~9;4~9;0~1;0~1;28~125;6~17;0~3;0~2;0~1;Browsing~Education~Social Media~Gaming~Other;3~9;2~10;9.9
13~16;Female~Other;7~9;5~6;6~7;50~73;0~5;0~0;1~5;3;4~10;0~1;0~1;27~134;13~20;0~4;0~2;0~2;Education~Social Media~Gaming~Other;1~10;4~10;10.0
13~16;Female~Other;7~9;5~6;6~7;50~73;0~5;0~0;1~5;3;4~10;0~1;0~1;27~134;13~20;0~4;0~2;0~2;Education~Social Media~Gaming~Other;1~10;4~10;10.0
13~16;Female~Other;7~9;5~6;6~7;50~73;0~5;0~0;1~5;3;4~10;0~1;0~1;27~134;13~20;0~4;0~2;0~2;Education~Social Media~Gaming~Other;1~10;4~10;10.0
13~16;Female~Other;7~9;5~6;6~7;50~73;0~5;0~0;1~5;3;4~10;0~1;0~1;27~134;13~20;0~4;0~2;0~2;Education~Social Media~Gaming~Other;1~10;4~10;10.0
13~16;Female~Other;7~9;5~6;6~7;50~73;0~5;0~0;1~5;3;4~10;0~1;0~1;27~134;13~20;0~4;0~2;0~2;Education~Social Media~Gaming~Other;1~10;4~10;8.2
13~16;Female~Other;7~9;5~6;6~7;50~73;0~5;0~0;1~5;3;4~10;0~1;0~1;27~134;13~20;0~4;0~2;0~2;Education~Social Media~Gaming~Other;1~10;4~10;10.0
13~16;Female~Other;7~9;5~8;6~9;51~63;0~2;0~0;1~5;5~9;4~9;0~1;0~2;72~121;5~9;1~3;0~2;0~1;Social Media~Gaming~Other;1~10;4~7;8.5
13~16;Female~Other;7~9;5~8;6~9;51~63;0~2;0~0;1~5;5~9;4~9;0~1;0~2;72~121;5~9;1~3;0~2;0~1;Social Media~Gaming~Other;1~10;4~7;9.9
13~16;Female~Other;7~9;5~8;6~9;51~63;0~2;0~0;1~5;5~9;4~9;0~1;0~2;72~121;5~9;1~3;0~2;0~1;Social Media~Gaming~Other;1~10;4~7;9.1
13~16;Female~Other;7~9;5~8;6~9;51~63;0~2;0~0;1~5;5~9;4~9;0~1;0~2;72~121;5~9;1~3;0~2;0~1;Social Media~Gaming~Other;1~10;4~7;10.0
13~16;Female~Other;7~9;5~8;6~9;51~63;0~2;0~0;1~5;5~9;4~9;0~1;0~2;72~121;5~9;1~3;0~2;0~1;Social Media~Gaming~Other;1~10;4~7;9.6
13~16;Female~Other;7~9;5~7;7~9;50~63;0~4;0~0;6~10;1~4;5~9;0~1;0~2;20~148;6~20;1~3;0~3;0~2;Browsing~Education~Social Media~Gaming~Other;1~10;2~8;10.0
13~16;Female~Other;7~9;5~7;7~9;50~63;0~4;0~0;6~10;1~4;5~9;0~1;0~2;20~148;6~20;1~3;0~3;0~2;Browsing~Education~Social Media~Gaming~Other;1~10;2~8;10.0
13~16;Female~Other;7~9;5~7;7~9;50~63;0~4;0~0;6~10;1~4;5~9;0~1;0~2;20~148;6~20;1~3;0~3;0~2;Browsing~Education~Social Media~Gaming~Other;1~10;2~8;6.8
13~16;Female~Other;7~9;5~7;7~9;50~63;0~4;0~0;6~10;1~4;5~9;0~1;0~2;20~148;6~20;1~3;0~3;0~2;Browsing~Education~Social Media~Gaming~Other;1~10;2~8;10.0
13~16;Female~Other;7~9;5~7;7~9;50~63;0~4;0~0;6~10;1~4;5~9;0~1;0~2;20~148;6~20;1~3;0~3;0~2;Browsing~Education~Social Media~Gaming~Other;1~10;2~8;7.4
13~16;Female~Other;7~8;5~7;6~8;53~67;1~4;0~0;6~10;5~10;1~10;0~1;0~1;24~97;12~18;0~5;1~3;0~1;Browsing~Education~Social Media~Gaming~Other;2~7;4~9;8.8
13~16;Female~Other;7~8;5~7;6~8;53~67;1~4;0~0;6~10;5~10;1~10;0~1;0~1;24~97;12~18;0~5;1~3;0~1;Browsing~Education~Social Media~Gaming~Other;2~7;4~9;10.0
13~16;Female~Other;7~8;5~7;6~8;53~67;1~4;0~0;6~10;5~10;1~10;0~1;0~1;24~97;12~18;0~5;1~3;0~1;Browsing~Education~Social Media~Gaming~Other;2~7;4~9;10.0
13~16;Female~Other;7~8;5~7;6~8;53~67;1~4;0~0;6~10;5~10;1~10;0~1;0~1;24~97;12~18;0~5;1~3;0~1;Browsing~Education~Social Media~Gaming~Other;2~7;4~9;9.0
13~16;Female~Other;7~8;5~7;6~8;53~67;1~4;0~0;6~10;5~10;1~10;0~1;0~1;24~97;12~18;0~5;1~3;0~1;Browsing~Education~Social Media~Gaming~Other;2~7;4~9;9.6
13~16;Female~Other;7~8;5~7;6~8;53~67;1~4;0~0;6~10;5~10;1~10;0~1;0~1;24~97;12~18;0~5;1~3;0~1;Browsing~Education~Social Media~Gaming~Other;2~7;4~9;10.0
13~16;Female~Other;7~8;5~8;7~8;52~72;0~3;1~1;2~5;2~9;7~10;0;0~1;75~145;6~20;0~3;0~2;0~2;Browsing~Education~Social Media~Gaming~Other;1~9;3~6;10.0
13~16;Female~Other;7~8;5~8;7~8;52~72;0~3;1~1;2~5;2~9;7~10;0;0~1;75~145;6~20;0~3;0~2;0~2;Browsing~Education~Social Media~Gaming~Other;1~9;3~6;10.0
13~16;Female~Other;7~8;5~8;7~8;52~72;0~3;1~1;2~5;2~9;7~10;0;0~1;75~145;6~20;0~3;0~2;0~2;Browsing~Education~Social Media~Gaming~Other;1~9;3~6;10.0
13~16;Female~Other;7~8;5~8;7~8;52~72;0~3;1~1;2~5;2~9;7~10;0;0~1;75~145;6~20;0~3;0~2;0~2;Browsing~Education~Social Media~Gaming~Other;1~9;3~6;6.0
13~16;Female~Other;7~8;5~8;7~8;52~72;0~3;1~1;2~5;2~9;7~10;0;0~1;75~145;6~20;0~3;0~2;0~2;Browsing~Education~Social Media~Gaming~Other;1~9;3~6;10.0
13~16;Female~Other;7~9;5~10;6~9;50~73;0~4;1~3;2~4;1~10;1~7;1;0~1;32~147;10~18;1~3;0~3;0~1;Browsing~Education~Social Media~Gaming;2~6;4~11;10.0
13~16;Female~Other;7~9;5~10;6~9;50~73;0~4;1~3;2~4;1~10;1~7;1;0~1;32~147;10~18;1~3;0~3;0~1;Browsing~Education~Social Media~Gaming;2~6;4~11;10.0
13~16;Female~Other;7~9;5~10;6~9;50~73;0~4;1~3;2~4;1~10;1~7;1;0~1;32~147;10~18;1~3;0~3;0~1;Browsing~Education~Social Media~Gaming;2~6;4~11;10.0
13~16;Female~Other;7~9;5~10;6~9;50~73;0~4;1~3;2~4;1~10;1~7;1;0~1;32~147;10~18;1~3;0~3;0~1;Browsing~Education~Social Media~Gaming;2~6;4~11;10.0
13~16;Female~Other;7~9;5~10;6~9;50~73;0~4;1~3;2~4;1~10;1~7;1;0~1;32~147;10~18;1~3;0~3;0~1;Browsing~Education~Social Media~Gaming;2~6;4~11;10.0
13~16;Female~Other;7~9;5~7;6~9;50~71;0~5;1~1;6~10;3~9;2~10;0~1;0~1;46~146;9~19;1~3;0~3;0~1;Browsing~Education~Social Media~Gaming~Other;2~10;0~7;10.0
13~16;Female~Other;7~9;5~7;6~9;50~71;0~5;1~1;6~10;3~9;2~10;0~1;0~1;46~146;9~19;1~3;0~3;0~1;Browsing~Education~Social Media~Gaming~Other;2~10;0~7;10.0
13~16;Female~Other;7~9;5~7;6~9;50~71;0~5;1~1;6~10;3~9;2~10;0~1;0~1;46~146;9~19;1~3;0~3;0~1;Browsing~Education~Social Media~Gaming~Other;2~10;0~7;10.0
13~16;Female~Other;7~9;5~7;6~9;50~71;0~5;1~1;6~10;3~9;2~10;0~1;0~1;46~146;9~19;1~3;0~3;0~1;Browsing~Education~Social Media~Gaming~Other;2~10;0~7;9.9
13~16;Female~Other;7~9;5~7;6~9;50~71;0~5;1~1;6~10;3~9;2~10;0~1;0~1;46~146;9~19;1~3;0~3;0~1;Browsing~Education~Social Media~Gaming~Other;2~10;0~7;10.0
13~16;Female~Other;7~9;5~7;6~9;50~71;0~5;1~1;6~10;3~9;2~10;0~1;0~1;46~146;9~19;1~3;0~3;0~1;Browsing~Education~Social Media~Gaming~Other;2~10;0~7;10.0
13~16;Female~Other;7~9;5~7;6~9;50~71;0~5;1~1;6~10;3~9;2~10;0~1;0~1;46~146;9~19;1~3;0~3;0~1;Browsing~Education~Social Media~Gaming~Other;2~10;0~7;10.0
13~16;Female~Other;7~9;5~7;6~9;50~71;0~5;1~1;6~10;3~9;2~10;0~1;0~1;46~146;9~19;1~3;0~3;0~1;Browsing~Education~Social Media~Gaming~Other;2~10;0~7;10.0
13~16;Female~Other;7~9;5~7;6~9;50~71;0~5;1~1;6~10;3~9;2~10;0~1;0~1;46~146;9~19;1~3;0~3;0~1;Browsing~Education~Social Media~Gaming~Other;2~10;0~7;9.6
14~16;Female~Other;7~8;5~8;6~9;56~66;6~10;0~1;1~5;2~10;6~10;0~1;0~1;36~131;5~19;0~4;0~3;0~3;Browsing~Education~Social Media~Gaming~Other;2~9;1~7;10.0
14~16;Female~Other;7~8;5~8;6~9;56~66;6~10;0~1;1~5;2~10;6~10;0~1;0~1;36~131;5~19;0~4;0~3;0~3;Browsing~Education~Social Media~Gaming~Other;2~9;1~7;7.1
14~16;Female~Other;7~8;5~8;6~9;56~66;6~10;0~1;1~5;2~10;6~10;0~1;0~1;36~131;5~19;0~4;0~3;0~3;Browsing~Education~Social Media~Gaming~Other;2~9;1~7;9.1
14~16;Female~Other;7~8;5~8;6~9;56~66;6~10;0~1;1~5;2~10;6~10;0~1;0~1;36~131;5~19;0~4;0~3;0~3;Browsing~Education~Social Media~Gaming~Other;2~9;1~7;10.0
14~16;Female~Other;7~8;5~8;6~9;56~66;6~10;0~1;1~5;2~10;6~10;0~1;0~1;36~131;5~19;0~4;0~3;0~3;Browsing~Education~Social Media~Gaming~Other;2~9;1~7;9.7
14~16;Female~Other;7~8;5~8;6~9;56~66;6~10;0~1;1~5;2~10;6~10;0~1;0~1;36~131;5~19;0~4;0~3;0~3;Browsing~Education~Social Media~Gaming~Other;2~9;1~7;10.0
14~16;Female~Other;7~8;5~8;6~9;56~66;6~10;0~1;1~5;2~10;6~10;0~1;0~1;36~131;5~19;0~4;0~3;0~3;Browsing~Education~Social Media~Gaming~Other;2~9;1~7;10.0
14~16;Female~Other;7~8;5~8;6~9;56~66;6~10;0~1;1~5;2~10;6~10;0~1;0~1;36~131;5~19;0~4;0~3;0~3;Browsing~Education~Social Media~Gaming~Other;2~9;1~7;10.0
13~16;Female~Other;7~9;5~8;6~9;58~73;7~10;0~1;6~10;2~10;2~9;0~1;0~1;26~148;5~14;0~4;0~2;0~1;Browsing~Education~Social Media~Gaming~Other;2~9;4~8;10.0
13~16;Female~Other;7~9;5~8;6~9;58~73;7~10;0~1;6~10;2~10;2~9;0~1;0~1;26~148;5~14;0~4;0~2;0~1;Browsing~Education~Social Media~Gaming~Other;2~9;4~8;10.0
13~16;Female~Other;7~9;5~8;6~9;58~73;7~10;0~1;6~10;2~10;2~9;0~1;0~1;26~148;5~14;0~4;0~2;0~1;Browsing~Education~Social Media~Gaming~Other;2~9;4~8;10.0
13~16;Female~Other;7~9;5~8;6~9;58~73;7~10;0~1;6~10;2~10;2~9;0~1;0~1;26~148;5~14;0~4;0~2;0~1;Browsing~Education~Social Media~Gaming~Other;2~9;4~8;10.0
13~16;Female~Other;7~9;5~8;6~9;58~73;7~10;0~1;6~10;2~10;2~9;0~1;0~1;26~148;5~14;0~4;0~2;0~1;Browsing~Education~Social Media~Gaming~Other;2~9;4~8;10.0
13~16;Female~Other;7~9;5~8;6~9;58~73;7~10;0~1;6~10;2~10;2~9;0~1;0~1;26~148;5~14;0~4;0~2;0~1;Browsing~Education~Social Media~Gaming~Other;2~9;4~8;10.0
13~16;Female~Other;7~9;5~8;6~9;58~73;7~10;0~1;6~10;2~10;2~9;0~1;0~1;26~148;5~14;0~4;0~2;0~1;Browsing~Education~Social Media~Gaming~Other;2~9;4~8;5.9
13~16;Female~Other;7~9;5~8;6~9;58~73;7~10;0~1;6~10;2~10;2~9;0~1;0~1;26~148;5~14;0~4;0~2;0~1;Browsing~Education~Social Media~Gaming~Other;2~9;4~8;10.0
13~16;Female~Other;7~9;5~7;6~9;50~70;6~9;1~2;1~5;3~10;2~9;0~1;0~2;24~137;5~15;1~3;0~2;0~2;Browsing~Education~Social Media~Gaming~Other;4~10;2~9;10.0
13~16;Female~Other;7~9;5~7;6~9;50~70;6~9;1~2;1~5;3~10;2~9;0~1;0~2;24~137;5~15;1~3;0~2;0~2;Browsing~Education~Social Media~Gaming~Other;4~10;2~9;10.0
13~16;Female~Other;7~9;5~7;6~9;50~70;6~9;1~2;1~5;3~10;2~9;0~1;0~2;24~137;5~15;1~3;0~2;0~2;Browsing~Education~Social Media~Gaming~Other;4~10;2~9;8.5
13~16;Female~Other;7~9;5~7;6~9;50~70;6~9;1~2;1~5;3~10;2~9;0~1;0~2;24~137;5~15;1~3;0~2;0~2;Browsing~Education~Social Media~Gaming~Other;4~10;2~9;10.0
13~16;Female~Other;7~9;5~7;6~9;50~70;6~9;1~2;1~5;3~10;2~9;0~1;0~2;24~137;5~15;1~3;0~2;0~2;Browsing~Education~Social Media~Gaming~Other;4~10;2~9;10.0
13~16;Female~Other;7~9;5~7;6~9;50~70;6~9;1~2;1~5;3~10;2~9;0~1;0~2;24~137;5~15;1~3;0~2;0~2;Browsing~Education~Social Media~Gaming~Other;4~10;2~9;10.0
13~16;Female~Other;7~9;5~7;6~9;50~70;6~9;1~2;1~5;3~10;2~9;0~1;0~2;24~137;5~15;1~3;0~2;0~2;Browsing~Education~Social Media~Gaming~Other;4~10;2~9;8.6
13~16;Female~Other;7~9;5~7;6~9;50~70;6~9;1~2;1~5;3~10;2~9;0~1;0~2;24~137;5~15;1~3;0~2;0~2;Browsing~Education~Social Media~Gaming~Other;4~10;2~9;8.0
13~16;Female~Other;7~9;5~8;6~9;50~73;6~8;1~2;6~10;1~10;1~9;0~1;0~2;28~149;5~20;0~4;0~3;0~1;Education~Social Media~Gaming~Other;1~9;3~7;7.3
13~16;Female~Other;7~9;5~8;6~9;50~73;6~8;1~2;6~10;1~10;1~9;0~1;0~2;28~149;5~20;0~4;0~3;0~1;Education~Social Media~Gaming~Other;1~9;3~7;10.0
13~16;Female~Other;7~9;5~8;6~9;50~73;6~8;1~2;6~10;1~10;1~9;0~1;0~2;28~149;5~20;0~4;0~3;0~1;Education~Social Media~Gaming~Other;1~9;3~7;8.2
13~16;Female~Other;7~9;5~8;6~9;50~73;6~8;1~2;6~10;1~10;1~9;0~1;0~2;28~149;5~20;0~4;0~3;0~1;Education~Social Media~Gaming~Other;1~9;3~7;10.0
13~16;Female~Other;7~9;5~8;6~9;50~73;6~8;1~2;6~10;1~10;1~9;0~1;0~2;28~149;5~20;0~4;0~3;0~1;Education~Social Media~Gaming~Other;1~9;3~7;7.8
13~16;Female~Other;7~9;5~8;6~9;50~73;6~8;1~2;6~10;1~10;1~9;0~1;0~2;28~149;5~20;0~4;0~3;0~1;Education~Social Media~Gaming~Other;1~9;3~7;5.4
13~16;Female~Other;7~9;5~8;6~9;50~73;6~8;1~2;6~10;1~10;1~9;0~1;0~2;28~149;5~20;0~4;0~3;0~1;Education~Social Media~Gaming~Other;1~9;3~7;10.0
13~16;Female~Other;7~9;5~8;6~9;50~73;6~8;1~2;6~10;1~10;1~9;0~1;0~2;28~149;5~20;0~4;0~3;0~1;Education~Social Media~Gaming~Other;1~9;3~7;10.0
14~16;Female~Other;7~9;5~7;7~8;74~99;1~5;0~0;2~5;1~3;1~10;0~1;0~1;85~145;8~15;0~2;0~2;0~1;Browsing~Education~Social Media~Gaming~Other;3~10;2~8;9.0
14~16;Female~Other;7~9;5~7;7~8;74~99;1~5;0~0;2~5;1~3;1~10;0~1;0~1;85~145;8~15;0~2;0~2;0~1;Browsing~Education~Social Media~Gaming~Other;3~10;2~8;10.0
14~16;Female~Other;7~9;5~7;7~8;74~99;1~5;0~0;2~5;1~3;1~10;0~1;0~1;85~145;8~15;0~2;0~2;0~1;Browsing~Education~Social Media~Gaming~Other;3~10;2~8;8.4
14~16;Female~Other;7~9;5~7;7~8;74~99;1~5;0~0;2~5;1~3;1~10;0~1;0~1;85~145;8~15;0~2;0~2;0~1;Browsing~Education~Social Media~Gaming~Other;3~10;2~8;10.0
14~16;Female~Other;7~9;5~7;7~8;74~99;1~5;0~0;2~5;1~3;1~10;0~1;0~1;85~145;8~15;0~2;0~2;0~1;Browsing~Education~Social Media~Gaming~Other;3~10;2~8;10.0
13~16;Female~Other;7~9;5~9;7~8;76~96;0~5;0~1;1~4;4~10;3~9;0~1;0~1;21~144;5~20;0~5;0~2;0~2;Education~Social Media~Gaming;2~10;1~7;8.0
13~16;Female~Other;7~9;5~9;7~8;76~96;0~5;0~1;1~4;4~10;3~9;0~1;0~1;21~144;5~20;0~5;0~2;0~2;Education~Social Media~Gaming;2~10;1~7;8.7
13~16;Female~Other;7~9;5~9;7~8;76~96;0~5;0~1;1~4;4~10;3~9;0~1;0~1;21~144;5~20;0~5;0~2;0~2;Education~Social Media~Gaming;2~10;1~7;8.8
13~16;Female~Other;7~9;5~9;7~8;76~96;0~5;0~1;1~4;4~10;3~9;0~1;0~1;21~144;5~20;0~5;0~2;0~2;Education~Social Media~Gaming;2~10;1~7;10.0
13~16;Female~Other;7~9;5~9;7~8;76~96;0~5;0~1;1~4;4~10;3~9;0~1;0~1;21~144;5~20;0~5;0~2;0~2;Education~Social Media~Gaming;2~10;1~7;10.0
13~16;Female~Other;7~9;5~9;7~8;76~96;0~5;0~1;1~4;4~10;3~9;0~1;0~1;21~144;5~20;0~5;0~2;0~2;Education~Social Media~Gaming;2~10;1~7;10.0
13~16;Female~Other;7~9;5~7;6~8;77~100;0~2;0~0;7~10;1~3;3~5;0~1;0~1;54~141;5~20;0~5;0~1;0~1;Browsing~Education~Social Media~Gaming~Other;3~9;6~8;10.0
13~16;Female~Other;7~9;5~7;6~8;77~100;0~2;0~0;7~10;1~3;3~5;0~1;0~1;54~141;5~20;0~5;0~1;0~1;Browsing~Education~Social Media~Gaming~Other;3~9;6~8;9.9
13~16;Female~Other;7~9;5~7;6~8;77~100;0~2;0~0;7~10;1~3;3~5;0~1;0~1;54~141;5~20;0~5;0~1;0~1;Browsing~Education~Social Media~Gaming~Other;3~9;6~8;10.0
13~16;Female~Other;7~9;5~7;6~8;77~100;0~2;0~0;7~10;1~3;3~5;0~1;0~1;54~141;5~20;0~5;0~1;0~1;Browsing~Education~Social Media~Gaming~Other;3~9;6~8;7.8
13~16;Female~Other;7~9;5~7;6~8;77~100;0~2;0~0;7~10;1~3;3~5;0~1;0~1;54~141;5~20;0~5;0~1;0~1;Browsing~Education~Social Media~Gaming~Other;3~9;6~8;10.0
14~16;Female;7~9;5~7;6~9;75~90;0~5;0~1;6~9;4~9;2~10;0~1;0~1;28~138;6~17;1~4;0~2;0~1;Education~Social Media~Gaming~Other;2~10;5~9;10.0
14~16;Female;7~9;5~7;6~9;75~90;0~5;0~1;6~9;4~9;2~10;0~1;0~1;28~138;6~17;1~4;0~2;0~1;Education~Social Media~Gaming~Other;2~10;5~9;10.0
14~16;Female;7~9;5~7;6~9;75~90;0~5;0~1;6~9;4~9;2~10;0~1;0~1;28~138;6~17;1~4;0~2;0~1;Education~Social Media~Gaming~Other;2~10;5~9;10.0
14~16;Female;7~9;5~7;6~9;75~90;0~5;0~1;6~9;4~9;2~10;0~1;0~1;28~138;6~17;1~4;0~2;0~1;Education~Social Media~Gaming~Other;2~10;5~9;10.0
14~16;Female;7~9;5~7;6~9;75~90;0~5;0~1;6~9;4~9;2~10;0~1;0~1;28~138;6~17;1~4;0~2;0~1;Education~Social Media~Gaming~Other;2~10;5~9;10.0
14~16;Female;7~9;5~7;6~9;75~90;0~5;0~1;6~9;4~9;2~10;0~1;0~1;28~138;6~17;1~4;0~2;0~1;Education~Social Media~Gaming~Other;2~10;5~9;10.0
13~16;Female~Other;7~9;5~11;6~8;79~98;0~5;1~2;1~5;1~5;2~10;0~1;0~1;25~149;7~18;0~3;0~2;0~2;Browsing~Education~Social Media~Gaming~Other;2~10;0~8;9.3
13~16;Female~Other;7~9;5~11;6~8;79~98;0~5;1~2;1~5;1~5;2~10;0~1;0~1;25~149;7~18;0~3;0~2;0~2;Browsing~Education~Social Media~Gaming~Other;2~10;0~8;9.3
13~16;Female~Other;7~9;5~11;6~8;79~98;0~5;1~2;1~5;1~5;2~10;0~1;0~1;25~149;7~18;0~3;0~2;0~2;Browsing~Education~Social Media~Gaming~Other;2~10;0~8;5.3
13~16;Female~Other;7~9;5~11;6~8;79~98;0~5;1~2;1~5;1~5;2~10;0~1;0~1;25~149;7~18;0~3;0~2;0~2;Browsing~Education~Social Media~Gaming~Other;2~10;0~8;10.0
13~16;Female~Other;7~9;5~11;6~8;79~98;0~5;1~2;1~5;1~5;2~10;0~1;0~1;25~149;7~18;0~3;0~2;0~2;Browsing~Education~Social Media~Gaming~Other;2~10;0~8;9.9
13~16;Female~Other;7~9;5~11;6~8;79~98;0~5;1~2;1~5;1~5;2~10;0~1;0~1;25~149;7~18;0~3;0~2;0~2;Browsing~Education~Social Media~Gaming~Other;2~10;0~8;10.0
13~16;Female~Other;7~9;5~11;6~8;79~98;0~5;1~2;1~5;1~5;2~10;0~1;0~1;25~149;7~18;0~3;0~2;0~2;Browsing~Education~Social Media~Gaming~Other;2~10;0~8;10.0
13~16;Female~Other;7~9;5~11;6~8;79~98;0~5;1~2;1~5;1~5;2~10;0~1;0~1;25~149;7~18;0~3;0~2;0~2;Browsing~Education~Social Media~Gaming~Other;2~10;0~8;10.0
13~16;Female~Other;7~9;5~7;6~8;80~98;2~5;1~2;1~5;6~9;2~10;0~1;0~1;45~134;5~16;1~3;1~2;0~2;Browsing~Education~Social Media~Gaming~Other;4~7;5~8;10.0
13~16;Female~Other;7~9;5~7;6~8;80~98;2~5;1~2;1~5;6~9;2~10;0~1;0~1;45~134;5~16;1~3;1~2;0~2;Browsing~Education~Social Media~Gaming~Other;4~7;5~8;10.0
13~16;Female~Other;7~9;5~7;6~8;80~98;2~5;1~2;1~5;6~9;2~10;0~1;0~1;45~134;5~16;1~3;1~2;0~2;Browsing~Education~Social Media~Gaming~Other;4~7;5~8;10.0
13~16;Female~Other;7~9;5~7;6~8;80~98;2~5;1~2;1~5;6~9;2~10;0~1;0~1;45~134;5~16;1~3;1~2;0~2;Browsing~Education~Social Media~Gaming~Other;4~7;5~8;8.3
13~16;Female~Other;7~9;5~7;6~8;80~98;2~5;1~2;1~5;6~9;2~10;0~1;0~1;45~134;5~16;1~3;1~2;0~2;Browsing~Education~Social Media~Gaming~Other;4~7;5~8;10.0
13~16;Female~Other;7~9;5~7;6~8;80~98;2~5;1~2;1~5;6~9;2~10;0~1;0~1;45~134;5~16;1~3;1~2;0~2;Browsing~Education~Social Media~Gaming~Other;4~7;5~8;7.9
13~16;Female~Other;7~9;5~9;7~10;83~100;0~5;1~2;6~10;1~10;1~10;0~1;0~2;36~128;7~20;1~4;0~3;0~1;Education~Social Media~Gaming~Other;1~9;1~8;10.0
13~16;Female~Other;7~9;5~9;7~10;83~100;0~5;1~2;6~10;1~10;1~10;0~1;0~2;36~128;7~20;1~4;0~3;0~1;Education~Social Media~Gaming~Other;1~9;1~8;10.0
13~16;Female~Other;7~9;5~9;7~10;83~100;0~5;1~2;6~10;1~10;1~10;0~1;0~2;36~128;7~20;1~4;0~3;0~1;Education~Social Media~Gaming~Other;1~9;1~8;9.7
13~16;Female~Other;7~9;5~9;7~10;83~100;0~5;1~2;6~10;1~10;1~10;0~1;0~2;36~128;7~20;1~4;0~3;0~1;Education~Social Media~Gaming~Other;1~9;1~8;10.0
13~16;Female~Other;7~9;5~9;7~10;83~100;0~5;1~2;6~10;1~10;1~10;0~1;0~2;36~128;7~20;1~4;0~3;0~1;Education~Social Media~Gaming~Other;1~9;1~8;10.0
13~16;Female~Other;7~9;5~9;7~10;83~100;0~5;1~2;6~10;1~10;1~10;0~1;0~2;36~128;7~20;1~4;0~3;0~1;Education~Social Media~Gaming~Other;1~9;1~8;10.0
13~16;Female~Other;7~9;5~9;7~10;83~100;0~5;1~2;6~10;1~10;1~10;0~1;0~2;36~128;7~20;1~4;0~3;0~1;Education~Social Media~Gaming~Other;1~9;1~8;10.0
13~16;Female~Other;7~9;5~9;7~10;83~100;0~5;1~2;6~10;1~10;1~10;0~1;0~2;36~128;7~20;1~4;0~3;0~1;Education~Social Media~Gaming~Other;1~9;1~8;10.0
13~16;Female~Other;7~9;5~9;7~10;83~100;0~5;1~2;6~10;1~10;1~10;0~1;0~2;36~128;7~20;1~4;0~3;0~1;Education~Social Media~Gaming~Other;1~9;1~8;10.0
13~15;Female~Other;7~9;5~8;6~8;83~99;7~9;0~0;1~4;2~10;1~8;0~1;0~1;55~149;5~19;0~3;0~3;0~2;Education~Social Media~Gaming~Other;2~10;1~7;10.0
13~15;Female~Other;7~9;5~8;6~8;83~99;7~9;0~0;1~4;2~10;1~8;0~1;0~1;55~149;5~19;0~3;0~3;0~2;Education~Social Media~Gaming~Other;2~10;1~7;10.0
13~15;Female~Other;7~9;5~8;6~8;83~99;7~9;0~0;1~4;2~10;1~8;0~1;0~1;55~149;5~19;0~3;0~3;0~2;Education~Social Media~Gaming~Other;2~10;1~7;9.1
13~15;Female~Other;7~9;5~8;6~8;83~99;7~9;0~0;1~4;2~10;1~8;0~1;0~1;55~149;5~19;0~3;0~3;0~2;Education~Social Media~Gaming~Other;2~10;1~7;8.1
13~15;Female~Other;7~9;5~8;6~8;83~99;7~9;0~0;1~4;2~10;1~8;0~1;0~1;55~149;5~19;0~3;0~3;0~2;Education~Social Media~Gaming~Other;2~10;1~7;10.0
13~15;Female~Other;7~9;5~8;6~8;83~99;7~9;0~0;1~4;2~10;1~8;0~1;0~1;55~149;5~19;0~3;0~3;0~2;Education~Social Media~Gaming~Other;2~10;1~7;10.0
13~15;Female~Other;7~9;5~8;6~8;83~99;7~9;0~0;1~4;2~10;1~8;0~1;0~1;55~149;5~19;0~3;0~3;0~2;Education~Social Media~Gaming~Other;2~10;1~7;10.0
13~16;Female~Other;7~9;5~7;6~9;74~99;7~10;0~0;5~10;1~10;1~9;0~1;0~1;56~136;6~19;0~3;0~3;0~2;Browsing~Education~Social Media~Gaming~Other;4~10;1~10;10.0
13~16;Female~Other;7~9;5~7;6~9;74~99;7~10;0~0;5~10;1~10;1~9;0~1;0~1;56~136;6~19;0~3;0~3;0~2;Browsing~Education~Social Media~Gaming~Other;4~10;1~10;9.9
13~16;Female~Other;7~9;5~7;6~9;74~99;7~10;0~0;5~10;1~10;1~9;0~1;0~1;56~136;6~19;0~3;0~3;0~2;Browsing~Education~Social Media~Gaming~Other;4~10;1~10;9.8
13~16;Female~Other;7~9;5~7;6~9;74~99;7~10;0~0;5~10;1~10;1~9;0~1;0~1;56~136;6~19;0~3;0~3;0~2;Browsing~Education~Social Media~Gaming~Other;4~10;1~10;10.0
13~16;Female~Other;7~9;5~7;6~9;74~99;7~10;0~0;5~10;1~10;1~9;0~1;0~1;56~136;6~19;0~3;0~3;0~2;Browsing~Education~Social Media~Gaming~Other;4~10;1~10;9.8
13~16;Female~Other;7~9;5~7;6~9;74~99;7~10;0~0;5~10;1~10;1~9;0~1;0~1;56~136;6~19;0~3;0~3;0~2;Browsing~Education~Social Media~Gaming~Other;4~10;1~10;10.0
13~16;Female~Other;7~9;5~7;6~9;74~99;7~10;0~0;5~10;1~10;1~9;0~1;0~1;56~136;6~19;0~3;0~3;0~2;Browsing~Education~Social Media~Gaming~Other;4~10;1~10;10.0
13~16;Female~Other;7~9;5~10;6~9;78~100;6~10;1~2;1~7;1~9;5~9;0~1;0~2;21~139;8~20;1~3;0~2;0~1;Browsing~Education~Social Media~Gaming~Other;1~10;3~8;10.0
13~16;Female~Other;7~9;5~10;6~9;78~100;6~10;1~2;1~7;1~9;5~9;0~1;0~2;21~139;8~20;1~3;0~2;0~1;Browsing~Education~Social Media~Gaming~Other;1~10;3~8;10.0
13~16;Female~Other;7~9;5~10;6~9;78~100;6~10;1~2;1~7;1~9;5~9;0~1;0~2;21~139;8~20;1~3;0~2;0~1;Browsing~Education~Social Media~Gaming~Other;1~10;3~8;10.0
13~16;Female~Other;7~9;5~10;6~9;78~100;6~10;1~2;1~7;1~9;5~9;0~1;0~2;21~139;8~20;1~3;0~2;0~1;Browsing~Education~Social Media~Gaming~Other;1~10;3~8;10.0
13~16;Female~Other;7~9;5~10;6~9;78~100;6~10;1~2;1~7;1~9;5~9;0~1;0~2;21~139;8~20;1~3;0~2;0~1;Browsing~Education~Social Media~Gaming~Other;1~10;3~8;10.0
13~16;Female~Other;7~9;5~10;6~9;78~100;6~10;1~2;1~7;1~9;5~9;0~1;0~2;21~139;8~20;1~3;0~2;0~1;Browsing~Education~Social Media~Gaming~Other;1~10;3~8;10.0
13~16;Female~Other;7~9;5~10;6~9;78~100;6~10;1~2;1~7;1~9;5~9;0~1;0~2;21~139;8~20;1~3;0~2;0~1;Browsing~Education~Social Media~Gaming~Other;1~10;3~8;10.0
13~16;Female~Other;7~9;5~10;6~9;78~100;6~10;1~2;1~7;1~9;5~9;0~1;0~2;21~139;8~20;1~3;0~2;0~1;Browsing~Education~Social Media~Gaming~Other;1~10;3~8;10.0
13~16;Female~Other;7~9;5~10;7~9;81~100;7~10;0~2;8~10;1~10;1~9;0~1;0~1;39~148;5~20;1~3;0~2;0~2;Browsing~Education~Social Media~Gaming~Other;1~10;2~9;10.0
13~16;Female~Other;7~9;5~10;7~9;81~100;7~10;0~2;8~10;1~10;1~9;0~1;0~1;39~148;5~20;1~3;0~2;0~2;Browsing~Education~Social Media~Gaming~Other;1~10;2~9;10.0
13~16;Female~Other;7~9;5~10;7~9;81~100;7~10;0~2;8~10;1~10;1~9;0~1;0~1;39~148;5~20;1~3;0~2;0~2;Browsing~Education~Social Media~Gaming~Other;1~10;2~9;7.9
13~16;Female~Other;7~9;5~10;7~9;81~100;7~10;0~2;8~10;1~10;1~9;0~1;0~1;39~148;5~20;1~3;0~2;0~2;Browsing~Education~Social Media~Gaming~Other;1~10;2~9;10.0
13~16;Female~Other;7~9;5~10;7~9;81~100;7~10;0~2;8~10;1~10;1~9;0~1;0~1;39~148;5~20;1~3;0~2;0~2;Browsing~Education~Social Media~Gaming~Other;1~10;2~9;10.0
13~16;Female~Other;7~9;5~10;7~9;81~100;7~10;0~2;8~10;1~10;1~9;0~1;0~1;39~148;5~20;1~3;0~2;0~2;Browsing~Education~Social Media~Gaming~Other;1~10;2~9;10.0
13~16;Female~Other;10~12;0~4;3~6;50~70;0~5;0~0;1~4;4~10;2~9;0~1;0~1;32~134;7~19;1~3;0~2;0~1;Browsing~Education~Social Media~Gaming~Other;3~10;2~10;8.5
13~16;Female~Other;10~12;0~4;3~6;50~70;0~5;0~0;1~4;4~10;2~9;0~1;0~1;32~134;7~19;1~3;0~2;0~1;Browsing~Education~Social Media~Gaming~Other;3~10;2~10;7.6
13~16;Female~Other;10~12;0~4;3~6;50~70;0~5;0~0;1~4;4~10;2~9;0~1;0~1;32~134;7~19;1~3;0~2;0~1;Browsing~Education~Social Media~Gaming~Other;3~10;2~10;6.1
13~16;Female~Other;10~12;0~4;3~6;50~70;0~5;0~0;1~4;4~10;2~9;0~1;0~1;32~134;7~19;1~3;0~2;0~1;Browsing~Education~Social Media~Gaming~Other;3~10;2~10;10.0
13~16;Female~Other;10~12;0~4;3~6;50~70;0~5;0~0;1~4;4~10;2~9;0~1;0~1;32~134;7~19;1~3;0~2;0~1;Browsing~Education~Social Media~Gaming~Other;3~10;2~10;8.4
13~16;Female~Other;10~12;0~4;3~6;50~70;0~5;0~0;1~4;4~10;2~9;0~1;0~1;32~134;7~19;1~3;0~2;0~1;Browsing~Education~Social Media~Gaming~Other;3~10;2~10;10.0
13~16;Female~Other;10~12;0~4;3~6;50~70;0~5;0~0;1~4;4~10;2~9;0~1;0~1;32~134;7~19;1~3;0~2;0~1;Browsing~Education~Social Media~Gaming~Other;3~10;2~10;7.9
13~16;Female~Other;10~12;0~4;3~6;50~70;0~5;0~0;1~4;4~10;2~9;0~1;0~1;32~134;7~19;1~3;0~2;0~1;Browsing~Education~Social Media~Gaming~Other;3~10;2~10;9.2
13~16;Female~Other;10~12;0~4;3~6;50~70;0~5;0~0;1~4;4~10;2~9;0~1;0~1;32~134;7~19;1~3;0~2;0~1;Browsing~Education~Social Media~Gaming~Other;3~10;2~10;7.2
13~16;Female~Other;10~12;2~4;3~6;54~71;1~4;0~1;5~9;2;1~7;0~1;0~1;61~120;8~20;2~5;1~4;0~2;Browsing~Education~Social Media~Gaming;1~10;4~7;8.1
13~16;Female~Other;10~12;2~4;3~6;54~71;1~4;0~1;5~9;2;1~7;0~1;0~1;61~120;8~20;2~5;1~4;0~2;Browsing~Education~Social Media~Gaming;1~10;4~7;10.0
13~16;Female~Other;10~12;2~4;3~6;54~71;1~4;0~1;5~9;2;1~7;0~1;0~1;61~120;8~20;2~5;1~4;0~2;Browsing~Education~Social Media~Gaming;1~10;4~7;8.6
13~16;Female~Other;10~12;2~4;3~6;54~71;1~4;0~1;5~9;2;1~7;0~1;0~1;61~120;8~20;2~5;1~4;0~2;Browsing~Education~Social Media~Gaming;1~10;4~7;10.0
13~16;Female~Other;10~12;2~4;3~6;54~71;1~4;0~1;5~9;2;1~7;0~1;0~1;61~120;8~20;2~5;1~4;0~2;Browsing~Education~Social Media~Gaming;1~10;4~7;10.0
13~15;Female~Other;10~12;0~4;3~5;58~74;0~5;0~0;5~10;3~10;2~10;0~1;0~2;44~141;14~18;0~3;0~1;0~1;Education~Social Media~Gaming~Other;1~9;1~6;7.4
13~15;Female~Other;10~12;0~4;3~5;58~74;0~5;0~0;5~10;3~10;2~10;0~1;0~2;44~141;14~18;0~3;0~1;0~1;Education~Social Media~Gaming~Other;1~9;1~6;7.2
13~15;Female~Other;10~12;0~4;3~5;58~74;0~5;0~0;5~10;3~10;2~10;0~1;0~2;44~141;14~18;0~3;0~1;0~1;Education~Social Media~Gaming~Other;1~9;1~6;7.5
13~15;Female~Other;10~12;0~4;3~5;58~74;0~5;0~0;5~10;3~10;2~10;0~1;0~2;44~141;14~18;0~3;0~1;0~1;Education~Social Media~Gaming~Other;1~9;1~6;7.4
13~15;Female~Other;10~12;0~4;3~5;58~74;0~5;0~0;5~10;3~10;2~10;0~1;0~2;44~141;14~18;0~3;0~1;0~1;Education~Social Media~Gaming~Other;1~9;1~6;8.5
13~16;Female~Other;10~12;4~4;4~6;55~73;3~5;1~2;1~5;1~3;2~8;0~1;0~1;64~146;5~14;1~2;0~2;0~1;Education~Social Media~Gaming~Other;3~9;4~7;9.0
13~16;Female~Other;10~12;4~4;4~6;55~73;3~5;1~2;1~5;1~3;2~8;0~1;0~1;64~146;5~14;1~2;0~2;0~1;Education~Social Media~Gaming~Other;3~9;4~7;8.4
13~16;Female~Other;10~12;4~4;4~6;55~73;3~5;1~2;1~5;1~3;2~8;0~1;0~1;64~146;5~14;1~2;0~2;0~1;Education~Social Media~Gaming~Other;3~9;4~7;8.7
13~16;Female~Other;10~12;4~4;4~6;55~73;3~5;1~2;1~5;1~3;2~8;0~1;0~1;64~146;5~14;1~2;0~2;0~1;Education~Social Media~Gaming~Other;3~9;4~7;8.5
13~16;Female~Other;10~12;4~4;4~6;55~73;3~5;1~2;1~5;1~3;2~8;0~1;0~1;64~146;5~14;1~2;0~2;0~1;Education~Social Media~Gaming~Other;3~9;4~7;7.4
14~16;Female~Other;10~12;1~4;3~6;53~74;0~5;1~1;2~4;4~10;2~10;0~1;1~1;22~126;5~16;2~3;0~3;0~1;Browsing~Education~Social Media~Gaming~Other;1~7;3~7;8.5
14~16;Female~Other;10~12;1~4;3~6;53~74;0~5;1~1;2~4;4~10;2~10;0~1;1~1;22~126;5~16;2~3;0~3;0~1;Browsing~Education~Social Media~Gaming~Other;1~7;3~7;8.7
14~16;Female~Other;10~12;1~4;3~6;53~74;0~5;1~1;2~4;4~10;2~10;0~1;1~1;22~126;5~16;2~3;0~3;0~1;Browsing~Education~Social Media~Gaming~Other;1~7;3~7;10.0
14~16;Female~Other;10~12;1~4;3~6;53~74;0~5;1~1;2~4;4~10;2~10;0~1;1~1;22~126;5~16;2~3;0~3;0~1;Browsing~Education~Social Media~Gaming~Other;1~7;3~7;9.0
14~16;Female~Other;10~12;1~4;3~6;53~74;0~5;1~1;2~4;4~10;2~10;0~1;1~1;22~126;5~16;2~3;0~3;0~1;Browsing~Education~Social Media~Gaming~Other;1~7;3~7;6.9
14~16;Female~Other;10~11;1~4;4~6;59~74;1~4;1~2;8~10;1~6;1~10;0~1;1~1;22~119;13~20;0~3;1~3;0~1;Browsing~Education~Social Media~Gaming~Other;2~7;4~7;8.6
14~16;Female~Other;10~11;1~4;4~6;59~74;1~4;1~2;8~10;1~6;1~10;0~1;1~1;22~119;13~20;0~3;1~3;0~1;Browsing~Education~Social Media~Gaming~Other;2~7;4~7;10.0
14~16;Female~Other;10~11;1~4;4~6;59~74;1~4;1~2;8~10;1~6;1~10;0~1;1~1;22~119;13~20;0~3;1~3;0~1;Browsing~Education~Social Media~Gaming~Other;2~7;4~7;6.9
14~16;Female~Other;10~11;1~4;4~6;59~74;1~4;1~2;8~10;1~6;1~10;0~1;1~1;22~119;13~20;0~3;1~3;0~1;Browsing~Education~Social Media~Gaming~Other;2~7;4~7;10.0
14~16;Female~Other;10~11;1~4;4~6;59~74;1~4;1~2;8~10;1~6;1~10;0~1;1~1;22~119;13~20;0~3;1~3;0~1;Browsing~Education~Social Media~Gaming~Other;2~7;4~7;10.0
14~16;Female~Other;10~12;0~4;4~6;51~74;0~5;1~1;6~10;7~9;3~9;0~1;0~1;40~79;5~17;1~3;0~2;0~1;Browsing~Education~Social Media~Gaming;4~7;5~10;9.2
14~16;Female~Other;10~12;0~4;4~6;51~74;0~5;1~1;6~10;7~9;3~9;0~1;0~1;40~79;5~17;1~3;0~2;0~1;Browsing~Education~Social Media~Gaming;4~7;5~10;3.8
14~16;Female~Other;10~12;0~4;4~6;51~74;0~5;1~1;6~10;7~9;3~9;0~1;0~1;40~79;5~17;1~3;0~2;0~1;Browsing~Education~Social Media~Gaming;4~7;5~10;7.8
14~16;Female~Other;10~12;0~4;4~6;51~74;0~5;1~1;6~10;7~9;3~9;0~1;0~1;40~79;5~17;1~3;0~2;0~1;Browsing~Education~Social Media~Gaming;4~7;5~10;10.0
14~16;Female~Other;10~12;0~4;4~6;51~74;0~5;1~1;6~10;7~9;3~9;0~1;0~1;40~79;5~17;1~3;0~2;0~1;Browsing~Education~Social Media~Gaming;4~7;5~10;8.6
13~16;Female~Other;10~12;2~4;3~6;55~74;7~10;0~0;1~3;2~10;1~9;0~1;0~1;28~142;7~19;0~3;0~3;0~2;Browsing~Education~Social Media~Gaming~Other;1~9;2~7;8.2
13~16;Female~Other;10~12;2~4;3~6;55~74;7~10;0~0;1~3;2~10;1~9;0~1;0~1;28~142;7~19;0~3;0~3;0~2;Browsing~Education~Social Media~Gaming~Other;1~9;2~7;10.0
13~16;Female~Other;10~12;2~4;3~6;55~74;7~10;0~0;1~3;2~10;1~9;0~1;0~1;28~142;7~19;0~3;0~3;0~2;Browsing~Education~Social Media~Gaming~Other;1~9;2~7;9.7
13~16;Female~Other;10~12;2~4;3~6;55~74;7~10;0~0;1~3;2~10;1~9;0~1;0~1;28~142;7~19;0~3;0~3;0~2;Browsing~Education~Social Media~Gaming~Other;1~9;2~7;10.0
13~16;Female~Other;10~12;2~4;3~6;55~74;7~10;0~0;1~3;2~10;1~9;0~1;0~1;28~142;7~19;0~3;0~3;0~2;Browsing~Education~Social Media~Gaming~Other;1~9;2~7;7.0
13~16;Female~Other;10~12;2~4;3~6;55~74;7~10;0~0;1~3;2~10;1~9;0~1;0~1;28~142;7~19;0~3;0~3;0~2;Browsing~Education~Social Media~Gaming~Other;1~9;2~7;6.7
13~16;Female~Other;10~12;2~4;3~6;55~74;7~10;0~0;1~3;2~10;1~9;0~1;0~1;28~142;7~19;0~3;0~3;0~2;Browsing~Education~Social Media~Gaming~Other;1~9;2~7;7.4
13~16;Female~Other;10~12;2~4;3~6;55~74;7~10;0~0;1~3;2~10;1~9;0~1;0~1;28~142;7~19;0~3;0~3;0~2;Browsing~Education~Social Media~Gaming~Other;1~9;2~7;10.0
13~16;Female~Other;10~12;2~4;3~6;55~74;7~10;0~0;1~3;2~10;1~9;0~1;0~1;28~142;7~19;0~3;0~3;0~2;Browsing~Education~Social Media~Gaming~Other;1~9;2~7;5.0
13~16;Female~Other;10~12;1~4;4~6;51~71;6~10;0~0;4~10;1~10;1~10;0~1;0~1;32~117;6~19;2~3;0~4;0~2;Education~Social Media~Gaming~Other;2~9;0~9;9.5
13~16;Female~Other;10~12;1~4;4~6;51~71;6~10;0~0;4~10;1~10;1~10;0~1;0~1;32~117;6~19;2~3;0~4;0~2;Education~Social Media~Gaming~Other;2~9;0~9;7.7
13~16;Female~Other;10~12;1~4;4~6;51~71;6~10;0~0;4~10;1~10;1~10;0~1;0~1;32~117;6~19;2~3;0~4;0~2;Education~Social Media~Gaming~Other;2~9;0~9;10.0
13~16;Female~Other;10~12;1~4;4~6;51~71;6~10;0~0;4~10;1~10;1~10;0~1;0~1;32~117;6~19;2~3;0~4;0~2;Education~Social Media~Gaming~Other;2~9;0~9;9.6
13~16;Female~Other;10~12;1~4;4~6;51~71;6~10;0~0;4~10;1~10;1~10;0~1;0~1;32~117;6~19;2~3;0~4;0~2;Education~Social Media~Gaming~Other;2~9;0~9;6.8
13~16;Female~Other;10~12;1~4;4~6;51~71;6~10;0~0;4~10;1~10;1~10;0~1;0~1;32~117;6~19;2~3;0~4;0~2;Education~Social Media~Gaming~Other;2~9;0~9;10.0
13~16;Female~Other;10~12;1~4;4~6;51~71;6~10;0~0;4~10;1~10;1~10;0~1;0~1;32~117;6~19;2~3;0~4;0~2;Education~Social Media~Gaming~Other;2~9;0~9;6.8
13~16;Female~Other;10~12;1~4;4~6;51~71;6~10;0~0;4~10;1~10;1~10;0~1;0~1;32~117;6~19;2~3;0~4;0~2;Education~Social Media~Gaming~Other;2~9;0~9;10.0
13~16;Female~Other;10~12;1~4;4~6;51~71;6~10;0~0;4~10;1~10;1~10;0~1;0~1;32~117;6~19;2~3;0~4;0~2;Education~Social Media~Gaming~Other;2~9;0~9;10.0
13~16;Female~Other;10~12;1~4;3~6;50~68;7~10;1~1;1~4;2~10;1~9;0~1;0~1;22~144;6~20;1~4;0~2;0~2;Browsing~Education~Social Media~Gaming;1~10;3~10;10.0
13~16;Female~Other;10~12;1~4;3~6;50~68;7~10;1~1;1~4;2~10;1~9;0~1;0~1;22~144;6~20;1~4;0~2;0~2;Browsing~Education~Social Media~Gaming;1~10;3~10;9.9
13~16;Female~Other;10~12;1~4;3~6;50~68;7~10;1~1;1~4;2~10;1~9;0~1;0~1;22~144;6~20;1~4;0~2;0~2;Browsing~Education~Social Media~Gaming;1~10;3~10;8.7
13~16;Female~Other;10~12;1~4;3~6;50~68;7~10;1~1;1~4;2~10;1~9;0~1;0~1;22~144;6~20;1~4;0~2;0~2;Browsing~Education~Social Media~Gaming;1~10;3~10;10.0
13~16;Female~Other;10~12;1~4;3~6;50~68;7~10;1~1;1~4;2~10;1~9;0~1;0~1;22~144;6~20;1~4;0~2;0~2;Browsing~Education~Social Media~Gaming;1~10;3~10;7.3
13~16;Female~Other;10~12;1~4;3~6;50~68;7~10;1~1;1~4;2~10;1~9;0~1;0~1;22~144;6~20;1~4;0~2;0~2;Browsing~Education~Social Media~Gaming;1~10;3~10;10.0
13~16;Female~Other;10~12;1~4;3~6;50~68;7~10;1~1;1~4;2~10;1~9;0~1;0~1;22~144;6~20;1~4;0~2;0~2;Browsing~Education~Social Media~Gaming;1~10;3~10;8.2
13~16;Female~Other;10~12;1~4;3~6;50~68;7~10;1~1;1~4;2~10;1~9;0~1;0~1;22~144;6~20;1~4;0~2;0~2;Browsing~Education~Social Media~Gaming;1~10;3~10;6.0
13~16;Female~Other;10~12;1~4;3~6;50~68;7~10;1~1;1~4;2~10;1~9;0~1;0~1;22~144;6~20;1~4;0~2;0~2;Browsing~Education~Social Media~Gaming;1~10;3~10;9.4
13~16;Female~Other;10~12;1~4;4~6;56~72;8~10;1~2;5~9;2~10;1~10;0~1;0~1;28~141;5~20;1~4;0~2;0~2;Browsing~Education~Social Media~Gaming~Other;1~10;3~10;10.0
13~16;Female~Other;10~12;1~4;4~6;56~72;8~10;1~2;5~9;2~10;1~10;0~1;0~1;28~141;5~20;1~4;0~2;0~2;Browsing~Education~Social Media~Gaming~Other;1~10;3~10;10.0
13~16;Female~Other;10~12;1~4;4~6;56~72;8~10;1~2;5~9;2~10;1~10;0~1;0~1;28~141;5~20;1~4;0~2;0~2;Browsing~Education~Social Media~Gaming~Other;1~10;3~10;10.0
13~16;Female~Other;10~12;1~4;4~6;56~72;8~10;1~2;5~9;2~10;1~10;0~1;0~1;28~141;5~20;1~4;0~2;0~2;Browsing~Education~Social Media~Gaming~Other;1~10;3~10;10.0
13~16;Female~Other;10~12;1~4;4~6;56~72;8~10;1~2;5~9;2~10;1~10;0~1;0~1;28~141;5~20;1~4;0~2;0~2;Browsing~Education~Social Media~Gaming~Other;1~10;3~10;9.9
13~16;Female~Other;10~12;1~4;4~6;56~72;8~10;1~2;5~9;2~10;1~10;0~1;0~1;28~141;5~20;1~4;0~2;0~2;Browsing~Education~Social Media~Gaming~Other;1~10;3~10;6.5
13~16;Female~Other;10~12;1~4;4~6;56~72;8~10;1~2;5~9;2~10;1~10;0~1;0~1;28~141;5~20;1~4;0~2;0~2;Browsing~Education~Social Media~Gaming~Other;1~10;3~10;8.4
13~16;Female~Other;10~12;1~4;4~6;56~72;8~10;1~2;5~9;2~10;1~10;0~1;0~1;28~141;5~20;1~4;0~2;0~2;Browsing~Education~Social Media~Gaming~Other;1~10;3~10;6.6
13~16;Female~Other;10~12;1~4;4~6;56~72;8~10;1~2;5~9;2~10;1~10;0~1;0~1;28~141;5~20;1~4;0~2;0~2;Browsing~Education~Social Media~Gaming~Other;1~10;3~10;8.5
13~16;Female~Other;10~12;0~4;3~6;75~94;0~4;0~0;1~5;1~10;1~7;0~1;0~1;24~147;5~18;1~4;0~2;0~2;Education~Social Media~Gaming~Other;1~10;1~9;7.3
13~16;Female~Other;10~12;0~4;3~6;75~94;0~4;0~0;1~5;1~10;1~7;0~1;0~1;24~147;5~18;1~4;0~2;0~2;Education~Social Media~Gaming~Other;1~10;1~9;10.0
13~16;Female~Other;10~12;0~4;3~6;75~94;0~4;0~0;1~5;1~10;1~7;0~1;0~1;24~147;5~18;1~4;0~2;0~2;Education~Social Media~Gaming~Other;1~10;1~9;8.7
13~16;Female~Other;10~12;0~4;3~6;75~94;0~4;0~0;1~5;1~10;1~7;0~1;0~1;24~147;5~18;1~4;0~2;0~2;Education~Social Media~Gaming~Other;1~10;1~9;7.8
13~16;Female~Other;10~12;0~4;3~6;75~94;0~4;0~0;1~5;1~10;1~7;0~1;0~1;24~147;5~18;1~4;0~2;0~2;Education~Social Media~Gaming~Other;1~10;1~9;8.1
13~16;Female~Other;10~12;0~4;3~6;75~94;0~4;0~0;1~5;1~10;1~7;0~1;0~1;24~147;5~18;1~4;0~2;0~2;Education~Social Media~Gaming~Other;1~10;1~9;10.0
13~16;Female~Other;10~12;0~4;3~6;75~94;0~4;0~0;1~5;1~10;1~7;0~1;0~1;24~147;5~18;1~4;0~2;0~2;Education~Social Media~Gaming~Other;1~10;1~9;10.0
13~16;Female~Other;10~12;0~4;3~6;75~94;0~4;0~0;1~5;1~10;1~7;0~1;0~1;24~147;5~18;1~4;0~2;0~2;Education~Social Media~Gaming~Other;1~10;1~9;7.5
13~16;Female~Other;10~12;0~4;3~6;75~94;0~4;0~0;1~5;1~10;1~7;0~1;0~1;24~147;5~18;1~4;0~2;0~2;Education~Social Media~Gaming~Other;1~10;1~9;9.1
13~16;Female~Other;10~12;2~4;4~6;76~96;1~4;0~0;6~10;1~10;1~9;0~1;0~1;36~135;7~19;2~3;0~3;0~2;Browsing~Education~Social Media~Gaming~Other;2~9;2~6;8.8
13~16;Female~Other;10~12;2~4;4~6;76~96;1~4;0~0;6~10;1~10;1~9;0~1;0~1;36~135;7~19;2~3;0~3;0~2;Browsing~Education~Social Media~Gaming~Other;2~9;2~6;10.0
13~16;Female~Other;10~12;2~4;4~6;76~96;1~4;0~0;6~10;1~10;1~9;0~1;0~1;36~135;7~19;2~3;0~3;0~2;Browsing~Education~Social Media~Gaming~Other;2~9;2~6;10.0
13~16;Female~Other;10~12;2~4;4~6;76~96;1~4;0~0;6~10;1~10;1~9;0~1;0~1;36~135;7~19;2~3;0~3;0~2;Browsing~Education~Social Media~Gaming~Other;2~9;2~6;9.9
13~16;Female~Other;10~12;2~4;4~6;76~96;1~4;0~0;6~10;1~10;1~9;0~1;0~1;36~135;7~19;2~3;0~3;0~2;Browsing~Education~Social Media~Gaming~Other;2~9;2~6;9.2
13~16;Female~Other;10~12;2~4;4~6;76~96;1~4;0~0;6~10;1~10;1~9;0~1;0~1;36~135;7~19;2~3;0~3;0~2;Browsing~Education~Social Media~Gaming~Other;2~9;2~6;9.5
13~16;Female~Other;10~12;2~4;4~6;76~96;1~4;0~0;6~10;1~10;1~9;0~1;0~1;36~135;7~19;2~3;0~3;0~2;Browsing~Education~Social Media~Gaming~Other;2~9;2~6;10.0
13~16;Female~Other;10~12;2~4;4~6;76~96;1~4;0~0;6~10;1~10;1~9;0~1;0~1;36~135;7~19;2~3;0~3;0~2;Browsing~Education~Social Media~Gaming~Other;2~9;2~6;10.0
13~16;Female~Other;10~12;2~4;4~6;76~96;1~4;0~0;6~10;1~10;1~9;0~1;0~1;36~135;7~19;2~3;0~3;0~2;Browsing~Education~Social Media~Gaming~Other;2~9;2~6;8.5
13~16;Female~Other;10~12;2~4;3~6;79~94;0~4;1~2;1~6;1~4;2~9;0~1;0~2;25~142;13~19;2~4;0~1;0~2;Browsing~Education~Social Media~Gaming;5~10;5~9;7.5
13~16;Female~Other;10~12;2~4;3~6;79~94;0~4;1~2;1~6;1~4;2~9;0~1;0~2;25~142;13~19;2~4;0~1;0~2;Browsing~Education~Social Media~Gaming;5~10;5~9;10.0
13~16;Female~Other;10~12;2~4;3~6;79~94;0~4;1~2;1~6;1~4;2~9;0~1;0~2;25~142;13~19;2~4;0~1;0~2;Browsing~Education~Social Media~Gaming;5~10;5~9;8.9
13~16;Female~Other;10~12;2~4;3~6;79~94;0~4;1~2;1~6;1~4;2~9;0~1;0~2;25~142;13~19;2~4;0~1;0~2;Browsing~Education~Social Media~Gaming;5~10;5~9;10.0
13~16;Female~Other;10~12;2~4;3~6;79~94;0~4;1~2;1~6;1~4;2~9;0~1;0~2;25~142;13~19;2~4;0~1;0~2;Browsing~Education~Social Media~Gaming;5~10;5~9;10.0
13~16;Female~Other;10~12;0~4;4~6;81~92;3~4;1~2;1~6;5~9;3~8;0~1;0~1;21~112;5~20;1~2;0~2;0~2;Education~Social Media~Gaming~Other;5~10;3~10;6.2
13~16;Female~Other;10~12;0~4;4~6;81~92;3~4;1~2;1~6;5~9;3~8;0~1;0~1;21~112;5~20;1~2;0~2;0~2;Education~Social Media~Gaming~Other;5~10;3~10;9.9
13~16;Female~Other;10~12;0~4;4~6;81~92;3~4;1~2;1~6;5~9;3~8;0~1;0~1;21~112;5~20;1~2;0~2;0~2;Education~Social Media~Gaming~Other;5~10;3~10;6.9
13~16;Female~Other;10~12;0~4;4~6;81~92;3~4;1~2;1~6;5~9;3~8;0~1;0~1;21~112;5~20;1~2;0~2;0~2;Education~Social Media~Gaming~Other;5~10;3~10;3.1
13~16;Female~Other;10~12;0~4;4~6;81~92;3~4;1~2;1~6;5~9;3~8;0~1;0~1;21~112;5~20;1~2;0~2;0~2;Education~Social Media~Gaming~Other;5~10;3~10;3.1
13~16;Female~Other;10~12;0~4;4~6;81~92;3~4;1~2;1~6;5~9;3~8;0~1;0~1;21~112;5~20;1~2;0~2;0~2;Education~Social Media~Gaming~Other;5~10;3~10;10.0
13~15;Female~Other;10~12;0~4;4~6;77~98;0~4;1~2;7~10;1~10;4~8;0~1;0~1;72~125;9~18;1~3;0~3;0~1;Browsing~Education~Social Media~Gaming~Other;1~10;2~7;10.0
13~15;Female~Other;10~12;0~4;4~6;77~98;0~4;1~2;7~10;1~10;4~8;0~1;0~1;72~125;9~18;1~3;0~3;0~1;Browsing~Education~Social Media~Gaming~Other;1~10;2~7;4.2
13~15;Female~Other;10~12;0~4;4~6;77~98;0~4;1~2;7~10;1~10;4~8;0~1;0~1;72~125;9~18;1~3;0~3;0~1;Browsing~Education~Social Media~Gaming~Other;1~10;2~7;6.5
13~15;Female~Other;10~12;0~4;4~6;77~98;0~4;1~2;7~10;1~10;4~8;0~1;0~1;72~125;9~18;1~3;0~3;0~1;Browsing~Education~Social Media~Gaming~Other;1~10;2~7;10.0
13~15;Female~Other;10~12;0~4;4~6;77~98;0~4;1~2;7~10;1~10;4~8;0~1;0~1;72~125;9~18;1~3;0~3;0~1;Browsing~Education~Social Media~Gaming~Other;1~10;2~7;10.0
13~15;Female~Other;10~12;0~4;4~6;77~98;0~4;1~2;7~10;1~10;4~8;0~1;0~1;72~125;9~18;1~3;0~3;0~1;Browsing~Education~Social Media~Gaming~Other;1~10;2~7;7.2
13~15;Female~Other;10~12;0~4;4~6;77~98;0~4;1~2;7~10;1~10;4~8;0~1;0~1;72~125;9~18;1~3;0~3;0~1;Browsing~Education~Social Media~Gaming~Other;1~10;2~7;9.9
13~15;Female~Other;10~12;0~4;4~6;77~98;0~4;1~2;7~10;1~10;4~8;0~1;0~1;72~125;9~18;1~3;0~3;0~1;Browsing~Education~Social Media~Gaming~Other;1~10;2~7;10.0
13~16;Female~Other;10~12;2~4;3~6;85~96;6~9;0~1;3~7;1~4;2~8;0~1;0~1;44~141;6~19;1~3;0~3;0~1;Browsing~Education~Social Media~Gaming~Other;2~9;2~9;8.6
13~16;Female~Other;10~12;2~4;3~6;85~96;6~9;0~1;3~7;1~4;2~8;0~1;0~1;44~141;6~19;1~3;0~3;0~1;Browsing~Education~Social Media~Gaming~Other;2~9;2~9;9.3
13~16;Female~Other;10~12;2~4;3~6;85~96;6~9;0~1;3~7;1~4;2~8;0~1;0~1;44~141;6~19;1~3;0~3;0~1;Browsing~Education~Social Media~Gaming~Other;2~9;2~9;9.3
13~16;Female~Other;10~12;2~4;3~6;85~96;6~9;0~1;3~7;1~4;2~8;0~1;0~1;44~141;6~19;1~3;0~3;0~1;Browsing~Education~Social Media~Gaming~Other;2~9;2~9;8.4
13~16;Female~Other;10~12;2~4;3~6;85~96;6~9;0~1;3~7;1~4;2~8;0~1;0~1;44~141;6~19;1~3;0~3;0~1;Browsing~Education~Social Media~Gaming~Other;2~9;2~9;10.0
13~16;Female~Other;10~12;2~4;3~6;85~96;6~9;0~1;3~7;1~4;2~8;0~1;0~1;44~141;6~19;1~3;0~3;0~1;Browsing~Education~Social Media~Gaming~Other;2~9;2~9;10.0
13~16;Female~Other;10~12;2~4;3~6;85~96;6~9;0~1;3~7;1~4;2~8;0~1;0~1;44~141;6~19;1~3;0~3;0~1;Browsing~Education~Social Media~Gaming~Other;2~9;2~9;9.5
13~16;Female~Other;10~12;0~4;4~6;79~97;6~10;0~0;1~7;5~10;4~10;0~1;0~1;43~117;5~20;1~3;0~2;0~1;Browsing~Education~Social Media~Gaming~Other;2~10;1~8;9.3
13~16;Female~Other;10~12;0~4;4~6;79~97;6~10;0~0;1~7;5~10;4~10;0~1;0~1;43~117;5~20;1~3;0~2;0~1;Browsing~Education~Social Media~Gaming~Other;2~10;1~8;5.9
13~16;Female~Other;10~12;0~4;4~6;79~97;6~10;0~0;1~7;5~10;4~10;0~1;0~1;43~117;5~20;1~3;0~2;0~1;Browsing~Education~Social Media~Gaming~Other;2~10;1~8;10.0
13~16;Female~Other;10~12;0~4;4~6;79~97;6~10;0~0;1~7;5~10;4~10;0~1;0~1;43~117;5~20;1~3;0~2;0~1;Browsing~Education~Social Media~Gaming~Other;2~10;1~8;8.1
13~16;Female~Other;10~12;0~4;4~6;79~97;6~10;0~0;1~7;5~10;4~10;0~1;0~1;43~117;5~20;1~3;0~2;0~1;Browsing~Education~Social Media~Gaming~Other;2~10;1~8;8.0
13~16;Female~Other;10~12;0~4;4~6;79~97;6~10;0~0;1~7;5~10;4~10;0~1;0~1;43~117;5~20;1~3;0~2;0~1;Browsing~Education~Social Media~Gaming~Other;2~10;1~8;4.5
13~16;Female~Other;10~12;0~4;4~6;79~97;6~10;0~0;1~7;5~10;4~10;0~1;0~1;43~117;5~20;1~3;0~2;0~1;Browsing~Education~Social Media~Gaming~Other;2~10;1~8;7.5
13~15;Female~Other;10~12;1~4;4~6;75~96;7~10;0~1;8~10;2~10;1~9;0~1;0~1;23~142;5~18;1~3;0~2;0~1;Browsing~Education~Social Media~Gaming~Other;4~10;4~10;7.9
13~15;Female~Other;10~12;1~4;4~6;75~96;7~10;0~1;8~10;2~10;1~9;0~1;0~1;23~142;5~18;1~3;0~2;0~1;Browsing~Education~Social Media~Gaming~Other;4~10;4~10;6.1
13~15;Female~Other;10~12;1~4;4~6;75~96;7~10;0~1;8~10;2~10;1~9;0~1;0~1;23~142;5~18;1~3;0~2;0~1;Browsing~Education~Social Media~Gaming~Other;4~10;4~10;9.1
13~15;Female~Other;10~12;1~4;4~6;75~96;7~10;0~1;8~10;2~10;1~9;0~1;0~1;23~142;5~18;1~3;0~2;0~1;Browsing~Education~Social Media~Gaming~Other;4~10;4~10;10.0
13~15;Female~Other;10~12;1~4;4~6;75~96;7~10;0~1;8~10;2~10;1~9;0~1;0~1;23~142;5~18;1~3;0~2;0~1;Browsing~Education~Social Media~Gaming~Other;4~10;4~10;6.7
13~15;Female~Other;10~12;1~4;4~6;75~96;7~10;0~1;8~10;2~10;1~9;0~1;0~1;23~142;5~18;1~3;0~2;0~1;Browsing~Education~Social Media~Gaming~Other;4~10;4~10;9.2
13~16;Female~Other;10~12;2~4;3~6;76~97;5~10;1~3;1~5;1~9;2~9;0~1;0~1;20~136;6~20;0~4;0~3;0~1;Browsing~Education~Social Media~Gaming~Other;1~8;5~7;10.0
13~16;Female~Other;10~12;2~4;3~6;76~97;5~10;1~3;1~5;1~9;2~9;0~1;0~1;20~136;6~20;0~4;0~3;0~1;Browsing~Education~Social Media~Gaming~Other;1~8;5~7;10.0
13~16;Female~Other;10~12;2~4;3~6;76~97;5~10;1~3;1~5;1~9;2~9;0~1;0~1;20~136;6~20;0~4;0~3;0~1;Browsing~Education~Social Media~Gaming~Other;1~8;5~7;10.0
13~16;Female~Other;10~12;2~4;3~6;76~97;5~10;1~3;1~5;1~9;2~9;0~1;0~1;20~136;6~20;0~4;0~3;0~1;Browsing~Education~Social Media~Gaming~Other;1~8;5~7;7.0
13~16;Female~Other;10~12;2~4;3~6;76~97;5~10;1~3;1~5;1~9;2~9;0~1;0~1;20~136;6~20;0~4;0~3;0~1;Browsing~Education~Social Media~Gaming~Other;1~8;5~7;7.9
13~16;Female~Other;10~12;2~4;3~6;76~97;5~10;1~3;1~5;1~9;2~9;0~1;0~1;20~136;6~20;0~4;0~3;0~1;Browsing~Education~Social Media~Gaming~Other;1~8;5~7;5.1
13~16;Female~Other;10~12;2~4;3~6;76~97;5~10;1~3;1~5;1~9;2~9;0~1;0~1;20~136;6~20;0~4;0~3;0~1;Browsing~Education~Social Media~Gaming~Other;1~8;5~7;5.7
13~16;Female~Other;10~12;2~4;3~6;76~97;5~10;1~3;1~5;1~9;2~9;0~1;0~1;20~136;6~20;0~4;0~3;0~1;Browsing~Education~Social Media~Gaming~Other;1~8;5~7;8.5
13~16;Female~Other;10~12;2~4;3~6;76~97;5~10;1~3;1~5;1~9;2~9;0~1;0~1;20~136;6~20;0~4;0~3;0~1;Browsing~Education~Social Media~Gaming~Other;1~8;5~7;9.9
13~16;Female~Other;10~12;0~4;3~6;77~97;6~9;1~2;6~10;1~10;1~8;0~1;0~1;33~145;5~17;1~3;0~2;0~2;Browsing~Education~Social Media~Gaming~Other;2~10;1~10;10.0
13~16;Female~Other;10~12;0~4;3~6;77~97;6~9;1~2;6~10;1~10;1~8;0~1;0~1;33~145;5~17;1~3;0~2;0~2;Browsing~Education~Social Media~Gaming~Other;2~10;1~10;6.7
13~16;Female~Other;10~12;0~4;3~6;77~97;6~9;1~2;6~10;1~10;1~8;0~1;0~1;33~145;5~17;1~3;0~2;0~2;Browsing~Education~Social Media~Gaming~Other;2~10;1~10;5.6
13~16;Female~Other;10~12;0~4;3~6;77~97;6~9;1~2;6~10;1~10;1~8;0~1;0~1;33~145;5~17;1~3;0~2;0~2;Browsing~Education~Social Media~Gaming~Other;2~10;1~10;10.0
13~16;Female~Other;10~12;0~4;3~6;77~97;6~9;1~2;6~10;1~10;1~8;0~1;0~1;33~145;5~17;1~3;0~2;0~2;Browsing~Education~Social Media~Gaming~Other;2~10;1~10;9.0
13~16;Female~Other;10~12;0~4;3~6;77~97;6~9;1~2;6~10;1~10;1~8;0~1;0~1;33~145;5~17;1~3;0~2;0~2;Browsing~Education~Social Media~Gaming~Other;2~10;1~10;10.0
13~16;Female~Other;10~12;0~4;3~6;77~97;6~9;1~2;6~10;1~10;1~8;0~1;0~1;33~145;5~17;1~3;0~2;0~2;Browsing~Education~Social Media~Gaming~Other;2~10;1~10;4.3
13~16;Female~Other;10~12;0~4;3~6;77~97;6~9;1~2;6~10;1~10;1~8;0~1;0~1;33~145;5~17;1~3;0~2;0~2;Browsing~Education~Social Media~Gaming~Other;2~10;1~10;10.0
13~16;Female~Other;10~12;0~4;3~6;77~97;6~9;1~2;6~10;1~10;1~8;0~1;0~1;33~145;5~17;1~3;0~2;0~2;Browsing~Education~Social Media~Gaming~Other;2~10;1~10;7.6
13~16;Female~Other;10~12;2~4;6~7;50~63;1~6;0~0;1~6;1~7;5~10;0~1;0~1;26~150;8~18;0~3;0~3;0~1;Education~Social Media~Gaming~Other;1~8;2~8;10.0
13~16;Female~Other;10~12;2~4;6~7;50~63;1~6;0~0;1~6;1~7;5~10;0~1;0~1;26~150;8~18;0~3;0~3;0~1;Education~Social Media~Gaming~Other;1~8;2~8;8.7
13~16;Female~Other;10~12;2~4;6~7;50~63;1~6;0~0;1~6;1~7;5~10;0~1;0~1;26~150;8~18;0~3;0~3;0~1;Education~Social Media~Gaming~Other;1~8;2~8;9.6
13~16;Female~Other;10~12;2~4;6~7;50~63;1~6;0~0;1~6;1~7;5~10;0~1;0~1;26~150;8~18;0~3;0~3;0~1;Education~Social Media~Gaming~Other;1~8;2~8;10.0
13~16;Female~Other;10~12;2~4;6~7;50~63;1~6;0~0;1~6;1~7;5~10;0~1;0~1;26~150;8~18;0~3;0~3;0~1;Education~Social Media~Gaming~Other;1~8;2~8;8.0
13~16;Female~Other;10~12;2~4;6~7;50~63;1~6;0~0;1~6;1~7;5~10;0~1;0~1;26~150;8~18;0~3;0~3;0~1;Education~Social Media~Gaming~Other;1~8;2~8;6.8
14~16;Female~Other;10~12;1~4;6~7;50~69;2~6;0~0;1~6;8~10;1~10;0~1;0~1;34~150;6~20;1~3;0~3;0~1;Education~Social Media~Gaming~Other;1~7;3~8;10.0
14~16;Female~Other;10~12;1~4;6~7;50~69;2~6;0~0;1~6;8~10;1~10;0~1;0~1;34~150;6~20;1~3;0~3;0~1;Education~Social Media~Gaming~Other;1~7;3~8;10.0
14~16;Female~Other;10~12;1~4;6~7;50~69;2~6;0~0;1~6;8~10;1~10;0~1;0~1;34~150;6~20;1~3;0~3;0~1;Education~Social Media~Gaming~Other;1~7;3~8;6.5
14~16;Female~Other;10~12;1~4;6~7;50~69;2~6;0~0;1~6;8~10;1~10;0~1;0~1;34~150;6~20;1~3;0~3;0~1;Education~Social Media~Gaming~Other;1~7;3~8;8.1
14~16;Female~Other;10~12;1~4;6~7;50~69;2~6;0~0;1~6;8~10;1~10;0~1;0~1;34~150;6~20;1~3;0~3;0~1;Education~Social Media~Gaming~Other;1~7;3~8;10.0
13~16;Female~Other;10~12;3~4;6~9;53~71;0~6;0~0;7~10;1~10;2~10;0~1;0~2;21~146;6~20;1~4;0~2;0~2;Browsing~Education~Social Media~Gaming~Other;1~8;3~9;8.4
13~16;Female~Other;10~12;3~4;6~9;53~71;0~6;0~0;7~10;1~10;2~10;0~1;0~2;21~146;6~20;1~4;0~2;0~2;Browsing~Education~Social Media~Gaming~Other;1~8;3~9;10.0
13~16;Female~Other;10~12;3~4;6~9;53~71;0~6;0~0;7~10;1~10;2~10;0~1;0~2;21~146;6~20;1~4;0~2;0~2;Browsing~Education~Social Media~Gaming~Other;1~8;3~9;8.3
13~16;Female~Other;10~12;3~4;6~9;53~71;0~6;0~0;7~10;1~10;2~10;0~1;0~2;21~146;6~20;1~4;0~2;0~2;Browsing~Education~Social Media~Gaming~Other;1~8;3~9;6.2
13~16;Female~Other;10~12;3~4;6~9;53~71;0~6;0~0;7~10;1~10;2~10;0~1;0~2;21~146;6~20;1~4;0~2;0~2;Browsing~Education~Social Media~Gaming~Other;1~8;3~9;6.0
13~16;Female~Other;10~12;3~4;6~9;53~71;0~6;0~0;7~10;1~10;2~10;0~1;0~2;21~146;6~20;1~4;0~2;0~2;Browsing~Education~Social Media~Gaming~Other;1~8;3~9;10.0
13~16;Female~Other;10~12;3~4;6~9;53~71;0~6;0~0;7~10;1~10;2~10;0~1;0~2;21~146;6~20;1~4;0~2;0~2;Browsing~Education~Social Media~Gaming~Other;1~8;3~9;5.7
13~16;Female~Other;10~12;3~4;6~9;53~71;0~6;0~0;7~10;1~10;2~10;0~1;0~2;21~146;6~20;1~4;0~2;0~2;Browsing~Education~Social Media~Gaming~Other;1~8;3~9;6.2
13~16;Female~Other;10~12;3~4;6~9;53~71;0~6;0~0;7~10;1~10;2~10;0~1;0~2;21~146;6~20;1~4;0~2;0~2;Browsing~Education~Social Media~Gaming~Other;1~8;3~9;9.8
13~16;Female~Other;10~12;2~4;6~10;55~64;0~4;1~1;1~5;1~8;1~9;0~1;0~1;21~146;5~20;1~3;0~3;0~1;Browsing~Education~Social Media~Gaming~Other;2~8;2~8;4.9
13~16;Female~Other;10~12;2~4;6~10;55~64;0~4;1~1;1~5;1~8;1~9;0~1;0~1;21~146;5~20;1~3;0~3;0~1;Browsing~Education~Social Media~Gaming~Other;2~8;2~8;10.0
13~16;Female~Other;10~12;2~4;6~10;55~64;0~4;1~1;1~5;1~8;1~9;0~1;0~1;21~146;5~20;1~3;0~3;0~1;Browsing~Education~Social Media~Gaming~Other;2~8;2~8;10.0
13~16;Female~Other;10~12;2~4;6~10;55~64;0~4;1~1;1~5;1~8;1~9;0~1;0~1;21~146;5~20;1~3;0~3;0~1;Browsing~Education~Social Media~Gaming~Other;2~8;2~8;7.2
13~16;Female~Other;10~12;2~4;6~10;55~64;0~4;1~1;1~5;1~8;1~9;0~1;0~1;21~146;5~20;1~3;0~3;0~1;Browsing~Education~Social Media~Gaming~Other;2~8;2~8;7.5
13~16;Female~Other;10~12;2~4;6~10;55~64;0~4;1~1;1~5;1~8;1~9;0~1;0~1;21~146;5~20;1~3;0~3;0~1;Browsing~Education~Social Media~Gaming~Other;2~8;2~8;5.2
13~15;Female~Other;10~12;2~4;7~10;59~70;2~6;1~2;1~5;1~7;10;0~1;0~2;25~126;7~18;2~4;0~3;0~1;Browsing~Education~Social Media~Gaming~Other;2~8;3~7;8.6
13~15;Female~Other;10~12;2~4;7~10;59~70;2~6;1~2;1~5;1~7;10;0~1;0~2;25~126;7~18;2~4;0~3;0~1;Browsing~Education~Social Media~Gaming~Other;2~8;3~7;9.9
13~15;Female~Other;10~12;2~4;7~10;59~70;2~6;1~2;1~5;1~7;10;0~1;0~2;25~126;7~18;2~4;0~3;0~1;Browsing~Education~Social Media~Gaming~Other;2~8;3~7;7.0
13~15;Female~Other;10~12;2~4;7~10;59~70;2~6;1~2;1~5;1~7;10;0~1;0~2;25~126;7~18;2~4;0~3;0~1;Browsing~Education~Social Media~Gaming~Other;2~8;3~7;9.3
13~15;Female~Other;10~12;2~4;7~10;59~70;2~6;1~2;1~5;1~7;10;0~1;0~2;25~126;7~18;2~4;0~3;0~1;Browsing~Education~Social Media~Gaming~Other;2~8;3~7;6.1
13~15;Female~Other;10~12;2~4;7~10;59~70;2~6;1~2;1~5;1~7;10;0~1;0~2;25~126;7~18;2~4;0~3;0~1;Browsing~Education~Social Media~Gaming~Other;2~8;3~7;8.2
13~16;Female~Other;10~12;2~4;6~8;51~65;0~6;1~2;6~10;1~6;2~6;0~1;0~1;21~146;5~19;1~4;0~2;0~2;Browsing~Education~Social Media~Gaming~Other;2~10;3~9;10.0
13~16;Female~Other;10~12;2~4;6~8;51~65;0~6;1~2;6~10;1~6;2~6;0~1;0~1;21~146;5~19;1~4;0~2;0~2;Browsing~Education~Social Media~Gaming~Other;2~10;3~9;6.4
13~16;Female~Other;10~12;2~4;6~8;51~65;0~6;1~2;6~10;1~6;2~6;0~1;0~1;21~146;5~19;1~4;0~2;0~2;Browsing~Education~Social Media~Gaming~Other;2~10;3~9;9.0
13~16;Female~Other;10~12;2~4;6~8;51~65;0~6;1~2;6~10;1~6;2~6;0~1;0~1;21~146;5~19;1~4;0~2;0~2;Browsing~Education~Social Media~Gaming~Other;2~10;3~9;10.0
13~16;Female~Other;10~12;2~4;6~8;51~65;0~6;1~2;6~10;1~6;2~6;0~1;0~1;21~146;5~19;1~4;0~2;0~2;Browsing~Education~Social Media~Gaming~Other;2~10;3~9;9.9
13~16;Female~Other;10~12;2~4;6~8;51~65;0~6;1~2;6~10;1~6;2~6;0~1;0~1;21~146;5~19;1~4;0~2;0~2;Browsing~Education~Social Media~Gaming~Other;2~10;3~9;9.9
13~16;Female~Other;10~12;2~4;6~8;51~65;0~6;1~2;6~10;1~6;2~6;0~1;0~1;21~146;5~19;1~4;0~2;0~2;Browsing~Education~Social Media~Gaming~Other;2~10;3~9;8.6
13~16;Female~Other;10~12;2~4;6~8;51~65;0~6;1~2;6~10;1~6;2~6;0~1;0~1;21~146;5~19;1~4;0~2;0~2;Browsing~Education~Social Media~Gaming~Other;2~10;3~9;5.5
13~16;Female~Other;10~12;2~4;6~8;51~65;0~6;1~2;6~10;1~6;2~6;0~1;0~1;21~146;5~19;1~4;0~2;0~2;Browsing~Education~Social Media~Gaming~Other;2~10;3~9;8.3
13~16;Female~Other;10~12;1~4;6~7;52~73;7~10;0~1;1~5;1~9;1~10;0~1;0~2;29~107;5~19;0~3;0~3;0~2;Browsing~Education~Social Media~Gaming;1~9;3~9;7.0
13~16;Female~Other;10~12;1~4;6~7;52~73;7~10;0~1;1~5;1~9;1~10;0~1;0~2;29~107;5~19;0~3;0~3;0~2;Browsing~Education~Social Media~Gaming;1~9;3~9;9.0
13~16;Female~Other;10~12;1~4;6~7;52~73;7~10;0~1;1~5;1~9;1~10;0~1;0~2;29~107;5~19;0~3;0~3;0~2;Browsing~Education~Social Media~Gaming;1~9;3~9;7.7
13~16;Female~Other;10~12;1~4;6~7;52~73;7~10;0~1;1~5;1~9;1~10;0~1;0~2;29~107;5~19;0~3;0~3;0~2;Browsing~Education~Social Media~Gaming;1~9;3~9;8.0
13~16;Female~Other;10~12;1~4;6~7;52~73;7~10;0~1;1~5;1~9;1~10;0~1;0~2;29~107;5~19;0~3;0~3;0~2;Browsing~Education~Social Media~Gaming;1~9;3~9;6.2
13~16;Female~Other;10~12;1~4;6~7;52~73;7~10;0~1;1~5;1~9;1~10;0~1;0~2;29~107;5~19;0~3;0~3;0~2;Browsing~Education~Social Media~Gaming;1~9;3~9;5.1
13~16;Female~Other;10~12;1~4;6~7;52~73;7~10;0~1;1~5;1~9;1~10;0~1;0~2;29~107;5~19;0~3;0~3;0~2;Browsing~Education~Social Media~Gaming;1~9;3~9;8.1
13~16;Female~Other;10~12;1~4;6~7;52~73;7~10;0~1;1~5;1~9;1~10;0~1;0~2;29~107;5~19;0~3;0~3;0~2;Browsing~Education~Social Media~Gaming;1~9;3~9;6.8
13~16;Female~Other;10~12;2~4;6~7;52~67;7~10;0~1;6~10;2~9;1~8;0~1;0~1;55~149;14~20;0~4;0~1;0~2;Education~Social Media~Gaming~Other;1~10;4~7;8.3
13~16;Female~Other;10~12;2~4;6~7;52~67;7~10;0~1;6~10;2~9;1~8;0~1;0~1;55~149;14~20;0~4;0~1;0~2;Education~Social Media~Gaming~Other;1~10;4~7;9.2
13~16;Female~Other;10~12;2~4;6~7;52~67;7~10;0~1;6~10;2~9;1~8;0~1;0~1;55~149;14~20;0~4;0~1;0~2;Education~Social Media~Gaming~Other;1~10;4~7;8.4
13~16;Female~Other;10~12;2~4;6~7;52~67;7~10;0~1;6~10;2~9;1~8;0~1;0~1;55~149;14~20;0~4;0~1;0~2;Education~Social Media~Gaming~Other;1~10;4~7;10.0
13~16;Female~Other;10~12;2~4;6~7;52~67;7~10;0~1;6~10;2~9;1~8;0~1;0~1;55~149;14~20;0~4;0~1;0~2;Education~Social Media~Gaming~Other;1~10;4~7;10.0
13~16;Female~Other;10~12;0~4;6~7;51~73;8~10;1~3;1~5;3~9;1~5;0~1;0~2;35~143;6~14;0~4;0~1;0~1;Browsing~Education~Social Media~Gaming;3~10;1~10;6.4
13~16;Female~Other;10~12;0~4;6~7;51~73;8~10;1~3;1~5;3~9;1~5;0~1;0~2;35~143;6~14;0~4;0~1;0~1;Browsing~Education~Social Media~Gaming;3~10;1~10;9.3
13~16;Female~Other;10~12;0~4;6~7;51~73;8~10;1~3;1~5;3~9;1~5;0~1;0~2;35~143;6~14;0~4;0~1;0~1;Browsing~Education~Social Media~Gaming;3~10;1~10;5.8
13~16;Female~Other;10~12;0~4;6~7;51~73;8~10;1~3;1~5;3~9;1~5;0~1;0~2;35~143;6~14;0~4;0~1;0~1;Browsing~Education~Social Media~Gaming;3~10;1~10;3.8
13~16;Female~Other;10~12;0~4;6~7;51~73;8~10;1~3;1~5;3~9;1~5;0~1;0~2;35~143;6~14;0~4;0~1;0~1;Browsing~Education~Social Media~Gaming;3~10;1~10;6.1
13~16;Female~Other;10~12;0~4;6~7;51~73;8~10;1~3;1~5;3~9;1~5;0~1;0~2;35~143;6~14;0~4;0~1;0~1;Browsing~Education~Social Media~Gaming;3~10;1~10;7.3
13~16;Female~Other;10~12;0~4;6~7;51~73;8~10;1~3;1~5;3~9;1~5;0~1;0~2;35~143;6~14;0~4;0~1;0~1;Browsing~Education~Social Media~Gaming;3~10;1~10;7.9
13~15;Female~Other;10~12;0~4;6~9;61~72;7~10;1~2;6~9;1~10;1~10;0~1;0~1;32~133;8~15;2~3;0~2;0~2;Browsing~Education~Social Media~Gaming~Other;1~10;2~8;4.2
13~15;Female~Other;10~12;0~4;6~9;61~72;7~10;1~2;6~9;1~10;1~10;0~1;0~1;32~133;8~15;2~3;0~2;0~2;Browsing~Education~Social Media~Gaming~Other;1~10;2~8;6.8
13~15;Female~Other;10~12;0~4;6~9;61~72;7~10;1~2;6~9;1~10;1~10;0~1;0~1;32~133;8~15;2~3;0~2;0~2;Browsing~Education~Social Media~Gaming~Other;1~10;2~8;8.6
13~15;Female~Other;10~12;0~4;6~9;61~72;7~10;1~2;6~9;1~10;1~10;0~1;0~1;32~133;8~15;2~3;0~2;0~2;Browsing~Education~Social Media~Gaming~Other;1~10;2~8;5.2
13~15;Female~Other;10~12;0~4;6~9;61~72;7~10;1~2;6~9;1~10;1~10;0~1;0~1;32~133;8~15;2~3;0~2;0~2;Browsing~Education~Social Media~Gaming~Other;1~10;2~8;8.0
13~15;Female~Other;10~12;0~4;6~9;61~72;7~10;1~2;6~9;1~10;1~10;0~1;0~1;32~133;8~15;2~3;0~2;0~2;Browsing~Education~Social Media~Gaming~Other;1~10;2~8;9.4
13~15;Female~Other;10~12;0~4;6~9;61~72;7~10;1~2;6~9;1~10;1~10;0~1;0~1;32~133;8~15;2~3;0~2;0~2;Browsing~Education~Social Media~Gaming~Other;1~10;2~8;9.7
13~15;Female~Other;10~12;1~4;6~9;74~98;0~4;0~1;1~4;4~9;1~10;0~1;0~1;30~132;6~20;1~4;0~2;0~2;Browsing~Education~Social Media~Gaming~Other;1~8;2~9;7.3
13~15;Female~Other;10~12;1~4;6~9;74~98;0~4;0~1;1~4;4~9;1~10;0~1;0~1;30~132;6~20;1~4;0~2;0~2;Browsing~Education~Social Media~Gaming~Other;1~8;2~9;10.0
13~15;Female~Other;10~12;1~4;6~9;74~98;0~4;0~1;1~4;4~9;1~10;0~1;0~1;30~132;6~20;1~4;0~2;0~2;Browsing~Education~Social Media~Gaming~Other;1~8;2~9;5.1
13~15;Female~Other;10~12;1~4;6~9;74~98;0~4;0~1;1~4;4~9;1~10;0~1;0~1;30~132;6~20;1~4;0~2;0~2;Browsing~Education~Social Media~Gaming~Other;1~8;2~9;6.0
13~15;Female~Other;10~12;1~4;6~9;74~98;0~4;0~1;1~4;4~9;1~10;0~1;0~1;30~132;6~20;1~4;0~2;0~2;Browsing~Education~Social Media~Gaming~Other;1~8;2~9;10.0
13~15;Female~Other;10~12;1~4;6~9;74~98;0~4;0~1;1~4;4~9;1~10;0~1;0~1;30~132;6~20;1~4;0~2;0~2;Browsing~Education~Social Media~Gaming~Other;1~8;2~9;4.8
13~15;Female~Other;10~12;1~4;6~9;74~98;0~4;0~1;1~4;4~9;1~10;0~1;0~1;30~132;6~20;1~4;0~2;0~2;Browsing~Education~Social Media~Gaming~Other;1~8;2~9;6.3
13~15;Female~Other;10~12;1~4;6~9;74~98;0~4;0~1;1~4;4~9;1~10;0~1;0~1;30~132;6~20;1~4;0~2;0~2;Browsing~Education~Social Media~Gaming~Other;1~8;2~9;10.0
13~15;Female~Other;10~12;1~4;6~9;74~98;0~4;0~1;1~4;4~9;1~10;0~1;0~1;30~132;6~20;1~4;0~2;0~2;Browsing~Education~Social Media~Gaming~Other;1~8;2~9;7.3
13~16;Female~Other;10~12;1~4;6~8;74~91;0~4;0~1;5~10;2~10;1~9;0~1;0~2;22~150;6~16;0~3;0~1;0~1;Browsing~Education~Social Media~Gaming~Other;1~10;3~9;6.0
13~16;Female~Other;10~12;1~4;6~8;74~91;0~4;0~1;5~10;2~10;1~9;0~1;0~2;22~150;6~16;0~3;0~1;0~1;Browsing~Education~Social Media~Gaming~Other;1~10;3~9;7.0
13~16;Female~Other;10~12;1~4;6~8;74~91;0~4;0~1;5~10;2~10;1~9;0~1;0~2;22~150;6~16;0~3;0~1;0~1;Browsing~Education~Social Media~Gaming~Other;1~10;3~9;7.2
13~16;Female~Other;10~12;1~4;6~8;74~91;0~4;0~1;5~10;2~10;1~9;0~1;0~2;22~150;6~16;0~3;0~1;0~1;Browsing~Education~Social Media~Gaming~Other;1~10;3~9;4.7
13~16;Female~Other;10~12;1~4;6~8;74~91;0~4;0~1;5~10;2~10;1~9;0~1;0~2;22~150;6~16;0~3;0~1;0~1;Browsing~Education~Social Media~Gaming~Other;1~10;3~9;5.7
13~16;Female~Other;10~12;1~4;6~8;74~91;0~4;0~1;5~10;2~10;1~9;0~1;0~2;22~150;6~16;0~3;0~1;0~1;Browsing~Education~Social Media~Gaming~Other;1~10;3~9;5.4
13~16;Female~Other;10~12;1~4;6~8;74~91;0~4;0~1;5~10;2~10;1~9;0~1;0~2;22~150;6~16;0~3;0~1;0~1;Browsing~Education~Social Media~Gaming~Other;1~10;3~9;9.0
13~16;Female~Other;10~12;1~4;6~8;74~91;0~4;0~1;5~10;2~10;1~9;0~1;0~2;22~150;6~16;0~3;0~1;0~1;Browsing~Education~Social Media~Gaming~Other;1~10;3~9;9.7
13~16;Female~Other;10~12;1~4;6~8;74~91;0~4;0~1;5~10;2~10;1~9;0~1;0~2;22~150;6~16;0~3;0~1;0~1;Browsing~Education~Social Media~Gaming~Other;1~10;3~9;7.1
13~16;Female~Other;10~12;1~4;6~8;81~98;1~4;1~3;2~7;3~10;1~10;0~1;0~2;25~130;5~19;1~4;0~3;0~1;Browsing~Education~Social Media~Gaming~Other;1~9;2~8;7.1
13~16;Female~Other;10~12;1~4;6~8;81~98;1~4;1~3;2~7;3~10;1~10;0~1;0~2;25~130;5~19;1~4;0~3;0~1;Browsing~Education~Social Media~Gaming~Other;1~9;2~8;10.0
13~16;Female~Other;10~12;1~4;6~8;81~98;1~4;1~3;2~7;3~10;1~10;0~1;0~2;25~130;5~19;1~4;0~3;0~1;Browsing~Education~Social Media~Gaming~Other;1~9;2~8;8.2
13~16;Female~Other;10~12;1~4;6~8;81~98;1~4;1~3;2~7;3~10;1~10;0~1;0~2;25~130;5~19;1~4;0~3;0~1;Browsing~Education~Social Media~Gaming~Other;1~9;2~8;10.0
13~16;Female~Other;10~12;1~4;6~8;81~98;1~4;1~3;2~7;3~10;1~10;0~1;0~2;25~130;5~19;1~4;0~3;0~1;Browsing~Education~Social Media~Gaming~Other;1~9;2~8;6.0
13~16;Female~Other;10~12;1~4;6~8;81~98;1~4;1~3;2~7;3~10;1~10;0~1;0~2;25~130;5~19;1~4;0~3;0~1;Browsing~Education~Social Media~Gaming~Other;1~9;2~8;7.1
13~16;Female~Other;10~12;1~4;6~8;81~98;1~4;1~3;2~7;3~10;1~10;0~1;0~2;25~130;5~19;1~4;0~3;0~1;Browsing~Education~Social Media~Gaming~Other;1~9;2~8;4.5
13~16;Female~Other;10~12;1~4;6~8;81~98;1~4;1~3;2~7;3~10;1~10;0~1;0~2;25~130;5~19;1~4;0~3;0~1;Browsing~Education~Social Media~Gaming~Other;1~9;2~8;3.0
13~16;Female~Other;10~12;0~4;6~7;74~100;0~3;1~2;8~10;1~8;1~8;0~1;0~1;53~114;5~18;1~3;0~3;0~1;Browsing~Education~Social Media~Gaming~Other;1~8;3~9;4.7
13~16;Female~Other;10~12;0~4;6~7;74~100;0~3;1~2;8~10;1~8;1~8;0~1;0~1;53~114;5~18;1~3;0~3;0~1;Browsing~Education~Social Media~Gaming~Other;1~8;3~9;7.5
13~16;Female~Other;10~12;0~4;6~7;74~100;0~3;1~2;8~10;1~8;1~8;0~1;0~1;53~114;5~18;1~3;0~3;0~1;Browsing~Education~Social Media~Gaming~Other;1~8;3~9;6.8
13~16;Female~Other;10~12;0~4;6~7;74~100;0~3;1~2;8~10;1~8;1~8;0~1;0~1;53~114;5~18;1~3;0~3;0~1;Browsing~Education~Social Media~Gaming~Other;1~8;3~9;10.0
13~16;Female~Other;10~12;0~4;6~7;74~100;0~3;1~2;8~10;1~8;1~8;0~1;0~1;53~114;5~18;1~3;0~3;0~1;Browsing~Education~Social Media~Gaming~Other;1~8;3~9;7.5
13~16;Female~Other;10~12;0~4;6~7;74~100;0~3;1~2;8~10;1~8;1~8;0~1;0~1;53~114;5~18;1~3;0~3;0~1;Browsing~Education~Social Media~Gaming~Other;1~8;3~9;8.4
13~16;Female~Other;10~12;0~4;6~7;74~100;0~3;1~2;8~10;1~8;1~8;0~1;0~1;53~114;5~18;1~3;0~3;0~1;Browsing~Education~Social Media~Gaming~Other;1~8;3~9;10.0
13~16;Female~Other;10~12;2~4;6~9;75~99;5~10;0~0;1~4;1~9;2~10;0~1;0~2;22~136;5~17;2~3;1~4;0~1;Education~Social Media~Gaming~Other;1~9;1~9;8.8
13~16;Female~Other;10~12;2~4;6~9;75~99;5~10;0~0;1~4;1~9;2~10;0~1;0~2;22~136;5~17;2~3;1~4;0~1;Education~Social Media~Gaming~Other;1~9;1~9;9.0
13~16;Female~Other;10~12;2~4;6~9;75~99;5~10;0~0;1~4;1~9;2~10;0~1;0~2;22~136;5~17;2~3;1~4;0~1;Education~Social Media~Gaming~Other;1~9;1~9;9.2
13~16;Female~Other;10~12;2~4;6~9;75~99;5~10;0~0;1~4;1~9;2~10;0~1;0~2;22~136;5~17;2~3;1~4;0~1;Education~Social Media~Gaming~Other;1~9;1~9;5.6
13~16;Female~Other;10~12;2~4;6~9;75~99;5~10;0~0;1~4;1~9;2~10;0~1;0~2;22~136;5~17;2~3;1~4;0~1;Education~Social Media~Gaming~Other;1~9;1~9;6.9
13~16;Female~Other;10~12;2~4;6~9;75~99;5~10;0~0;1~4;1~9;2~10;0~1;0~2;22~136;5~17;2~3;1~4;0~1;Education~Social Media~Gaming~Other;1~9;1~9;6.6
13~16;Female~Other;10~12;2~4;6~9;75~99;5~10;0~0;1~4;1~9;2~10;0~1;0~2;22~136;5~17;2~3;1~4;0~1;Education~Social Media~Gaming~Other;1~9;1~9;10.0
13~16;Female~Other;10~12;2~4;6~9;75~99;5~10;0~0;1~4;1~9;2~10;0~1;0~2;22~136;5~17;2~3;1~4;0~1;Education~Social Media~Gaming~Other;1~9;1~9;8.2
13~16;Female~Other;10~12;2~4;6~9;75~99;5~10;0~0;1~4;1~9;2~10;0~1;0~2;22~136;5~17;2~3;1~4;0~1;Education~Social Media~Gaming~Other;1~9;1~9;9.5
13~16;Female~Other;10~12;2~4;6~8;77~100;6~10;0~0;5~10;2~9;1~10;0~1;0~1;20~110;9~20;2~4;0~2;0~2;Browsing~Education~Social Media~Gaming~Other;1~9;2~6;6.5
13~16;Female~Other;10~12;2~4;6~8;77~100;6~10;0~0;5~10;2~9;1~10;0~1;0~1;20~110;9~20;2~4;0~2;0~2;Browsing~Education~Social Media~Gaming~Other;1~9;2~6;7.4
13~16;Female~Other;10~12;2~4;6~8;77~100;6~10;0~0;5~10;2~9;1~10;0~1;0~1;20~110;9~20;2~4;0~2;0~2;Browsing~Education~Social Media~Gaming~Other;1~9;2~6;7.2
13~16;Female~Other;10~12;2~4;6~8;77~100;6~10;0~0;5~10;2~9;1~10;0~1;0~1;20~110;9~20;2~4;0~2;0~2;Browsing~Education~Social Media~Gaming~Other;1~9;2~6;10.0
13~16;Female~Other;10~12;2~4;6~8;77~100;6~10;0~0;5~10;2~9;1~10;0~1;0~1;20~110;9~20;2~4;0~2;0~2;Browsing~Education~Social Media~Gaming~Other;1~9;2~6;7.0
13~16;Female~Other;10~12;2~4;6~8;77~100;6~10;0~0;5~10;2~9;1~10;0~1;0~1;20~110;9~20;2~4;0~2;0~2;Browsing~Education~Social Media~Gaming~Other;1~9;2~6;9.1
13~16;Female~Other;10~12;2~4;6~8;77~100;6~10;0~0;5~10;2~9;1~10;0~1;0~1;20~110;9~20;2~4;0~2;0~2;Browsing~Education~Social Media~Gaming~Other;1~9;2~6;6.2
13~16;Female~Other;10~12;2~4;6~8;77~100;6~10;0~0;5~10;2~9;1~10;0~1;0~1;20~110;9~20;2~4;0~2;0~2;Browsing~Education~Social Media~Gaming~Other;1~9;2~6;7.2
13~16;Female~Other;10~12;2~4;6~8;77~100;6~10;0~0;5~10;2~9;1~10;0~1;0~1;20~110;9~20;2~4;0~2;0~2;Browsing~Education~Social Media~Gaming~Other;1~9;2~6;8.0
14~16;Female~Other;10~12;0~4;6~7;75~96;6~10;1~2;1~7;1~2;2~4;0~1;0~1;32~118;5~17;1~4;0~2;0~1;Browsing~Education~Social Media;2~10;4~9;7.9
14~16;Female~Other;10~12;0~4;6~7;75~96;6~10;1~2;1~7;1~2;2~4;0~1;0~1;32~118;5~17;1~4;0~2;0~1;Browsing~Education~Social Media;2~10;4~9;4.8
14~16;Female~Other;10~12;0~4;6~7;75~96;6~10;1~2;1~7;1~2;2~4;0~1;0~1;32~118;5~17;1~4;0~2;0~1;Browsing~Education~Social Media;2~10;4~9;7.1
14~16;Female~Other;10~12;0~4;6~7;75~96;6~10;1~2;1~7;1~2;2~4;0~1;0~1;32~118;5~17;1~4;0~2;0~1;Browsing~Education~Social Media;2~10;4~9;9.4
14~16;Female~Other;10~12;0~4;6~7;75~96;6~10;1~2;1~7;1~2;2~4;0~1;0~1;32~118;5~17;1~4;0~2;0~1;Browsing~Education~Social Media;2~10;4~9;10.0
13~16;Female~Other;10~12;1~4;6~8;77~97;7~10;1~2;1~7;3~10;3~8;0~1;0~1;38~130;9~20;2~4;0~3;0~2;Browsing~Education~Social Media~Gaming~Other;1~10;3~9;10.0
13~16;Female~Other;10~12;1~4;6~8;77~97;7~10;1~2;1~7;3~10;3~8;0~1;0~1;38~130;9~20;2~4;0~3;0~2;Browsing~Education~Social Media~Gaming~Other;1~10;3~9;10.0
13~16;Female~Other;10~12;1~4;6~8;77~97;7~10;1~2;1~7;3~10;3~8;0~1;0~1;38~130;9~20;2~4;0~3;0~2;Browsing~Education~Social Media~Gaming~Other;1~10;3~9;7.7
13~16;Female~Other;10~12;1~4;6~8;77~97;7~10;1~2;1~7;3~10;3~8;0~1;0~1;38~130;9~20;2~4;0~3;0~2;Browsing~Education~Social Media~Gaming~Other;1~10;3~9;10.0
13~16;Female~Other;10~12;1~4;6~8;77~97;7~10;1~2;1~7;3~10;3~8;0~1;0~1;38~130;9~20;2~4;0~3;0~2;Browsing~Education~Social Media~Gaming~Other;1~10;3~9;10.0
13~16;Female~Other;10~12;3~4;6~8;74~98;5~9;1~2;8~10;2~7;1~8;0~1;0~1;26~130;8~20;1~5;0~2;0~1;Browsing~Education~Social Media~Gaming~Other;1~10;3~11;10.0
13~16;Female~Other;10~12;3~4;6~8;74~98;5~9;1~2;8~10;2~7;1~8;0~1;0~1;26~130;8~20;1~5;0~2;0~1;Browsing~Education~Social Media~Gaming~Other;1~10;3~11;9.0
13~16;Female~Other;10~12;3~4;6~8;74~98;5~9;1~2;8~10;2~7;1~8;0~1;0~1;26~130;8~20;1~5;0~2;0~1;Browsing~Education~Social Media~Gaming~Other;1~10;3~11;7.8
13~16;Female~Other;10~12;3~4;6~8;74~98;5~9;1~2;8~10;2~7;1~8;0~1;0~1;26~130;8~20;1~5;0~2;0~1;Browsing~Education~Social Media~Gaming~Other;1~10;3~11;8.9
13~16;Female~Other;10~12;3~4;6~8;74~98;5~9;1~2;8~10;2~7;1~8;0~1;0~1;26~130;8~20;1~5;0~2;0~1;Browsing~Education~Social Media~Gaming~Other;1~10;3~11;6.3
13~16;Female~Other;10~12;3~4;6~8;74~98;5~9;1~2;8~10;2~7;1~8;0~1;0~1;26~130;8~20;1~5;0~2;0~1;Browsing~Education~Social Media~Gaming~Other;1~10;3~11;10.0
13~16;Female~Other;10;5~9;3~5;54~73;0~4;0~0;1~5;1~4;3~10;0~1;0~1;57~123;8~12;2~4;1~3;0~1;Browsing~Education~Social Media~Gaming;1~9;5~6;10.0
13~16;Female~Other;10;5~9;3~5;54~73;0~4;0~0;1~5;1~4;3~10;0~1;0~1;57~123;8~12;2~4;1~3;0~1;Browsing~Education~Social Media~Gaming;1~9;5~6;10.0
13~16;Female~Other;10;5~9;3~5;54~73;0~4;0~0;1~5;1~4;3~10;0~1;0~1;57~123;8~12;2~4;1~3;0~1;Browsing~Education~Social Media~Gaming;1~9;5~6;10.0
13~16;Female~Other;10;5~9;3~5;54~73;0~4;0~0;1~5;1~4;3~10;0~1;0~1;57~123;8~12;2~4;1~3;0~1;Browsing~Education~Social Media~Gaming;1~9;5~6;10.0
13~16;Female~Other;10;5~9;3~5;54~73;0~4;0~0;1~5;1~4;3~10;0~1;0~1;57~123;8~12;2~4;1~3;0~1;Browsing~Education~Social Media~Gaming;1~9;5~6;10.0
13~16;Female;11~12;5~6;3~6;51~62;0~4;0~0;2~5;5~10;1~6;0~1;0~1;48~114;8~15;0~4;1~2;0~2;Gaming~Other;2~9;3~8;10.0
13~16;Female;11~12;5~6;3~6;51~62;0~4;0~0;2~5;5~10;1~6;0~1;0~1;48~114;8~15;0~4;1~2;0~2;Gaming~Other;2~9;3~8;10.0
13~16;Female;11~12;5~6;3~6;51~62;0~4;0~0;2~5;5~10;1~6;0~1;0~1;48~114;8~15;0~4;1~2;0~2;Gaming~Other;2~9;3~8;10.0
13~16;Female;11~12;5~6;3~6;51~62;0~4;0~0;2~5;5~10;1~6;0~1;0~1;48~114;8~15;0~4;1~2;0~2;Gaming~Other;2~9;3~8;10.0
13~16;Female;11~12;5~6;3~6;51~62;0~4;0~0;2~5;5~10;1~6;0~1;0~1;48~114;8~15;0~4;1~2;0~2;Gaming~Other;2~9;3~8;10.0
13~16;Female~Other;11~12;5~7;4~6;56~76;0~3;0~1;6~10;1~4;6~9;0~1;0~1;42~86;13~20;1~3;0~3;0~1;Browsing~Education~Social Media~Gaming;1~9;3~6;10.0
13~16;Female~Other;11~12;5~7;4~6;56~76;0~3;0~1;6~10;1~4;6~9;0~1;0~1;42~86;13~20;1~3;0~3;0~1;Browsing~Education~Social Media~Gaming;1~9;3~6;10.0
13~16;Female~Other;11~12;5~7;4~6;56~76;0~3;0~1;6~10;1~4;6~9;0~1;0~1;42~86;13~20;1~3;0~3;0~1;Browsing~Education~Social Media~Gaming;1~9;3~6;10.0
13~16;Female~Other;11~12;5~7;4~6;56~76;0~3;0~1;6~10;1~4;6~9;0~1;0~1;42~86;13~20;1~3;0~3;0~1;Browsing~Education~Social Media~Gaming;1~9;3~6;10.0
13~16;Female~Other;11~12;5~7;4~6;56~76;0~3;0~1;6~10;1~4;6~9;0~1;0~1;42~86;13~20;1~3;0~3;0~1;Browsing~Education~Social Media~Gaming;1~9;3~6;10.0
13~15;Female~Other;10~12;5~8;4~6;55~74;0~3;0~1;7~10;7~10;3~10;0~1;0~1;21~129;6~15;1~4;0~2;0~1;Browsing~Education~Social Media~Gaming~Other;2~10;4~9;10.0
13~15;Female~Other;10~12;5~8;4~6;55~74;0~3;0~1;7~10;7~10;3~10;0~1;0~1;21~129;6~15;1~4;0~2;0~1;Browsing~Education~Social Media~Gaming~Other;2~10;4~9;10.0
13~15;Female~Other;10~12;5~8;4~6;55~74;0~3;0~1;7~10;7~10;3~10;0~1;0~1;21~129;6~15;1~4;0~2;0~1;Browsing~Education~Social Media~Gaming~Other;2~10;4~9;10.0
13~15;Female~Other;10~12;5~8;4~6;55~74;0~3;0~1;7~10;7~10;3~10;0~1;0~1;21~129;6~15;1~4;0~2;0~1;Browsing~Education~Social Media~Gaming~Other;2~10;4~9;9.4
13~15;Female~Other;10~12;5~8;4~6;55~74;0~3;0~1;7~10;7~10;3~10;0~1;0~1;21~129;6~15;1~4;0~2;0~1;Browsing~Education~Social Media~Gaming~Other;2~10;4~9;10.0
13~16;Female~Other;10~12;5~9;4~6;51~76;0~4;1~2;1~4;1~10;2~10;0~1;0~1;20~144;5~19;1~3;0~2;0~1;Browsing~Education~Social Media~Gaming~Other;2~10;2~7;10.0
13~16;Female~Other;10~12;5~9;4~6;51~76;0~4;1~2;1~4;1~10;2~10;0~1;0~1;20~144;5~19;1~3;0~2;0~1;Browsing~Education~Social Media~Gaming~Other;2~10;2~7;10.0
13~16;Female~Other;10~12;5~9;4~6;51~76;0~4;1~2;1~4;1~10;2~10;0~1;0~1;20~144;5~19;1~3;0~2;0~1;Browsing~Education~Social Media~Gaming~Other;2~10;2~7;10.0
13~16;Female~Other;10~12;5~9;4~6;51~76;0~4;1~2;1~4;1~10;2~10;0~1;0~1;20~144;5~19;1~3;0~2;0~1;Browsing~Education~Social Media~Gaming~Other;2~10;2~7;9.0
13~16;Female~Other;10~12;5~9;4~6;51~76;0~4;1~2;1~4;1~10;2~10;0~1;0~1;20~144;5~19;1~3;0~2;0~1;Browsing~Education~Social Media~Gaming~Other;2~10;2~7;10.0
13~16;Female~Other;10~12;5~9;4~6;51~76;0~4;1~2;1~4;1~10;2~10;0~1;0~1;20~144;5~19;1~3;0~2;0~1;Browsing~Education~Social Media~Gaming~Other;2~10;2~7;10.0
13~16;Female~Other;10~12;5~9;4~6;51~76;0~4;1~2;1~4;1~10;2~10;0~1;0~1;20~144;5~19;1~3;0~2;0~1;Browsing~Education~Social Media~Gaming~Other;2~10;2~7;10.0
13~16;Female~Other;10~12;5~9;4~6;51~76;0~4;1~2;1~4;1~10;2~10;0~1;0~1;20~144;5~19;1~3;0~2;0~1;Browsing~Education~Social Media~Gaming~Other;2~10;2~7;10.0
13~16;Female~Other;10~12;5~9;4~6;51~76;0~4;1~2;1~4;1~10;2~10;0~1;0~1;20~144;5~19;1~3;0~2;0~1;Browsing~Education~Social Media~Gaming~Other;2~10;2~7;5.5
13~16;Female~Other;10~12;5~8;5~6;67~76;0~4;1~2;5~10;1~8;1~9;0~1;0~1;24~144;5~19;1~4;0~3;0~2;Browsing~Education~Social Media~Gaming~Other;2~9;4~9;8.0
13~16;Female~Other;10~12;5~8;5~6;67~76;0~4;1~2;5~10;1~8;1~9;0~1;0~1;24~144;5~19;1~4;0~3;0~2;Browsing~Education~Social Media~Gaming~Other;2~9;4~9;10.0
13~16;Female~Other;10~12;5~8;5~6;67~76;0~4;1~2;5~10;1~8;1~9;0~1;0~1;24~144;5~19;1~4;0~3;0~2;Browsing~Education~Social Media~Gaming~Other;2~9;4~9;10.0
13~16;Female~Other;10~12;5~8;5~6;67~76;0~4;1~2;5~10;1~8;1~9;0~1;0~1;24~144;5~19;1~4;0~3;0~2;Browsing~Education~Social Media~Gaming~Other;2~9;4~9;10.0
13~16;Female~Other;10~12;5~8;5~6;67~76;0~4;1~2;5~10;1~8;1~9;0~1;0~1;24~144;5~19;1~4;0~3;0~2;Browsing~Education~Social Media~Gaming~Other;2~9;4~9;10.0
13~16;Female~Other;10~12;5~8;5~6;67~76;0~4;1~2;5~10;1~8;1~9;0~1;0~1;24~144;5~19;1~4;0~3;0~2;Browsing~Education~Social Media~Gaming~Other;2~9;4~9;10.0
13~16;Female~Other;10~12;5~8;5~6;67~76;0~4;1~2;5~10;1~8;1~9;0~1;0~1;24~144;5~19;1~4;0~3;0~2;Browsing~Education~Social Media~Gaming~Other;2~9;4~9;10.0
13~16;Female~Other;10~12;5~8;5~6;67~76;0~4;1~2;5~10;1~8;1~9;0~1;0~1;24~144;5~19;1~4;0~3;0~2;Browsing~Education~Social Media~Gaming~Other;2~9;4~9;10.0
13~16;Female~Other;10~12;5~8;5~6;67~76;0~4;1~2;5~10;1~8;1~9;0~1;0~1;24~144;5~19;1~4;0~3;0~2;Browsing~Education~Social Media~Gaming~Other;2~9;4~9;10.0
15~16;Female~Other;11~12;5~8;3~6;55~74;5~10;0~0;1~6;1~4;1~7;0~1;0~1;20~116;5~18;2~4;0~2;0~2;Education~Social Media~Gaming~Other;2~10;3~10;10.0
15~16;Female~Other;11~12;5~8;3~6;55~74;5~10;0~0;1~6;1~4;1~7;0~1;0~1;20~116;5~18;2~4;0~2;0~2;Education~Social Media~Gaming~Other;2~10;3~10;10.0
15~16;Female~Other;11~12;5~8;3~6;55~74;5~10;0~0;1~6;1~4;1~7;0~1;0~1;20~116;5~18;2~4;0~2;0~2;Education~Social Media~Gaming~Other;2~10;3~10;10.0
15~16;Female~Other;11~12;5~8;3~6;55~74;5~10;0~0;1~6;1~4;1~7;0~1;0~1;20~116;5~18;2~4;0~2;0~2;Education~Social Media~Gaming~Other;2~10;3~10;10.0
15~16;Female~Other;11~12;5~8;3~6;55~74;5~10;0~0;1~6;1~4;1~7;0~1;0~1;20~116;5~18;2~4;0~2;0~2;Education~Social Media~Gaming~Other;2~10;3~10;10.0
13~16;Female~Other;10~12;5~8;3~6;57~76;8~10;0~0;2~6;7~10;2~10;0~1;0~2;57~145;9~18;0~4;0~2;0~3;Browsing~Education~Social Media~Gaming~Other;2~10;2~8;10.0
13~16;Female~Other;10~12;5~8;3~6;57~76;8~10;0~0;2~6;7~10;2~10;0~1;0~2;57~145;9~18;0~4;0~2;0~3;Browsing~Education~Social Media~Gaming~Other;2~10;2~8;9.0
13~16;Female~Other;10~12;5~8;3~6;57~76;8~10;0~0;2~6;7~10;2~10;0~1;0~2;57~145;9~18;0~4;0~2;0~3;Browsing~Education~Social Media~Gaming~Other;2~10;2~8;10.0
13~16;Female~Other;10~12;5~8;3~6;57~76;8~10;0~0;2~6;7~10;2~10;0~1;0~2;57~145;9~18;0~4;0~2;0~3;Browsing~Education~Social Media~Gaming~Other;2~10;2~8;10.0
13~16;Female~Other;10~12;5~8;3~6;57~76;8~10;0~0;2~6;7~10;2~10;0~1;0~2;57~145;9~18;0~4;0~2;0~3;Browsing~Education~Social Media~Gaming~Other;2~10;2~8;10.0
13~16;Female~Other;10~12;5~8;3~5;55~73;5~10;0~0;7~10;1~4;2~9;0~1;0~1;33~138;5~18;2~4;0~3;0~1;Browsing~Education~Social Media~Gaming~Other;3~10;3~8;10.0
13~16;Female~Other;10~12;5~8;3~5;55~73;5~10;0~0;7~10;1~4;2~9;0~1;0~1;33~138;5~18;2~4;0~3;0~1;Browsing~Education~Social Media~Gaming~Other;3~10;3~8;10.0
13~16;Female~Other;10~12;5~8;3~5;55~73;5~10;0~0;7~10;1~4;2~9;0~1;0~1;33~138;5~18;2~4;0~3;0~1;Browsing~Education~Social Media~Gaming~Other;3~10;3~8;10.0
13~16;Female~Other;10~12;5~8;3~5;55~73;5~10;0~0;7~10;1~4;2~9;0~1;0~1;33~138;5~18;2~4;0~3;0~1;Browsing~Education~Social Media~Gaming~Other;3~10;3~8;10.0
13~16;Female~Other;10~12;5~8;3~5;55~73;5~10;0~0;7~10;1~4;2~9;0~1;0~1;33~138;5~18;2~4;0~3;0~1;Browsing~Education~Social Media~Gaming~Other;3~10;3~8;10.0
13~16;Other;10~12;5~7;3~6;54~71;5~8;0~0;8~10;5~10;3~9;0~1;0~1;46~132;5~20;2~4;0~2;0~0;Education~Social Media~Gaming~Other;2~10;3~9;10.0
13~16;Other;10~12;5~7;3~6;54~71;5~8;0~0;8~10;5~10;3~9;0~1;0~1;46~132;5~20;2~4;0~2;0~0;Education~Social Media~Gaming~Other;2~10;3~9;10.0
13~16;Other;10~12;5~7;3~6;54~71;5~8;0~0;8~10;5~10;3~9;0~1;0~1;46~132;5~20;2~4;0~2;0~0;Education~Social Media~Gaming~Other;2~10;3~9;10.0
13~16;Other;10~12;5~7;3~6;54~71;5~8;0~0;8~10;5~10;3~9;0~1;0~1;46~132;5~20;2~4;0~2;0~0;Education~Social Media~Gaming~Other;2~10;3~9;10.0
13~16;Other;10~12;5~7;3~6;54~71;5~8;0~0;8~10;5~10;3~9;0~1;0~1;46~132;5~20;2~4;0~2;0~0;Education~Social Media~Gaming~Other;2~10;3~9;10.0
13~16;Female~Other;10~12;5~7;3~6;52~73;5~10;0~2;1~4;1~10;3~10;0~1;0~2;30~135;5~20;1~3;0~2;0~1;Browsing~Education~Social Media~Gaming~Other;1~10;3~9;10.0
13~16;Female~Other;10~12;5~7;3~6;52~73;5~10;0~2;1~4;1~10;3~10;0~1;0~2;30~135;5~20;1~3;0~2;0~1;Browsing~Education~Social Media~Gaming~Other;1~10;3~9;10.0
13~16;Female~Other;10~12;5~7;3~6;52~73;5~10;0~2;1~4;1~10;3~10;0~1;0~2;30~135;5~20;1~3;0~2;0~1;Browsing~Education~Social Media~Gaming~Other;1~10;3~9;10.0
13~16;Female~Other;10~12;5~7;3~6;52~73;5~10;0~2;1~4;1~10;3~10;0~1;0~2;30~135;5~20;1~3;0~2;0~1;Browsing~Education~Social Media~Gaming~Other;1~10;3~9;10.0
13~16;Female~Other;10~12;5~7;3~6;52~73;5~10;0~2;1~4;1~10;3~10;0~1;0~2;30~135;5~20;1~3;0~2;0~1;Browsing~Education~Social Media~Gaming~Other;1~10;3~9;10.0
13~16;Female~Other;10~12;5~7;3~6;52~73;5~10;0~2;1~4;1~10;3~10;0~1;0~2;30~135;5~20;1~3;0~2;0~1;Browsing~Education~Social Media~Gaming~Other;1~10;3~9;10.0
13~16;Female~Other;10~12;5~7;3~6;52~73;5~10;0~2;1~4;1~10;3~10;0~1;0~2;30~135;5~20;1~3;0~2;0~1;Browsing~Education~Social Media~Gaming~Other;1~10;3~9;10.0
13~16;Female~Other;10~12;5~7;3~6;52~73;5~10;0~2;1~4;1~10;3~10;0~1;0~2;30~135;5~20;1~3;0~2;0~1;Browsing~Education~Social Media~Gaming~Other;1~10;3~9;10.0
13~16;Female~Other;10~12;5~7;3~6;52~73;5~10;0~2;1~4;1~10;3~10;0~1;0~2;30~135;5~20;1~3;0~2;0~1;Browsing~Education~Social Media~Gaming~Other;1~10;3~9;8.8
14~16;Female~Other;10~12;5~7;3~6;53~74;5~10;0~2;5~10;1~10;3~10;0~1;0~2;32~150;5~20;1~3;0~3;0~2;Browsing~Education~Social Media~Gaming~Other;1~10;3~8;10.0
14~16;Female~Other;10~12;5~7;3~6;53~74;5~10;0~2;5~10;1~10;3~10;0~1;0~2;32~150;5~20;1~3;0~3;0~2;Browsing~Education~Social Media~Gaming~Other;1~10;3~8;10.0
14~16;Female~Other;10~12;5~7;3~6;53~74;5~10;0~2;5~10;1~10;3~10;0~1;0~2;32~150;5~20;1~3;0~3;0~2;Browsing~Education~Social Media~Gaming~Other;1~10;3~8;10.0
14~16;Female~Other;10~12;5~7;3~6;53~74;5~10;0~2;5~10;1~10;3~10;0~1;0~2;32~150;5~20;1~3;0~3;0~2;Browsing~Education~Social Media~Gaming~Other;1~10;3~8;10.0
14~16;Female~Other;10~12;5~7;3~6;53~74;5~10;0~2;5~10;1~10;3~10;0~1;0~2;32~150;5~20;1~3;0~3;0~2;Browsing~Education~Social Media~Gaming~Other;1~10;3~8;10.0
14~16;Female~Other;10~12;5~7;3~6;53~74;5~10;0~2;5~10;1~10;3~10;0~1;0~2;32~150;5~20;1~3;0~3;0~2;Browsing~Education~Social Media~Gaming~Other;1~10;3~8;10.0
14~16;Female~Other;10~12;5~7;3~6;53~74;5~10;0~2;5~10;1~10;3~10;0~1;0~2;32~150;5~20;1~3;0~3;0~2;Browsing~Education~Social Media~Gaming~Other;1~10;3~8;8.2
14~16;Female~Other;10~12;5~7;3~6;53~74;5~10;0~2;5~10;1~10;3~10;0~1;0~2;32~150;5~20;1~3;0~3;0~2;Browsing~Education~Social Media~Gaming~Other;1~10;3~8;10.0
14~16;Female~Other;10~12;5~7;3~6;53~74;5~10;0~2;5~10;1~10;3~10;0~1;0~2;32~150;5~20;1~3;0~3;0~2;Browsing~Education~Social Media~Gaming~Other;1~10;3~8;8.4
13~16;Female~Other;10~12;5~10;3~6;82~96;1~6;0~0;1~7;1~3;1~8;0~1;0~1;22~147;10~20;0~4;0~2;0~1;Browsing~Education~Social Media~Gaming~Other;1~10;3~8;10.0
13~16;Female~Other;10~12;5~10;3~6;82~96;1~6;0~0;1~7;1~3;1~8;0~1;0~1;22~147;10~20;0~4;0~2;0~1;Browsing~Education~Social Media~Gaming~Other;1~10;3~8;10.0
13~16;Female~Other;10~12;5~10;3~6;82~96;1~6;0~0;1~7;1~3;1~8;0~1;0~1;22~147;10~20;0~4;0~2;0~1;Browsing~Education~Social Media~Gaming~Other;1~10;3~8;10.0
13~16;Female~Other;10~12;5~10;3~6;82~96;1~6;0~0;1~7;1~3;1~8;0~1;0~1;22~147;10~20;0~4;0~2;0~1;Browsing~Education~Social Media~Gaming~Other;1~10;3~8;10.0
13~16;Female~Other;10~12;5~10;3~6;82~96;1~6;0~0;1~7;1~3;1~8;0~1;0~1;22~147;10~20;0~4;0~2;0~1;Browsing~Education~Social Media~Gaming~Other;1~10;3~8;10.0
13~16;Female~Other;10~12;5~10;3~6;82~96;1~6;0~0;1~7;1~3;1~8;0~1;0~1;22~147;10~20;0~4;0~2;0~1;Browsing~Education~Social Media~Gaming~Other;1~10;3~8;10.0
13~16;Female~Other;10~12;5~10;3~6;82~96;1~6;0~0;1~7;1~3;1~8;0~1;0~1;22~147;10~20;0~4;0~2;0~1;Browsing~Education~Social Media~Gaming~Other;1~10;3~8;10.0
13~16;Female;10~12;5~8;3~5;85~95;0~6;0~0;2~5;4~10;2~9;0~1;0~1;38~140;7~18;2~3;0~4;0~2;Browsing~Education~Social Media~Gaming;2~10;3~8;10.0
13~16;Female;10~12;5~8;3~5;85~95;0~6;0~0;2~5;4~10;2~9;0~1;0~1;38~140;7~18;2~3;0~4;0~2;Browsing~Education~Social Media~Gaming;2~10;3~8;10.0
13~16;Female;10~12;5~8;3~5;85~95;0~6;0~0;2~5;4~10;2~9;0~1;0~1;38~140;7~18;2~3;0~4;0~2;Browsing~Education~Social Media~Gaming;2~10;3~8;9.6
13~16;Female;10~12;5~8;3~5;85~95;0~6;0~0;2~5;4~10;2~9;0~1;0~1;38~140;7~18;2~3;0~4;0~2;Browsing~Education~Social Media~Gaming;2~10;3~8;10.0
13~16;Female;10~12;5~8;3~5;85~95;0~6;0~0;2~5;4~10;2~9;0~1;0~1;38~140;7~18;2~3;0~4;0~2;Browsing~Education~Social Media~Gaming;2~10;3~8;10.0
13~15;Female~Other;10~12;5~7;4~6;81~99;1~3;0~0;8~10;1~5;1~10;0~1;0~1;23~141;6~17;1~4;0~2;0~2;Education~Social Media~Gaming~Other;1~9;4~10;10.0
13~15;Female~Other;10~12;5~7;4~6;81~99;1~3;0~0;8~10;1~5;1~10;0~1;0~1;23~141;6~17;1~4;0~2;0~2;Education~Social Media~Gaming~Other;1~9;4~10;10.0
13~15;Female~Other;10~12;5~7;4~6;81~99;1~3;0~0;8~10;1~5;1~10;0~1;0~1;23~141;6~17;1~4;0~2;0~2;Education~Social Media~Gaming~Other;1~9;4~10;10.0
13~15;Female~Other;10~12;5~7;4~6;81~99;1~3;0~0;8~10;1~5;1~10;0~1;0~1;23~141;6~17;1~4;0~2;0~2;Education~Social Media~Gaming~Other;1~9;4~10;10.0
13~15;Female~Other;10~12;5~7;4~6;81~99;1~3;0~0;8~10;1~5;1~10;0~1;0~1;23~141;6~17;1~4;0~2;0~2;Education~Social Media~Gaming~Other;1~9;4~10;10.0
13~16;Female~Other;10~12;5~7;3~6;85~100;1~4;0~0;9~10;6~10;5~9;0~1;0~1;95~149;7~19;1~3;1~2;0~1;Browsing~Education~Social Media~Gaming~Other;2~7;2~7;10.0
13~16;Female~Other;10~12;5~7;3~6;85~100;1~4;0~0;9~10;6~10;5~9;0~1;0~1;95~149;7~19;1~3;1~2;0~1;Browsing~Education~Social Media~Gaming~Other;2~7;2~7;10.0
13~16;Female~Other;10~12;5~7;3~6;85~100;1~4;0~0;9~10;6~10;5~9;0~1;0~1;95~149;7~19;1~3;1~2;0~1;Browsing~Education~Social Media~Gaming~Other;2~7;2~7;10.0
13~16;Female~Other;10~12;5~7;3~6;85~100;1~4;0~0;9~10;6~10;5~9;0~1;0~1;95~149;7~19;1~3;1~2;0~1;Browsing~Education~Social Media~Gaming~Other;2~7;2~7;10.0
13~16;Female~Other;10~12;5~7;3~6;85~100;1~4;0~0;9~10;6~10;5~9;0~1;0~1;95~149;7~19;1~3;1~2;0~1;Browsing~Education~Social Media~Gaming~Other;2~7;2~7;10.0
13~16;Female~Other;10~12;5~8;4~6;77~98;1~6;1~2;1~7;1~10;1~8;0~1;0~1;21~148;5~18;0~2;0~3;0~1;Browsing~Education~Social Media~Gaming~Other;2~10;2~11;10.0
13~16;Female~Other;10~12;5~8;4~6;77~98;1~6;1~2;1~7;1~10;1~8;0~1;0~1;21~148;5~18;0~2;0~3;0~1;Browsing~Education~Social Media~Gaming~Other;2~10;2~11;10.0
13~16;Female~Other;10~12;5~8;4~6;77~98;1~6;1~2;1~7;1~10;1~8;0~1;0~1;21~148;5~18;0~2;0~3;0~1;Browsing~Education~Social Media~Gaming~Other;2~10;2~11;7.8
13~16;Female~Other;10~12;5~8;4~6;77~98;1~6;1~2;1~7;1~10;1~8;0~1;0~1;21~148;5~18;0~2;0~3;0~1;Browsing~Education~Social Media~Gaming~Other;2~10;2~11;7.7
13~16;Female~Other;10~12;5~8;4~6;77~98;1~6;1~2;1~7;1~10;1~8;0~1;0~1;21~148;5~18;0~2;0~3;0~1;Browsing~Education~Social Media~Gaming~Other;2~10;2~11;10.0
13~16;Female~Other;10~12;5~8;4~6;77~98;1~6;1~2;1~7;1~10;1~8;0~1;0~1;21~148;5~18;0~2;0~3;0~1;Browsing~Education~Social Media~Gaming~Other;2~10;2~11;10.0
13~16;Female~Other;10~12;5~8;4~6;77~98;1~6;1~2;1~7;1~10;1~8;0~1;0~1;21~148;5~18;0~2;0~3;0~1;Browsing~Education~Social Media~Gaming~Other;2~10;2~11;8.2
13~16;Female~Other;10~12;5~8;4~6;77~98;1~6;1~2;1~7;1~10;1~8;0~1;0~1;21~148;5~18;0~2;0~3;0~1;Browsing~Education~Social Media~Gaming~Other;2~10;2~11;10.0
13~16;Female~Other;10~12;5~8;4~6;77~98;1~6;1~2;1~7;1~10;1~8;0~1;0~1;21~148;5~18;0~2;0~3;0~1;Browsing~Education~Social Media~Gaming~Other;2~10;2~11;10.0
13~16;Female~Other;10~12;5~6;4~6;77~98;0~6;1~2;8~10;1~10;2~9;0~1;0~1;38~114;7~20;1~3;0~3;0~2;Browsing~Education~Social Media~Gaming~Other;1~10;2~7;7.9
13~16;Female~Other;10~12;5~6;4~6;77~98;0~6;1~2;8~10;1~10;2~9;0~1;0~1;38~114;7~20;1~3;0~3;0~2;Browsing~Education~Social Media~Gaming~Other;1~10;2~7;10.0
13~16;Female~Other;10~12;5~6;4~6;77~98;0~6;1~2;8~10;1~10;2~9;0~1;0~1;38~114;7~20;1~3;0~3;0~2;Browsing~Education~Social Media~Gaming~Other;1~10;2~7;10.0
13~16;Female~Other;10~12;5~6;4~6;77~98;0~6;1~2;8~10;1~10;2~9;0~1;0~1;38~114;7~20;1~3;0~3;0~2;Browsing~Education~Social Media~Gaming~Other;1~10;2~7;10.0
13~16;Female~Other;10~12;5~6;4~6;77~98;0~6;1~2;8~10;1~10;2~9;0~1;0~1;38~114;7~20;1~3;0~3;0~2;Browsing~Education~Social Media~Gaming~Other;1~10;2~7;10.0
13~16;Female~Other;10~12;5~6;4~6;77~98;0~6;1~2;8~10;1~10;2~9;0~1;0~1;38~114;7~20;1~3;0~3;0~2;Browsing~Education~Social Media~Gaming~Other;1~10;2~7;10.0
13~16;Female~Other;10~12;5~6;4~6;77~98;0~6;1~2;8~10;1~10;2~9;0~1;0~1;38~114;7~20;1~3;0~3;0~2;Browsing~Education~Social Media~Gaming~Other;1~10;2~7;10.0
13~16;Female~Other;10~12;5~6;4~6;77~98;0~6;1~2;8~10;1~10;2~9;0~1;0~1;38~114;7~20;1~3;0~3;0~2;Browsing~Education~Social Media~Gaming~Other;1~10;2~7;9.1
13~16;Female~Other;10~12;5~8;4~6;77~100;8~10;0~1;1~2;3~10;2~10;0~1;0~1;55~148;5~18;0~3;0~3;0~2;Browsing~Education~Social Media~Gaming~Other;3~10;1~9;9.2
13~16;Female~Other;10~12;5~8;4~6;77~100;8~10;0~1;1~2;3~10;2~10;0~1;0~1;55~148;5~18;0~3;0~3;0~2;Browsing~Education~Social Media~Gaming~Other;3~10;1~9;10.0
13~16;Female~Other;10~12;5~8;4~6;77~100;8~10;0~1;1~2;3~10;2~10;0~1;0~1;55~148;5~18;0~3;0~3;0~2;Browsing~Education~Social Media~Gaming~Other;3~10;1~9;10.0
13~16;Female~Other;10~12;5~8;4~6;77~100;8~10;0~1;1~2;3~10;2~10;0~1;0~1;55~148;5~18;0~3;0~3;0~2;Browsing~Education~Social Media~Gaming~Other;3~10;1~9;10.0
13~16;Female~Other;10~12;5~8;4~6;77~100;8~10;0~1;1~2;3~10;2~10;0~1;0~1;55~148;5~18;0~3;0~3;0~2;Browsing~Education~Social Media~Gaming~Other;3~10;1~9;10.0
13~16;Female~Other;10~12;5~8;4~6;77~100;8~10;0~1;1~2;3~10;2~10;0~1;0~1;55~148;5~18;0~3;0~3;0~2;Browsing~Education~Social Media~Gaming~Other;3~10;1~9;10.0
13~16;Female~Other;10~12;5~8;4~6;77~100;8~10;0~1;1~2;3~10;2~10;0~1;0~1;55~148;5~18;0~3;0~3;0~2;Browsing~Education~Social Media~Gaming~Other;3~10;1~9;10.0
13~16;Female~Other;10~12;5~8;4~6;77~100;8~10;0~1;1~2;3~10;2~10;0~1;0~1;55~148;5~18;0~3;0~3;0~2;Browsing~Education~Social Media~Gaming~Other;3~10;1~9;10.0
13~16;Female~Other;10~12;5~8;4~6;77~100;8~10;0~1;1~2;3~10;2~10;0~1;0~1;55~148;5~18;0~3;0~3;0~2;Browsing~Education~Social Media~Gaming~Other;3~10;1~9;10.0
13~15;Female~Other;10~12;5~8;4~6;80~86;8~10;0~0;3~8;1~4;1~6;0~1;0~1;35~144;6~14;1~3;0~2;0~2;Browsing~Education~Social Media~Gaming~Other;4~10;6~7;10.0
13~15;Female~Other;10~12;5~8;4~6;80~86;8~10;0~0;3~8;1~4;1~6;0~1;0~1;35~144;6~14;1~3;0~2;0~2;Browsing~Education~Social Media~Gaming~Other;4~10;6~7;10.0
13~15;Female~Other;10~12;5~8;4~6;80~86;8~10;0~0;3~8;1~4;1~6;0~1;0~1;35~144;6~14;1~3;0~2;0~2;Browsing~Education~Social Media~Gaming~Other;4~10;6~7;8.5
13~15;Female~Other;10~12;5~8;4~6;80~86;8~10;0~0;3~8;1~4;1~6;0~1;0~1;35~144;6~14;1~3;0~2;0~2;Browsing~Education~Social Media~Gaming~Other;4~10;6~7;10.0
13~15;Female~Other;10~12;5~8;4~6;80~86;8~10;0~0;3~8;1~4;1~6;0~1;0~1;35~144;6~14;1~3;0~2;0~2;Browsing~Education~Social Media~Gaming~Other;4~10;6~7;10.0
13~15;Female~Other;10~11;5~7;4~6;88~98;7~10;0~0;5~10;5~10;3~7;0~1;0~1;33~134;12~18;2~4;0~1;0~1;Browsing~Education~Social Media~Gaming~Other;1~10;3~12;10.0
13~15;Female~Other;10~11;5~7;4~6;88~98;7~10;0~0;5~10;5~10;3~7;0~1;0~1;33~134;12~18;2~4;0~1;0~1;Browsing~Education~Social Media~Gaming~Other;1~10;3~12;10.0
13~15;Female~Other;10~11;5~7;4~6;88~98;7~10;0~0;5~10;5~10;3~7;0~1;0~1;33~134;12~18;2~4;0~1;0~1;Browsing~Education~Social Media~Gaming~Other;1~10;3~12;10.0
13~15;Female~Other;10~11;5~7;4~6;88~98;7~10;0~0;5~10;5~10;3~7;0~1;0~1;33~134;12~18;2~4;0~1;0~1;Browsing~Education~Social Media~Gaming~Other;1~10;3~12;10.0
13~15;Female~Other;10~11;5~7;4~6;88~98;7~10;0~0;5~10;5~10;3~7;0~1;0~1;33~134;12~18;2~4;0~1;0~1;Browsing~Education~Social Media~Gaming~Other;1~10;3~12;10.0
13~16;Female~Other;10~12;5~9;4~6;79~100;8~10;1~2;1~4;5~10;1~9;0~1;0~1;27~131;8~20;1~2;1~2;0~1;Browsing~Education~Social Media~Gaming;1~10;4~7;10.0
13~16;Female~Other;10~12;5~9;4~6;79~100;8~10;1~2;1~4;5~10;1~9;0~1;0~1;27~131;8~20;1~2;1~2;0~1;Browsing~Education~Social Media~Gaming;1~10;4~7;10.0
13~16;Female~Other;10~12;5~9;4~6;79~100;8~10;1~2;1~4;5~10;1~9;0~1;0~1;27~131;8~20;1~2;1~2;0~1;Browsing~Education~Social Media~Gaming;1~10;4~7;10.0
13~16;Female~Other;10~12;5~9;4~6;79~100;8~10;1~2;1~4;5~10;1~9;0~1;0~1;27~131;8~20;1~2;1~2;0~1;Browsing~Education~Social Media~Gaming;1~10;4~7;10.0
13~16;Female~Other;10~12;5~9;4~6;79~100;8~10;1~2;1~4;5~10;1~9;0~1;0~1;27~131;8~20;1~2;1~2;0~1;Browsing~Education~Social Media~Gaming;1~10;4~7;10.0
13~16;Female~Other;10~12;5~9;4~6;79~100;8~10;1~2;1~4;5~10;1~9;0~1;0~1;27~131;8~20;1~2;1~2;0~1;Browsing~Education~Social Media~Gaming;1~10;4~7;10.0
13~16;Female~Other;10~12;5~9;4~6;79~100;8~10;1~2;1~4;5~10;1~9;0~1;0~1;27~131;8~20;1~2;1~2;0~1;Browsing~Education~Social Media~Gaming;1~10;4~7;10.0
13~14;Female~Other;10~12;5~8;3~6;77~100;8~10;1~2;5~10;1~9;3~10;0~1;0~1;29~125;7~18;1~4;1~2;0~2;Browsing~Education~Social Media~Gaming~Other;1~7;4~7;9.6
13~14;Female~Other;10~12;5~8;3~6;77~100;8~10;1~2;5~10;1~9;3~10;0~1;0~1;29~125;7~18;1~4;1~2;0~2;Browsing~Education~Social Media~Gaming~Other;1~7;4~7;10.0
13~14;Female~Other;10~12;5~8;3~6;77~100;8~10;1~2;5~10;1~9;3~10;0~1;0~1;29~125;7~18;1~4;1~2;0~2;Browsing~Education~Social Media~Gaming~Other;1~7;4~7;10.0
13~14;Female~Other;10~12;5~8;3~6;77~100;8~10;1~2;5~10;1~9;3~10;0~1;0~1;29~125;7~18;1~4;1~2;0~2;Browsing~Education~Social Media~Gaming~Other;1~7;4~7;10.0
13~14;Female~Other;10~12;5~8;3~6;77~100;8~10;1~2;5~10;1~9;3~10;0~1;0~1;29~125;7~18;1~4;1~2;0~2;Browsing~Education~Social Media~Gaming~Other;1~7;4~7;10.0
13~14;Female~Other;10~12;5~8;3~6;77~100;8~10;1~2;5~10;1~9;3~10;0~1;0~1;29~125;7~18;1~4;1~2;0~2;Browsing~Education~Social Media~Gaming~Other;1~7;4~7;10.0
13~14;Female~Other;10~12;5~8;3~6;77~100;8~10;1~2;5~10;1~9;3~10;0~1;0~1;29~125;7~18;1~4;1~2;0~2;Browsing~Education~Social Media~Gaming~Other;1~7;4~7;10.0
13~16;Female~Other;10~12;5~8;6~9;52~76;1~5;0~1;1~7;2~3;1~9;0~1;0~1;50~145;7~10;0~3;0~3;0~1;Education~Social Media~Gaming~Other;1~9;5~7;10.0
13~16;Female~Other;10~12;5~8;6~9;52~76;1~5;0~1;1~7;2~3;1~9;0~1;0~1;50~145;7~10;0~3;0~3;0~1;Education~Social Media~Gaming~Other;1~9;5~7;8.8
13~16;Female~Other;10~12;5~8;6~9;52~76;1~5;0~1;1~7;2~3;1~9;0~1;0~1;50~145;7~10;0~3;0~3;0~1;Education~Social Media~Gaming~Other;1~9;5~7;10.0
13~16;Female~Other;10~12;5~8;6~9;52~76;1~5;0~1;1~7;2~3;1~9;0~1;0~1;50~145;7~10;0~3;0~3;0~1;Education~Social Media~Gaming~Other;1~9;5~7;7.9
13~16;Female~Other;10~12;5~8;6~9;52~76;1~5;0~1;1~7;2~3;1~9;0~1;0~1;50~145;7~10;0~3;0~3;0~1;Education~Social Media~Gaming~Other;1~9;5~7;7.6
14~16;Female~Other;10~12;5~7;6~8;58~74;2~5;0~1;1~6;5~10;5~10;0~1;0~1;32~148;5~17;1~3;1~3;0~2;Social Media~Gaming~Other;1~8;4~6;10.0
14~16;Female~Other;10~12;5~7;6~8;58~74;2~5;0~1;1~6;5~10;5~10;0~1;0~1;32~148;5~17;1~3;1~3;0~2;Social Media~Gaming~Other;1~8;4~6;10.0
14~16;Female~Other;10~12;5~7;6~8;58~74;2~5;0~1;1~6;5~10;5~10;0~1;0~1;32~148;5~17;1~3;1~3;0~2;Social Media~Gaming~Other;1~8;4~6;10.0
14~16;Female~Other;10~12;5~7;6~8;58~74;2~5;0~1;1~6;5~10;5~10;0~1;0~1;32~148;5~17;1~3;1~3;0~2;Social Media~Gaming~Other;1~8;4~6;10.0
14~16;Female~Other;10~12;5~7;6~8;58~74;2~5;0~1;1~6;5~10;5~10;0~1;0~1;32~148;5~17;1~3;1~3;0~2;Social Media~Gaming~Other;1~8;4~6;7.4
14~16;Female~Other;10~12;5~7;6~8;58~74;2~5;0~1;1~6;5~10;5~10;0~1;0~1;32~148;5~17;1~3;1~3;0~2;Social Media~Gaming~Other;1~8;4~6;8.6
14~16;Female~Other;10~11;5~9;6~9;50~73;2~5;0~1;8~10;3~6;1~6;0~1;0~1;29~144;13~19;2~4;0~2;1~2;Social Media~Gaming~Other;6~9;4~8;10.0
14~16;Female~Other;10~11;5~9;6~9;50~73;2~5;0~1;8~10;3~6;1~6;0~1;0~1;29~144;13~19;2~4;0~2;1~2;Social Media~Gaming~Other;6~9;4~8;10.0
14~16;Female~Other;10~11;5~9;6~9;50~73;2~5;0~1;8~10;3~6;1~6;0~1;0~1;29~144;13~19;2~4;0~2;1~2;Social Media~Gaming~Other;6~9;4~8;10.0
14~16;Female~Other;10~11;5~9;6~9;50~73;2~5;0~1;8~10;3~6;1~6;0~1;0~1;29~144;13~19;2~4;0~2;1~2;Social Media~Gaming~Other;6~9;4~8;10.0
14~16;Female~Other;10~11;5~9;6~9;50~73;2~5;0~1;8~10;3~6;1~6;0~1;0~1;29~144;13~19;2~4;0~2;1~2;Social Media~Gaming~Other;6~9;4~8;10.0
14~16;Female~Other;10~12;6~9;6~7;50~75;0~5;0~1;8~10;8~10;1~10;0~1;0~0;66~134;8~20;1~3;0~2;0~0;Education~Social Media~Gaming~Other;1~10;3~9;10.0
14~16;Female~Other;10~12;6~9;6~7;50~75;0~5;0~1;8~10;8~10;1~10;0~1;0~0;66~134;8~20;1~3;0~2;0~0;Education~Social Media~Gaming~Other;1~10;3~9;10.0
14~16;Female~Other;10~12;6~9;6~7;50~75;0~5;0~1;8~10;8~10;1~10;0~1;0~0;66~134;8~20;1~3;0~2;0~0;Education~Social Media~Gaming~Other;1~10;3~9;10.0
14~16;Female~Other;10~12;6~9;6~7;50~75;0~5;0~1;8~10;8~10;1~10;0~1;0~0;66~134;8~20;1~3;0~2;0~0;Education~Social Media~Gaming~Other;1~10;3~9;10.0
14~16;Female~Other;10~12;6~9;6~7;50~75;0~5;0~1;8~10;8~10;1~10;0~1;0~0;66~134;8~20;1~3;0~2;0~0;Education~Social Media~Gaming~Other;1~10;3~9;10.0
13~16;Female~Other;10~12;5~8;6~10;50~76;0~5;1~3;1~5;1~8;1~9;0~1;0~1;22~134;7~20;0~3;0~3;0~2;Browsing~Education~Social Media~Gaming~Other;1~10;1~7;9.5
13~16;Female~Other;10~12;5~8;6~10;50~76;0~5;1~3;1~5;1~8;1~9;0~1;0~1;22~134;7~20;0~3;0~3;0~2;Browsing~Education~Social Media~Gaming~Other;1~10;1~7;9.3
13~16;Female~Other;10~12;5~8;6~10;50~76;0~5;1~3;1~5;1~8;1~9;0~1;0~1;22~134;7~20;0~3;0~3;0~2;Browsing~Education~Social Media~Gaming~Other;1~10;1~7;10.0
13~16;Female~Other;10~12;5~8;6~10;50~76;0~5;1~3;1~5;1~8;1~9;0~1;0~1;22~134;7~20;0~3;0~3;0~2;Browsing~Education~Social Media~Gaming~Other;1~10;1~7;9.9
13~16;Female~Other;10~12;5~8;6~10;50~76;0~5;1~3;1~5;1~8;1~9;0~1;0~1;22~134;7~20;0~3;0~3;0~2;Browsing~Education~Social Media~Gaming~Other;1~10;1~7;8.5
13~16;Female~Other;10~12;5~8;6~10;50~76;0~5;1~3;1~5;1~8;1~9;0~1;0~1;22~134;7~20;0~3;0~3;0~2;Browsing~Education~Social Media~Gaming~Other;1~10;1~7;10.0
13~16;Female~Other;10~12;5~8;6~10;50~76;0~5;1~3;1~5;1~8;1~9;0~1;0~1;22~134;7~20;0~3;0~3;0~2;Browsing~Education~Social Media~Gaming~Other;1~10;1~7;10.0
13~16;Female~Other;10~12;5~8;6~10;50~76;0~5;1~3;1~5;1~8;1~9;0~1;0~1;22~134;7~20;0~3;0~3;0~2;Browsing~Education~Social Media~Gaming~Other;1~10;1~7;10.0
13~16;Female~Other;10~12;5~8;6~10;50~76;0~5;1~3;1~5;1~8;1~9;0~1;0~1;22~134;7~20;0~3;0~3;0~2;Browsing~Education~Social Media~Gaming~Other;1~10;1~7;9.6
13~15;Female~Other;10~12;5~8;6~7;52~72;2~5;1~3;6~10;2~6;2~8;0~1;0~1;28~141;10~20;2~3;0~1;0~1;Social Media~Gaming~Other;1~6;5~8;10.0
13~15;Female~Other;10~12;5~8;6~7;52~72;2~5;1~3;6~10;2~6;2~8;0~1;0~1;28~141;10~20;2~3;0~1;0~1;Social Media~Gaming~Other;1~6;5~8;10.0
13~15;Female~Other;10~12;5~8;6~7;52~72;2~5;1~3;6~10;2~6;2~8;0~1;0~1;28~141;10~20;2~3;0~1;0~1;Social Media~Gaming~Other;1~6;5~8;10.0
13~15;Female~Other;10~12;5~8;6~7;52~72;2~5;1~3;6~10;2~6;2~8;0~1;0~1;28~141;10~20;2~3;0~1;0~1;Social Media~Gaming~Other;1~6;5~8;10.0
13~15;Female~Other;10~12;5~8;6~7;52~72;2~5;1~3;6~10;2~6;2~8;0~1;0~1;28~141;10~20;2~3;0~1;0~1;Social Media~Gaming~Other;1~6;5~8;9.3
14~16;Female~Other;10~12;5~8;7~8;51~69;0~5;1~2;7~9;7~10;2~10;0~1;0~1;53~144;9~15;1~3;0~3;0~1;Browsing~Education~Social Media~Gaming;5~10;4~9;10.0
14~16;Female~Other;10~12;5~8;7~8;51~69;0~5;1~2;7~9;7~10;2~10;0~1;0~1;53~144;9~15;1~3;0~3;0~1;Browsing~Education~Social Media~Gaming;5~10;4~9;9.7
14~16;Female~Other;10~12;5~8;7~8;51~69;0~5;1~2;7~9;7~10;2~10;0~1;0~1;53~144;9~15;1~3;0~3;0~1;Browsing~Education~Social Media~Gaming;5~10;4~9;8.8
14~16;Female~Other;10~12;5~8;7~8;51~69;0~5;1~2;7~9;7~10;2~10;0~1;0~1;53~144;9~15;1~3;0~3;0~1;Browsing~Education~Social Media~Gaming;5~10;4~9;10.0
14~16;Female~Other;10~12;5~8;7~8;51~69;0~5;1~2;7~9;7~10;2~10;0~1;0~1;53~144;9~15;1~3;0~3;0~1;Browsing~Education~Social Media~Gaming;5~10;4~9;10.0
13~16;Female~Other;10~12;5~8;6~9;50~76;6~10;0~0;2~6;1~7;1~8;0~1;0~1;22~147;5~17;1~3;0~2;0~2;Browsing~Education~Social Media~Gaming~Other;2~10;3~8;10.0
13~16;Female~Other;10~12;5~8;6~9;50~76;6~10;0~0;2~6;1~7;1~8;0~1;0~1;22~147;5~17;1~3;0~2;0~2;Browsing~Education~Social Media~Gaming~Other;2~10;3~8;8.7
13~16;Female~Other;10~12;5~8;6~9;50~76;6~10;0~0;2~6;1~7;1~8;0~1;0~1;22~147;5~17;1~3;0~2;0~2;Browsing~Education~Social Media~Gaming~Other;2~10;3~8;10.0
13~16;Female~Other;10~12;5~8;6~9;50~76;6~10;0~0;2~6;1~7;1~8;0~1;0~1;22~147;5~17;1~3;0~2;0~2;Browsing~Education~Social Media~Gaming~Other;2~10;3~8;10.0
13~16;Female~Other;10~12;5~8;6~9;50~76;6~10;0~0;2~6;1~7;1~8;0~1;0~1;22~147;5~17;1~3;0~2;0~2;Browsing~Education~Social Media~Gaming~Other;2~10;3~8;7.8
13~16;Female~Other;10~12;5~8;6~9;50~76;6~10;0~0;2~6;1~7;1~8;0~1;0~1;22~147;5~17;1~3;0~2;0~2;Browsing~Education~Social Media~Gaming~Other;2~10;3~8;10.0
13~16;Female~Other;10~12;5~8;6~9;50~76;6~10;0~0;2~6;1~7;1~8;0~1;0~1;22~147;5~17;1~3;0~2;0~2;Browsing~Education~Social Media~Gaming~Other;2~10;3~8;10.0
13~16;Female~Other;10~12;5~7;6~8;58~74;6~10;0~0;7~10;1~10;1~8;0~1;0~1;39~96;13~20;1~3;0~1;0~2;Education~Social Media~Gaming~Other;1~9;5~7;10.0
13~16;Female~Other;10~12;5~7;6~8;58~74;6~10;0~0;7~10;1~10;1~8;0~1;0~1;39~96;13~20;1~3;0~1;0~2;Education~Social Media~Gaming~Other;1~9;5~7;10.0
13~16;Female~Other;10~12;5~7;6~8;58~74;6~10;0~0;7~10;1~10;1~8;0~1;0~1;39~96;13~20;1~3;0~1;0~2;Education~Social Media~Gaming~Other;1~9;5~7;10.0
13~16;Female~Other;10~12;5~7;6~8;58~74;6~10;0~0;7~10;1~10;1~8;0~1;0~1;39~96;13~20;1~3;0~1;0~2;Education~Social Media~Gaming~Other;1~9;5~7;9.4
13~16;Female~Other;10~12;5~7;6~8;58~74;6~10;0~0;7~10;1~10;1~8;0~1;0~1;39~96;13~20;1~3;0~1;0~2;Education~Social Media~Gaming~Other;1~9;5~7;9.6
13~16;Female~Other;10~12;5~8;6~9;51~76;7~10;1~3;1~5;1~7;3~10;0~1;0~2;67~119;7~20;1~3;0~3;0~1;Browsing~Education~Social Media~Gaming;1~9;1~10;10.0
13~16;Female~Other;10~12;5~8;6~9;51~76;7~10;1~3;1~5;1~7;3~10;0~1;0~2;67~119;7~20;1~3;0~3;0~1;Browsing~Education~Social Media~Gaming;1~9;1~10;10.0
13~16;Female~Other;10~12;5~8;6~9;51~76;7~10;1~3;1~5;1~7;3~10;0~1;0~2;67~119;7~20;1~3;0~3;0~1;Browsing~Education~Social Media~Gaming;1~9;1~10;10.0
13~16;Female~Other;10~12;5~8;6~9;51~76;7~10;1~3;1~5;1~7;3~10;0~1;0~2;67~119;7~20;1~3;0~3;0~1;Browsing~Education~Social Media~Gaming;1~9;1~10;10.0
13~16;Female~Other;10~12;5~8;6~9;51~76;7~10;1~3;1~5;1~7;3~10;0~1;0~2;67~119;7~20;1~3;0~3;0~1;Browsing~Education~Social Media~Gaming;1~9;1~10;6.5
13~16;Female~Other;10~12;5~8;6~9;51~76;7~10;1~3;1~5;1~7;3~10;0~1;0~2;67~119;7~20;1~3;0~3;0~1;Browsing~Education~Social Media~Gaming;1~9;1~10;9.2
13~16;Female~Other;10~11;5~7;6~8;52~69;6~10;1~1;6~9;2~10;1~9;0~1;0~2;23~142;9~19;1~4;0~2;0~2;Browsing~Education~Social Media~Gaming~Other;1~9;5~9;9.8
13~16;Female~Other;10~11;5~7;6~8;52~69;6~10;1~1;6~9;2~10;1~9;0~1;0~2;23~142;9~19;1~4;0~2;0~2;Browsing~Education~Social Media~Gaming~Other;1~9;5~9;10.0
13~16;Female~Other;10~11;5~7;6~8;52~69;6~10;1~1;6~9;2~10;1~9;0~1;0~2;23~142;9~19;1~4;0~2;0~2;Browsing~Education~Social Media~Gaming~Other;1~9;5~9;10.0
13~16;Female~Other;10~11;5~7;6~8;52~69;6~10;1~1;6~9;2~10;1~9;0~1;0~2;23~142;9~19;1~4;0~2;0~2;Browsing~Education~Social Media~Gaming~Other;1~9;5~9;9.9
13~16;Female~Other;10~11;5~7;6~8;52~69;6~10;1~1;6~9;2~10;1~9;0~1;0~2;23~142;9~19;1~4;0~2;0~2;Browsing~Education~Social Media~Gaming~Other;1~9;5~9;10.0
13~16;Female~Other;10~11;5~7;6~8;52~69;6~10;1~1;6~9;2~10;1~9;0~1;0~2;23~142;9~19;1~4;0~2;0~2;Browsing~Education~Social Media~Gaming~Other;1~9;5~9;10.0
13~16;Female~Other;10~11;5~7;6~8;52~69;6~10;1~1;6~9;2~10;1~9;0~1;0~2;23~142;9~19;1~4;0~2;0~2;Browsing~Education~Social Media~Gaming~Other;1~9;5~9;10.0
13~15;Female~Other;10~12;5~10;7~9;79~100;0~4;0~0;1~2;5~10;1~9;0~1;0~1;34~88;6~20;0~5;0~2;0~1;Browsing~Education~Social Media~Gaming~Other;3~9;4~8;10.0
13~15;Female~Other;10~12;5~10;7~9;79~100;0~4;0~0;1~2;5~10;1~9;0~1;0~1;34~88;6~20;0~5;0~2;0~1;Browsing~Education~Social Media~Gaming~Other;3~9;4~8;10.0
13~15;Female~Other;10~12;5~10;7~9;79~100;0~4;0~0;1~2;5~10;1~9;0~1;0~1;34~88;6~20;0~5;0~2;0~1;Browsing~Education~Social Media~Gaming~Other;3~9;4~8;10.0
13~15;Female~Other;10~12;5~10;7~9;79~100;0~4;0~0;1~2;5~10;1~9;0~1;0~1;34~88;6~20;0~5;0~2;0~1;Browsing~Education~Social Media~Gaming~Other;3~9;4~8;6.9
13~15;Female~Other;10~12;5~10;7~9;79~100;0~4;0~0;1~2;5~10;1~9;0~1;0~1;34~88;6~20;0~5;0~2;0~1;Browsing~Education~Social Media~Gaming~Other;3~9;4~8;10.0
13~15;Female~Other;10~12;5~10;7~9;79~100;0~4;0~0;1~2;5~10;1~9;0~1;0~1;34~88;6~20;0~5;0~2;0~1;Browsing~Education~Social Media~Gaming~Other;3~9;4~8;7.8
13~15;Female~Other;10~12;5~10;7~9;79~100;0~4;0~0;1~2;5~10;1~9;0~1;0~1;34~88;6~20;0~5;0~2;0~1;Browsing~Education~Social Media~Gaming~Other;3~9;4~8;10.0
13~15;Female~Other;10~12;5~10;7~9;79~100;0~4;0~0;1~2;5~10;1~9;0~1;0~1;34~88;6~20;0~5;0~2;0~1;Browsing~Education~Social Media~Gaming~Other;3~9;4~8;10.0
13~16;Female~Other;10~12;5~8;7~9;83~99;0~4;0~0;3~9;2~10;1~10;0~1;0~1;20~133;5~19;2~3;0~2;0~2;Browsing~Education~Social Media~Gaming~Other;3~9;3~9;9.6
13~16;Female~Other;10~12;5~8;7~9;83~99;0~4;0~0;3~9;2~10;1~10;0~1;0~1;20~133;5~19;2~3;0~2;0~2;Browsing~Education~Social Media~Gaming~Other;3~9;3~9;10.0
13~16;Female~Other;10~12;5~8;7~9;83~99;0~4;0~0;3~9;2~10;1~10;0~1;0~1;20~133;5~19;2~3;0~2;0~2;Browsing~Education~Social Media~Gaming~Other;3~9;3~9;10.0
13~16;Female~Other;10~12;5~8;7~9;83~99;0~4;0~0;3~9;2~10;1~10;0~1;0~1;20~133;5~19;2~3;0~2;0~2;Browsing~Education~Social Media~Gaming~Other;3~9;3~9;8.3
13~16;Female~Other;10~12;5~8;7~9;83~99;0~4;0~0;3~9;2~10;1~10;0~1;0~1;20~133;5~19;2~3;0~2;0~2;Browsing~Education~Social Media~Gaming~Other;3~9;3~9;10.0
13~16;Female~Other;10~12;5~8;7~9;83~99;0~4;0~0;3~9;2~10;1~10;0~1;0~1;20~133;5~19;2~3;0~2;0~2;Browsing~Education~Social Media~Gaming~Other;3~9;3~9;8.0
13~16;Female~Other;10~12;5~8;7~9;83~99;0~4;0~0;3~9;2~10;1~10;0~1;0~1;20~133;5~19;2~3;0~2;0~2;Browsing~Education~Social Media~Gaming~Other;3~9;3~9;10.0
13~16;Female~Other;10~12;5~8;7~9;83~99;0~4;0~0;3~9;2~10;1~10;0~1;0~1;20~133;5~19;2~3;0~2;0~2;Browsing~Education~Social Media~Gaming~Other;3~9;3~9;10.0
13~16;Female~Other;10~12;5~7;6~10;79~100;0~3;0~1;2~7;1~3;5~10;0~1;0~1;29~117;5~19;1~3;0~2;0~2;Browsing~Education~Social Media~Gaming~Other;4~10;3~9;10.0
13~16;Female~Other;10~12;5~7;6~10;79~100;0~3;0~1;2~7;1~3;5~10;0~1;0~1;29~117;5~19;1~3;0~2;0~2;Browsing~Education~Social Media~Gaming~Other;4~10;3~9;10.0
13~16;Female~Other;10~12;5~7;6~10;79~100;0~3;0~1;2~7;1~3;5~10;0~1;0~1;29~117;5~19;1~3;0~2;0~2;Browsing~Education~Social Media~Gaming~Other;4~10;3~9;10.0
13~16;Female~Other;10~12;5~7;6~10;79~100;0~3;0~1;2~7;1~3;5~10;0~1;0~1;29~117;5~19;1~3;0~2;0~2;Browsing~Education~Social Media~Gaming~Other;4~10;3~9;10.0
13~16;Female~Other;10~12;5~7;6~10;79~100;0~3;0~1;2~7;1~3;5~10;0~1;0~1;29~117;5~19;1~3;0~2;0~2;Browsing~Education~Social Media~Gaming~Other;4~10;3~9;5.4
13~16;Female~Other;10~12;5~7;6~10;79~100;0~3;0~1;2~7;1~3;5~10;0~1;0~1;29~117;5~19;1~3;0~2;0~2;Browsing~Education~Social Media~Gaming~Other;4~10;3~9;9.8
13~16;Female~Other;10~12;5~7;7~10;81~100;1~4;0~2;3~7;5~10;1~10;1;0~1;44~150;7~20;1~2;0~3;0~1;Browsing~Education~Social Media~Gaming~Other;1~9;5~9;10.0
13~16;Female~Other;10~12;5~7;7~10;81~100;1~4;0~2;3~7;5~10;1~10;1;0~1;44~150;7~20;1~2;0~3;0~1;Browsing~Education~Social Media~Gaming~Other;1~9;5~9;10.0
13~16;Female~Other;10~12;5~7;7~10;81~100;1~4;0~2;3~7;5~10;1~10;1;0~1;44~150;7~20;1~2;0~3;0~1;Browsing~Education~Social Media~Gaming~Other;1~9;5~9;10.0
13~16;Female~Other;10~12;5~7;7~10;81~100;1~4;0~2;3~7;5~10;1~10;1;0~1;44~150;7~20;1~2;0~3;0~1;Browsing~Education~Social Media~Gaming~Other;1~9;5~9;10.0
13~16;Female~Other;10~12;5~7;7~10;81~100;1~4;0~2;3~7;5~10;1~10;1;0~1;44~150;7~20;1~2;0~3;0~1;Browsing~Education~Social Media~Gaming~Other;1~9;5~9;10.0
13~16;Female~Other;10~12;5~7;7~10;81~100;1~4;0~2;3~7;5~10;1~10;1;0~1;44~150;7~20;1~2;0~3;0~1;Browsing~Education~Social Media~Gaming~Other;1~9;5~9;10.0
13~16;Female~Other;10~12;5~7;7~8;78~94;0~4;1~2;8~10;3~8;1~9;0~1;0~1;26~141;5~20;0~3;0~1;0~0;Browsing~Education~Social Media~Gaming~Other;3~10;4~9;9.2
13~16;Female~Other;10~12;5~7;7~8;78~94;0~4;1~2;8~10;3~8;1~9;0~1;0~1;26~141;5~20;0~3;0~1;0~0;Browsing~Education~Social Media~Gaming~Other;3~10;4~9;3.7
13~16;Female~Other;10~12;5~7;7~8;78~94;0~4;1~2;8~10;3~8;1~9;0~1;0~1;26~141;5~20;0~3;0~1;0~0;Browsing~Education~Social Media~Gaming~Other;3~10;4~9;9.6
13~16;Female~Other;10~12;5~7;7~8;78~94;0~4;1~2;8~10;3~8;1~9;0~1;0~1;26~141;5~20;0~3;0~1;0~0;Browsing~Education~Social Media~Gaming~Other;3~10;4~9;9.0
13~16;Female~Other;10~12;5~7;7~8;78~94;0~4;1~2;8~10;3~8;1~9;0~1;0~1;26~141;5~20;0~3;0~1;0~0;Browsing~Education~Social Media~Gaming~Other;3~10;4~9;9.5
13~16;Female~Other;10~12;5~8;6~9;77~97;5~10;0~1;1~7;1~9;5~10;0~1;0~1;32~133;7~20;1~3;0~3;0~3;Browsing~Education~Social Media~Gaming~Other;2~8;3~8;10.0
13~16;Female~Other;10~12;5~8;6~9;77~97;5~10;0~1;1~7;1~9;5~10;0~1;0~1;32~133;7~20;1~3;0~3;0~3;Browsing~Education~Social Media~Gaming~Other;2~8;3~8;10.0
13~16;Female~Other;10~12;5~8;6~9;77~97;5~10;0~1;1~7;1~9;5~10;0~1;0~1;32~133;7~20;1~3;0~3;0~3;Browsing~Education~Social Media~Gaming~Other;2~8;3~8;10.0
13~16;Female~Other;10~12;5~8;6~9;77~97;5~10;0~1;1~7;1~9;5~10;0~1;0~1;32~133;7~20;1~3;0~3;0~3;Browsing~Education~Social Media~Gaming~Other;2~8;3~8;10.0
13~16;Female~Other;10~12;5~8;6~9;77~97;5~10;0~1;1~7;1~9;5~10;0~1;0~1;32~133;7~20;1~3;0~3;0~3;Browsing~Education~Social Media~Gaming~Other;2~8;3~8;9.4
13~16;Female~Other;10~12;5~8;6~9;77~97;5~10;0~1;1~7;1~9;5~10;0~1;0~1;32~133;7~20;1~3;0~3;0~3;Browsing~Education~Social Media~Gaming~Other;2~8;3~8;6.6
13~16;Female~Other;10~12;5~8;6~9;77~97;5~10;0~1;1~7;1~9;5~10;0~1;0~1;32~133;7~20;1~3;0~3;0~3;Browsing~Education~Social Media~Gaming~Other;2~8;3~8;10.0
13~16;Female~Other;10~12;5~8;6~9;77~97;5~10;0~1;1~7;1~9;5~10;0~1;0~1;32~133;7~20;1~3;0~3;0~3;Browsing~Education~Social Media~Gaming~Other;2~8;3~8;10.0
13~16;Female~Other;10~12;5~8;6~9;77~97;5~10;0~1;1~7;1~9;5~10;0~1;0~1;32~133;7~20;1~3;0~3;0~3;Browsing~Education~Social Media~Gaming~Other;2~8;3~8;10.0
13~16;Female~Other;10~12;5~8;6~9;77~100;5~10;0~1;9~10;3~9;1~10;0~1;0~1;58~131;6~19;0~4;0~2;0~2;Browsing~Education~Social Media~Gaming~Other;1~10;3~5;8.7
13~16;Female~Other;10~12;5~8;6~9;77~100;5~10;0~1;9~10;3~9;1~10;0~1;0~1;58~131;6~19;0~4;0~2;0~2;Browsing~Education~Social Media~Gaming~Other;1~10;3~5;10.0
13~16;Female~Other;10~12;5~8;6~9;77~100;5~10;0~1;9~10;3~9;1~10;0~1;0~1;58~131;6~19;0~4;0~2;0~2;Browsing~Education~Social Media~Gaming~Other;1~10;3~5;6.8
13~16;Female~Other;10~12;5~8;6~9;77~100;5~10;0~1;9~10;3~9;1~10;0~1;0~1;58~131;6~19;0~4;0~2;0~2;Browsing~Education~Social Media~Gaming~Other;1~10;3~5;10.0
13~16;Female~Other;10~12;5~8;6~9;77~100;5~10;0~1;9~10;3~9;1~10;0~1;0~1;58~131;6~19;0~4;0~2;0~2;Browsing~Education~Social Media~Gaming~Other;1~10;3~5;10.0
13~16;Female~Other;10~12;5~8;6~9;77~100;5~10;0~1;9~10;3~9;1~10;0~1;0~1;58~131;6~19;0~4;0~2;0~2;Browsing~Education~Social Media~Gaming~Other;1~10;3~5;7.7
13~16;Female~Other;10~12;5~8;6~9;77~100;5~10;0~1;9~10;3~9;1~10;0~1;0~1;58~131;6~19;0~4;0~2;0~2;Browsing~Education~Social Media~Gaming~Other;1~10;3~5;10.0
13~16;Female~Other;10~12;5~8;6~9;77~100;5~10;0~1;9~10;3~9;1~10;0~1;0~1;58~131;6~19;0~4;0~2;0~2;Browsing~Education~Social Media~Gaming~Other;1~10;3~5;10.0
13~16;Female~Other;10~11;5~9;6~8;77~97;6~8;1~2;2~7;2~10;1~10;0~1;0~1;76~147;8~19;0~3;0~4;0~2;Browsing~Education~Social Media~Gaming~Other;2~7;3~8;10.0
13~16;Female~Other;10~11;5~9;6~8;77~97;6~8;1~2;2~7;2~10;1~10;0~1;0~1;76~147;8~19;0~3;0~4;0~2;Browsing~Education~Social Media~Gaming~Other;2~7;3~8;10.0
13~16;Female~Other;10~11;5~9;6~8;77~97;6~8;1~2;2~7;2~10;1~10;0~1;0~1;76~147;8~19;0~3;0~4;0~2;Browsing~Education~Social Media~Gaming~Other;2~7;3~8;6.0
13~16;Female~Other;10~11;5~9;6~8;77~97;6~8;1~2;2~7;2~10;1~10;0~1;0~1;76~147;8~19;0~3;0~4;0~2;Browsing~Education~Social Media~Gaming~Other;2~7;3~8;10.0
13~16;Female~Other;10~11;5~9;6~8;77~97;6~8;1~2;2~7;2~10;1~10;0~1;0~1;76~147;8~19;0~3;0~4;0~2;Browsing~Education~Social Media~Gaming~Other;2~7;3~8;10.0
13~16;Female~Other;10~11;5~9;6~8;77~97;6~8;1~2;2~7;2~10;1~10;0~1;0~1;76~147;8~19;0~3;0~4;0~2;Browsing~Education~Social Media~Gaming~Other;2~7;3~8;10.0
13~16;Female~Other;10~11;5~9;6~8;77~97;6~8;1~2;2~7;2~10;1~10;0~1;0~1;76~147;8~19;0~3;0~4;0~2;Browsing~Education~Social Media~Gaming~Other;2~7;3~8;10.0
13~16;Female~Other;10~11;5~9;6~8;77~97;6~8;1~2;2~7;2~10;1~10;0~1;0~1;76~147;8~19;0~3;0~4;0~2;Browsing~Education~Social Media~Gaming~Other;2~7;3~8;10.0
13~16;Female~Other;11~12;5~6;6~10;79~99;5~10;1~3;8~10;1~9;1~10;0~1;0~1;48~135;8~20;0~3;1~2;0~1;Browsing~Education~Social Media~Gaming~Other;2~7;4~8;10.0
13~16;Female~Other;11~12;5~6;6~10;79~99;5~10;1~3;8~10;1~9;1~10;0~1;0~1;48~135;8~20;0~3;1~2;0~1;Browsing~Education~Social Media~Gaming~Other;2~7;4~8;7.4
13~16;Female~Other;11~12;5~6;6~10;79~99;5~10;1~3;8~10;1~9;1~10;0~1;0~1;48~135;8~20;0~3;1~2;0~1;Browsing~Education~Social Media~Gaming~Other;2~7;4~8;7.4
13~16;Female~Other;11~12;5~6;6~10;79~99;5~10;1~3;8~10;1~9;1~10;0~1;0~1;48~135;8~20;0~3;1~2;0~1;Browsing~Education~Social Media~Gaming~Other;2~7;4~8;6.4
13~16;Female~Other;11~12;5~6;6~10;79~99;5~10;1~3;8~10;1~9;1~10;0~1;0~1;48~135;8~20;0~3;1~2;0~1;Browsing~Education~Social Media~Gaming~Other;2~7;4~8;10.0
13~16;Female~Other;11~12;5~6;6~10;79~99;5~10;1~3;8~10;1~9;1~10;0~1;0~1;48~135;8~20;0~3;1~2;0~1;Browsing~Education~Social Media~Gaming~Other;2~7;4~8;10.0
13~16;Female~Other;11~12;5~6;6~10;79~99;5~10;1~3;8~10;1~9;1~10;0~1;0~1;48~135;8~20;0~3;1~2;0~1;Browsing~Education~Social Media~Gaming~Other;2~7;4~8;10.0
13~16;Female~Other;11~12;5~6;6~10;79~99;5~10;1~3;8~10;1~9;1~10;0~1;0~1;48~135;8~20;0~3;1~2;0~1;Browsing~Education~Social Media~Gaming~Other;2~7;4~8;9.3
13~16;Male;7~10;2~4;4~5;52~69;0~4;0~1;2~4;4~8;2~9;0~1;0~1;27~144;6~18;1~3;0~3;0~2;Browsing~Education~Social Media~Gaming~Other;2~10;2~9;6.0
13~16;Male;7~10;2~4;4~5;52~69;0~4;0~1;2~4;4~8;2~9;0~1;0~1;27~144;6~18;1~3;0~3;0~2;Browsing~Education~Social Media~Gaming~Other;2~10;2~9;10.0
13~16;Male;7~10;2~4;4~5;52~69;0~4;0~1;2~4;4~8;2~9;0~1;0~1;27~144;6~18;1~3;0~3;0~2;Browsing~Education~Social Media~Gaming~Other;2~10;2~9;6.4
13~16;Male;7~10;2~4;4~5;52~69;0~4;0~1;2~4;4~8;2~9;0~1;0~1;27~144;6~18;1~3;0~3;0~2;Browsing~Education~Social Media~Gaming~Other;2~10;2~9;10.0
13~16;Male;7~10;2~4;4~5;52~69;0~4;0~1;2~4;4~8;2~9;0~1;0~1;27~144;6~18;1~3;0~3;0~2;Browsing~Education~Social Media~Gaming~Other;2~10;2~9;8.5
13~16;Male;7~10;2~4;4~5;52~69;0~4;0~1;2~4;4~8;2~9;0~1;0~1;27~144;6~18;1~3;0~3;0~2;Browsing~Education~Social Media~Gaming~Other;2~10;2~9;10.0
13~16;Male;7~10;0~3;3~6;50~72;2~4;0~1;5~10;1~9;1~9;0~1;0~2;46~141;5~18;0~3;0~3;0~1;Browsing~Education~Social Media~Gaming;2~10;1~8;10.0
13~16;Male;7~10;0~3;3~6;50~72;2~4;0~1;5~10;1~9;1~9;0~1;0~2;46~141;5~18;0~3;0~3;0~1;Browsing~Education~Social Media~Gaming;2~10;1~8;8.1
13~16;Male;7~10;0~3;3~6;50~72;2~4;0~1;5~10;1~9;1~9;0~1;0~2;46~141;5~18;0~3;0~3;0~1;Browsing~Education~Social Media~Gaming;2~10;1~8;8.0
13~16;Male;7~10;0~3;3~6;50~72;2~4;0~1;5~10;1~9;1~9;0~1;0~2;46~141;5~18;0~3;0~3;0~1;Browsing~Education~Social Media~Gaming;2~10;1~8;6.5
13~16;Male;7~10;0~3;3~6;50~72;2~4;0~1;5~10;1~9;1~9;0~1;0~2;46~141;5~18;0~3;0~3;0~1;Browsing~Education~Social Media~Gaming;2~10;1~8;7.4
13~16;Male;7~10;0~3;3~6;50~72;2~4;0~1;5~10;1~9;1~9;0~1;0~2;46~141;5~18;0~3;0~3;0~1;Browsing~Education~Social Media~Gaming;2~10;1~8;6.1
13~15;Male;7~10;0~4;4~6;54~72;1~5;1~3;2~9;1~10;1~10;0~1;0~1;25~149;6~18;0~3;1~2;0~1;Browsing~Education~Social Media~Gaming~Other;2~10;3~8;9.1
13~15;Male;7~10;0~4;4~6;54~72;1~5;1~3;2~9;1~10;1~10;0~1;0~1;25~149;6~18;0~3;1~2;0~1;Browsing~Education~Social Media~Gaming~Other;2~10;3~8;6.9
13~15;Male;7~10;0~4;4~6;54~72;1~5;1~3;2~9;1~10;1~10;0~1;0~1;25~149;6~18;0~3;1~2;0~1;Browsing~Education~Social Media~Gaming~Other;2~10;3~8;7.5
13~15;Male;7~10;0~4;4~6;54~72;1~5;1~3;2~9;1~10;1~10;0~1;0~1;25~149;6~18;0~3;1~2;0~1;Browsing~Education~Social Media~Gaming~Other;2~10;3~8;7.0
13~15;Male;7~10;0~4;4~6;54~72;1~5;1~3;2~9;1~10;1~10;0~1;0~1;25~149;6~18;0~3;1~2;0~1;Browsing~Education~Social Media~Gaming~Other;2~10;3~8;10.0
13~15;Male;7~10;0~4;4~6;54~72;1~5;1~3;2~9;1~10;1~10;0~1;0~1;25~149;6~18;0~3;1~2;0~1;Browsing~Education~Social Media~Gaming~Other;2~10;3~8;7.2
13~15;Male;7~10;0~4;4~6;54~72;1~5;1~3;2~9;1~10;1~10;0~1;0~1;25~149;6~18;0~3;1~2;0~1;Browsing~Education~Social Media~Gaming~Other;2~10;3~8;10.0
13~16;Male;7~9;2~4;3~5;52~70;2~5;1~2;10;6~10;1~10;0~1;0~1;29~119;5~20;1~3;1~2;0~1;Browsing~Education~Social Media~Gaming~Other;1~6;2~8;9.0
13~16;Male;7~9;2~4;3~5;52~70;2~5;1~2;10;6~10;1~10;0~1;0~1;29~119;5~20;1~3;1~2;0~1;Browsing~Education~Social Media~Gaming~Other;1~6;2~8;10.0
13~16;Male;7~9;2~4;3~5;52~70;2~5;1~2;10;6~10;1~10;0~1;0~1;29~119;5~20;1~3;1~2;0~1;Browsing~Education~Social Media~Gaming~Other;1~6;2~8;7.6
13~16;Male;7~9;2~4;3~5;52~70;2~5;1~2;10;6~10;1~10;0~1;0~1;29~119;5~20;1~3;1~2;0~1;Browsing~Education~Social Media~Gaming~Other;1~6;2~8;9.5
13~16;Male;7~9;2~4;3~5;52~70;2~5;1~2;10;6~10;1~10;0~1;0~1;29~119;5~20;1~3;1~2;0~1;Browsing~Education~Social Media~Gaming~Other;1~6;2~8;9.6
13~16;Male;7~9;2~4;4~6;59~68;6~10;0~0;2~4;1~9;3~10;0~1;0~1;44~137;7~17;1~2;0~2;0~1;Social Media~Gaming~Other;1~10;2~7;9.4
13~16;Male;7~9;2~4;4~6;59~68;6~10;0~0;2~4;1~9;3~10;0~1;0~1;44~137;7~17;1~2;0~2;0~1;Social Media~Gaming~Other;1~10;2~7;9.6
13~16;Male;7~9;2~4;4~6;59~68;6~10;0~0;2~4;1~9;3~10;0~1;0~1;44~137;7~17;1~2;0~2;0~1;Social Media~Gaming~Other;1~10;2~7;7.8
13~16;Male;7~9;2~4;4~6;59~68;6~10;0~0;2~4;1~9;3~10;0~1;0~1;44~137;7~17;1~2;0~2;0~1;Social Media~Gaming~Other;1~10;2~7;7.0
13~16;Male;7~9;2~4;4~6;59~68;6~10;0~0;2~4;1~9;3~10;0~1;0~1;44~137;7~17;1~2;0~2;0~1;Social Media~Gaming~Other;1~10;2~7;8.3
14~16;Male;7~10;1~4;4~6;59~72;6~10;0~0;5~9;4~9;1~8;0~1;0~1;42~141;5~18;2~4;0~3;0~2;Browsing~Education~Social Media;3~9;1~7;6.0
14~16;Male;7~10;1~4;4~6;59~72;6~10;0~0;5~9;4~9;1~8;0~1;0~1;42~141;5~18;2~4;0~3;0~2;Browsing~Education~Social Media;3~9;1~7;10.0
14~16;Male;7~10;1~4;4~6;59~72;6~10;0~0;5~9;4~9;1~8;0~1;0~1;42~141;5~18;2~4;0~3;0~2;Browsing~Education~Social Media;3~9;1~7;10.0
14~16;Male;7~10;1~4;4~6;59~72;6~10;0~0;5~9;4~9;1~8;0~1;0~1;42~141;5~18;2~4;0~3;0~2;Browsing~Education~Social Media;3~9;1~7;9.2
14~16;Male;7~10;1~4;4~6;59~72;6~10;0~0;5~9;4~9;1~8;0~1;0~1;42~141;5~18;2~4;0~3;0~2;Browsing~Education~Social Media;3~9;1~7;10.0
14~16;Male;7~10;1~4;4~6;59~72;6~10;0~0;5~9;4~9;1~8;0~1;0~1;42~141;5~18;2~4;0~3;0~2;Browsing~Education~Social Media;3~9;1~7;10.0
13~16;Male;8~10;2~3;4~6;51~70;6~10;0~3;1~5;1~9;1~9;0~1;0~1;42~97;8~19;1~3;1~3;0~1;Browsing~Education~Social Media~Gaming~Other;1~10;4~10;10.0
13~16;Male;8~10;2~3;4~6;51~70;6~10;0~3;1~5;1~9;1~9;0~1;0~1;42~97;8~19;1~3;1~3;0~1;Browsing~Education~Social Media~Gaming~Other;1~10;4~10;6.6
13~16;Male;8~10;2~3;4~6;51~70;6~10;0~3;1~5;1~9;1~9;0~1;0~1;42~97;8~19;1~3;1~3;0~1;Browsing~Education~Social Media~Gaming~Other;1~10;4~10;8.1
13~16;Male;8~10;2~3;4~6;51~70;6~10;0~3;1~5;1~9;1~9;0~1;0~1;42~97;8~19;1~3;1~3;0~1;Browsing~Education~Social Media~Gaming~Other;1~10;4~10;10.0
13~16;Male;8~10;2~3;4~6;51~70;6~10;0~3;1~5;1~9;1~9;0~1;0~1;42~97;8~19;1~3;1~3;0~1;Browsing~Education~Social Media~Gaming~Other;1~10;4~10;10.0
13~16;Male;8~10;2~3;4~6;51~70;6~10;0~3;1~5;1~9;1~9;0~1;0~1;42~97;8~19;1~3;1~3;0~1;Browsing~Education~Social Media~Gaming~Other;1~10;4~10;7.3
13~16;Male;7~10;1~4;4~6;53~72;6~9;0~1;6~9;1~9;2~8;0~1;0~2;29~135;6~20;1~2;0~2;0~2;Browsing~Education~Social Media~Gaming~Other;5~10;2~8;8.4
13~16;Male;7~10;1~4;4~6;53~72;6~9;0~1;6~9;1~9;2~8;0~1;0~2;29~135;6~20;1~2;0~2;0~2;Browsing~Education~Social Media~Gaming~Other;5~10;2~8;6.7
13~16;Male;7~10;1~4;4~6;53~72;6~9;0~1;6~9;1~9;2~8;0~1;0~2;29~135;6~20;1~2;0~2;0~2;Browsing~Education~Social Media~Gaming~Other;5~10;2~8;9.7
13~16;Male;7~10;1~4;4~6;53~72;6~9;0~1;6~9;1~9;2~8;0~1;0~2;29~135;6~20;1~2;0~2;0~2;Browsing~Education~Social Media~Gaming~Other;5~10;2~8;9.0
13~16;Male;7~10;1~4;4~6;53~72;6~9;0~1;6~9;1~9;2~8;0~1;0~2;29~135;6~20;1~2;0~2;0~2;Browsing~Education~Social Media~Gaming~Other;5~10;2~8;6.7
13~16;Male;7~10;1~4;4~6;53~72;6~9;0~1;6~9;1~9;2~8;0~1;0~2;29~135;6~20;1~2;0~2;0~2;Browsing~Education~Social Media~Gaming~Other;5~10;2~8;5.9
13~16;Male;7~10;2~4;3~5;75~93;0~5;0~1;1~4;2~8;2~8;0~1;0~1;34~149;5~18;2~4;0~3;0~2;Browsing~Education~Social Media~Gaming;1~8;2~11;6.7
13~16;Male;7~10;2~4;3~5;75~93;0~5;0~1;1~4;2~8;2~8;0~1;0~1;34~149;5~18;2~4;0~3;0~2;Browsing~Education~Social Media~Gaming;1~8;2~11;10.0
13~16;Male;7~10;2~4;3~5;75~93;0~5;0~1;1~4;2~8;2~8;0~1;0~1;34~149;5~18;2~4;0~3;0~2;Browsing~Education~Social Media~Gaming;1~8;2~11;10.0
13~16;Male;7~10;2~4;3~5;75~93;0~5;0~1;1~4;2~8;2~8;0~1;0~1;34~149;5~18;2~4;0~3;0~2;Browsing~Education~Social Media~Gaming;1~8;2~11;10.0
13~16;Male;7~10;2~4;3~5;75~93;0~5;0~1;1~4;2~8;2~8;0~1;0~1;34~149;5~18;2~4;0~3;0~2;Browsing~Education~Social Media~Gaming;1~8;2~11;10.0
13~16;Male;7~10;2~4;3~5;75~93;0~5;0~1;1~4;2~8;2~8;0~1;0~1;34~149;5~18;2~4;0~3;0~2;Browsing~Education~Social Media~Gaming;1~8;2~11;7.5
13~16;Male;7~10;2~4;3~5;75~93;0~5;0~1;1~4;2~8;2~8;0~1;0~1;34~149;5~18;2~4;0~3;0~2;Browsing~Education~Social Media~Gaming;1~8;2~11;10.0
13~16;Male;7~10;2~4;3~5;74~97;1~5;0~1;5~9;1~9;2~8;0~1;0~1;27~146;5~19;1~4;0~2;0~3;Browsing~Education~Social Media~Gaming~Other;1~8;2~10;9.0
13~16;Male;7~10;2~4;3~5;74~97;1~5;0~1;5~9;1~9;2~8;0~1;0~1;27~146;5~19;1~4;0~2;0~3;Browsing~Education~Social Media~Gaming~Other;1~8;2~10;5.4
13~16;Male;7~10;2~4;3~5;74~97;1~5;0~1;5~9;1~9;2~8;0~1;0~1;27~146;5~19;1~4;0~2;0~3;Browsing~Education~Social Media~Gaming~Other;1~8;2~10;9.5
13~16;Male;7~10;2~4;3~5;74~97;1~5;0~1;5~9;1~9;2~8;0~1;0~1;27~146;5~19;1~4;0~2;0~3;Browsing~Education~Social Media~Gaming~Other;1~8;2~10;10.0
13~16;Male;7~10;2~4;3~5;74~97;1~5;0~1;5~9;1~9;2~8;0~1;0~1;27~146;5~19;1~4;0~2;0~3;Browsing~Education~Social Media~Gaming~Other;1~8;2~10;9.5
13~16;Male;7~10;2~4;3~5;74~97;1~5;0~1;5~9;1~9;2~8;0~1;0~1;27~146;5~19;1~4;0~2;0~3;Browsing~Education~Social Media~Gaming~Other;1~8;2~10;10.0
13~16;Male;7~10;2~4;3~5;74~97;1~5;0~1;5~9;1~9;2~8;0~1;0~1;27~146;5~19;1~4;0~2;0~3;Browsing~Education~Social Media~Gaming~Other;1~8;2~10;7.7
13~15;Male;8~10;2~4;4~6;74~91;0~5;1~3;1~5;1~10;2~10;0~1;0~2;22~105;7~17;0~3;0~3;0~1;Browsing~Education~Social Media~Gaming~Other;1~6;3~9;10.0
13~15;Male;8~10;2~4;4~6;74~91;0~5;1~3;1~5;1~10;2~10;0~1;0~2;22~105;7~17;0~3;0~3;0~1;Browsing~Education~Social Media~Gaming~Other;1~6;3~9;8.1
13~15;Male;8~10;2~4;4~6;74~91;0~5;1~3;1~5;1~10;2~10;0~1;0~2;22~105;7~17;0~3;0~3;0~1;Browsing~Education~Social Media~Gaming~Other;1~6;3~9;7.7
13~15;Male;8~10;2~4;4~6;74~91;0~5;1~3;1~5;1~10;2~10;0~1;0~2;22~105;7~17;0~3;0~3;0~1;Browsing~Education~Social Media~Gaming~Other;1~6;3~9;8.5
13~15;Male;8~10;2~4;4~6;74~91;0~5;1~3;1~5;1~10;2~10;0~1;0~2;22~105;7~17;0~3;0~3;0~1;Browsing~Education~Social Media~Gaming~Other;1~6;3~9;10.0
13~15;Male;8~10;2~4;4~6;74~91;0~5;1~3;1~5;1~10;2~10;0~1;0~2;22~105;7~17;0~3;0~3;0~1;Browsing~Education~Social Media~Gaming~Other;1~6;3~9;6.8
13~16;Male;7~10;0~4;3~6;76~84;0~5;1~2;6~10;3~9;1~4;0~1;0~1;20~129;5~19;1~3;0~4;0~2;Browsing~Education~Social Media~Gaming~Other;1~8;2~11;8.5
13~16;Male;7~10;0~4;3~6;76~84;0~5;1~2;6~10;3~9;1~4;0~1;0~1;20~129;5~19;1~3;0~4;0~2;Browsing~Education~Social Media~Gaming~Other;1~8;2~11;9.6
13~16;Male;7~10;0~4;3~6;76~84;0~5;1~2;6~10;3~9;1~4;0~1;0~1;20~129;5~19;1~3;0~4;0~2;Browsing~Education~Social Media~Gaming~Other;1~8;2~11;3.7
13~16;Male;7~10;0~4;3~6;76~84;0~5;1~2;6~10;3~9;1~4;0~1;0~1;20~129;5~19;1~3;0~4;0~2;Browsing~Education~Social Media~Gaming~Other;1~8;2~11;10.0
13~16;Male;7~10;0~4;3~6;76~84;0~5;1~2;6~10;3~9;1~4;0~1;0~1;20~129;5~19;1~3;0~4;0~2;Browsing~Education~Social Media~Gaming~Other;1~8;2~11;7.2
13~16;Male;7~10;0~4;3~6;76~84;0~5;1~2;6~10;3~9;1~4;0~1;0~1;20~129;5~19;1~3;0~4;0~2;Browsing~Education~Social Media~Gaming~Other;1~8;2~11;10.0
13~16;Male;7~9;1~4;3~6;86~100;6~9;0~1;3~6;1~6;1~10;0~1;0~1;63~146;5~19;0~3;0~2;0~2;Browsing~Education~Social Media~Gaming~Other;1~6;2~9;10.0
13~16;Male;7~9;1~4;3~6;86~100;6~9;0~1;3~6;1~6;1~10;0~1;0~1;63~146;5~19;0~3;0~2;0~2;Browsing~Education~Social Media~Gaming~Other;1~6;2~9;6.0
13~16;Male;7~9;1~4;3~6;86~100;6~9;0~1;3~6;1~6;1~10;0~1;0~1;63~146;5~19;0~3;0~2;0~2;Browsing~Education~Social Media~Gaming~Other;1~6;2~9;6.9
13~16;Male;7~9;1~4;3~6;86~100;6~9;0~1;3~6;1~6;1~10;0~1;0~1;63~146;5~19;0~3;0~2;0~2;Browsing~Education~Social Media~Gaming~Other;1~6;2~9;6.9
13~16;Male;7~9;1~4;3~6;86~100;6~9;0~1;3~6;1~6;1~10;0~1;0~1;63~146;5~19;0~3;0~2;0~2;Browsing~Education~Social Media~Gaming~Other;1~6;2~9;10.0
13~16;Male;7~9;1~4;3~6;86~100;6~9;0~1;3~6;1~6;1~10;0~1;0~1;63~146;5~19;0~3;0~2;0~2;Browsing~Education~Social Media~Gaming~Other;1~6;2~9;8.0
13~16;Male;8~10;1~4;3~6;76~94;6~9;0~1;8~9;1~9;2~10;0~1;0~1;39~100;6~20;0~3;0~3;0~1;Browsing~Education~Social Media~Gaming~Other;2~8;4~6;10.0
13~16;Male;8~10;1~4;3~6;76~94;6~9;0~1;8~9;1~9;2~10;0~1;0~1;39~100;6~20;0~3;0~3;0~1;Browsing~Education~Social Media~Gaming~Other;2~8;4~6;7.5
13~16;Male;8~10;1~4;3~6;76~94;6~9;0~1;8~9;1~9;2~10;0~1;0~1;39~100;6~20;0~3;0~3;0~1;Browsing~Education~Social Media~Gaming~Other;2~8;4~6;10.0
13~16;Male;8~10;1~4;3~6;76~94;6~9;0~1;8~9;1~9;2~10;0~1;0~1;39~100;6~20;0~3;0~3;0~1;Browsing~Education~Social Media~Gaming~Other;2~8;4~6;8.4
13~16;Male;8~10;1~4;3~6;76~94;6~9;0~1;8~9;1~9;2~10;0~1;0~1;39~100;6~20;0~3;0~3;0~1;Browsing~Education~Social Media~Gaming~Other;2~8;4~6;5.0
13~16;Male;8~10;1~4;3~6;76~94;6~9;0~1;8~9;1~9;2~10;0~1;0~1;39~100;6~20;0~3;0~3;0~1;Browsing~Education~Social Media~Gaming~Other;2~8;4~6;9.4
13~15;Male;7~10;1~4;3~5;78~95;6~10;1~2;1~5;3~8;2~9;0~1;0~1;42~89;8~20;0~3;0~2;0~1;Browsing~Education~Social Media~Gaming;1~6;6~9;7.4
13~15;Male;7~10;1~4;3~5;78~95;6~10;1~2;1~5;3~8;2~9;0~1;0~1;42~89;8~20;0~3;0~2;0~1;Browsing~Education~Social Media~Gaming;1~6;6~9;10.0
13~15;Male;7~10;1~4;3~5;78~95;6~10;1~2;1~5;3~8;2~9;0~1;0~1;42~89;8~20;0~3;0~2;0~1;Browsing~Education~Social Media~Gaming;1~6;6~9;4.1
13~15;Male;7~10;1~4;3~5;78~95;6~10;1~2;1~5;3~8;2~9;0~1;0~1;42~89;8~20;0~3;0~2;0~1;Browsing~Education~Social Media~Gaming;1~6;6~9;9.0
13~15;Male;7~10;1~4;3~5;78~95;6~10;1~2;1~5;3~8;2~9;0~1;0~1;42~89;8~20;0~3;0~2;0~1;Browsing~Education~Social Media~Gaming;1~6;6~9;8.4
13~15;Male;9~10;1~4;4~6;73~98;7~10;1~2;6~10;2~10;4~10;0~1;1~2;95~146;6~16;1~3;0~1;0~1;Browsing~Education~Social Media~Gaming~Other;1~9;2~7;7.9
13~15;Male;9~10;1~4;4~6;73~98;7~10;1~2;6~10;2~10;4~10;0~1;1~2;95~146;6~16;1~3;0~1;0~1;Browsing~Education~Social Media~Gaming~Other;1~9;2~7;10.0
13~15;Male;9~10;1~4;4~6;73~98;7~10;1~2;6~10;2~10;4~10;0~1;1~2;95~146;6~16;1~3;0~1;0~1;Browsing~Education~Social Media~Gaming~Other;1~9;2~7;6.9
13~15;Male;9~10;1~4;4~6;73~98;7~10;1~2;6~10;2~10;4~10;0~1;1~2;95~146;6~16;1~3;0~1;0~1;Browsing~Education~Social Media~Gaming~Other;1~9;2~7;10.0
13~15;Male;9~10;1~4;4~6;73~98;7~10;1~2;6~10;2~10;4~10;0~1;1~2;95~146;6~16;1~3;0~1;0~1;Browsing~Education~Social Media~Gaming~Other;1~9;2~7;10.0
13~16;Male;8~10;2~4;6~8;52~71;0~5;0~0;1~4;1~9;2~8;0~1;0~1;24~103;5~17;0~2;0~2;0~1;Browsing~Education~Social Media~Gaming~Other;1~10;2~10;6.2
13~16;Male;8~10;2~4;6~8;52~71;0~5;0~0;1~4;1~9;2~8;0~1;0~1;24~103;5~17;0~2;0~2;0~1;Browsing~Education~Social Media~Gaming~Other;1~10;2~10;6.3
13~16;Male;8~10;2~4;6~8;52~71;0~5;0~0;1~4;1~9;2~8;0~1;0~1;24~103;5~17;0~2;0~2;0~1;Browsing~Education~Social Media~Gaming~Other;1~10;2~10;4.4
13~16;Male;8~10;2~4;6~8;52~71;0~5;0~0;1~4;1~9;2~8;0~1;0~1;24~103;5~17;0~2;0~2;0~1;Browsing~Education~Social Media~Gaming~Other;1~10;2~10;8.9
13~16;Male;8~10;2~4;6~8;52~71;0~5;0~0;1~4;1~9;2~8;0~1;0~1;24~103;5~17;0~2;0~2;0~1;Browsing~Education~Social Media~Gaming~Other;1~10;2~10;10.0
13~16;Male;8~10;2~4;6~8;52~71;0~5;0~0;1~4;1~9;2~8;0~1;0~1;24~103;5~17;0~2;0~2;0~1;Browsing~Education~Social Media~Gaming~Other;1~10;2~10;7.0
13~16;Male;8~10;2~4;6~8;52~71;0~5;0~0;1~4;1~9;2~8;0~1;0~1;24~103;5~17;0~2;0~2;0~1;Browsing~Education~Social Media~Gaming~Other;1~10;2~10;3.7
13~16;Male;7~9;0~4;6~8;50~66;1~5;0~0;5~10;1~7;1~6;0~1;0~1;40~146;9~20;1~3;0~4;0~1;Browsing~Education~Social Media~Gaming~Other;2~9;5~8;8.8
13~16;Male;7~9;0~4;6~8;50~66;1~5;0~0;5~10;1~7;1~6;0~1;0~1;40~146;9~20;1~3;0~4;0~1;Browsing~Education~Social Media~Gaming~Other;2~9;5~8;5.9
13~16;Male;7~9;0~4;6~8;50~66;1~5;0~0;5~10;1~7;1~6;0~1;0~1;40~146;9~20;1~3;0~4;0~1;Browsing~Education~Social Media~Gaming~Other;2~9;5~8;10.0
13~16;Male;7~9;0~4;6~8;50~66;1~5;0~0;5~10;1~7;1~6;0~1;0~1;40~146;9~20;1~3;0~4;0~1;Browsing~Education~Social Media~Gaming~Other;2~9;5~8;10.0
13~16;Male;7~9;0~4;6~8;50~66;1~5;0~0;5~10;1~7;1~6;0~1;0~1;40~146;9~20;1~3;0~4;0~1;Browsing~Education~Social Media~Gaming~Other;2~9;5~8;10.0
13~16;Male;7~10;0~3;6~9;52~68;1~5;1~2;1~5;1~8;1~8;0~1;0~1;24~138;11~19;1~4;0~2;0~2;Browsing~Education~Social Media~Gaming~Other;1~10;2~7;7.8
13~16;Male;7~10;0~3;6~9;52~68;1~5;1~2;1~5;1~8;1~8;0~1;0~1;24~138;11~19;1~4;0~2;0~2;Browsing~Education~Social Media~Gaming~Other;1~10;2~7;8.0
13~16;Male;7~10;0~3;6~9;52~68;1~5;1~2;1~5;1~8;1~8;0~1;0~1;24~138;11~19;1~4;0~2;0~2;Browsing~Education~Social Media~Gaming~Other;1~10;2~7;7.2
13~16;Male;7~10;0~3;6~9;52~68;1~5;1~2;1~5;1~8;1~8;0~1;0~1;24~138;11~19;1~4;0~2;0~2;Browsing~Education~Social Media~Gaming~Other;1~10;2~7;4.1
13~16;Male;7~10;0~3;6~9;52~68;1~5;1~2;1~5;1~8;1~8;0~1;0~1;24~138;11~19;1~4;0~2;0~2;Browsing~Education~Social Media~Gaming~Other;1~10;2~7;8.2
13~16;Male;7~10;0~3;6~9;52~68;1~5;1~2;1~5;1~8;1~8;0~1;0~1;24~138;11~19;1~4;0~2;0~2;Browsing~Education~Social Media~Gaming~Other;1~10;2~7;4.0
13~16;Male;7~10;0~3;6~9;52~68;1~5;1~2;1~5;1~8;1~8;0~1;0~1;24~138;11~19;1~4;0~2;0~2;Browsing~Education~Social Media~Gaming~Other;1~10;2~7;7.0
13~16;Male;7~10;0~3;6~9;52~68;1~5;1~2;1~5;1~8;1~8;0~1;0~1;24~138;11~19;1~4;0~2;0~2;Browsing~Education~Social Media~Gaming~Other;1~10;2~7;8.1
13~16;Male;7~10;2~4;6~10;51~71;0~5;1~3;6~10;1~10;2~9;0~1;0~1;26~133;6~17;0~2;1~4;0~1;Browsing~Education~Social Media~Gaming~Other;2~7;4~9;5.5
13~16;Male;7~10;2~4;6~10;51~71;0~5;1~3;6~10;1~10;2~9;0~1;0~1;26~133;6~17;0~2;1~4;0~1;Browsing~Education~Social Media~Gaming~Other;2~7;4~9;8.0
13~16;Male;7~10;2~4;6~10;51~71;0~5;1~3;6~10;1~10;2~9;0~1;0~1;26~133;6~17;0~2;1~4;0~1;Browsing~Education~Social Media~Gaming~Other;2~7;4~9;7.3
13~16;Male;7~10;2~4;6~10;51~71;0~5;1~3;6~10;1~10;2~9;0~1;0~1;26~133;6~17;0~2;1~4;0~1;Browsing~Education~Social Media~Gaming~Other;2~7;4~9;4.9
13~16;Male;7~10;2~4;6~10;51~71;0~5;1~3;6~10;1~10;2~9;0~1;0~1;26~133;6~17;0~2;1~4;0~1;Browsing~Education~Social Media~Gaming~Other;2~7;4~9;6.4
14~16;Male;8~10;2~4;7~8;50~69;8~10;0~0;1~2;1~9;7~9;0~1;0~1;23~147;8~14;1~2;0~2;0~1;Social Media~Gaming~Other;3~10;4~8;6.6
14~16;Male;8~10;2~4;7~8;50~69;8~10;0~0;1~2;1~9;7~9;0~1;0~1;23~147;8~14;1~2;0~2;0~1;Social Media~Gaming~Other;3~10;4~8;7.4
14~16;Male;8~10;2~4;7~8;50~69;8~10;0~0;1~2;1~9;7~9;0~1;0~1;23~147;8~14;1~2;0~2;0~1;Social Media~Gaming~Other;3~10;4~8;7.8
14~16;Male;8~10;2~4;7~8;50~69;8~10;0~0;1~2;1~9;7~9;0~1;0~1;23~147;8~14;1~2;0~2;0~1;Social Media~Gaming~Other;3~10;4~8;5.5
14~16;Male;8~10;2~4;7~8;50~69;8~10;0~0;1~2;1~9;7~9;0~1;0~1;23~147;8~14;1~2;0~2;0~1;Social Media~Gaming~Other;3~10;4~8;5.8
13~16;Male;7~10;2~4;6~9;52~62;6~10;0~0;3~10;3~8;2~9;0~1;0~1;30~103;7~20;1~4;0~2;0~1;Browsing~Education~Social Media~Gaming~Other;1~9;4~10;9.2
13~16;Male;7~10;2~4;6~9;52~62;6~10;0~0;3~10;3~8;2~9;0~1;0~1;30~103;7~20;1~4;0~2;0~1;Browsing~Education~Social Media~Gaming~Other;1~9;4~10;8.6
13~16;Male;7~10;2~4;6~9;52~62;6~10;0~0;3~10;3~8;2~9;0~1;0~1;30~103;7~20;1~4;0~2;0~1;Browsing~Education~Social Media~Gaming~Other;1~9;4~10;7.9
13~16;Male;7~10;2~4;6~9;52~62;6~10;0~0;3~10;3~8;2~9;0~1;0~1;30~103;7~20;1~4;0~2;0~1;Browsing~Education~Social Media~Gaming~Other;1~9;4~10;10.0
13~16;Male;7~10;2~4;6~9;52~62;6~10;0~0;3~10;3~8;2~9;0~1;0~1;30~103;7~20;1~4;0~2;0~1;Browsing~Education~Social Media~Gaming~Other;1~9;4~10;7.4
13~16;Male;7~10;2~4;6~9;52~62;6~10;0~0;3~10;3~8;2~9;0~1;0~1;30~103;7~20;1~4;0~2;0~1;Browsing~Education~Social Media~Gaming~Other;1~9;4~10;8.0
13~16;Male;7~10;1~4;6~9;50~69;6~10;1~1;1~5;1~9;1~10;0~1;0~1;25~125;9~18;2~5;0~4;0~1;Browsing~Education~Social Media~Gaming~Other;1~8;4~6;5.3
13~16;Male;7~10;1~4;6~9;50~69;6~10;1~1;1~5;1~9;1~10;0~1;0~1;25~125;9~18;2~5;0~4;0~1;Browsing~Education~Social Media~Gaming~Other;1~8;4~6;10.0
13~16;Male;7~10;1~4;6~9;50~69;6~10;1~1;1~5;1~9;1~10;0~1;0~1;25~125;9~18;2~5;0~4;0~1;Browsing~Education~Social Media~Gaming~Other;1~8;4~6;9.7
13~16;Male;7~10;1~4;6~9;50~69;6~10;1~1;1~5;1~9;1~10;0~1;0~1;25~125;9~18;2~5;0~4;0~1;Browsing~Education~Social Media~Gaming~Other;1~8;4~6;5.9
13~16;Male;7~10;1~4;6~9;50~69;6~10;1~1;1~5;1~9;1~10;0~1;0~1;25~125;9~18;2~5;0~4;0~1;Browsing~Education~Social Media~Gaming~Other;1~8;4~6;6.0
13~16;Male;7~10;1~4;6~9;50~69;6~10;1~1;1~5;1~9;1~10;0~1;0~1;25~125;9~18;2~5;0~4;0~1;Browsing~Education~Social Media~Gaming~Other;1~8;4~6;8.9
14~16;Male;8~10;3~4;6~9;50~60;6~10;1~2;7~10;2~10;1~9;0~1;0~1;31~147;7~20;1~4;0~2;0~1;Education~Social Media~Gaming;1~9;3~10;10.0
14~16;Male;8~10;3~4;6~9;50~60;6~10;1~2;7~10;2~10;1~9;0~1;0~1;31~147;7~20;1~4;0~2;0~1;Education~Social Media~Gaming;1~9;3~10;7.3
14~16;Male;8~10;3~4;6~9;50~60;6~10;1~2;7~10;2~10;1~9;0~1;0~1;31~147;7~20;1~4;0~2;0~1;Education~Social Media~Gaming;1~9;3~10;10.0
14~16;Male;8~10;3~4;6~9;50~60;6~10;1~2;7~10;2~10;1~9;0~1;0~1;31~147;7~20;1~4;0~2;0~1;Education~Social Media~Gaming;1~9;3~10;9.4
14~16;Male;8~10;3~4;6~9;50~60;6~10;1~2;7~10;2~10;1~9;0~1;0~1;31~147;7~20;1~4;0~2;0~1;Education~Social Media~Gaming;1~9;3~10;6.1
14~16;Male;8~10;3~4;6~9;50~60;6~10;1~2;7~10;2~10;1~9;0~1;0~1;31~147;7~20;1~4;0~2;0~1;Education~Social Media~Gaming;1~9;3~10;9.5
13~16;Male;7~10;2~4;6~8;76~100;1~4;0~0;4~5;3~8;2~9;0~1;0~1;20~124;11~16;0~3;1~3;0~1;Browsing~Education~Social Media~Gaming;1~10;5~8;8.2
13~16;Male;7~10;2~4;6~8;76~100;1~4;0~0;4~5;3~8;2~9;0~1;0~1;20~124;11~16;0~3;1~3;0~1;Browsing~Education~Social Media~Gaming;1~10;5~8;9.1
13~16;Male;7~10;2~4;6~8;76~100;1~4;0~0;4~5;3~8;2~9;0~1;0~1;20~124;11~16;0~3;1~3;0~1;Browsing~Education~Social Media~Gaming;1~10;5~8;6.4
13~16;Male;7~10;2~4;6~8;76~100;1~4;0~0;4~5;3~8;2~9;0~1;0~1;20~124;11~16;0~3;1~3;0~1;Browsing~Education~Social Media~Gaming;1~10;5~8;4.1
13~16;Male;7~10;2~4;6~8;76~100;1~4;0~0;4~5;3~8;2~9;0~1;0~1;20~124;11~16;0~3;1~3;0~1;Browsing~Education~Social Media~Gaming;1~10;5~8;10.0
13~16;Male;7~10;2~4;6~8;76~100;1~4;0~0;4~5;3~8;2~9;0~1;0~1;20~124;11~16;0~3;1~3;0~1;Browsing~Education~Social Media~Gaming;1~10;5~8;9.6
13~16;Male;7~10;0~4;6~7;73~100;1~5;0~0;6~10;2~10;1~10;0~1;0~1;22~119;6~20;1~4;0~2;0~1;Education~Social Media~Gaming;1~10;4~8;9.0
13~16;Male;7~10;0~4;6~7;73~100;1~5;0~0;6~10;2~10;1~10;0~1;0~1;22~119;6~20;1~4;0~2;0~1;Education~Social Media~Gaming;1~10;4~8;6.0
13~16;Male;7~10;0~4;6~7;73~100;1~5;0~0;6~10;2~10;1~10;0~1;0~1;22~119;6~20;1~4;0~2;0~1;Education~Social Media~Gaming;1~10;4~8;9.6
13~16;Male;7~10;0~4;6~7;73~100;1~5;0~0;6~10;2~10;1~10;0~1;0~1;22~119;6~20;1~4;0~2;0~1;Education~Social Media~Gaming;1~10;4~8;7.8
13~16;Male;7~10;0~4;6~7;73~100;1~5;0~0;6~10;2~10;1~10;0~1;0~1;22~119;6~20;1~4;0~2;0~1;Education~Social Media~Gaming;1~10;4~8;9.6
13~16;Male;7~10;0~4;6~7;73~100;1~5;0~0;6~10;2~10;1~10;0~1;0~1;22~119;6~20;1~4;0~2;0~1;Education~Social Media~Gaming;1~10;4~8;8.8
13~16;Male;7~10;0~4;6~7;73~100;1~5;0~0;6~10;2~10;1~10;0~1;0~1;22~119;6~20;1~4;0~2;0~1;Education~Social Media~Gaming;1~10;4~8;6.0
13~16;Male;7~9;2~4;6~9;81~94;0~5;1~2;3~9;1~4;4~10;0~1;0~2;21~150;5~17;1~4;0~2;0~0;Browsing~Education~Social Media~Gaming~Other;1~10;4~8;7.5
13~16;Male;7~9;2~4;6~9;81~94;0~5;1~2;3~9;1~4;4~10;0~1;0~2;21~150;5~17;1~4;0~2;0~0;Browsing~Education~Social Media~Gaming~Other;1~10;4~8;5.4
13~16;Male;7~9;2~4;6~9;81~94;0~5;1~2;3~9;1~4;4~10;0~1;0~2;21~150;5~17;1~4;0~2;0~0;Browsing~Education~Social Media~Gaming~Other;1~10;4~8;6.8
13~16;Male;7~9;2~4;6~9;81~94;0~5;1~2;3~9;1~4;4~10;0~1;0~2;21~150;5~17;1~4;0~2;0~0;Browsing~Education~Social Media~Gaming~Other;1~10;4~8;7.9
13~16;Male;7~9;2~4;6~9;81~94;0~5;1~2;3~9;1~4;4~10;0~1;0~2;21~150;5~17;1~4;0~2;0~0;Browsing~Education~Social Media~Gaming~Other;1~10;4~8;7.1
13~16;Male;7~10;0~3;7~9;75~100;0~5;1~1;1~8;5~10;2~10;0~1;0~1;38~118;6~16;2~3;0~2;0~1;Education~Social Media~Gaming~Other;2~10;4~9;7.3
13~16;Male;7~10;0~3;7~9;75~100;0~5;1~1;1~8;5~10;2~10;0~1;0~1;38~118;6~16;2~3;0~2;0~1;Education~Social Media~Gaming~Other;2~10;4~9;7.9
13~16;Male;7~10;0~3;7~9;75~100;0~5;1~1;1~8;5~10;2~10;0~1;0~1;38~118;6~16;2~3;0~2;0~1;Education~Social Media~Gaming~Other;2~10;4~9;5.6
13~16;Male;7~10;0~3;7~9;75~100;0~5;1~1;1~8;5~10;2~10;0~1;0~1;38~118;6~16;2~3;0~2;0~1;Education~Social Media~Gaming~Other;2~10;4~9;8.9
13~16;Male;7~10;0~3;7~9;75~100;0~5;1~1;1~8;5~10;2~10;0~1;0~1;38~118;6~16;2~3;0~2;0~1;Education~Social Media~Gaming~Other;2~10;4~9;9.6
13~16;Male;7~10;0~3;7~9;75~100;0~5;1~1;1~8;5~10;2~10;0~1;0~1;38~118;6~16;2~3;0~2;0~1;Education~Social Media~Gaming~Other;2~10;4~9;2.2
13~16;Male;7~10;0~4;7~9;79~94;8~10;0~0;1~4;1~8;2~9;0~1;0~1;21~127;5~18;1~5;0~3;0~1;Browsing~Education;1~7;4~8;9.7
13~16;Male;7~10;0~4;7~9;79~94;8~10;0~0;1~4;1~8;2~9;0~1;0~1;21~127;5~18;1~5;0~3;0~1;Browsing~Education;1~7;4~8;8.9
13~16;Male;7~10;0~4;7~9;79~94;8~10;0~0;1~4;1~8;2~9;0~1;0~1;21~127;5~18;1~5;0~3;0~1;Browsing~Education;1~7;4~8;4.4
13~16;Male;7~10;0~4;7~9;79~94;8~10;0~0;1~4;1~8;2~9;0~1;0~1;21~127;5~18;1~5;0~3;0~1;Browsing~Education;1~7;4~8;8.7
13~16;Male;7~10;0~4;7~9;79~94;8~10;0~0;1~4;1~8;2~9;0~1;0~1;21~127;5~18;1~5;0~3;0~1;Browsing~Education;1~7;4~8;1.4
13~16;Male;7~10;0~4;7~9;79~94;8~10;0~0;1~4;1~8;2~9;0~1;0~1;21~127;5~18;1~5;0~3;0~1;Browsing~Education;1~7;4~8;8.9
13~16;Male;7~10;0~4;7~9;79~94;8~10;0~0;1~4;1~8;2~9;0~1;0~1;21~127;5~18;1~5;0~3;0~1;Browsing~Education;1~7;4~8;9.0
13~15;Male;7~10;0~4;6~9;89~93;7~10;0~0;5~6;1~8;1~10;0~1;0~1;26~97;6~20;1~2;0~1;0~2;Browsing~Education~Social Media~Gaming~Other;3~10;2~6;9.2
13~15;Male;7~10;0~4;6~9;89~93;7~10;0~0;5~6;1~8;1~10;0~1;0~1;26~97;6~20;1~2;0~1;0~2;Browsing~Education~Social Media~Gaming~Other;3~10;2~6;7.3
13~15;Male;7~10;0~4;6~9;89~93;7~10;0~0;5~6;1~8;1~10;0~1;0~1;26~97;6~20;1~2;0~1;0~2;Browsing~Education~Social Media~Gaming~Other;3~10;2~6;5.8
13~15;Male;7~10;0~4;6~9;89~93;7~10;0~0;5~6;1~8;1~10;0~1;0~1;26~97;6~20;1~2;0~1;0~2;Browsing~Education~Social Media~Gaming~Other;3~10;2~6;8.0
13~15;Male;7~10;0~4;6~9;89~93;7~10;0~0;5~6;1~8;1~10;0~1;0~1;26~97;6~20;1~2;0~1;0~2;Browsing~Education~Social Media~Gaming~Other;3~10;2~6;2.0
13~16;Male;7~10;1~4;6~8;78~99;7~10;1~2;2~6;2~9;2~10;1;0~1;26~97;7~20;2~4;1~3;0~1;Browsing~Education~Social Media~Gaming~Other;2~8;4~8;10.0
13~16;Male;7~10;1~4;6~8;78~99;7~10;1~2;2~6;2~9;2~10;1;0~1;26~97;7~20;2~4;1~3;0~1;Browsing~Education~Social Media~Gaming~Other;2~8;4~8;7.0
13~16;Male;7~10;1~4;6~8;78~99;7~10;1~2;2~6;2~9;2~10;1;0~1;26~97;7~20;2~4;1~3;0~1;Browsing~Education~Social Media~Gaming~Other;2~8;4~8;9.9
13~16;Male;7~10;1~4;6~8;78~99;7~10;1~2;2~6;2~9;2~10;1;0~1;26~97;7~20;2~4;1~3;0~1;Browsing~Education~Social Media~Gaming~Other;2~8;4~8;10.0
13~16;Male;7~10;1~4;6~8;78~99;7~10;1~2;2~6;2~9;2~10;1;0~1;26~97;7~20;2~4;1~3;0~1;Browsing~Education~Social Media~Gaming~Other;2~8;4~8;6.1
13~16;Male;8~10;2~4;6~8;73~95;6~10;1~1;7~9;3~8;1~10;0~1;0~2;43~145;7~16;0~4;1~3;1~2;Browsing~Education~Social Media~Gaming~Other;3~9;0~7;5.9
13~16;Male;8~10;2~4;6~8;73~95;6~10;1~1;7~9;3~8;1~10;0~1;0~2;43~145;7~16;0~4;1~3;1~2;Browsing~Education~Social Media~Gaming~Other;3~9;0~7;10.0
13~16;Male;8~10;2~4;6~8;73~95;6~10;1~1;7~9;3~8;1~10;0~1;0~2;43~145;7~16;0~4;1~3;1~2;Browsing~Education~Social Media~Gaming~Other;3~9;0~7;7.1
13~16;Male;8~10;2~4;6~8;73~95;6~10;1~1;7~9;3~8;1~10;0~1;0~2;43~145;7~16;0~4;1~3;1~2;Browsing~Education~Social Media~Gaming~Other;3~9;0~7;5.5
13~16;Male;8~10;2~4;6~8;73~95;6~10;1~1;7~9;3~8;1~10;0~1;0~2;43~145;7~16;0~4;1~3;1~2;Browsing~Education~Social Media~Gaming~Other;3~9;0~7;9.9
13~16;Male;8~10;2~4;6~8;73~95;6~10;1~1;7~9;3~8;1~10;0~1;0~2;43~145;7~16;0~4;1~3;1~2;Browsing~Education~Social Media~Gaming~Other;3~9;0~7;10.0
13~15;Male;7~10;4~8;5~6;51~75;0~5;0~0;3~5;1~9;1~10;0~1;0~2;64~149;9~20;2~3;0~2;0~1;Education~Social Media~Gaming~Other;1~8;2~9;10.0
13~15;Male;7~10;4~8;5~6;51~75;0~5;0~0;3~5;1~9;1~10;0~1;0~2;64~149;9~20;2~3;0~2;0~1;Education~Social Media~Gaming~Other;1~8;2~9;9.5
13~15;Male;7~10;4~8;5~6;51~75;0~5;0~0;3~5;1~9;1~10;0~1;0~2;64~149;9~20;2~3;0~2;0~1;Education~Social Media~Gaming~Other;1~8;2~9;10.0
13~15;Male;7~10;4~8;5~6;51~75;0~5;0~0;3~5;1~9;1~10;0~1;0~2;64~149;9~20;2~3;0~2;0~1;Education~Social Media~Gaming~Other;1~8;2~9;10.0
13~15;Male;7~10;4~8;5~6;51~75;0~5;0~0;3~5;1~9;1~10;0~1;0~2;64~149;9~20;2~3;0~2;0~1;Education~Social Media~Gaming~Other;1~8;2~9;10.0
13~15;Male;7~10;4~8;5~6;51~75;0~5;0~0;3~5;1~9;1~10;0~1;0~2;64~149;9~20;2~3;0~2;0~1;Education~Social Media~Gaming~Other;1~8;2~9;10.0
13~15;Male;7~10;4~8;5~6;51~75;0~5;0~0;3~5;1~9;1~10;0~1;0~2;64~149;9~20;2~3;0~2;0~1;Education~Social Media~Gaming~Other;1~8;2~9;10.0
14~16;Male;7~10;4~8;4~6;51~75;0~5;0~0;7~10;2~10;5~9;0~1;0~1;27~109;6~20;0~3;0~2;0~1;Browsing~Education~Social Media~Gaming~Other;1~9;2~9;10.0
14~16;Male;7~10;4~8;4~6;51~75;0~5;0~0;7~10;2~10;5~9;0~1;0~1;27~109;6~20;0~3;0~2;0~1;Browsing~Education~Social Media~Gaming~Other;1~9;2~9;10.0
14~16;Male;7~10;4~8;4~6;51~75;0~5;0~0;7~10;2~10;5~9;0~1;0~1;27~109;6~20;0~3;0~2;0~1;Browsing~Education~Social Media~Gaming~Other;1~9;2~9;6.9
14~16;Male;7~10;4~8;4~6;51~75;0~5;0~0;7~10;2~10;5~9;0~1;0~1;27~109;6~20;0~3;0~2;0~1;Browsing~Education~Social Media~Gaming~Other;1~9;2~9;10.0
14~16;Male;7~10;4~8;4~6;51~75;0~5;0~0;7~10;2~10;5~9;0~1;0~1;27~109;6~20;0~3;0~2;0~1;Browsing~Education~Social Media~Gaming~Other;1~9;2~9;9.4
14~16;Male;7~10;4~8;4~6;51~75;0~5;0~0;7~10;2~10;5~9;0~1;0~1;27~109;6~20;0~3;0~2;0~1;Browsing~Education~Social Media~Gaming~Other;1~9;2~9;9.1
13~16;Male;7~9;5~9;3~6;50~74;0~4;1~2;3~6;3~10;1~10;0~1;0~1;56~143;12~19;0~4;0~2;0~2;Browsing~Education~Social Media~Gaming~Other;2~8;1~8;10.0
13~16;Male;7~9;5~9;3~6;50~74;0~4;1~2;3~6;3~10;1~10;0~1;0~1;56~143;12~19;0~4;0~2;0~2;Browsing~Education~Social Media~Gaming~Other;2~8;1~8;10.0
13~16;Male;7~9;5~9;3~6;50~74;0~4;1~2;3~6;3~10;1~10;0~1;0~1;56~143;12~19;0~4;0~2;0~2;Browsing~Education~Social Media~Gaming~Other;2~8;1~8;9.3
13~16;Male;7~9;5~9;3~6;50~74;0~4;1~2;3~6;3~10;1~10;0~1;0~1;56~143;12~19;0~4;0~2;0~2;Browsing~Education~Social Media~Gaming~Other;2~8;1~8;10.0
13~16;Male;7~9;5~9;3~6;50~74;0~4;1~2;3~6;3~10;1~10;0~1;0~1;56~143;12~19;0~4;0~2;0~2;Browsing~Education~Social Media~Gaming~Other;2~8;1~8;10.0
13~16;Male;7~9;5~9;3~6;50~74;0~4;1~2;3~6;3~10;1~10;0~1;0~1;56~143;12~19;0~4;0~2;0~2;Browsing~Education~Social Media~Gaming~Other;2~8;1~8;10.0
14~16;Male;7~10;4~6;4~6;50~71;0~4;1~2;7~10;3~6;4~9;1;0~1;44~142;6~19;0~3;0~2;0~1;Education~Social Media~Gaming~Other;1~10;5~8;10.0
14~16;Male;7~10;4~6;4~6;50~71;0~4;1~2;7~10;3~6;4~9;1;0~1;44~142;6~19;0~3;0~2;0~1;Education~Social Media~Gaming~Other;1~10;5~8;9.7
14~16;Male;7~10;4~6;4~6;50~71;0~4;1~2;7~10;3~6;4~9;1;0~1;44~142;6~19;0~3;0~2;0~1;Education~Social Media~Gaming~Other;1~10;5~8;10.0
14~16;Male;7~10;4~6;4~6;50~71;0~4;1~2;7~10;3~6;4~9;1;0~1;44~142;6~19;0~3;0~2;0~1;Education~Social Media~Gaming~Other;1~10;5~8;10.0
14~16;Male;7~10;4~6;4~6;50~71;0~4;1~2;7~10;3~6;4~9;1;0~1;44~142;6~19;0~3;0~2;0~1;Education~Social Media~Gaming~Other;1~10;5~8;10.0
13~16;Male;7~10;6~8;3~5;50~71;6~10;0~0;2;1~4;5~9;0~1;0~1;32~143;6~19;2~4;0~2;0~1;Browsing~Education~Social Media~Gaming;2~10;5~8;10.0
13~16;Male;7~10;6~8;3~5;50~71;6~10;0~0;2;1~4;5~9;0~1;0~1;32~143;6~19;2~4;0~2;0~1;Browsing~Education~Social Media~Gaming;2~10;5~8;10.0
13~16;Male;7~10;6~8;3~5;50~71;6~10;0~0;2;1~4;5~9;0~1;0~1;32~143;6~19;2~4;0~2;0~1;Browsing~Education~Social Media~Gaming;2~10;5~8;10.0
13~16;Male;7~10;6~8;3~5;50~71;6~10;0~0;2;1~4;5~9;0~1;0~1;32~143;6~19;2~4;0~2;0~1;Browsing~Education~Social Media~Gaming;2~10;5~8;10.0
13~16;Male;7~10;6~8;3~5;50~71;6~10;0~0;2;1~4;5~9;0~1;0~1;32~143;6~19;2~4;0~2;0~1;Browsing~Education~Social Media~Gaming;2~10;5~8;10.0
13~16;Male;7~9;5~8;4~5;60~72;6~9;0~0;3~10;2~8;1~10;0~1;0~0;58~127;6~18;1~3;0~3;0~1;Browsing~Education~Social Media~Gaming~Other;1~3;5~8;10.0
13~16;Male;7~9;5~8;4~5;60~72;6~9;0~0;3~10;2~8;1~10;0~1;0~0;58~127;6~18;1~3;0~3;0~1;Browsing~Education~Social Media~Gaming~Other;1~3;5~8;10.0
13~16;Male;7~9;5~8;4~5;60~72;6~9;0~0;3~10;2~8;1~10;0~1;0~0;58~127;6~18;1~3;0~3;0~1;Browsing~Education~Social Media~Gaming~Other;1~3;5~8;10.0
13~16;Male;7~9;5~8;4~5;60~72;6~9;0~0;3~10;2~8;1~10;0~1;0~0;58~127;6~18;1~3;0~3;0~1;Browsing~Education~Social Media~Gaming~Other;1~3;5~8;10.0
13~16;Male;7~9;5~8;4~5;60~72;6~9;0~0;3~10;2~8;1~10;0~1;0~0;58~127;6~18;1~3;0~3;0~1;Browsing~Education~Social Media~Gaming~Other;1~3;5~8;10.0
13~16;Male;7~9;5~8;4~5;60~72;6~9;0~0;3~10;2~8;1~10;0~1;0~0;58~127;6~18;1~3;0~3;0~1;Browsing~Education~Social Media~Gaming~Other;1~3;5~8;10.0
13~16;Male;8~9;5~9;4~6;50~71;6~10;1~2;2~5;1~10;8~10;0~1;0~1;25~144;5~19;1~3;0~3;0~1;Education~Social Media~Gaming~Other;1~10;2~7;10.0
13~16;Male;8~9;5~9;4~6;50~71;6~10;1~2;2~5;1~10;8~10;0~1;0~1;25~144;5~19;1~3;0~3;0~1;Education~Social Media~Gaming~Other;1~10;2~7;10.0
13~16;Male;8~9;5~9;4~6;50~71;6~10;1~2;2~5;1~10;8~10;0~1;0~1;25~144;5~19;1~3;0~3;0~1;Education~Social Media~Gaming~Other;1~10;2~7;9.3
13~16;Male;8~9;5~9;4~6;50~71;6~10;1~2;2~5;1~10;8~10;0~1;0~1;25~144;5~19;1~3;0~3;0~1;Education~Social Media~Gaming~Other;1~10;2~7;10.0
13~16;Male;8~9;5~9;4~6;50~71;6~10;1~2;2~5;1~10;8~10;0~1;0~1;25~144;5~19;1~3;0~3;0~1;Education~Social Media~Gaming~Other;1~10;2~7;10.0
13~16;Male;8~9;5~9;4~6;50~71;6~10;1~2;2~5;1~10;8~10;0~1;0~1;25~144;5~19;1~3;0~3;0~1;Education~Social Media~Gaming~Other;1~10;2~7;10.0
13~15;Male;8~10;5~8;4~5;53~71;6~9;0~2;7~9;2~8;1~9;0~1;0~1;20~126;6~16;0~3;0~3;0~1;Browsing~Education~Social Media~Gaming~Other;2~9;2~7;8.2
13~15;Male;8~10;5~8;4~5;53~71;6~9;0~2;7~9;2~8;1~9;0~1;0~1;20~126;6~16;0~3;0~3;0~1;Browsing~Education~Social Media~Gaming~Other;2~9;2~7;10.0
13~15;Male;8~10;5~8;4~5;53~71;6~9;0~2;7~9;2~8;1~9;0~1;0~1;20~126;6~16;0~3;0~3;0~1;Browsing~Education~Social Media~Gaming~Other;2~9;2~7;10.0
13~15;Male;8~10;5~8;4~5;53~71;6~9;0~2;7~9;2~8;1~9;0~1;0~1;20~126;6~16;0~3;0~3;0~1;Browsing~Education~Social Media~Gaming~Other;2~9;2~7;10.0
13~15;Male;8~10;5~8;4~5;53~71;6~9;0~2;7~9;2~8;1~9;0~1;0~1;20~126;6~16;0~3;0~3;0~1;Browsing~Education~Social Media~Gaming~Other;2~9;2~7;10.0
13~15;Male;8~10;5~8;4~5;53~71;6~9;0~2;7~9;2~8;1~9;0~1;0~1;20~126;6~16;0~3;0~3;0~1;Browsing~Education~Social Media~Gaming~Other;2~9;2~7;10.0
13~16;Male;7~10;5~7;4~5;84~99;1~6;0~1;1~2;2~10;5~8;0~1;0~1;41~72;6~19;1~4;0~2;0~1;Browsing~Education~Social Media~Gaming;1~10;3~9;7.1
13~16;Male;7~10;5~7;4~5;84~99;1~6;0~1;1~2;2~10;5~8;0~1;0~1;41~72;6~19;1~4;0~2;0~1;Browsing~Education~Social Media~Gaming;1~10;3~9;10.0
13~16;Male;7~10;5~7;4~5;84~99;1~6;0~1;1~2;2~10;5~8;0~1;0~1;41~72;6~19;1~4;0~2;0~1;Browsing~Education~Social Media~Gaming;1~10;3~9;10.0
13~16;Male;7~10;5~7;4~5;84~99;1~6;0~1;1~2;2~10;5~8;0~1;0~1;41~72;6~19;1~4;0~2;0~1;Browsing~Education~Social Media~Gaming;1~10;3~9;10.0
13~16;Male;7~10;5~7;4~5;84~99;1~6;0~1;1~2;2~10;5~8;0~1;0~1;41~72;6~19;1~4;0~2;0~1;Browsing~Education~Social Media~Gaming;1~10;3~9;10.0
13~16;Male;7~10;5~7;4~5;84~99;1~6;0~1;1~2;2~10;5~8;0~1;0~1;41~72;6~19;1~4;0~2;0~1;Browsing~Education~Social Media~Gaming;1~10;3~9;10.0
13~16;Male;7~9;5~7;5~6;76~99;0~6;0~1;3~8;1~10;1~9;0~1;0~1;36~108;5~20;1~3;0~3;0~1;Browsing~Education~Social Media~Gaming;1~8;5~10;10.0
13~16;Male;7~9;5~7;5~6;76~99;0~6;0~1;3~8;1~10;1~9;0~1;0~1;36~108;5~20;1~3;0~3;0~1;Browsing~Education~Social Media~Gaming;1~8;5~10;10.0
13~16;Male;7~9;5~7;5~6;76~99;0~6;0~1;3~8;1~10;1~9;0~1;0~1;36~108;5~20;1~3;0~3;0~1;Browsing~Education~Social Media~Gaming;1~8;5~10;8.5
13~16;Male;7~9;5~7;5~6;76~99;0~6;0~1;3~8;1~10;1~9;0~1;0~1;36~108;5~20;1~3;0~3;0~1;Browsing~Education~Social Media~Gaming;1~8;5~10;10.0
13~16;Male;7~9;5~7;5~6;76~99;0~6;0~1;3~8;1~10;1~9;0~1;0~1;36~108;5~20;1~3;0~3;0~1;Browsing~Education~Social Media~Gaming;1~8;5~10;10.0
13~16;Male;7~9;5~7;5~6;76~99;0~6;0~1;3~8;1~10;1~9;0~1;0~1;36~108;5~20;1~3;0~3;0~1;Browsing~Education~Social Media~Gaming;1~8;5~10;10.0
13~16;Male;8~10;5~10;3~6;76~100;0~6;1~2;2~6;4~10;1~10;0~1;0~1;24~145;6~16;0~4;0~3;0~1;Browsing~Education~Social Media~Gaming~Other;4~10;2~8;10.0
13~16;Male;8~10;5~10;3~6;76~100;0~6;1~2;2~6;4~10;1~10;0~1;0~1;24~145;6~16;0~4;0~3;0~1;Browsing~Education~Social Media~Gaming~Other;4~10;2~8;10.0
13~16;Male;8~10;5~10;3~6;76~100;0~6;1~2;2~6;4~10;1~10;0~1;0~1;24~145;6~16;0~4;0~3;0~1;Browsing~Education~Social Media~Gaming~Other;4~10;2~8;10.0
13~16;Male;8~10;5~10;3~6;76~100;0~6;1~2;2~6;4~10;1~10;0~1;0~1;24~145;6~16;0~4;0~3;0~1;Browsing~Education~Social Media~Gaming~Other;4~10;2~8;7.3
13~16;Male;8~10;5~10;3~6;76~100;0~6;1~2;2~6;4~10;1~10;0~1;0~1;24~145;6~16;0~4;0~3;0~1;Browsing~Education~Social Media~Gaming~Other;4~10;2~8;10.0
13~16;Male;8~10;5~10;3~6;76~100;0~6;1~2;2~6;4~10;1~10;0~1;0~1;24~145;6~16;0~4;0~3;0~1;Browsing~Education~Social Media~Gaming~Other;4~10;2~8;10.0
13~16;Male;8~10;5~10;3~6;76~100;0~6;1~2;2~6;4~10;1~10;0~1;0~1;24~145;6~16;0~4;0~3;0~1;Browsing~Education~Social Media~Gaming~Other;4~10;2~8;9.3
13~15;Male;7~10;5~9;4~6;77~93;1~6;1~1;7~10;5~10;3~9;0~1;0~1;26~137;9~19;1~3;0~3;0~1;Education~Social Media~Gaming~Other;5~10;3~9;10.0
13~15;Male;7~10;5~9;4~6;77~93;1~6;1~1;7~10;5~10;3~9;0~1;0~1;26~137;9~19;1~3;0~3;0~1;Education~Social Media~Gaming~Other;5~10;3~9;10.0
13~15;Male;7~10;5~9;4~6;77~93;1~6;1~1;7~10;5~10;3~9;0~1;0~1;26~137;9~19;1~3;0~3;0~1;Education~Social Media~Gaming~Other;5~10;3~9;10.0
13~15;Male;7~10;5~9;4~6;77~93;1~6;1~1;7~10;5~10;3~9;0~1;0~1;26~137;9~19;1~3;0~3;0~1;Education~Social Media~Gaming~Other;5~10;3~9;10.0
13~15;Male;7~10;5~9;4~6;77~93;1~6;1~1;7~10;5~10;3~9;0~1;0~1;26~137;9~19;1~3;0~3;0~1;Education~Social Media~Gaming~Other;5~10;3~9;10.0
13~16;Male;7~9;5~6;4~6;78~95;7~9;0~1;1~10;2~5;2~10;0~1;0~1;64~140;5~19;1~3;1~2;0~1;Browsing~Education~Social Media~Gaming;1~10;3~9;10.0
13~16;Male;7~9;5~6;4~6;78~95;7~9;0~1;1~10;2~5;2~10;0~1;0~1;64~140;5~19;1~3;1~2;0~1;Browsing~Education~Social Media~Gaming;1~10;3~9;8.2
13~16;Male;7~9;5~6;4~6;78~95;7~9;0~1;1~10;2~5;2~10;0~1;0~1;64~140;5~19;1~3;1~2;0~1;Browsing~Education~Social Media~Gaming;1~10;3~9;10.0
13~16;Male;7~9;5~6;4~6;78~95;7~9;0~1;1~10;2~5;2~10;0~1;0~1;64~140;5~19;1~3;1~2;0~1;Browsing~Education~Social Media~Gaming;1~10;3~9;10.0
13~16;Male;7~9;5~6;4~6;78~95;7~9;0~1;1~10;2~5;2~10;0~1;0~1;64~140;5~19;1~3;1~2;0~1;Browsing~Education~Social Media~Gaming;1~10;3~9;10.0
13~16;Male;7~10;6~8;5~6;82~98;7~10;0~0;1~8;6~10;7~10;0~1;0~1;45~117;7~19;2~5;0~4;0~2;Browsing~Education~Social Media~Gaming~Other;1~6;2~8;10.0
13~16;Male;7~10;6~8;5~6;82~98;7~10;0~0;1~8;6~10;7~10;0~1;0~1;45~117;7~19;2~5;0~4;0~2;Browsing~Education~Social Media~Gaming~Other;1~6;2~8;10.0
13~16;Male;7~10;6~8;5~6;82~98;7~10;0~0;1~8;6~10;7~10;0~1;0~1;45~117;7~19;2~5;0~4;0~2;Browsing~Education~Social Media~Gaming~Other;1~6;2~8;10.0
13~16;Male;7~10;6~8;5~6;82~98;7~10;0~0;1~8;6~10;7~10;0~1;0~1;45~117;7~19;2~5;0~4;0~2;Browsing~Education~Social Media~Gaming~Other;1~6;2~8;10.0
13~16;Male;7~10;6~8;5~6;82~98;7~10;0~0;1~8;6~10;7~10;0~1;0~1;45~117;7~19;2~5;0~4;0~2;Browsing~Education~Social Media~Gaming~Other;1~6;2~8;10.0
13~16;Male;7~10;5~7;4~5;78~96;8~10;1~2;1~8;1~6;3~6;0~1;0~1;63~147;5~19;1~3;1~3;0~1;Browsing~Education~Social Media~Gaming~Other;2~9;2~6;10.0
13~16;Male;7~10;5~7;4~5;78~96;8~10;1~2;1~8;1~6;3~6;0~1;0~1;63~147;5~19;1~3;1~3;0~1;Browsing~Education~Social Media~Gaming~Other;2~9;2~6;10.0
13~16;Male;7~10;5~7;4~5;78~96;8~10;1~2;1~8;1~6;3~6;0~1;0~1;63~147;5~19;1~3;1~3;0~1;Browsing~Education~Social Media~Gaming~Other;2~9;2~6;10.0
13~16;Male;7~10;5~7;4~5;78~96;8~10;1~2;1~8;1~6;3~6;0~1;0~1;63~147;5~19;1~3;1~3;0~1;Browsing~Education~Social Media~Gaming~Other;2~9;2~6;10.0
13~16;Male;7~10;5~7;4~5;78~96;8~10;1~2;1~8;1~6;3~6;0~1;0~1;63~147;5~19;1~3;1~3;0~1;Browsing~Education~Social Media~Gaming~Other;2~9;2~6;10.0
13~16;Male;7~10;5~7;4~5;78~96;8~10;1~2;1~8;1~6;3~6;0~1;0~1;63~147;5~19;1~3;1~3;0~1;Browsing~Education~Social Media~Gaming~Other;2~9;2~6;10.0
13~16;Male;7~9;5~7;3~6;78~98;8~9;1~2;5~10;1~10;7~10;0~1;0~2;33~76;6~20;1~3;0~3;0~2;Browsing~Education~Social Media~Gaming;5~9;5~8;10.0
13~16;Male;7~9;5~7;3~6;78~98;8~9;1~2;5~10;1~10;7~10;0~1;0~2;33~76;6~20;1~3;0~3;0~2;Browsing~Education~Social Media~Gaming;5~9;5~8;10.0
13~16;Male;7~9;5~7;3~6;78~98;8~9;1~2;5~10;1~10;7~10;0~1;0~2;33~76;6~20;1~3;0~3;0~2;Browsing~Education~Social Media~Gaming;5~9;5~8;5.9
13~16;Male;7~9;5~7;3~6;78~98;8~9;1~2;5~10;1~10;7~10;0~1;0~2;33~76;6~20;1~3;0~3;0~2;Browsing~Education~Social Media~Gaming;5~9;5~8;10.0
13~16;Male;7~9;5~7;3~6;78~98;8~9;1~2;5~10;1~10;7~10;0~1;0~2;33~76;6~20;1~3;0~3;0~2;Browsing~Education~Social Media~Gaming;5~9;5~8;10.0
13~16;Male;8~10;5~7;7~10;51~71;0~3;0~0;2~4;4~9;4~9;0~1;0~1;32~140;6~16;0~4;0~3;0~2;Browsing~Education~Social Media~Gaming~Other;1~10;4~10;9.2
13~16;Male;8~10;5~7;7~10;51~71;0~3;0~0;2~4;4~9;4~9;0~1;0~1;32~140;6~16;0~4;0~3;0~2;Browsing~Education~Social Media~Gaming~Other;1~10;4~10;8.7
13~16;Male;8~10;5~7;7~10;51~71;0~3;0~0;2~4;4~9;4~9;0~1;0~1;32~140;6~16;0~4;0~3;0~2;Browsing~Education~Social Media~Gaming~Other;1~10;4~10;10.0
13~16;Male;8~10;5~7;7~10;51~71;0~3;0~0;2~4;4~9;4~9;0~1;0~1;32~140;6~16;0~4;0~3;0~2;Browsing~Education~Social Media~Gaming~Other;1~10;4~10;8.9
13~16;Male;8~10;5~7;7~10;51~71;0~3;0~0;2~4;4~9;4~9;0~1;0~1;32~140;6~16;0~4;0~3;0~2;Browsing~Education~Social Media~Gaming~Other;1~10;4~10;10.0
13~16;Male;8~10;5~7;7~10;51~71;0~3;0~0;2~4;4~9;4~9;0~1;0~1;32~140;6~16;0~4;0~3;0~2;Browsing~Education~Social Media~Gaming~Other;1~10;4~10;7.6
13~16;Male;7~10;5~11;7~10;54~64;0~3;0~0;5~8;1~9;2~9;0~1;0~2;66~139;7~20;1~3;0~2;0~1;Browsing~Education~Social Media~Gaming~Other;1~8;2~6;10.0
13~16;Male;7~10;5~11;7~10;54~64;0~3;0~0;5~8;1~9;2~9;0~1;0~2;66~139;7~20;1~3;0~2;0~1;Browsing~Education~Social Media~Gaming~Other;1~8;2~6;10.0
13~16;Male;7~10;5~11;7~10;54~64;0~3;0~0;5~8;1~9;2~9;0~1;0~2;66~139;7~20;1~3;0~2;0~1;Browsing~Education~Social Media~Gaming~Other;1~8;2~6;7.2
13~16;Male;7~10;5~11;7~10;54~64;0~3;0~0;5~8;1~9;2~9;0~1;0~2;66~139;7~20;1~3;0~2;0~1;Browsing~Education~Social Media~Gaming~Other;1~8;2~6;10.0
13~16;Male;7~10;5~11;7~10;54~64;0~3;0~0;5~8;1~9;2~9;0~1;0~2;66~139;7~20;1~3;0~2;0~1;Browsing~Education~Social Media~Gaming~Other;1~8;2~6;8.0
13~16;Male;7~10;5~11;7~10;54~64;0~3;0~0;5~8;1~9;2~9;0~1;0~2;66~139;7~20;1~3;0~2;0~1;Browsing~Education~Social Media~Gaming~Other;1~8;2~6;10.0
13~16;Male;7~10;5~11;7~10;54~64;0~3;0~0;5~8;1~9;2~9;0~1;0~2;66~139;7~20;1~3;0~2;0~1;Browsing~Education~Social Media~Gaming~Other;1~8;2~6;8.9
13~15;Male;7~10;5~8;7~8;51~73;0~3;1~1;4~5;3~8;1~9;0~1;0~1;31~93;5~20;1~4;0~2;0~1;Browsing~Education~Social Media~Gaming;1~7;1~7;10.0
13~15;Male;7~10;5~8;7~8;51~73;0~3;1~1;4~5;3~8;1~9;0~1;0~1;31~93;5~20;1~4;0~2;0~1;Browsing~Education~Social Media~Gaming;1~7;1~7;10.0
13~15;Male;7~10;5~8;7~8;51~73;0~3;1~1;4~5;3~8;1~9;0~1;0~1;31~93;5~20;1~4;0~2;0~1;Browsing~Education~Social Media~Gaming;1~7;1~7;8.0
13~15;Male;7~10;5~8;7~8;51~73;0~3;1~1;4~5;3~8;1~9;0~1;0~1;31~93;5~20;1~4;0~2;0~1;Browsing~Education~Social Media~Gaming;1~7;1~7;9.2
13~15;Male;7~10;5~8;7~8;51~73;0~3;1~1;4~5;3~8;1~9;0~1;0~1;31~93;5~20;1~4;0~2;0~1;Browsing~Education~Social Media~Gaming;1~7;1~7;8.9
13~16;Male;7~10;5~8;7~9;51~66;0~3;0~2;6~9;1~10;3~10;0~1;0~1;36~149;9~19;2~4;0~2;0~1;Browsing~Education~Social Media~Gaming~Other;2~10;2~8;10.0
13~16;Male;7~10;5~8;7~9;51~66;0~3;0~2;6~9;1~10;3~10;0~1;0~1;36~149;9~19;2~4;0~2;0~1;Browsing~Education~Social Media~Gaming~Other;2~10;2~8;10.0
13~16;Male;7~10;5~8;7~9;51~66;0~3;0~2;6~9;1~10;3~10;0~1;0~1;36~149;9~19;2~4;0~2;0~1;Browsing~Education~Social Media~Gaming~Other;2~10;2~8;10.0
13~16;Male;7~10;5~8;7~9;51~66;0~3;0~2;6~9;1~10;3~10;0~1;0~1;36~149;9~19;2~4;0~2;0~1;Browsing~Education~Social Media~Gaming~Other;2~10;2~8;10.0
13~16;Male;7~10;5~8;7~9;51~66;0~3;0~2;6~9;1~10;3~10;0~1;0~1;36~149;9~19;2~4;0~2;0~1;Browsing~Education~Social Media~Gaming~Other;2~10;2~8;9.6
13~16;Male;7~10;5~8;7~9;51~66;0~3;0~2;6~9;1~10;3~10;0~1;0~1;36~149;9~19;2~4;0~2;0~1;Browsing~Education~Social Media~Gaming~Other;2~10;2~8;10.0
13~16;Male;7~10;5~7;7~9;53~73;6~10;0~0;1~5;1~10;1~9;0~1;0~1;32~144;8~17;0~2;1~3;0~1;Education~Social Media~Gaming~Other;1~9;2~8;10.0
13~16;Male;7~10;5~7;7~9;53~73;6~10;0~0;1~5;1~10;1~9;0~1;0~1;32~144;8~17;0~2;1~3;0~1;Education~Social Media~Gaming~Other;1~9;2~8;8.9
13~16;Male;7~10;5~7;7~9;53~73;6~10;0~0;1~5;1~10;1~9;0~1;0~1;32~144;8~17;0~2;1~3;0~1;Education~Social Media~Gaming~Other;1~9;2~8;10.0
13~16;Male;7~10;5~7;7~9;53~73;6~10;0~0;1~5;1~10;1~9;0~1;0~1;32~144;8~17;0~2;1~3;0~1;Education~Social Media~Gaming~Other;1~9;2~8;10.0
13~16;Male;7~10;5~7;7~9;53~73;6~10;0~0;1~5;1~10;1~9;0~1;0~1;32~144;8~17;0~2;1~3;0~1;Education~Social Media~Gaming~Other;1~9;2~8;6.9
13~16;Male;7~10;5~7;7~9;53~73;6~10;0~0;1~5;1~10;1~9;0~1;0~1;32~144;8~17;0~2;1~3;0~1;Education~Social Media~Gaming~Other;1~9;2~8;6.7
14~15;Male;7~10;5~9;6~8;57~71;4~10;0~0;7~10;3~10;1~10;0~1;0~1;22~128;5~18;0~3;0~2;0~1;Browsing~Education~Social Media~Gaming~Other;3~10;5~9;5.3
14~15;Male;7~10;5~9;6~8;57~71;4~10;0~0;7~10;3~10;1~10;0~1;0~1;22~128;5~18;0~3;0~2;0~1;Browsing~Education~Social Media~Gaming~Other;3~10;5~9;6.7
14~15;Male;7~10;5~9;6~8;57~71;4~10;0~0;7~10;3~10;1~10;0~1;0~1;22~128;5~18;0~3;0~2;0~1;Browsing~Education~Social Media~Gaming~Other;3~10;5~9;10.0
14~15;Male;7~10;5~9;6~8;57~71;4~10;0~0;7~10;3~10;1~10;0~1;0~1;22~128;5~18;0~3;0~2;0~1;Browsing~Education~Social Media~Gaming~Other;3~10;5~9;9.5
14~15;Male;7~10;5~9;6~8;57~71;4~10;0~0;7~10;3~10;1~10;0~1;0~1;22~128;5~18;0~3;0~2;0~1;Browsing~Education~Social Media~Gaming~Other;3~10;5~9;7.8
14~15;Male;7~10;5~9;6~8;57~71;4~10;0~0;7~10;3~10;1~10;0~1;0~1;22~128;5~18;0~3;0~2;0~1;Browsing~Education~Social Media~Gaming~Other;3~10;5~9;9.6
14~15;Male;7~10;5~9;6~8;57~71;4~10;0~0;7~10;3~10;1~10;0~1;0~1;22~128;5~18;0~3;0~2;0~1;Browsing~Education~Social Media~Gaming~Other;3~10;5~9;10.0
13~16;Male;7~10;4~8;7~9;50~71;5~10;1~2;1~10;1~10;1~7;0~1;0~2;29~131;5~20;0~3;0~2;0~2;Browsing~Education~Social Media~Gaming;1~9;2~9;9.4
13~16;Male;7~10;4~8;7~9;50~71;5~10;1~2;1~10;1~10;1~7;0~1;0~2;29~131;5~20;0~3;0~2;0~2;Browsing~Education~Social Media~Gaming;1~9;2~9;10.0
13~16;Male;7~10;4~8;7~9;50~71;5~10;1~2;1~10;1~10;1~7;0~1;0~2;29~131;5~20;0~3;0~2;0~2;Browsing~Education~Social Media~Gaming;1~9;2~9;10.0
13~16;Male;7~10;4~8;7~9;50~71;5~10;1~2;1~10;1~10;1~7;0~1;0~2;29~131;5~20;0~3;0~2;0~2;Browsing~Education~Social Media~Gaming;1~9;2~9;10.0
13~16;Male;7~10;4~8;7~9;50~71;5~10;1~2;1~10;1~10;1~7;0~1;0~2;29~131;5~20;0~3;0~2;0~2;Browsing~Education~Social Media~Gaming;1~9;2~9;6.6
13~16;Male;7~10;4~8;7~9;50~71;5~10;1~2;1~10;1~10;1~7;0~1;0~2;29~131;5~20;0~3;0~2;0~2;Browsing~Education~Social Media~Gaming;1~9;2~9;8.4
13~16;Male;7~10;4~8;7~9;50~71;5~10;1~2;1~10;1~10;1~7;0~1;0~2;29~131;5~20;0~3;0~2;0~2;Browsing~Education~Social Media~Gaming;1~9;2~9;10.0
13~16;Male;7~10;4~8;7~9;50~71;5~10;1~2;1~10;1~10;1~7;0~1;0~2;29~131;5~20;0~3;0~2;0~2;Browsing~Education~Social Media~Gaming;1~9;2~9;10.0
13~16;Male;7~10;5~9;6~9;78~94;0~5;0~1;4~5;2~10;1~6;0~1;0~1;62~150;9~20;2~4;0~1;0~1;Browsing~Education~Social Media~Gaming~Other;1~9;5~10;10.0
13~16;Male;7~10;5~9;6~9;78~94;0~5;0~1;4~5;2~10;1~6;0~1;0~1;62~150;9~20;2~4;0~1;0~1;Browsing~Education~Social Media~Gaming~Other;1~9;5~10;10.0
13~16;Male;7~10;5~9;6~9;78~94;0~5;0~1;4~5;2~10;1~6;0~1;0~1;62~150;9~20;2~4;0~1;0~1;Browsing~Education~Social Media~Gaming~Other;1~9;5~10;10.0
13~16;Male;7~10;5~9;6~9;78~94;0~5;0~1;4~5;2~10;1~6;0~1;0~1;62~150;9~20;2~4;0~1;0~1;Browsing~Education~Social Media~Gaming~Other;1~9;5~10;10.0
13~16;Male;7~10;5~9;6~9;78~94;0~5;0~1;4~5;2~10;1~6;0~1;0~1;62~150;9~20;2~4;0~1;0~1;Browsing~Education~Social Media~Gaming~Other;1~9;5~10;10.0
13~16;Male;7~9;5~7;6~9;78~98;2~5;0~1;7~10;2~9;1~7;0~1;0~1;30~146;10~20;0~3;0~2;0~2;Browsing~Education~Social Media~Gaming~Other;2~10;2~9;9.1
13~16;Male;7~9;5~7;6~9;78~98;2~5;0~1;7~10;2~9;1~7;0~1;0~1;30~146;10~20;0~3;0~2;0~2;Browsing~Education~Social Media~Gaming~Other;2~10;2~9;10.0
13~16;Male;7~9;5~7;6~9;78~98;2~5;0~1;7~10;2~9;1~7;0~1;0~1;30~146;10~20;0~3;0~2;0~2;Browsing~Education~Social Media~Gaming~Other;2~10;2~9;10.0
13~16;Male;7~9;5~7;6~9;78~98;2~5;0~1;7~10;2~9;1~7;0~1;0~1;30~146;10~20;0~3;0~2;0~2;Browsing~Education~Social Media~Gaming~Other;2~10;2~9;10.0
13~16;Male;7~9;5~7;6~9;78~98;2~5;0~1;7~10;2~9;1~7;0~1;0~1;30~146;10~20;0~3;0~2;0~2;Browsing~Education~Social Media~Gaming~Other;2~10;2~9;10.0
13~16;Male;7~9;5~7;6~9;78~98;2~5;0~1;7~10;2~9;1~7;0~1;0~1;30~146;10~20;0~3;0~2;0~2;Browsing~Education~Social Media~Gaming~Other;2~10;2~9;10.0
14~16;Male;7~10;5~7;7~8;80~91;0~4;1~2;3~6;4~7;2~10;0~1;0~1;55~146;7~15;1~3;1~4;0~1;Browsing~Education~Social Media~Gaming~Other;5~10;4~8;10.0
14~16;Male;7~10;5~7;7~8;80~91;0~4;1~2;3~6;4~7;2~10;0~1;0~1;55~146;7~15;1~3;1~4;0~1;Browsing~Education~Social Media~Gaming~Other;5~10;4~8;7.4
14~16;Male;7~10;5~7;7~8;80~91;0~4;1~2;3~6;4~7;2~10;0~1;0~1;55~146;7~15;1~3;1~4;0~1;Browsing~Education~Social Media~Gaming~Other;5~10;4~8;10.0
14~16;Male;7~10;5~7;7~8;80~91;0~4;1~2;3~6;4~7;2~10;0~1;0~1;55~146;7~15;1~3;1~4;0~1;Browsing~Education~Social Media~Gaming~Other;5~10;4~8;10.0
14~16;Male;7~10;5~7;7~8;80~91;0~4;1~2;3~6;4~7;2~10;0~1;0~1;55~146;7~15;1~3;1~4;0~1;Browsing~Education~Social Media~Gaming~Other;5~10;4~8;10.0
13~16;Male;7~9;4~8;7~8;84~100;0~3;1~2;7~10;1~10;2~10;0~1;0~2;47~117;6~16;1~3;0~1;0~2;Education~Social Media~Gaming~Other;1~5;4~8;10.0
13~16;Male;7~9;4~8;7~8;84~100;0~3;1~2;7~10;1~10;2~10;0~1;0~2;47~117;6~16;1~3;0~1;0~2;Education~Social Media~Gaming~Other;1~5;4~8;10.0
13~16;Male;7~9;4~8;7~8;84~100;0~3;1~2;7~10;1~10;2~10;0~1;0~2;47~117;6~16;1~3;0~1;0~2;Education~Social Media~Gaming~Other;1~5;4~8;10.0
13~16;Male;7~9;4~8;7~8;84~100;0~3;1~2;7~10;1~10;2~10;0~1;0~2;47~117;6~16;1~3;0~1;0~2;Education~Social Media~Gaming~Other;1~5;4~8;8.3
13~16;Male;7~9;4~8;7~8;84~100;0~3;1~2;7~10;1~10;2~10;0~1;0~2;47~117;6~16;1~3;0~1;0~2;Education~Social Media~Gaming~Other;1~5;4~8;10.0
13~16;Male;7~9;4~8;7~8;84~100;0~3;1~2;7~10;1~10;2~10;0~1;0~2;47~117;6~16;1~3;0~1;0~2;Education~Social Media~Gaming~Other;1~5;4~8;10.0
13~15;Male;7~10;6~8;7~9;81~98;7~10;0~0;1~3;3~10;3~10;0~1;0~1;33~94;5~19;1~3;0~3;1~1;Browsing~Education~Social Media;3~10;5~7;10.0
13~15;Male;7~10;6~8;7~9;81~98;7~10;0~0;1~3;3~10;3~10;0~1;0~1;33~94;5~19;1~3;0~3;1~1;Browsing~Education~Social Media;3~10;5~7;6.2
13~15;Male;7~10;6~8;7~9;81~98;7~10;0~0;1~3;3~10;3~10;0~1;0~1;33~94;5~19;1~3;0~3;1~1;Browsing~Education~Social Media;3~10;5~7;10.0
13~15;Male;7~10;6~8;7~9;81~98;7~10;0~0;1~3;3~10;3~10;0~1;0~1;33~94;5~19;1~3;0~3;1~1;Browsing~Education~Social Media;3~10;5~7;10.0
13~15;Male;7~10;6~8;7~9;81~98;7~10;0~0;1~3;3~10;3~10;0~1;0~1;33~94;5~19;1~3;0~3;1~1;Browsing~Education~Social Media;3~10;5~7;10.0
13~16;Male;7~10;5~11;6~8;75~98;6~10;0~0;7~10;4~10;2~10;0~1;0~2;54~140;7~19;1~3;0~4;0~1;Education~Social Media~Gaming;3~10;4~7;7.9
13~16;Male;7~10;5~11;6~8;75~98;6~10;0~0;7~10;4~10;2~10;0~1;0~2;54~140;7~19;1~3;0~4;0~1;Education~Social Media~Gaming;3~10;4~7;10.0
13~16;Male;7~10;5~11;6~8;75~98;6~10;0~0;7~10;4~10;2~10;0~1;0~2;54~140;7~19;1~3;0~4;0~1;Education~Social Media~Gaming;3~10;4~7;10.0
13~16;Male;7~10;5~11;6~8;75~98;6~10;0~0;7~10;4~10;2~10;0~1;0~2;54~140;7~19;1~3;0~4;0~1;Education~Social Media~Gaming;3~10;4~7;9.4
13~16;Male;7~10;5~11;6~8;75~98;6~10;0~0;7~10;4~10;2~10;0~1;0~2;54~140;7~19;1~3;0~4;0~1;Education~Social Media~Gaming;3~10;4~7;7.8
13~16;Male;7~10;5~11;6~8;75~98;6~10;0~0;7~10;4~10;2~10;0~1;0~2;54~140;7~19;1~3;0~4;0~1;Education~Social Media~Gaming;3~10;4~7;10.0
13~16;Male;8~10;5~7;6~9;76~92;7~10;0~2;1~3;2~9;1~8;0~1;0~1;47~135;7~20;0~5;1~2;0~1;Browsing~Education~Social Media~Gaming;2~10;5~10;10.0
13~16;Male;8~10;5~7;6~9;76~92;7~10;0~2;1~3;2~9;1~8;0~1;0~1;47~135;7~20;0~5;1~2;0~1;Browsing~Education~Social Media~Gaming;2~10;5~10;10.0
13~16;Male;8~10;5~7;6~9;76~92;7~10;0~2;1~3;2~9;1~8;0~1;0~1;47~135;7~20;0~5;1~2;0~1;Browsing~Education~Social Media~Gaming;2~10;5~10;10.0
13~16;Male;8~10;5~7;6~9;76~92;7~10;0~2;1~3;2~9;1~8;0~1;0~1;47~135;7~20;0~5;1~2;0~1;Browsing~Education~Social Media~Gaming;2~10;5~10;10.0
13~16;Male;8~10;5~7;6~9;76~92;7~10;0~2;1~3;2~9;1~8;0~1;0~1;47~135;7~20;0~5;1~2;0~1;Browsing~Education~Social Media~Gaming;2~10;5~10;10.0
14~16;Male;7~10;5~7;7~8;76~100;7~10;0~1;6~10;1~7;2~8;0~1;0~1;49~147;5~20;1~4;0~2;0~2;Social Media~Gaming~Other;1~10;6~9;10.0
14~16;Male;7~10;5~7;7~8;76~100;7~10;0~1;6~10;1~7;2~8;0~1;0~1;49~147;5~20;1~4;0~2;0~2;Social Media~Gaming~Other;1~10;6~9;10.0
14~16;Male;7~10;5~7;7~8;76~100;7~10;0~1;6~10;1~7;2~8;0~1;0~1;49~147;5~20;1~4;0~2;0~2;Social Media~Gaming~Other;1~10;6~9;10.0
14~16;Male;7~10;5~7;7~8;76~100;7~10;0~1;6~10;1~7;2~8;0~1;0~1;49~147;5~20;1~4;0~2;0~2;Social Media~Gaming~Other;1~10;6~9;10.0
14~16;Male;7~10;5~7;7~8;76~100;7~10;0~1;6~10;1~7;2~8;0~1;0~1;49~147;5~20;1~4;0~2;0~2;Social Media~Gaming~Other;1~10;6~9;10.0
14~16;Male;7~10;5~7;7~8;76~100;7~10;0~1;6~10;1~7;2~8;0~1;0~1;49~147;5~20;1~4;0~2;0~2;Social Media~Gaming~Other;1~10;6~9;10.0
13~16;Male;11~12;0~5;4~6;50~70;0~4;0~0;1~10;1~8;1~10;0~1;0~1;26~146;5~14;1~4;0~2;0~1;Education~Social Media~Gaming~Other;1~10;2~9;9.3
13~16;Male;11~12;0~5;4~6;50~70;0~4;0~0;1~10;1~8;1~10;0~1;0~1;26~146;5~14;1~4;0~2;0~1;Education~Social Media~Gaming~Other;1~10;2~9;5.0
13~16;Male;11~12;0~5;4~6;50~70;0~4;0~0;1~10;1~8;1~10;0~1;0~1;26~146;5~14;1~4;0~2;0~1;Education~Social Media~Gaming~Other;1~10;2~9;9.5
13~16;Male;11~12;0~5;4~6;50~70;0~4;0~0;1~10;1~8;1~10;0~1;0~1;26~146;5~14;1~4;0~2;0~1;Education~Social Media~Gaming~Other;1~10;2~9;10.0
13~16;Male;11~12;0~5;4~6;50~70;0~4;0~0;1~10;1~8;1~10;0~1;0~1;26~146;5~14;1~4;0~2;0~1;Education~Social Media~Gaming~Other;1~10;2~9;10.0
13~16;Male;11~12;0~5;4~6;50~70;0~4;0~0;1~10;1~8;1~10;0~1;0~1;26~146;5~14;1~4;0~2;0~1;Education~Social Media~Gaming~Other;1~10;2~9;4.1
13~16;Male;11~12;0~5;4~6;50~70;0~4;0~0;1~10;1~8;1~10;0~1;0~1;26~146;5~14;1~4;0~2;0~1;Education~Social Media~Gaming~Other;1~10;2~9;8.9
13~15;Male;11~12;0~3;3~5;50~65;0~4;1~1;1~10;1~8;2~10;0~1;1~1;41~144;7~16;1~2;0~2;0~1;Browsing~Education~Social Media~Gaming~Other;6~10;3~7;7.2
13~15;Male;11~12;0~3;3~5;50~65;0~4;1~1;1~10;1~8;2~10;0~1;1~1;41~144;7~16;1~2;0~2;0~1;Browsing~Education~Social Media~Gaming~Other;6~10;3~7;8.5
13~15;Male;11~12;0~3;3~5;50~65;0~4;1~1;1~10;1~8;2~10;0~1;1~1;41~144;7~16;1~2;0~2;0~1;Browsing~Education~Social Media~Gaming~Other;6~10;3~7;8.5
13~15;Male;11~12;0~3;3~5;50~65;0~4;1~1;1~10;1~8;2~10;0~1;1~1;41~144;7~16;1~2;0~2;0~1;Browsing~Education~Social Media~Gaming~Other;6~10;3~7;5.4
13~15;Male;11~12;0~3;3~5;50~65;0~4;1~1;1~10;1~8;2~10;0~1;1~1;41~144;7~16;1~2;0~2;0~1;Browsing~Education~Social Media~Gaming~Other;6~10;3~7;6.5
13~15;Male;11~12;0~3;3~5;50~65;0~4;1~1;1~10;1~8;2~10;0~1;1~1;41~144;7~16;1~2;0~2;0~1;Browsing~Education~Social Media~Gaming~Other;6~10;3~7;8.0
13~15;Male;11~12;0~3;3~5;50~65;0~4;1~1;1~10;1~8;2~10;0~1;1~1;41~144;7~16;1~2;0~2;0~1;Browsing~Education~Social Media~Gaming~Other;6~10;3~7;7.9
13~16;Male;11~12;2~5;4~6;52~75;5~8;0~0;2~10;2~9;1~10;0~1;0~1;20~149;6~18;2~3;0~3;0~2;Education~Social Media~Gaming~Other;3~10;1~8;9.3
13~16;Male;11~12;2~5;4~6;52~75;5~8;0~0;2~10;2~9;1~10;0~1;0~1;20~149;6~18;2~3;0~3;0~2;Education~Social Media~Gaming~Other;3~10;1~8;7.5
13~16;Male;11~12;2~5;4~6;52~75;5~8;0~0;2~10;2~9;1~10;0~1;0~1;20~149;6~18;2~3;0~3;0~2;Education~Social Media~Gaming~Other;3~10;1~8;10.0
13~16;Male;11~12;2~5;4~6;52~75;5~8;0~0;2~10;2~9;1~10;0~1;0~1;20~149;6~18;2~3;0~3;0~2;Education~Social Media~Gaming~Other;3~10;1~8;9.8
13~16;Male;11~12;2~5;4~6;52~75;5~8;0~0;2~10;2~9;1~10;0~1;0~1;20~149;6~18;2~3;0~3;0~2;Education~Social Media~Gaming~Other;3~10;1~8;10.0
13~16;Male;11~12;2~5;4~6;52~75;5~8;0~0;2~10;2~9;1~10;0~1;0~1;20~149;6~18;2~3;0~3;0~2;Education~Social Media~Gaming~Other;3~10;1~8;10.0
13~15;Male;11~12;1~4;3~6;50~73;5~10;0~2;1~10;3~10;1~10;0~1;0~1;20~148;5~18;1~2;0~2;0~1;Browsing~Education~Social Media~Gaming~Other;2~8;3~7;9.8
13~15;Male;11~12;1~4;3~6;50~73;5~10;0~2;1~10;3~10;1~10;0~1;0~1;20~148;5~18;1~2;0~2;0~1;Browsing~Education~Social Media~Gaming~Other;2~8;3~7;8.7
13~15;Male;11~12;1~4;3~6;50~73;5~10;0~2;1~10;3~10;1~10;0~1;0~1;20~148;5~18;1~2;0~2;0~1;Browsing~Education~Social Media~Gaming~Other;2~8;3~7;7.4
13~15;Male;11~12;1~4;3~6;50~73;5~10;0~2;1~10;3~10;1~10;0~1;0~1;20~148;5~18;1~2;0~2;0~1;Browsing~Education~Social Media~Gaming~Other;2~8;3~7;4.6
13~15;Male;11~12;1~4;3~6;50~73;5~10;0~2;1~10;3~10;1~10;0~1;0~1;20~148;5~18;1~2;0~2;0~1;Browsing~Education~Social Media~Gaming~Other;2~8;3~7;8.2
13~15;Male;11~12;1~4;3~6;50~73;5~10;0~2;1~10;3~10;1~10;0~1;0~1;20~148;5~18;1~2;0~2;0~1;Browsing~Education~Social Media~Gaming~Other;2~8;3~7;6.6
13~15;Male;11~12;1~4;3~6;50~73;5~10;0~2;1~10;3~10;1~10;0~1;0~1;20~148;5~18;1~2;0~2;0~1;Browsing~Education~Social Media~Gaming~Other;2~8;3~7;8.4
13~16;Male;11~12;3~4;4~6;85~93;1~4;0~0;3~8;2~10;1~8;0~1;0~1;23~129;7~19;0~3;0~3;0~1;Browsing~Education~Social Media~Gaming~Other;1~10;2~9;7.6
13~16;Male;11~12;3~4;4~6;85~93;1~4;0~0;3~8;2~10;1~8;0~1;0~1;23~129;7~19;0~3;0~3;0~1;Browsing~Education~Social Media~Gaming~Other;1~10;2~9;9.5
13~16;Male;11~12;3~4;4~6;85~93;1~4;0~0;3~8;2~10;1~8;0~1;0~1;23~129;7~19;0~3;0~3;0~1;Browsing~Education~Social Media~Gaming~Other;1~10;2~9;10.0
13~16;Male;11~12;3~4;4~6;85~93;1~4;0~0;3~8;2~10;1~8;0~1;0~1;23~129;7~19;0~3;0~3;0~1;Browsing~Education~Social Media~Gaming~Other;1~10;2~9;10.0
13~16;Male;11~12;3~4;4~6;85~93;1~4;0~0;3~8;2~10;1~8;0~1;0~1;23~129;7~19;0~3;0~3;0~1;Browsing~Education~Social Media~Gaming~Other;1~10;2~9;7.6
13~16;Male;11~12;3~4;4~6;85~93;1~4;0~0;3~8;2~10;1~8;0~1;0~1;23~129;7~19;0~3;0~3;0~1;Browsing~Education~Social Media~Gaming~Other;1~10;2~9;10.0
13~16;Male;11~12;2~4;4~5;78~100;0~4;0~1;3~10;1~10;2~8;0~1;0~1;63~138;6~19;1~5;0~3;0~1;Browsing~Education~Social Media~Gaming~Other;3~8;3~9;9.5
13~16;Male;11~12;2~4;4~5;78~100;0~4;0~1;3~10;1~10;2~8;0~1;0~1;63~138;6~19;1~5;0~3;0~1;Browsing~Education~Social Media~Gaming~Other;3~8;3~9;9.1
13~16;Male;11~12;2~4;4~5;78~100;0~4;0~1;3~10;1~10;2~8;0~1;0~1;63~138;6~19;1~5;0~3;0~1;Browsing~Education~Social Media~Gaming~Other;3~8;3~9;9.3
13~16;Male;11~12;2~4;4~5;78~100;0~4;0~1;3~10;1~10;2~8;0~1;0~1;63~138;6~19;1~5;0~3;0~1;Browsing~Education~Social Media~Gaming~Other;3~8;3~9;6.8
13~16;Male;11~12;2~4;4~5;78~100;0~4;0~1;3~10;1~10;2~8;0~1;0~1;63~138;6~19;1~5;0~3;0~1;Browsing~Education~Social Media~Gaming~Other;3~8;3~9;10.0
13~16;Male;11~12;2~4;4~5;78~100;0~4;0~1;3~10;1~10;2~8;0~1;0~1;63~138;6~19;1~5;0~3;0~1;Browsing~Education~Social Media~Gaming~Other;3~8;3~9;8.8
13~16;Male;11~12;2~4;4~5;78~100;0~4;0~1;3~10;1~10;2~8;0~1;0~1;63~138;6~19;1~5;0~3;0~1;Browsing~Education~Social Media~Gaming~Other;3~8;3~9;10.0
13~16;Male;11~12;3~4;4~6;77~100;5~10;0~0;2~10;1~9;2~10;0~1;0~1;21~126;5~19;0~3;1~2;0~2;Browsing~Education~Social Media~Gaming~Other;1~10;4~8;10.0
13~16;Male;11~12;3~4;4~6;77~100;5~10;0~0;2~10;1~9;2~10;0~1;0~1;21~126;5~19;0~3;1~2;0~2;Browsing~Education~Social Media~Gaming~Other;1~10;4~8;10.0
13~16;Male;11~12;3~4;4~6;77~100;5~10;0~0;2~10;1~9;2~10;0~1;0~1;21~126;5~19;0~3;1~2;0~2;Browsing~Education~Social Media~Gaming~Other;1~10;4~8;6.7
13~16;Male;11~12;3~4;4~6;77~100;5~10;0~0;2~10;1~9;2~10;0~1;0~1;21~126;5~19;0~3;1~2;0~2;Browsing~Education~Social Media~Gaming~Other;1~10;4~8;7.7
13~16;Male;11~12;3~4;4~6;77~100;5~10;0~0;2~10;1~9;2~10;0~1;0~1;21~126;5~19;0~3;1~2;0~2;Browsing~Education~Social Media~Gaming~Other;1~10;4~8;9.4
13~16;Male;11~12;3~4;4~6;77~100;5~10;0~0;2~10;1~9;2~10;0~1;0~1;21~126;5~19;0~3;1~2;0~2;Browsing~Education~Social Media~Gaming~Other;1~10;4~8;10.0
13~16;Male;11~12;3~4;4~6;77~100;5~10;0~0;2~10;1~9;2~10;0~1;0~1;21~126;5~19;0~3;1~2;0~2;Browsing~Education~Social Media~Gaming~Other;1~10;4~8;8.8
13~16;Male;11~12;1~4;4~6;79~99;5~8;0~2;2~10;1~7;2~10;0~1;0~1;32~145;5~17;0~3;0~3;0~2;Browsing~Education~Social Media~Gaming~Other;2~6;3~9;5.6
13~16;Male;11~12;1~4;4~6;79~99;5~8;0~2;2~10;1~7;2~10;0~1;0~1;32~145;5~17;0~3;0~3;0~2;Browsing~Education~Social Media~Gaming~Other;2~6;3~9;8.0
13~16;Male;11~12;1~4;4~6;79~99;5~8;0~2;2~10;1~7;2~10;0~1;0~1;32~145;5~17;0~3;0~3;0~2;Browsing~Education~Social Media~Gaming~Other;2~6;3~9;5.9
13~16;Male;11~12;1~4;4~6;79~99;5~8;0~2;2~10;1~7;2~10;0~1;0~1;32~145;5~17;0~3;0~3;0~2;Browsing~Education~Social Media~Gaming~Other;2~6;3~9;7.5
13~16;Male;11~12;1~4;4~6;79~99;5~8;0~2;2~10;1~7;2~10;0~1;0~1;32~145;5~17;0~3;0~3;0~2;Browsing~Education~Social Media~Gaming~Other;2~6;3~9;10.0
13~16;Male;11~12;1~4;4~6;79~99;5~8;0~2;2~10;1~7;2~10;0~1;0~1;32~145;5~17;0~3;0~3;0~2;Browsing~Education~Social Media~Gaming~Other;2~6;3~9;7.4
13~16;Male;11~12;1~4;4~6;79~99;5~8;0~2;2~10;1~7;2~10;0~1;0~1;32~145;5~17;0~3;0~3;0~2;Browsing~Education~Social Media~Gaming~Other;2~6;3~9;6.1
13~16;Male;11~12;1~5;6~8;50~70;0~5;0~1;1~10;1~9;4~10;0~1;0~1;26~135;8~20;1~3;0~4;0~1;Browsing~Education~Social Media~Gaming;1~10;4~8;8.3
13~16;Male;11~12;1~5;6~8;50~70;0~5;0~1;1~10;1~9;4~10;0~1;0~1;26~135;8~20;1~3;0~4;0~1;Browsing~Education~Social Media~Gaming;1~10;4~8;8.9
13~16;Male;11~12;1~5;6~8;50~70;0~5;0~1;1~10;1~9;4~10;0~1;0~1;26~135;8~20;1~3;0~4;0~1;Browsing~Education~Social Media~Gaming;1~10;4~8;10.0
13~16;Male;11~12;1~5;6~8;50~70;0~5;0~1;1~10;1~9;4~10;0~1;0~1;26~135;8~20;1~3;0~4;0~1;Browsing~Education~Social Media~Gaming;1~10;4~8;9.3
13~16;Male;11~12;1~5;6~8;50~70;0~5;0~1;1~10;1~9;4~10;0~1;0~1;26~135;8~20;1~3;0~4;0~1;Browsing~Education~Social Media~Gaming;1~10;4~8;8.2
13~16;Male;11~12;1~5;6~8;50~70;0~5;0~1;1~10;1~9;4~10;0~1;0~1;26~135;8~20;1~3;0~4;0~1;Browsing~Education~Social Media~Gaming;1~10;4~8;5.8
13~16;Male;11~12;1~5;6~8;50~70;0~5;0~1;1~10;1~9;4~10;0~1;0~1;26~135;8~20;1~3;0~4;0~1;Browsing~Education~Social Media~Gaming;1~10;4~8;10.0
13~16;Male;11~12;1~5;6~8;50~70;0~5;0~1;1~10;1~9;4~10;0~1;0~1;26~135;8~20;1~3;0~4;0~1;Browsing~Education~Social Media~Gaming;1~10;4~8;10.0
13~16;Male;11~12;1~5;6~8;50~70;0~5;0~1;1~10;1~9;4~10;0~1;0~1;26~135;8~20;1~3;0~4;0~1;Browsing~Education~Social Media~Gaming;1~10;4~8;9.6
13~15;Male;11~12;1~4;6~8;51~69;0~5;1~2;7~10;3~10;2~9;0~1;0~2;26~131;6~20;0~4;0~2;1~1;Browsing~Education~Social Media~Gaming;1~8;2~8;10.0
13~15;Male;11~12;1~4;6~8;51~69;0~5;1~2;7~10;3~10;2~9;0~1;0~2;26~131;6~20;0~4;0~2;1~1;Browsing~Education~Social Media~Gaming;1~8;2~8;6.6
13~15;Male;11~12;1~4;6~8;51~69;0~5;1~2;7~10;3~10;2~9;0~1;0~2;26~131;6~20;0~4;0~2;1~1;Browsing~Education~Social Media~Gaming;1~8;2~8;6.8
13~15;Male;11~12;1~4;6~8;51~69;0~5;1~2;7~10;3~10;2~9;0~1;0~2;26~131;6~20;0~4;0~2;1~1;Browsing~Education~Social Media~Gaming;1~8;2~8;4.7
13~15;Male;11~12;1~4;6~8;51~69;0~5;1~2;7~10;3~10;2~9;0~1;0~2;26~131;6~20;0~4;0~2;1~1;Browsing~Education~Social Media~Gaming;1~8;2~8;5.9
14~16;Male;11~12;0~5;6~7;51~73;6~10;0~0;1~10;1~10;1~9;0~1;0~1;44~150;7~20;1~4;0~3;0~1;Browsing~Education~Social Media~Gaming~Other;1~10;1~11;9.1
14~16;Male;11~12;0~5;6~7;51~73;6~10;0~0;1~10;1~10;1~9;0~1;0~1;44~150;7~20;1~4;0~3;0~1;Browsing~Education~Social Media~Gaming~Other;1~10;1~11;5.3
14~16;Male;11~12;0~5;6~7;51~73;6~10;0~0;1~10;1~10;1~9;0~1;0~1;44~150;7~20;1~4;0~3;0~1;Browsing~Education~Social Media~Gaming~Other;1~10;1~11;6.3
14~16;Male;11~12;0~5;6~7;51~73;6~10;0~0;1~10;1~10;1~9;0~1;0~1;44~150;7~20;1~4;0~3;0~1;Browsing~Education~Social Media~Gaming~Other;1~10;1~11;10.0
14~16;Male;11~12;0~5;6~7;51~73;6~10;0~0;1~10;1~10;1~9;0~1;0~1;44~150;7~20;1~4;0~3;0~1;Browsing~Education~Social Media~Gaming~Other;1~10;1~11;10.0
14~16;Male;11~12;0~5;6~7;51~73;6~10;0~0;1~10;1~10;1~9;0~1;0~1;44~150;7~20;1~4;0~3;0~1;Browsing~Education~Social Media~Gaming~Other;1~10;1~11;8.7
14~16;Male;11~12;0~5;6~7;51~73;6~10;0~0;1~10;1~10;1~9;0~1;0~1;44~150;7~20;1~4;0~3;0~1;Browsing~Education~Social Media~Gaming~Other;1~10;1~11;10.0
14~16;Male;11~12;2~4;6~8;55~73;6~10;0~2;2~10;1~4;1~10;0~1;0~2;22~123;5~18;1~3;0~2;0~1;Browsing~Education~Social Media;2~10;0~7;9.6
14~16;Male;11~12;2~4;6~8;55~73;6~10;0~2;2~10;1~4;1~10;0~1;0~2;22~123;5~18;1~3;0~2;0~1;Browsing~Education~Social Media;2~10;0~7;9.3
14~16;Male;11~12;2~4;6~8;55~73;6~10;0~2;2~10;1~4;1~10;0~1;0~2;22~123;5~18;1~3;0~2;0~1;Browsing~Education~Social Media;2~10;0~7;5.5
14~16;Male;11~12;2~4;6~8;55~73;6~10;0~2;2~10;1~4;1~10;0~1;0~2;22~123;5~18;1~3;0~2;0~1;Browsing~Education~Social Media;2~10;0~7;7.0
14~16;Male;11~12;2~4;6~8;55~73;6~10;0~2;2~10;1~4;1~10;0~1;0~2;22~123;5~18;1~3;0~2;0~1;Browsing~Education~Social Media;2~10;0~7;6.7
14~16;Male;11~12;2~4;6~8;55~73;6~10;0~2;2~10;1~4;1~10;0~1;0~2;22~123;5~18;1~3;0~2;0~1;Browsing~Education~Social Media;2~10;0~7;5.2
13~16;Male;11~12;3~5;6~7;74~100;0~7;0~1;1~9;3~10;1~9;0~1;0~1;26~116;6~18;0~3;0~2;0~1;Browsing~Education~Social Media~Gaming~Other;4~9;3~8;8.6
13~16;Male;11~12;3~5;6~7;74~100;0~7;0~1;1~9;3~10;1~9;0~1;0~1;26~116;6~18;0~3;0~2;0~1;Browsing~Education~Social Media~Gaming~Other;4~9;3~8;6.5
13~16;Male;11~12;3~5;6~7;74~100;0~7;0~1;1~9;3~10;1~9;0~1;0~1;26~116;6~18;0~3;0~2;0~1;Browsing~Education~Social Media~Gaming~Other;4~9;3~8;6.2
13~16;Male;11~12;3~5;6~7;74~100;0~7;0~1;1~9;3~10;1~9;0~1;0~1;26~116;6~18;0~3;0~2;0~1;Browsing~Education~Social Media~Gaming~Other;4~9;3~8;10.0
13~16;Male;11~12;3~5;6~7;74~100;0~7;0~1;1~9;3~10;1~9;0~1;0~1;26~116;6~18;0~3;0~2;0~1;Browsing~Education~Social Media~Gaming~Other;4~9;3~8;10.0
13~16;Male;11~12;3~5;6~7;74~100;0~7;0~1;1~9;3~10;1~9;0~1;0~1;26~116;6~18;0~3;0~2;0~1;Browsing~Education~Social Media~Gaming~Other;4~9;3~8;7.9
13~16;Male;11~12;3~5;6~7;74~100;0~7;0~1;1~9;3~10;1~9;0~1;0~1;26~116;6~18;0~3;0~2;0~1;Browsing~Education~Social Media~Gaming~Other;4~9;3~8;8.6
13~16;Male;11~12;0~5;6~10;76~90;1~7;1~2;1~9;1~10;1~10;0~1;0~1;20~110;7~20;1~4;0~2;0~1;Education~Social Media~Gaming~Other;2~9;2~8;7.8
13~16;Male;11~12;0~5;6~10;76~90;1~7;1~2;1~9;1~10;1~10;0~1;0~1;20~110;7~20;1~4;0~2;0~1;Education~Social Media~Gaming~Other;2~9;2~8;2.1
13~16;Male;11~12;0~5;6~10;76~90;1~7;1~2;1~9;1~10;1~10;0~1;0~1;20~110;7~20;1~4;0~2;0~1;Education~Social Media~Gaming~Other;2~9;2~8;9.4
13~16;Male;11~12;0~5;6~10;76~90;1~7;1~2;1~9;1~10;1~10;0~1;0~1;20~110;7~20;1~4;0~2;0~1;Education~Social Media~Gaming~Other;2~9;2~8;10.0
13~16;Male;11~12;0~5;6~10;76~90;1~7;1~2;1~9;1~10;1~10;0~1;0~1;20~110;7~20;1~4;0~2;0~1;Education~Social Media~Gaming~Other;2~9;2~8;6.0
13~16;Male;11~12;0~5;6~10;76~90;1~7;1~2;1~9;1~10;1~10;0~1;0~1;20~110;7~20;1~4;0~2;0~1;Education~Social Media~Gaming~Other;2~9;2~8;2.3
13~16;Male;11~12;0~5;6~10;76~90;1~7;1~2;1~9;1~10;1~10;0~1;0~1;20~110;7~20;1~4;0~2;0~1;Education~Social Media~Gaming~Other;2~9;2~8;8.9
13~16;Male;11~12;3~5;6~10;78~92;8~10;0~0;1~10;3~10;7~10;0~1;0~1;29~85;5~10;0~3;0~2;0~1;Browsing~Education~Social Media~Gaming;3~10;0~7;8.7
13~16;Male;11~12;3~5;6~10;78~92;8~10;0~0;1~10;3~10;7~10;0~1;0~1;29~85;5~10;0~3;0~2;0~1;Browsing~Education~Social Media~Gaming;3~10;0~7;4.7
13~16;Male;11~12;3~5;6~10;78~92;8~10;0~0;1~10;3~10;7~10;0~1;0~1;29~85;5~10;0~3;0~2;0~1;Browsing~Education~Social Media~Gaming;3~10;0~7;4.5
13~16;Male;11~12;3~5;6~10;78~92;8~10;0~0;1~10;3~10;7~10;0~1;0~1;29~85;5~10;0~3;0~2;0~1;Browsing~Education~Social Media~Gaming;3~10;0~7;5.3
13~16;Male;11~12;3~5;6~10;78~92;8~10;0~0;1~10;3~10;7~10;0~1;0~1;29~85;5~10;0~3;0~2;0~1;Browsing~Education~Social Media~Gaming;3~10;0~7;7.2
13~16;Male;11~12;3~4;6~9;74~100;8~10;0~2;4~9;1~6;2~10;0~1;0~1;68~150;8~19;0~3;0~2;0~1;Gaming~Other;7~10;2~8;8.1
13~16;Male;11~12;3~4;6~9;74~100;8~10;0~2;4~9;1~6;2~10;0~1;0~1;68~150;8~19;0~3;0~2;0~1;Gaming~Other;7~10;2~8;7.5
13~16;Male;11~12;3~4;6~9;74~100;8~10;0~2;4~9;1~6;2~10;0~1;0~1;68~150;8~19;0~3;0~2;0~1;Gaming~Other;7~10;2~8;8.7
13~16;Male;11~12;3~4;6~9;74~100;8~10;0~2;4~9;1~6;2~10;0~1;0~1;68~150;8~19;0~3;0~2;0~1;Gaming~Other;7~10;2~8;10.0
13~16;Male;11~12;3~4;6~9;74~100;8~10;0~2;4~9;1~6;2~10;0~1;0~1;68~150;8~19;0~3;0~2;0~1;Gaming~Other;7~10;2~8;9.4
13~16;Male;11~12;3~4;6~9;74~100;8~10;0~2;4~9;1~6;2~10;0~1;0~1;68~150;8~19;0~3;0~2;0~1;Gaming~Other;7~10;2~8;10.0
13~16;Male;11~12;5~8;4~6;51~68;1~5;0~0;1~9;1~9;3~8;0~1;0~1;36~128;9~19;1~3;0~3;0~1;Browsing~Education~Social Media~Gaming~Other;1~10;3~7;10.0
13~16;Male;11~12;5~8;4~6;51~68;1~5;0~0;1~9;1~9;3~8;0~1;0~1;36~128;9~19;1~3;0~3;0~1;Browsing~Education~Social Media~Gaming~Other;1~10;3~7;9.6
13~16;Male;11~12;5~8;4~6;51~68;1~5;0~0;1~9;1~9;3~8;0~1;0~1;36~128;9~19;1~3;0~3;0~1;Browsing~Education~Social Media~Gaming~Other;1~10;3~7;10.0
13~16;Male;11~12;5~8;4~6;51~68;1~5;0~0;1~9;1~9;3~8;0~1;0~1;36~128;9~19;1~3;0~3;0~1;Browsing~Education~Social Media~Gaming~Other;1~10;3~7;10.0
13~16;Male;11~12;5~8;4~6;51~68;1~5;0~0;1~9;1~9;3~8;0~1;0~1;36~128;9~19;1~3;0~3;0~1;Browsing~Education~Social Media~Gaming~Other;1~10;3~7;10.0
13~16;Male;11~12;5~8;4~6;51~68;1~5;0~0;1~9;1~9;3~8;0~1;0~1;36~128;9~19;1~3;0~3;0~1;Browsing~Education~Social Media~Gaming~Other;1~10;3~7;10.0
13~16;Male;11~12;5~8;4~6;51~68;1~5;0~0;1~9;1~9;3~8;0~1;0~1;36~128;9~19;1~3;0~3;0~1;Browsing~Education~Social Media~Gaming~Other;1~10;3~7;10.0
13~16;Male;11~12;5~8;3~5;52~72;0~5;1~2;6~9;2~10;3~8;0~1;0~1;43~133;6~16;1~4;0~2;0~1;Browsing~Education~Social Media~Gaming~Other;2~10;3~9;10.0
13~16;Male;11~12;5~8;3~5;52~72;0~5;1~2;6~9;2~10;3~8;0~1;0~1;43~133;6~16;1~4;0~2;0~1;Browsing~Education~Social Media~Gaming~Other;2~10;3~9;10.0
13~16;Male;11~12;5~8;3~5;52~72;0~5;1~2;6~9;2~10;3~8;0~1;0~1;43~133;6~16;1~4;0~2;0~1;Browsing~Education~Social Media~Gaming~Other;2~10;3~9;10.0
13~16;Male;11~12;5~8;3~5;52~72;0~5;1~2;6~9;2~10;3~8;0~1;0~1;43~133;6~16;1~4;0~2;0~1;Browsing~Education~Social Media~Gaming~Other;2~10;3~9;10.0
13~16;Male;11~12;5~8;3~5;52~72;0~5;1~2;6~9;2~10;3~8;0~1;0~1;43~133;6~16;1~4;0~2;0~1;Browsing~Education~Social Media~Gaming~Other;2~10;3~9;10.0
13~16;Male;11~12;5~8;3~5;52~72;0~5;1~2;6~9;2~10;3~8;0~1;0~1;43~133;6~16;1~4;0~2;0~1;Browsing~Education~Social Media~Gaming~Other;2~10;3~9;10.0
13~16;Male;11~12;5~9;3~6;64~74;6~9;0~0;5~10;1~9;1~9;0~1;0~1;35~136;11~19;1~4;0~2;0~1;Browsing~Education~Social Media~Gaming~Other;1~7;3~7;10.0
13~16;Male;11~12;5~9;3~6;64~74;6~9;0~0;5~10;1~9;1~9;0~1;0~1;35~136;11~19;1~4;0~2;0~1;Browsing~Education~Social Media~Gaming~Other;1~7;3~7;10.0
13~16;Male;11~12;5~9;3~6;64~74;6~9;0~0;5~10;1~9;1~9;0~1;0~1;35~136;11~19;1~4;0~2;0~1;Browsing~Education~Social Media~Gaming~Other;1~7;3~7;10.0
13~16;Male;11~12;5~9;3~6;64~74;6~9;0~0;5~10;1~9;1~9;0~1;0~1;35~136;11~19;1~4;0~2;0~1;Browsing~Education~Social Media~Gaming~Other;1~7;3~7;10.0
13~16;Male;11~12;5~9;3~6;64~74;6~9;0~0;5~10;1~9;1~9;0~1;0~1;35~136;11~19;1~4;0~2;0~1;Browsing~Education~Social Media~Gaming~Other;1~7;3~7;10.0
13~16;Male;11~12;5~9;3~6;64~74;6~9;0~0;5~10;1~9;1~9;0~1;0~1;35~136;11~19;1~4;0~2;0~1;Browsing~Education~Social Media~Gaming~Other;1~7;3~7;10.0
13~16;Male;11~12;5~7;5~6;61~73;6~10;1~1;1~10;1~10;3~10;0~1;0~1;20~136;6~20;1~3;0~3;0~2;Education~Social Media~Gaming~Other;2~8;2~7;9.4
13~16;Male;11~12;5~7;5~6;61~73;6~10;1~1;1~10;1~10;3~10;0~1;0~1;20~136;6~20;1~3;0~3;0~2;Education~Social Media~Gaming~Other;2~8;2~7;10.0
13~16;Male;11~12;5~7;5~6;61~73;6~10;1~1;1~10;1~10;3~10;0~1;0~1;20~136;6~20;1~3;0~3;0~2;Education~Social Media~Gaming~Other;2~8;2~7;10.0
13~16;Male;11~12;5~7;5~6;61~73;6~10;1~1;1~10;1~10;3~10;0~1;0~1;20~136;6~20;1~3;0~3;0~2;Education~Social Media~Gaming~Other;2~8;2~7;9.4
13~16;Male;11~12;5~7;5~6;61~73;6~10;1~1;1~10;1~10;3~10;0~1;0~1;20~136;6~20;1~3;0~3;0~2;Education~Social Media~Gaming~Other;2~8;2~7;10.0
13~16;Male;11~12;5~7;5~6;61~73;6~10;1~1;1~10;1~10;3~10;0~1;0~1;20~136;6~20;1~3;0~3;0~2;Education~Social Media~Gaming~Other;2~8;2~7;10.0
13~16;Male;11~12;5~7;3~6;75~86;0~5;0~0;3~10;1~9;1~9;0~1;0~1;59~145;5~16;1~3;1~2;0~3;Browsing~Education~Social Media~Gaming;2~10;4~8;10.0
13~16;Male;11~12;5~7;3~6;75~86;0~5;0~0;3~10;1~9;1~9;0~1;0~1;59~145;5~16;1~3;1~2;0~3;Browsing~Education~Social Media~Gaming;2~10;4~8;10.0
13~16;Male;11~12;5~7;3~6;75~86;0~5;0~0;3~10;1~9;1~9;0~1;0~1;59~145;5~16;1~3;1~2;0~3;Browsing~Education~Social Media~Gaming;2~10;4~8;10.0
13~16;Male;11~12;5~7;3~6;75~86;0~5;0~0;3~10;1~9;1~9;0~1;0~1;59~145;5~16;1~3;1~2;0~3;Browsing~Education~Social Media~Gaming;2~10;4~8;10.0
13~16;Male;11~12;5~7;3~6;75~86;0~5;0~0;3~10;1~9;1~9;0~1;0~1;59~145;5~16;1~3;1~2;0~3;Browsing~Education~Social Media~Gaming;2~10;4~8;10.0
13~16;Male;11~12;5~7;3~6;75~86;0~5;0~0;3~10;1~9;1~9;0~1;0~1;59~145;5~16;1~3;1~2;0~3;Browsing~Education~Social Media~Gaming;2~10;4~8;10.0
13~16;Male;11~12;5~7;3~6;75~86;0~5;0~0;3~10;1~9;1~9;0~1;0~1;59~145;5~16;1~3;1~2;0~3;Browsing~Education~Social Media~Gaming;2~10;4~8;8.6
13~16;Male;11~12;5~7;3~6;75~97;0~5;1~1;1~6;2~8;2~9;0~1;0~2;44~146;6~19;0~3;0~1;0~1;Social Media~Gaming~Other;1~9;2~8;8.4
13~16;Male;11~12;5~7;3~6;75~97;0~5;1~1;1~6;2~8;2~9;0~1;0~2;44~146;6~19;0~3;0~1;0~1;Social Media~Gaming~Other;1~9;2~8;10.0
13~16;Male;11~12;5~7;3~6;75~97;0~5;1~1;1~6;2~8;2~9;0~1;0~2;44~146;6~19;0~3;0~1;0~1;Social Media~Gaming~Other;1~9;2~8;10.0
13~16;Male;11~12;5~7;3~6;75~97;0~5;1~1;1~6;2~8;2~9;0~1;0~2;44~146;6~19;0~3;0~1;0~1;Social Media~Gaming~Other;1~9;2~8;10.0
13~16;Male;11~12;5~7;3~6;75~97;0~5;1~1;1~6;2~8;2~9;0~1;0~2;44~146;6~19;0~3;0~1;0~1;Social Media~Gaming~Other;1~9;2~8;10.0
13~16;Male;11~12;5~7;3~6;75~97;0~5;1~1;1~6;2~8;2~9;0~1;0~2;44~146;6~19;0~3;0~1;0~1;Social Media~Gaming~Other;1~9;2~8;10.0
13~16;Male;11~12;5~7;3~6;75~97;0~5;1~1;1~6;2~8;2~9;0~1;0~2;44~146;6~19;0~3;0~1;0~1;Social Media~Gaming~Other;1~9;2~8;10.0
13~16;Male;11~12;5~7;3~6;77~93;7~9;0~0;1~10;1~10;2~7;0~1;0~1;26~148;6~20;0~3;0~2;0~2;Education~Social Media~Gaming~Other;1~8;3~9;10.0
13~16;Male;11~12;5~7;3~6;77~93;7~9;0~0;1~10;1~10;2~7;0~1;0~1;26~148;6~20;0~3;0~2;0~2;Education~Social Media~Gaming~Other;1~8;3~9;8.9
13~16;Male;11~12;5~7;3~6;77~93;7~9;0~0;1~10;1~10;2~7;0~1;0~1;26~148;6~20;0~3;0~2;0~2;Education~Social Media~Gaming~Other;1~8;3~9;9.7
13~16;Male;11~12;5~7;3~6;77~93;7~9;0~0;1~10;1~10;2~7;0~1;0~1;26~148;6~20;0~3;0~2;0~2;Education~Social Media~Gaming~Other;1~8;3~9;8.8
13~16;Male;11~12;5~7;3~6;77~93;7~9;0~0;1~10;1~10;2~7;0~1;0~1;26~148;6~20;0~3;0~2;0~2;Education~Social Media~Gaming~Other;1~8;3~9;10.0
13~16;Male;11~12;5~7;3~6;77~93;7~9;0~0;1~10;1~10;2~7;0~1;0~1;26~148;6~20;0~3;0~2;0~2;Education~Social Media~Gaming~Other;1~8;3~9;10.0
15~16;Male;11~12;5~8;4~6;76~99;8~10;1~2;1~9;1~9;5~10;0~1;0~1;24~110;5~18;1~4;0~2;0~2;Browsing~Education~Social Media~Gaming~Other;2~8;1~7;9.1
15~16;Male;11~12;5~8;4~6;76~99;8~10;1~2;1~9;1~9;5~10;0~1;0~1;24~110;5~18;1~4;0~2;0~2;Browsing~Education~Social Media~Gaming~Other;2~8;1~7;10.0
15~16;Male;11~12;5~8;4~6;76~99;8~10;1~2;1~9;1~9;5~10;0~1;0~1;24~110;5~18;1~4;0~2;0~2;Browsing~Education~Social Media~Gaming~Other;2~8;1~7;10.0
15~16;Male;11~12;5~8;4~6;76~99;8~10;1~2;1~9;1~9;5~10;0~1;0~1;24~110;5~18;1~4;0~2;0~2;Browsing~Education~Social Media~Gaming~Other;2~8;1~7;10.0
15~16;Male;11~12;5~8;4~6;76~99;8~10;1~2;1~9;1~9;5~10;0~1;0~1;24~110;5~18;1~4;0~2;0~2;Browsing~Education~Social Media~Gaming~Other;2~8;1~7;10.0
15~16;Male;11~12;5~8;4~6;76~99;8~10;1~2;1~9;1~9;5~10;0~1;0~1;24~110;5~18;1~4;0~2;0~2;Browsing~Education~Social Media~Gaming~Other;2~8;1~7;9.6
13~16;Male;11~12;5~9;6~9;51~76;0~3;0~0;3~9;1~10;3~10;0~1;0~1;21~82;11~19;0~5;0~3;0~1;Browsing~Education~Social Media~Gaming~Other;1~10;2~8;10.0
13~16;Male;11~12;5~9;6~9;51~76;0~3;0~0;3~9;1~10;3~10;0~1;0~1;21~82;11~19;0~5;0~3;0~1;Browsing~Education~Social Media~Gaming~Other;1~10;2~8;10.0
13~16;Male;11~12;5~9;6~9;51~76;0~3;0~0;3~9;1~10;3~10;0~1;0~1;21~82;11~19;0~5;0~3;0~1;Browsing~Education~Social Media~Gaming~Other;1~10;2~8;9.9
13~16;Male;11~12;5~9;6~9;51~76;0~3;0~0;3~9;1~10;3~10;0~1;0~1;21~82;11~19;0~5;0~3;0~1;Browsing~Education~Social Media~Gaming~Other;1~10;2~8;10.0
13~16;Male;11~12;5~9;6~9;51~76;0~3;0~0;3~9;1~10;3~10;0~1;0~1;21~82;11~19;0~5;0~3;0~1;Browsing~Education~Social Media~Gaming~Other;1~10;2~8;10.0
13~16;Male;11~12;5~9;6~9;51~76;0~3;0~0;3~9;1~10;3~10;0~1;0~1;21~82;11~19;0~5;0~3;0~1;Browsing~Education~Social Media~Gaming~Other;1~10;2~8;10.0
13~16;Male;11~12;5~11;6~8;51~79;0~4;1~1;3~7;1~9;2~9;0~1;0~1;34~122;9~19;0~4;0~2;0~1;Browsing~Education~Social Media~Gaming~Other;1~7;4~8;10.0
13~16;Male;11~12;5~11;6~8;51~79;0~4;1~1;3~7;1~9;2~9;0~1;0~1;34~122;9~19;0~4;0~2;0~1;Browsing~Education~Social Media~Gaming~Other;1~7;4~8;5.3
13~16;Male;11~12;5~11;6~8;51~79;0~4;1~1;3~7;1~9;2~9;0~1;0~1;34~122;9~19;0~4;0~2;0~1;Browsing~Education~Social Media~Gaming~Other;1~7;4~8;9.0
13~16;Male;11~12;5~11;6~8;51~79;0~4;1~1;3~7;1~9;2~9;0~1;0~1;34~122;9~19;0~4;0~2;0~1;Browsing~Education~Social Media~Gaming~Other;1~7;4~8;10.0
13~16;Male;11~12;5~11;6~8;51~79;0~4;1~1;3~7;1~9;2~9;0~1;0~1;34~122;9~19;0~4;0~2;0~1;Browsing~Education~Social Media~Gaming~Other;1~7;4~8;10.0
13~16;Male;11~12;5~11;6~8;51~79;0~4;1~1;3~7;1~9;2~9;0~1;0~1;34~122;9~19;0~4;0~2;0~1;Browsing~Education~Social Media~Gaming~Other;1~7;4~8;7.8
13~16;Male;11~12;5~11;6~8;51~79;0~4;1~1;3~7;1~9;2~9;0~1;0~1;34~122;9~19;0~4;0~2;0~1;Browsing~Education~Social Media~Gaming~Other;1~7;4~8;10.0
13~16;Male;11~12;5~8;7~8;50~75;5~10;0~0;3~10;2~9;2~10;0~1;0~2;22~146;5~20;0~3;1~3;0~2;Browsing~Education~Social Media~Gaming;3~9;2~9;7.9
13~16;Male;11~12;5~8;7~8;50~75;5~10;0~0;3~10;2~9;2~10;0~1;0~2;22~146;5~20;0~3;1~3;0~2;Browsing~Education~Social Media~Gaming;3~9;2~9;9.9
13~16;Male;11~12;5~8;7~8;50~75;5~10;0~0;3~10;2~9;2~10;0~1;0~2;22~146;5~20;0~3;1~3;0~2;Browsing~Education~Social Media~Gaming;3~9;2~9;10.0
13~16;Male;11~12;5~8;7~8;50~75;5~10;0~0;3~10;2~9;2~10;0~1;0~2;22~146;5~20;0~3;1~3;0~2;Browsing~Education~Social Media~Gaming;3~9;2~9;9.3
13~16;Male;11~12;5~8;7~8;50~75;5~10;0~0;3~10;2~9;2~10;0~1;0~2;22~146;5~20;0~3;1~3;0~2;Browsing~Education~Social Media~Gaming;3~9;2~9;10.0
13~16;Male;11~12;5~8;7~8;50~75;5~10;0~0;3~10;2~9;2~10;0~1;0~2;22~146;5~20;0~3;1~3;0~2;Browsing~Education~Social Media~Gaming;3~9;2~9;10.0
13~16;Male;11~12;5~8;6~8;50~77;6~10;1~2;1~9;1~10;3~10;0~1;0~2;26~148;8~17;0~3;0~3;0~1;Browsing~Education~Social Media~Gaming~Other;1~10;3~7;8.9
13~16;Male;11~12;5~8;6~8;50~77;6~10;1~2;1~9;1~10;3~10;0~1;0~2;26~148;8~17;0~3;0~3;0~1;Browsing~Education~Social Media~Gaming~Other;1~10;3~7;10.0
13~16;Male;11~12;5~8;6~8;50~77;6~10;1~2;1~9;1~10;3~10;0~1;0~2;26~148;8~17;0~3;0~3;0~1;Browsing~Education~Social Media~Gaming~Other;1~10;3~7;10.0
13~16;Male;11~12;5~8;6~8;50~77;6~10;1~2;1~9;1~10;3~10;0~1;0~2;26~148;8~17;0~3;0~3;0~1;Browsing~Education~Social Media~Gaming~Other;1~10;3~7;10.0
13~16;Male;11~12;5~8;6~8;50~77;6~10;1~2;1~9;1~10;3~10;0~1;0~2;26~148;8~17;0~3;0~3;0~1;Browsing~Education~Social Media~Gaming~Other;1~10;3~7;9.9
13~16;Male;11~12;5~8;6~8;50~77;6~10;1~2;1~9;1~10;3~10;0~1;0~2;26~148;8~17;0~3;0~3;0~1;Browsing~Education~Social Media~Gaming~Other;1~10;3~7;10.0
13~16;Male;11~12;5~8;6~8;50~77;6~10;1~2;1~9;1~10;3~10;0~1;0~2;26~148;8~17;0~3;0~3;0~1;Browsing~Education~Social Media~Gaming~Other;1~10;3~7;10.0
14~16;Male;11~12;6~8;6~10;84~99;0~6;0~0;1~9;2~10;2~10;0~1;0~1;40~143;6~19;1~4;0~2;0~2;Browsing~Education~Social Media~Gaming;1~10;2~8;10.0
14~16;Male;11~12;6~8;6~10;84~99;0~6;0~0;1~9;2~10;2~10;0~1;0~1;40~143;6~19;1~4;0~2;0~2;Browsing~Education~Social Media~Gaming;1~10;2~8;10.0
14~16;Male;11~12;6~8;6~10;84~99;0~6;0~0;1~9;2~10;2~10;0~1;0~1;40~143;6~19;1~4;0~2;0~2;Browsing~Education~Social Media~Gaming;1~10;2~8;10.0
14~16;Male;11~12;6~8;6~10;84~99;0~6;0~0;1~9;2~10;2~10;0~1;0~1;40~143;6~19;1~4;0~2;0~2;Browsing~Education~Social Media~Gaming;1~10;2~8;10.0
14~16;Male;11~12;6~8;6~10;84~99;0~6;0~0;1~9;2~10;2~10;0~1;0~1;40~143;6~19;1~4;0~2;0~2;Browsing~Education~Social Media~Gaming;1~10;2~8;9.4
14~16;Male;11~12;6~8;6~10;84~99;0~6;0~0;1~9;2~10;2~10;0~1;0~1;40~143;6~19;1~4;0~2;0~2;Browsing~Education~Social Media~Gaming;1~10;2~8;10.0
14~16;Male;11~12;6~8;6~10;84~99;0~6;0~0;1~9;2~10;2~10;0~1;0~1;40~143;6~19;1~4;0~2;0~2;Browsing~Education~Social Media~Gaming;1~10;2~8;10.0
14~16;Male;11~12;6~8;6~10;84~99;0~6;0~0;1~9;2~10;2~10;0~1;0~1;40~143;6~19;1~4;0~2;0~2;Browsing~Education~Social Media~Gaming;1~10;2~8;9.5
13~15;Male;11~12;5~8;6~8;84~99;2~6;1~2;1~10;1~7;1~9;0~1;0~1;24~120;5~15;1~4;0~2;0~1;Browsing~Education~Social Media~Gaming;5~10;6~9;10.0
13~15;Male;11~12;5~8;6~8;84~99;2~6;1~2;1~10;1~7;1~9;0~1;0~1;24~120;5~15;1~4;0~2;0~1;Browsing~Education~Social Media~Gaming;5~10;6~9;9.8
13~15;Male;11~12;5~8;6~8;84~99;2~6;1~2;1~10;1~7;1~9;0~1;0~1;24~120;5~15;1~4;0~2;0~1;Browsing~Education~Social Media~Gaming;5~10;6~9;10.0
13~15;Male;11~12;5~8;6~8;84~99;2~6;1~2;1~10;1~7;1~9;0~1;0~1;24~120;5~15;1~4;0~2;0~1;Browsing~Education~Social Media~Gaming;5~10;6~9;10.0
13~15;Male;11~12;5~8;6~8;84~99;2~6;1~2;1~10;1~7;1~9;0~1;0~1;24~120;5~15;1~4;0~2;0~1;Browsing~Education~Social Media~Gaming;5~10;6~9;8.2
13~15;Male;11~12;5~8;6~8;84~99;2~6;1~2;1~10;1~7;1~9;0~1;0~1;24~120;5~15;1~4;0~2;0~1;Browsing~Education~Social Media~Gaming;5~10;6~9;10.0
14~16;Male;12;5~10;6~9;84~100;7~9;0~0;3~10;2~7;1~10;0~1;0~1;49~123;8~16;0~4;0~1;0~1;Browsing~Education~Social Media~Gaming~Other;1~10;4~6;6.3
14~16;Male;12;5~10;6~9;84~100;7~9;0~0;3~10;2~7;1~10;0~1;0~1;49~123;8~16;0~4;0~1;0~1;Browsing~Education~Social Media~Gaming~Other;1~10;4~6;9.3
14~16;Male;12;5~10;6~9;84~100;7~9;0~0;3~10;2~7;1~10;0~1;0~1;49~123;8~16;0~4;0~1;0~1;Browsing~Education~Social Media~Gaming~Other;1~10;4~6;10.0
14~16;Male;12;5~10;6~9;84~100;7~9;0~0;3~10;2~7;1~10;0~1;0~1;49~123;8~16;0~4;0~1;0~1;Browsing~Education~Social Media~Gaming~Other;1~10;4~6;8.2
14~16;Male;12;5~10;6~9;84~100;7~9;0~0;3~10;2~7;1~10;0~1;0~1;49~123;8~16;0~4;0~1;0~1;Browsing~Education~Social Media~Gaming~Other;1~10;4~6;10.0
13~16;Male;11~12;5~8;7~8;80~98;8~10;1~1;1~9;3~10;1~7;0~1;0~1;25~113;7~17;1~4;0~2;0~1;Browsing~Education~Social Media~Gaming~Other;2~10;4~8;10.0
13~16;Male;11~12;5~8;7~8;80~98;8~10;1~1;1~9;3~10;1~7;0~1;0~1;25~113;7~17;1~4;0~2;0~1;Browsing~Education~Social Media~Gaming~Other;2~10;4~8;10.0
13~16;Male;11~12;5~8;7~8;80~98;8~10;1~1;1~9;3~10;1~7;0~1;0~1;25~113;7~17;1~4;0~2;0~1;Browsing~Education~Social Media~Gaming~Other;2~10;4~8;10.0
13~16;Male;11~12;5~8;7~8;80~98;8~10;1~1;1~9;3~10;1~7;0~1;0~1;25~113;7~17;1~4;0~2;0~1;Browsing~Education~Social Media~Gaming~Other;2~10;4~8;9.3
13~16;Male;11~12;5~8;7~8;80~98;8~10;1~1;1~9;3~10;1~7;0~1;0~1;25~113;7~17;1~4;0~2;0~1;Browsing~Education~Social Media~Gaming~Other;2~10;4~8;6.8
13~16;Male;11~12;5~8;7~8;80~98;8~10;1~1;1~9;3~10;1~7;0~1;0~1;25~113;7~17;1~4;0~2;0~1;Browsing~Education~Social Media~Gaming~Other;2~10;4~8;9.2
17~19;Other;7~10;3~4;3~5;52~72;1~6;0~0;1~4;1~4;2~6;0~1;0~1;39~110;8~18;1~3;1~2;0~1;Education~Social Media~Gaming~Other;1~8;4~9;10.0
17~19;Other;7~10;3~4;3~5;52~72;1~6;0~0;1~4;1~4;2~6;0~1;0~1;39~110;8~18;1~3;1~2;0~1;Education~Social Media~Gaming~Other;1~8;4~9;10.0
17~19;Other;7~10;3~4;3~5;52~72;1~6;0~0;1~4;1~4;2~6;0~1;0~1;39~110;8~18;1~3;1~2;0~1;Education~Social Media~Gaming~Other;1~8;4~9;8.3
17~19;Other;7~10;3~4;3~5;52~72;1~6;0~0;1~4;1~4;2~6;0~1;0~1;39~110;8~18;1~3;1~2;0~1;Education~Social Media~Gaming~Other;1~8;4~9;10.0
17~19;Other;7~10;3~4;3~5;52~72;1~6;0~0;1~4;1~4;2~6;0~1;0~1;39~110;8~18;1~3;1~2;0~1;Education~Social Media~Gaming~Other;1~8;4~9;10.0
17~19;Female~Other;7~10;0~5;4~5;53~72;0~6;0~0;1~4;6~10;1~10;0~1;0~1;32~146;9~19;0~3;0~3;0~1;Browsing~Education~Social Media~Gaming~Other;1~10;1~10;10.0
17~19;Female~Other;7~10;0~5;4~5;53~72;0~6;0~0;1~4;6~10;1~10;0~1;0~1;32~146;9~19;0~3;0~3;0~1;Browsing~Education~Social Media~Gaming~Other;1~10;1~10;10.0
17~19;Female~Other;7~10;0~5;4~5;53~72;0~6;0~0;1~4;6~10;1~10;0~1;0~1;32~146;9~19;0~3;0~3;0~1;Browsing~Education~Social Media~Gaming~Other;1~10;1~10;9.3
17~19;Female~Other;7~10;0~5;4~5;53~72;0~6;0~0;1~4;6~10;1~10;0~1;0~1;32~146;9~19;0~3;0~3;0~1;Browsing~Education~Social Media~Gaming~Other;1~10;1~10;8.6
17~19;Female~Other;7~10;0~5;4~5;53~72;0~6;0~0;1~4;6~10;1~10;0~1;0~1;32~146;9~19;0~3;0~3;0~1;Browsing~Education~Social Media~Gaming~Other;1~10;1~10;8.4
17~19;Female~Other;7~10;0~5;4~5;53~72;0~6;0~0;1~4;6~10;1~10;0~1;0~1;32~146;9~19;0~3;0~3;0~1;Browsing~Education~Social Media~Gaming~Other;1~10;1~10;3.7
17~19;Female~Other;7~10;1~5;4~6;59~67;0~6;0~0;7~10;1~2;1~7;0~1;0~2;55~119;8~13;1~3;0~1;0~1;Browsing~Education~Social Media~Gaming~Other;1~9;0~12;9.3
17~19;Female~Other;7~10;1~5;4~6;59~67;0~6;0~0;7~10;1~2;1~7;0~1;0~2;55~119;8~13;1~3;0~1;0~1;Browsing~Education~Social Media~Gaming~Other;1~9;0~12;10.0
17~19;Female~Other;7~10;1~5;4~6;59~67;0~6;0~0;7~10;1~2;1~7;0~1;0~2;55~119;8~13;1~3;0~1;0~1;Browsing~Education~Social Media~Gaming~Other;1~9;0~12;8.9
17~19;Female~Other;7~10;1~5;4~6;59~67;0~6;0~0;7~10;1~2;1~7;0~1;0~2;55~119;8~13;1~3;0~1;0~1;Browsing~Education~Social Media~Gaming~Other;1~9;0~12;8.8
17~19;Female~Other;7~10;1~5;4~6;59~67;0~6;0~0;7~10;1~2;1~7;0~1;0~2;55~119;8~13;1~3;0~1;0~1;Browsing~Education~Social Media~Gaming~Other;1~9;0~12;4.4
17~18;Female~Other;8~10;2~5;4~5;54~77;1~6;0~0;6~9;4~10;4~10;0~1;0~1;31~140;5~20;1~3;0~3;0~1;Browsing~Education~Social Media~Gaming~Other;4~9;1~8;8.6
17~18;Female~Other;8~10;2~5;4~5;54~77;1~6;0~0;6~9;4~10;4~10;0~1;0~1;31~140;5~20;1~3;0~3;0~1;Browsing~Education~Social Media~Gaming~Other;4~9;1~8;8.4
17~18;Female~Other;8~10;2~5;4~5;54~77;1~6;0~0;6~9;4~10;4~10;0~1;0~1;31~140;5~20;1~3;0~3;0~1;Browsing~Education~Social Media~Gaming~Other;4~9;1~8;7.0
17~18;Female~Other;8~10;2~5;4~5;54~77;1~6;0~0;6~9;4~10;4~10;0~1;0~1;31~140;5~20;1~3;0~3;0~1;Browsing~Education~Social Media~Gaming~Other;4~9;1~8;8.8
17~18;Female~Other;8~10;2~5;4~5;54~77;1~6;0~0;6~9;4~10;4~10;0~1;0~1;31~140;5~20;1~3;0~3;0~1;Browsing~Education~Social Media~Gaming~Other;4~9;1~8;10.0
17~18;Female~Other;8~10;2~5;4~5;54~77;1~6;0~0;6~9;4~10;4~10;0~1;0~1;31~140;5~20;1~3;0~3;0~1;Browsing~Education~Social Media~Gaming~Other;4~9;1~8;9.6
17~19;Female~Other;7~9;1~4;3~6;66~77;0~6;0~1;1~5;3~4;1~9;0~1;0~1;20~133;10~17;2~4;1~2;0~2;Browsing~Education~Social Media~Gaming~Other;1~10;0~6;7.9
17~19;Female~Other;7~9;1~4;3~6;66~77;0~6;0~1;1~5;3~4;1~9;0~1;0~1;20~133;10~17;2~4;1~2;0~2;Browsing~Education~Social Media~Gaming~Other;1~10;0~6;9.4
17~19;Female~Other;7~9;1~4;3~6;66~77;0~6;0~1;1~5;3~4;1~9;0~1;0~1;20~133;10~17;2~4;1~2;0~2;Browsing~Education~Social Media~Gaming~Other;1~10;0~6;8.9
17~19;Female~Other;7~9;1~4;3~6;66~77;0~6;0~1;1~5;3~4;1~9;0~1;0~1;20~133;10~17;2~4;1~2;0~2;Browsing~Education~Social Media~Gaming~Other;1~10;0~6;10.0
17~19;Female~Other;7~9;1~4;3~6;66~77;0~6;0~1;1~5;3~4;1~9;0~1;0~1;20~133;10~17;2~4;1~2;0~2;Browsing~Education~Social Media~Gaming~Other;1~10;0~6;10.0
17~19;Female~Other;8~10;2~4;3~5;54~68;0~6;1~2;1~5;5~9;1~9;0~1;0~1;54~120;5~16;2~3;0~2;0~2;Browsing~Education~Social Media;3~7;6~10;10.0
17~19;Female~Other;8~10;2~4;3~5;54~68;0~6;1~2;1~5;5~9;1~9;0~1;0~1;54~120;5~16;2~3;0~2;0~2;Browsing~Education~Social Media;3~7;6~10;9.1
17~19;Female~Other;8~10;2~4;3~5;54~68;0~6;1~2;1~5;5~9;1~9;0~1;0~1;54~120;5~16;2~3;0~2;0~2;Browsing~Education~Social Media;3~7;6~10;10.0
17~19;Female~Other;8~10;2~4;3~5;54~68;0~6;1~2;1~5;5~9;1~9;0~1;0~1;54~120;5~16;2~3;0~2;0~2;Browsing~Education~Social Media;3~7;6~10;9.4
17~19;Female~Other;8~10;2~4;3~5;54~68;0~6;1~2;1~5;5~9;1~9;0~1;0~1;54~120;5~16;2~3;0~2;0~2;Browsing~Education~Social Media;3~7;6~10;8.5
17~19;Female~Other;8~10;2~4;3~5;54~68;0~6;1~2;1~5;5~9;1~9;0~1;0~1;54~120;5~16;2~3;0~2;0~2;Browsing~Education~Social Media;3~7;6~10;9.3
17~19;Female~Other;8~9;0~5;4~6;51~76;2~6;1~1;6~10;1~3;2~10;0~1;0~2;25~146;7~17;1~3;0~4;0~2;Education~Social Media~Gaming~Other;3~10;5~7;4.7
17~19;Female~Other;8~9;0~5;4~6;51~76;2~6;1~1;6~10;1~3;2~10;0~1;0~2;25~146;7~17;1~3;0~4;0~2;Education~Social Media~Gaming~Other;3~10;5~7;5.7
17~19;Female~Other;8~9;0~5;4~6;51~76;2~6;1~1;6~10;1~3;2~10;0~1;0~2;25~146;7~17;1~3;0~4;0~2;Education~Social Media~Gaming~Other;3~10;5~7;5.8
17~19;Female~Other;8~9;0~5;4~6;51~76;2~6;1~1;6~10;1~3;2~10;0~1;0~2;25~146;7~17;1~3;0~4;0~2;Education~Social Media~Gaming~Other;3~10;5~7;10.0
17~19;Female~Other;8~9;0~5;4~6;51~76;2~6;1~1;6~10;1~3;2~10;0~1;0~2;25~146;7~17;1~3;0~4;0~2;Education~Social Media~Gaming~Other;3~10;5~7;9.0
17~19;Female~Other;8~9;0~5;4~6;51~76;2~6;1~1;6~10;1~3;2~10;0~1;0~2;25~146;7~17;1~3;0~4;0~2;Education~Social Media~Gaming~Other;3~10;5~7;7.7
17~19;Female~Other;8~10;2~5;3~6;52~77;0~6;1~2;6~10;4~8;1~10;0~1;0~1;49~145;9~15;0~1;0~1;0~2;Browsing~Education~Social Media~Gaming~Other;2~10;5~7;6.6
17~19;Female~Other;8~10;2~5;3~6;52~77;0~6;1~2;6~10;4~8;1~10;0~1;0~1;49~145;9~15;0~1;0~1;0~2;Browsing~Education~Social Media~Gaming~Other;2~10;5~7;8.3
17~19;Female~Other;8~10;2~5;3~6;52~77;0~6;1~2;6~10;4~8;1~10;0~1;0~1;49~145;9~15;0~1;0~1;0~2;Browsing~Education~Social Media~Gaming~Other;2~10;5~7;7.8
17~19;Female~Other;8~10;2~5;3~6;52~77;0~6;1~2;6~10;4~8;1~10;0~1;0~1;49~145;9~15;0~1;0~1;0~2;Browsing~Education~Social Media~Gaming~Other;2~10;5~7;7.7
17~19;Female~Other;8~10;2~5;3~6;52~77;0~6;1~2;6~10;4~8;1~10;0~1;0~1;49~145;9~15;0~1;0~1;0~2;Browsing~Education~Social Media~Gaming~Other;2~10;5~7;6.8
17~19;Female~Other;8~10;2~5;3~6;52~77;0~6;1~2;6~10;4~8;1~10;0~1;0~1;49~145;9~15;0~1;0~1;0~2;Browsing~Education~Social Media~Gaming~Other;2~10;5~7;5.7
17~19;Female~Other;7~10;2~4;4~6;53~76;7~10;0~0;1~6;2~9;2~10;0~1;0~2;42~142;5~18;1~3;0~3;0~2;Browsing~Education~Social Media~Gaming~Other;1~10;2~8;10.0
17~19;Female~Other;7~10;2~4;4~6;53~76;7~10;0~0;1~6;2~9;2~10;0~1;0~2;42~142;5~18;1~3;0~3;0~2;Browsing~Education~Social Media~Gaming~Other;1~10;2~8;9.7
17~19;Female~Other;7~10;2~4;4~6;53~76;7~10;0~0;1~6;2~9;2~10;0~1;0~2;42~142;5~18;1~3;0~3;0~2;Browsing~Education~Social Media~Gaming~Other;1~10;2~8;7.0
17~19;Female~Other;7~10;2~4;4~6;53~76;7~10;0~0;1~6;2~9;2~10;0~1;0~2;42~142;5~18;1~3;0~3;0~2;Browsing~Education~Social Media~Gaming~Other;1~10;2~8;8.4
17~19;Female~Other;7~10;2~4;4~6;53~76;7~10;0~0;1~6;2~9;2~10;0~1;0~2;42~142;5~18;1~3;0~3;0~2;Browsing~Education~Social Media~Gaming~Other;1~10;2~8;10.0
17~19;Female~Other;7~10;2~4;4~6;53~76;7~10;0~0;1~6;2~9;2~10;0~1;0~2;42~142;5~18;1~3;0~3;0~2;Browsing~Education~Social Media~Gaming~Other;1~10;2~8;6.2
17~19;Female~Other;7~10;1~5;3~6;50~77;7~10;0~0;7~10;1~10;1~10;0~1;0~2;20~141;7~19;1~3;1~2;0~1;Education~Social Media~Gaming;2~10;3~7;9.8
17~19;Female~Other;7~10;1~5;3~6;50~77;7~10;0~0;7~10;1~10;1~10;0~1;0~2;20~141;7~19;1~3;1~2;0~1;Education~Social Media~Gaming;2~10;3~7;10.0
17~19;Female~Other;7~10;1~5;3~6;50~77;7~10;0~0;7~10;1~10;1~10;0~1;0~2;20~141;7~19;1~3;1~2;0~1;Education~Social Media~Gaming;2~10;3~7;9.9
17~19;Female~Other;7~10;1~5;3~6;50~77;7~10;0~0;7~10;1~10;1~10;0~1;0~2;20~141;7~19;1~3;1~2;0~1;Education~Social Media~Gaming;2~10;3~7;10.0
17~19;Female~Other;7~10;1~5;3~6;50~77;7~10;0~0;7~10;1~10;1~10;0~1;0~2;20~141;7~19;1~3;1~2;0~1;Education~Social Media~Gaming;2~10;3~7;8.5
17~19;Female~Other;7~10;1~5;3~6;50~77;7~10;0~0;7~10;1~10;1~10;0~1;0~2;20~141;7~19;1~3;1~2;0~1;Education~Social Media~Gaming;2~10;3~7;8.3
17~19;Female~Other;7~10;1~5;3~6;50~77;7~10;0~0;7~10;1~10;1~10;0~1;0~2;20~141;7~19;1~3;1~2;0~1;Education~Social Media~Gaming;2~10;3~7;10.0
17~18;Female~Other;7~10;0~5;4~6;52~73;7~10;0~2;2~5;1~8;1~8;0~1;0~1;28~133;7~17;1~5;0~2;0~2;Browsing~Education~Social Media~Gaming;2~9;5~10;6.5
17~18;Female~Other;7~10;0~5;4~6;52~73;7~10;0~2;2~5;1~8;1~8;0~1;0~1;28~133;7~17;1~5;0~2;0~2;Browsing~Education~Social Media~Gaming;2~9;5~10;10.0
17~18;Female~Other;7~10;0~5;4~6;52~73;7~10;0~2;2~5;1~8;1~8;0~1;0~1;28~133;7~17;1~5;0~2;0~2;Browsing~Education~Social Media~Gaming;2~9;5~10;7.6
17~18;Female~Other;7~10;0~5;4~6;52~73;7~10;0~2;2~5;1~8;1~8;0~1;0~1;28~133;7~17;1~5;0~2;0~2;Browsing~Education~Social Media~Gaming;2~9;5~10;8.2
17~18;Female~Other;7~10;0~5;4~6;52~73;7~10;0~2;2~5;1~8;1~8;0~1;0~1;28~133;7~17;1~5;0~2;0~2;Browsing~Education~Social Media~Gaming;2~9;5~10;7.1
17~18;Female~Other;7~10;0~5;4~6;52~73;7~10;0~2;2~5;1~8;1~8;0~1;0~1;28~133;7~17;1~5;0~2;0~2;Browsing~Education~Social Media~Gaming;2~9;5~10;8.9
17~18;Female~Other;7~10;0~5;4~6;52~73;7~10;0~2;2~5;1~8;1~8;0~1;0~1;28~133;7~17;1~5;0~2;0~2;Browsing~Education~Social Media~Gaming;2~9;5~10;8.5
17~19;Female~Other;7~10;0~5;3~6;55~76;7~10;0~2;6~10;1~10;4~10;0~1;0~1;32~136;5~20;1~3;0~3;0~1;Browsing~Education~Social Media~Gaming~Other;3~10;3~8;10.0
17~19;Female~Other;7~10;0~5;3~6;55~76;7~10;0~2;6~10;1~10;4~10;0~1;0~1;32~136;5~20;1~3;0~3;0~1;Browsing~Education~Social Media~Gaming~Other;3~10;3~8;10.0
17~19;Female~Other;7~10;0~5;3~6;55~76;7~10;0~2;6~10;1~10;4~10;0~1;0~1;32~136;5~20;1~3;0~3;0~1;Browsing~Education~Social Media~Gaming~Other;3~10;3~8;9.3
17~19;Female~Other;7~10;0~5;3~6;55~76;7~10;0~2;6~10;1~10;4~10;0~1;0~1;32~136;5~20;1~3;0~3;0~1;Browsing~Education~Social Media~Gaming~Other;3~10;3~8;10.0
17~19;Female~Other;7~10;0~5;3~6;55~76;7~10;0~2;6~10;1~10;4~10;0~1;0~1;32~136;5~20;1~3;0~3;0~1;Browsing~Education~Social Media~Gaming~Other;3~10;3~8;8.4
17~19;Female~Other;7~10;0~5;3~6;55~76;7~10;0~2;6~10;1~10;4~10;0~1;0~1;32~136;5~20;1~3;0~3;0~1;Browsing~Education~Social Media~Gaming~Other;3~10;3~8;9.9
17~19;Female~Other;7~10;0~5;3~6;55~76;7~10;0~2;6~10;1~10;4~10;0~1;0~1;32~136;5~20;1~3;0~3;0~1;Browsing~Education~Social Media~Gaming~Other;3~10;3~8;6.1
18~19;Female~Other;8~10;2~4;4~6;80~93;0~5;0~0;1~5;1~10;1~9;0~1;0~1;32~79;6~20;1~3;1~3;0~1;Education~Social Media~Gaming~Other;2~8;2~8;7.0
18~19;Female~Other;8~10;2~4;4~6;80~93;0~5;0~0;1~5;1~10;1~9;0~1;0~1;32~79;6~20;1~3;1~3;0~1;Education~Social Media~Gaming~Other;2~8;2~8;9.3
18~19;Female~Other;8~10;2~4;4~6;80~93;0~5;0~0;1~5;1~10;1~9;0~1;0~1;32~79;6~20;1~3;1~3;0~1;Education~Social Media~Gaming~Other;2~8;2~8;8.0
18~19;Female~Other;8~10;2~4;4~6;80~93;0~5;0~0;1~5;1~10;1~9;0~1;0~1;32~79;6~20;1~3;1~3;0~1;Education~Social Media~Gaming~Other;2~8;2~8;10.0
18~19;Female~Other;8~10;2~4;4~6;80~93;0~5;0~0;1~5;1~10;1~9;0~1;0~1;32~79;6~20;1~3;1~3;0~1;Education~Social Media~Gaming~Other;2~8;2~8;9.1
18~19;Female~Other;8~10;2~4;4~6;80~93;0~5;0~0;1~5;1~10;1~9;0~1;0~1;32~79;6~20;1~3;1~3;0~1;Education~Social Media~Gaming~Other;2~8;2~8;9.5
18~19;Female~Other;8~10;2~4;4~6;80~93;0~5;0~0;1~5;1~10;1~9;0~1;0~1;32~79;6~20;1~3;1~3;0~1;Education~Social Media~Gaming~Other;2~8;2~8;9.5
18~19;Female~Other;8~10;2~4;4~6;80~93;0~5;0~0;1~5;1~10;1~9;0~1;0~1;32~79;6~20;1~3;1~3;0~1;Education~Social Media~Gaming~Other;2~8;2~8;10.0
17~19;Female~Other;7~10;2~4;3~6;78~100;1~5;0~0;6~10;2~9;3~10;0~1;0~1;25~122;6~20;0~3;0~2;0~2;Browsing~Education~Social Media~Gaming~Other;2~10;3~8;8.1
17~19;Female~Other;7~10;2~4;3~6;78~100;1~5;0~0;6~10;2~9;3~10;0~1;0~1;25~122;6~20;0~3;0~2;0~2;Browsing~Education~Social Media~Gaming~Other;2~10;3~8;7.8
17~19;Female~Other;7~10;2~4;3~6;78~100;1~5;0~0;6~10;2~9;3~10;0~1;0~1;25~122;6~20;0~3;0~2;0~2;Browsing~Education~Social Media~Gaming~Other;2~10;3~8;9.1
17~19;Female~Other;7~10;2~4;3~6;78~100;1~5;0~0;6~10;2~9;3~10;0~1;0~1;25~122;6~20;0~3;0~2;0~2;Browsing~Education~Social Media~Gaming~Other;2~10;3~8;10.0
17~19;Female~Other;7~10;2~4;3~6;78~100;1~5;0~0;6~10;2~9;3~10;0~1;0~1;25~122;6~20;0~3;0~2;0~2;Browsing~Education~Social Media~Gaming~Other;2~10;3~8;8.0
17~19;Female~Other;7~10;2~4;3~6;78~100;1~5;0~0;6~10;2~9;3~10;0~1;0~1;25~122;6~20;0~3;0~2;0~2;Browsing~Education~Social Media~Gaming~Other;2~10;3~8;10.0
17~19;Female~Other;7~10;2~4;3~6;78~100;1~5;0~0;6~10;2~9;3~10;0~1;0~1;25~122;6~20;0~3;0~2;0~2;Browsing~Education~Social Media~Gaming~Other;2~10;3~8;10.0
17~19;Female~Other;7~10;2~4;3~6;78~100;1~5;0~0;6~10;2~9;3~10;0~1;0~1;25~122;6~20;0~3;0~2;0~2;Browsing~Education~Social Media~Gaming~Other;2~10;3~8;10.0
17~19;Female~Other;7~10;2~4;3~6;78~100;1~5;0~0;6~10;2~9;3~10;0~1;0~1;25~122;6~20;0~3;0~2;0~2;Browsing~Education~Social Media~Gaming~Other;2~10;3~8;5.0
17~19;Female~Other;7~10;1~4;3~6;86~100;0~4;0~2;1~6;1~5;3~10;0~1;0~1;37~85;7~15;1~3;0~2;0~2;Browsing~Education~Social Media~Gaming~Other;1~8;3~8;8.0
17~19;Female~Other;7~10;1~4;3~6;86~100;0~4;0~2;1~6;1~5;3~10;0~1;0~1;37~85;7~15;1~3;0~2;0~2;Browsing~Education~Social Media~Gaming~Other;1~8;3~8;6.7
17~19;Female~Other;7~10;1~4;3~6;86~100;0~4;0~2;1~6;1~5;3~10;0~1;0~1;37~85;7~15;1~3;0~2;0~2;Browsing~Education~Social Media~Gaming~Other;1~8;3~8;7.8
17~19;Female~Other;7~10;1~4;3~6;86~100;0~4;0~2;1~6;1~5;3~10;0~1;0~1;37~85;7~15;1~3;0~2;0~2;Browsing~Education~Social Media~Gaming~Other;1~8;3~8;9.0
17~19;Female~Other;7~10;1~4;3~6;86~100;0~4;0~2;1~6;1~5;3~10;0~1;0~1;37~85;7~15;1~3;0~2;0~2;Browsing~Education~Social Media~Gaming~Other;1~8;3~8;6.9
17~19;Female~Other;7~10;1~4;3~6;86~100;0~4;0~2;1~6;1~5;3~10;0~1;0~1;37~85;7~15;1~3;0~2;0~2;Browsing~Education~Social Media~Gaming~Other;1~8;3~8;6.8
17~19;Female~Other;9~10;3~5;5~6;78~90;2~4;1~3;2~6;6~9;1~9;0~1;0~1;24~141;8~20;1~3;1~2;0~1;Browsing~Education~Social Media~Gaming~Other;2~9;5~8;9.4
17~19;Female~Other;9~10;3~5;5~6;78~90;2~4;1~3;2~6;6~9;1~9;0~1;0~1;24~141;8~20;1~3;1~2;0~1;Browsing~Education~Social Media~Gaming~Other;2~9;5~8;10.0
17~19;Female~Other;9~10;3~5;5~6;78~90;2~4;1~3;2~6;6~9;1~9;0~1;0~1;24~141;8~20;1~3;1~2;0~1;Browsing~Education~Social Media~Gaming~Other;2~9;5~8;6.4
17~19;Female~Other;9~10;3~5;5~6;78~90;2~4;1~3;2~6;6~9;1~9;0~1;0~1;24~141;8~20;1~3;1~2;0~1;Browsing~Education~Social Media~Gaming~Other;2~9;5~8;8.1
17~19;Female~Other;9~10;3~5;5~6;78~90;2~4;1~3;2~6;6~9;1~9;0~1;0~1;24~141;8~20;1~3;1~2;0~1;Browsing~Education~Social Media~Gaming~Other;2~9;5~8;9.9
17~19;Female~Other;7~10;3~4;4~6;80~93;1~5;0~3;7~10;1~10;3~8;0~1;0~1;36~134;6~19;1~4;1~2;0~1;Browsing~Education~Social Media~Gaming~Other;1~10;4~7;10.0
17~19;Female~Other;7~10;3~4;4~6;80~93;1~5;0~3;7~10;1~10;3~8;0~1;0~1;36~134;6~19;1~4;1~2;0~1;Browsing~Education~Social Media~Gaming~Other;1~10;4~7;10.0
17~19;Female~Other;7~10;3~4;4~6;80~93;1~5;0~3;7~10;1~10;3~8;0~1;0~1;36~134;6~19;1~4;1~2;0~1;Browsing~Education~Social Media~Gaming~Other;1~10;4~7;9.8
17~19;Female~Other;7~10;3~4;4~6;80~93;1~5;0~3;7~10;1~10;3~8;0~1;0~1;36~134;6~19;1~4;1~2;0~1;Browsing~Education~Social Media~Gaming~Other;1~10;4~7;8.3
17~19;Female~Other;7~10;3~4;4~6;80~93;1~5;0~3;7~10;1~10;3~8;0~1;0~1;36~134;6~19;1~4;1~2;0~1;Browsing~Education~Social Media~Gaming~Other;1~10;4~7;10.0
17~19;Female~Other;7~10;3~4;4~6;80~93;1~5;0~3;7~10;1~10;3~8;0~1;0~1;36~134;6~19;1~4;1~2;0~1;Browsing~Education~Social Media~Gaming~Other;1~10;4~7;5.2
17~19;Female~Other;7~10;3~4;4~6;80~93;1~5;0~3;7~10;1~10;3~8;0~1;0~1;36~134;6~19;1~4;1~2;0~1;Browsing~Education~Social Media~Gaming~Other;1~10;4~7;8.6
17~19;Female~Other;7~10;2~4;3~6;80~98;6~10;0~0;2~5;2~9;1~9;0~1;0~2;21~143;7~20;0~3;0~3;0~2;Browsing~Education~Social Media~Gaming~Other;3~9;4~10;10.0
17~19;Female~Other;7~10;2~4;3~6;80~98;6~10;0~0;2~5;2~9;1~9;0~1;0~2;21~143;7~20;0~3;0~3;0~2;Browsing~Education~Social Media~Gaming~Other;3~9;4~10;9.7
17~19;Female~Other;7~10;2~4;3~6;80~98;6~10;0~0;2~5;2~9;1~9;0~1;0~2;21~143;7~20;0~3;0~3;0~2;Browsing~Education~Social Media~Gaming~Other;3~9;4~10;10.0
17~19;Female~Other;7~10;2~4;3~6;80~98;6~10;0~0;2~5;2~9;1~9;0~1;0~2;21~143;7~20;0~3;0~3;0~2;Browsing~Education~Social Media~Gaming~Other;3~9;4~10;9.3
17~19;Female~Other;7~10;2~4;3~6;80~98;6~10;0~0;2~5;2~9;1~9;0~1;0~2;21~143;7~20;0~3;0~3;0~2;Browsing~Education~Social Media~Gaming~Other;3~9;4~10;7.6
17~19;Female~Other;7~10;2~4;3~6;80~98;6~10;0~0;2~5;2~9;1~9;0~1;0~2;21~143;7~20;0~3;0~3;0~2;Browsing~Education~Social Media~Gaming~Other;3~9;4~10;3.3
17~19;Female~Other;7~10;2~4;3~6;80~98;6~10;0~0;2~5;2~9;1~9;0~1;0~2;21~143;7~20;0~3;0~3;0~2;Browsing~Education~Social Media~Gaming~Other;3~9;4~10;8.8
17~19;Female~Other;7~10;2~4;4~5;82~95;6~10;0~0;6~10;2~9;3~10;0~1;0~1;20~90;8~20;1~3;0~2;0~2;Browsing~Education~Social Media~Gaming~Other;2~9;4~8;8.7
17~19;Female~Other;7~10;2~4;4~5;82~95;6~10;0~0;6~10;2~9;3~10;0~1;0~1;20~90;8~20;1~3;0~2;0~2;Browsing~Education~Social Media~Gaming~Other;2~9;4~8;8.7
17~19;Female~Other;7~10;2~4;4~5;82~95;6~10;0~0;6~10;2~9;3~10;0~1;0~1;20~90;8~20;1~3;0~2;0~2;Browsing~Education~Social Media~Gaming~Other;2~9;4~8;8.8
17~19;Female~Other;7~10;2~4;4~5;82~95;6~10;0~0;6~10;2~9;3~10;0~1;0~1;20~90;8~20;1~3;0~2;0~2;Browsing~Education~Social Media~Gaming~Other;2~9;4~8;8.8
17~19;Female~Other;7~10;2~4;4~5;82~95;6~10;0~0;6~10;2~9;3~10;0~1;0~1;20~90;8~20;1~3;0~2;0~2;Browsing~Education~Social Media~Gaming~Other;2~9;4~8;9.8
17~19;Female~Other;7~10;2~4;4~5;82~95;6~10;0~0;6~10;2~9;3~10;0~1;0~1;20~90;8~20;1~3;0~2;0~2;Browsing~Education~Social Media~Gaming~Other;2~9;4~8;8.4
17~19;Female~Other;7~10;2~4;4~5;82~95;6~10;0~0;6~10;2~9;3~10;0~1;0~1;20~90;8~20;1~3;0~2;0~2;Browsing~Education~Social Media~Gaming~Other;2~9;4~8;9.2
17~19;Female~Other;7~10;2~4;4~6;80~100;6~10;1~2;2~7;5~10;2~10;0~1;0~1;38~125;5~12;1~3;0~3;0~1;Browsing~Education~Social Media~Gaming~Other;1~10;3~8;7.1
17~19;Female~Other;7~10;2~4;4~6;80~100;6~10;1~2;2~7;5~10;2~10;0~1;0~1;38~125;5~12;1~3;0~3;0~1;Browsing~Education~Social Media~Gaming~Other;1~10;3~8;5.8
17~19;Female~Other;7~10;2~4;4~6;80~100;6~10;1~2;2~7;5~10;2~10;0~1;0~1;38~125;5~12;1~3;0~3;0~1;Browsing~Education~Social Media~Gaming~Other;1~10;3~8;10.0
17~19;Female~Other;7~10;2~4;4~6;80~100;6~10;1~2;2~7;5~10;2~10;0~1;0~1;38~125;5~12;1~3;0~3;0~1;Browsing~Education~Social Media~Gaming~Other;1~10;3~8;9.9
17~19;Female~Other;7~10;2~4;4~6;80~100;6~10;1~2;2~7;5~10;2~10;0~1;0~1;38~125;5~12;1~3;0~3;0~1;Browsing~Education~Social Media~Gaming~Other;1~10;3~8;3.7
17~19;Female~Other;7~10;2~4;4~6;80~100;6~10;1~2;2~7;5~10;2~10;0~1;0~1;38~125;5~12;1~3;0~3;0~1;Browsing~Education~Social Media~Gaming~Other;1~10;3~8;9.1
17~19;Female~Other;7~10;2~4;4~6;80~100;6~10;1~2;2~7;5~10;2~10;0~1;0~1;38~125;5~12;1~3;0~3;0~1;Browsing~Education~Social Media~Gaming~Other;1~10;3~8;7.6
17~19;Female~Other;7~10;1~4;4~6;78~97;6~10;1~1;8~10;2~7;1~10;0~1;0~1;20~123;5~20;1~4;1~2;0~2;Browsing~Education~Social Media~Gaming~Other;1~9;2~7;5.4
17~19;Female~Other;7~10;1~4;4~6;78~97;6~10;1~1;8~10;2~7;1~10;0~1;0~1;20~123;5~20;1~4;1~2;0~2;Browsing~Education~Social Media~Gaming~Other;1~9;2~7;10.0
17~19;Female~Other;7~10;1~4;4~6;78~97;6~10;1~1;8~10;2~7;1~10;0~1;0~1;20~123;5~20;1~4;1~2;0~2;Browsing~Education~Social Media~Gaming~Other;1~9;2~7;8.6
17~19;Female~Other;7~10;1~4;4~6;78~97;6~10;1~1;8~10;2~7;1~10;0~1;0~1;20~123;5~20;1~4;1~2;0~2;Browsing~Education~Social Media~Gaming~Other;1~9;2~7;10.0
17~19;Female~Other;7~10;1~4;4~6;78~97;6~10;1~1;8~10;2~7;1~10;0~1;0~1;20~123;5~20;1~4;1~2;0~2;Browsing~Education~Social Media~Gaming~Other;1~9;2~7;10.0
17~19;Female~Other;7~10;1~4;4~6;78~97;6~10;1~1;8~10;2~7;1~10;0~1;0~1;20~123;5~20;1~4;1~2;0~2;Browsing~Education~Social Media~Gaming~Other;1~9;2~7;10.0
17~19;Female~Other;7~10;1~4;4~6;78~97;6~10;1~1;8~10;2~7;1~10;0~1;0~1;20~123;5~20;1~4;1~2;0~2;Browsing~Education~Social Media~Gaming~Other;1~9;2~7;7.0
17~19;Female~Other;7~10;1~4;4~6;78~97;6~10;1~1;8~10;2~7;1~10;0~1;0~1;20~123;5~20;1~4;1~2;0~2;Browsing~Education~Social Media~Gaming~Other;1~9;2~7;8.0
17~19;Female~Other;7~10;2~4;6~10;53~71;0~5;0~1;2~6;2~9;1~7;0~1;0~1;33~149;6~17;1~4;0~4;0~1;Browsing~Education~Social Media~Gaming~Other;5~10;2~8;5.5
17~19;Female~Other;7~10;2~4;6~10;53~71;0~5;0~1;2~6;2~9;1~7;0~1;0~1;33~149;6~17;1~4;0~4;0~1;Browsing~Education~Social Media~Gaming~Other;5~10;2~8;10.0
17~19;Female~Other;7~10;2~4;6~10;53~71;0~5;0~1;2~6;2~9;1~7;0~1;0~1;33~149;6~17;1~4;0~4;0~1;Browsing~Education~Social Media~Gaming~Other;5~10;2~8;8.1
17~19;Female~Other;7~10;2~4;6~10;53~71;0~5;0~1;2~6;2~9;1~7;0~1;0~1;33~149;6~17;1~4;0~4;0~1;Browsing~Education~Social Media~Gaming~Other;5~10;2~8;7.9
17~19;Female~Other;7~10;2~4;6~10;53~71;0~5;0~1;2~6;2~9;1~7;0~1;0~1;33~149;6~17;1~4;0~4;0~1;Browsing~Education~Social Media~Gaming~Other;5~10;2~8;10.0
17~19;Female~Other;7~10;2~4;6~10;53~71;0~5;0~1;2~6;2~9;1~7;0~1;0~1;33~149;6~17;1~4;0~4;0~1;Browsing~Education~Social Media~Gaming~Other;5~10;2~8;9.2
17~19;Female~Other;7~10;2~4;6~10;53~71;0~5;0~1;2~6;2~9;1~7;0~1;0~1;33~149;6~17;1~4;0~4;0~1;Browsing~Education~Social Media~Gaming~Other;5~10;2~8;10.0
17~19;Female~Other;7~10;2~4;6~10;53~71;0~5;0~1;2~6;2~9;1~7;0~1;0~1;33~149;6~17;1~4;0~4;0~1;Browsing~Education~Social Media~Gaming~Other;5~10;2~8;7.2
17~19;Female~Other;7~10;3~5;6~10;50~66;0~5;0~1;7~10;1~10;2~10;0~1;0~1;50~149;7~20;1~4;0~3;0~2;Browsing~Education~Social Media~Gaming~Other;3~8;1~9;6.4
17~19;Female~Other;7~10;3~5;6~10;50~66;0~5;0~1;7~10;1~10;2~10;0~1;0~1;50~149;7~20;1~4;0~3;0~2;Browsing~Education~Social Media~Gaming~Other;3~8;1~9;4.4
17~19;Female~Other;7~10;3~5;6~10;50~66;0~5;0~1;7~10;1~10;2~10;0~1;0~1;50~149;7~20;1~4;0~3;0~2;Browsing~Education~Social Media~Gaming~Other;3~8;1~9;10.0
17~19;Female~Other;7~10;3~5;6~10;50~66;0~5;0~1;7~10;1~10;2~10;0~1;0~1;50~149;7~20;1~4;0~3;0~2;Browsing~Education~Social Media~Gaming~Other;3~8;1~9;7.2
17~19;Female~Other;7~10;3~5;6~10;50~66;0~5;0~1;7~10;1~10;2~10;0~1;0~1;50~149;7~20;1~4;0~3;0~2;Browsing~Education~Social Media~Gaming~Other;3~8;1~9;10.0
17~19;Female~Other;7~10;3~5;6~10;50~66;0~5;0~1;7~10;1~10;2~10;0~1;0~1;50~149;7~20;1~4;0~3;0~2;Browsing~Education~Social Media~Gaming~Other;3~8;1~9;8.6
17~19;Female~Other;7~10;3~5;6~10;50~66;0~5;0~1;7~10;1~10;2~10;0~1;0~1;50~149;7~20;1~4;0~3;0~2;Browsing~Education~Social Media~Gaming~Other;3~8;1~9;10.0
17~19;Female~Other;7~10;3~5;6~10;50~66;0~5;0~1;7~10;1~10;2~10;0~1;0~1;50~149;7~20;1~4;0~3;0~2;Browsing~Education~Social Media~Gaming~Other;3~8;1~9;9.9
17~19;Female~Other;7~10;3~5;6~10;50~66;0~5;0~1;7~10;1~10;2~10;0~1;0~1;50~149;7~20;1~4;0~3;0~2;Browsing~Education~Social Media~Gaming~Other;3~8;1~9;10.0
17~19;Female~Other;7~10;1~5;6~10;61~72;0~5;1~1;2~6;4~10;2~10;0~1;0~1;21~150;6~20;2~3;0~4;0~1;Browsing~Education~Social Media~Gaming~Other;1~10;2~10;8.1
17~19;Female~Other;7~10;1~5;6~10;61~72;0~5;1~1;2~6;4~10;2~10;0~1;0~1;21~150;6~20;2~3;0~4;0~1;Browsing~Education~Social Media~Gaming~Other;1~10;2~10;9.0
17~19;Female~Other;7~10;1~5;6~10;61~72;0~5;1~1;2~6;4~10;2~10;0~1;0~1;21~150;6~20;2~3;0~4;0~1;Browsing~Education~Social Media~Gaming~Other;1~10;2~10;10.0
17~19;Female~Other;7~10;1~5;6~10;61~72;0~5;1~1;2~6;4~10;2~10;0~1;0~1;21~150;6~20;2~3;0~4;0~1;Browsing~Education~Social Media~Gaming~Other;1~10;2~10;7.5
17~19;Female~Other;7~10;1~5;6~10;61~72;0~5;1~1;2~6;4~10;2~10;0~1;0~1;21~150;6~20;2~3;0~4;0~1;Browsing~Education~Social Media~Gaming~Other;1~10;2~10;10.0
17~19;Female~Other;7~10;1~5;6~10;61~72;0~5;1~1;2~6;4~10;2~10;0~1;0~1;21~150;6~20;2~3;0~4;0~1;Browsing~Education~Social Media~Gaming~Other;1~10;2~10;7.7
17~19;Female~Other;7~10;1~5;6~10;61~72;0~5;1~1;2~6;4~10;2~10;0~1;0~1;21~150;6~20;2~3;0~4;0~1;Browsing~Education~Social Media~Gaming~Other;1~10;2~10;9.1
17~19;Female~Other;7~10;1~5;6~10;61~72;0~5;1~1;2~6;4~10;2~10;0~1;0~1;21~150;6~20;2~3;0~4;0~1;Browsing~Education~Social Media~Gaming~Other;1~10;2~10;7.4
17~19;Female~Other;7~10;1~5;6~10;61~72;0~5;1~1;2~6;4~10;2~10;0~1;0~1;21~150;6~20;2~3;0~4;0~1;Browsing~Education~Social Media~Gaming~Other;1~10;2~10;5.7
17~19;Female~Other;7~10;2~4;7~10;56~72;0~4;1~2;7~10;1~10;1~9;0~1;0~1;26~145;6~19;0~3;0~3;0~2;Browsing~Education~Social Media~Gaming~Other;2~10;4~9;5.7
17~19;Female~Other;7~10;2~4;7~10;56~72;0~4;1~2;7~10;1~10;1~9;0~1;0~1;26~145;6~19;0~3;0~3;0~2;Browsing~Education~Social Media~Gaming~Other;2~10;4~9;5.7
17~19;Female~Other;7~10;2~4;7~10;56~72;0~4;1~2;7~10;1~10;1~9;0~1;0~1;26~145;6~19;0~3;0~3;0~2;Browsing~Education~Social Media~Gaming~Other;2~10;4~9;5.6
17~19;Female~Other;7~10;2~4;7~10;56~72;0~4;1~2;7~10;1~10;1~9;0~1;0~1;26~145;6~19;0~3;0~3;0~2;Browsing~Education~Social Media~Gaming~Other;2~10;4~9;9.5
17~19;Female~Other;7~10;2~4;7~10;56~72;0~4;1~2;7~10;1~10;1~9;0~1;0~1;26~145;6~19;0~3;0~3;0~2;Browsing~Education~Social Media~Gaming~Other;2~10;4~9;7.8
17~19;Female~Other;7~10;2~4;7~10;56~72;0~4;1~2;7~10;1~10;1~9;0~1;0~1;26~145;6~19;0~3;0~3;0~2;Browsing~Education~Social Media~Gaming~Other;2~10;4~9;8.1
17~19;Female~Other;7~10;2~4;7~10;56~72;0~4;1~2;7~10;1~10;1~9;0~1;0~1;26~145;6~19;0~3;0~3;0~2;Browsing~Education~Social Media~Gaming~Other;2~10;4~9;10.0
17~19;Female~Other;7~10;2~4;7~10;56~72;0~4;1~2;7~10;1~10;1~9;0~1;0~1;26~145;6~19;0~3;0~3;0~2;Browsing~Education~Social Media~Gaming~Other;2~10;4~9;7.0
17~19;Female~Other;7~10;2~4;7~10;56~72;0~4;1~2;7~10;1~10;1~9;0~1;0~1;26~145;6~19;0~3;0~3;0~2;Browsing~Education~Social Media~Gaming~Other;2~10;4~9;6.0
17~19;Female~Other;8~10;0~4;6~8;53~72;6~10;0~0;1~5;1~10;1~9;0~1;0~1;54~145;5~17;1~4;0~3;0~1;Browsing~Education~Social Media~Gaming~Other;3~9;2~10;5.3
17~19;Female~Other;8~10;0~4;6~8;53~72;6~10;0~0;1~5;1~10;1~9;0~1;0~1;54~145;5~17;1~4;0~3;0~1;Browsing~Education~Social Media~Gaming~Other;3~9;2~10;8.6
17~19;Female~Other;8~10;0~4;6~8;53~72;6~10;0~0;1~5;1~10;1~9;0~1;0~1;54~145;5~17;1~4;0~3;0~1;Browsing~Education~Social Media~Gaming~Other;3~9;2~10;6.4
17~19;Female~Other;8~10;0~4;6~8;53~72;6~10;0~0;1~5;1~10;1~9;0~1;0~1;54~145;5~17;1~4;0~3;0~1;Browsing~Education~Social Media~Gaming~Other;3~9;2~10;9.8
17~19;Female~Other;8~10;0~4;6~8;53~72;6~10;0~0;1~5;1~10;1~9;0~1;0~1;54~145;5~17;1~4;0~3;0~1;Browsing~Education~Social Media~Gaming~Other;3~9;2~10;8.1
17~19;Female~Other;8~10;0~4;6~8;53~72;6~10;0~0;1~5;1~10;1~9;0~1;0~1;54~145;5~17;1~4;0~3;0~1;Browsing~Education~Social Media~Gaming~Other;3~9;2~10;9.9
17~19;Female~Other;8~10;0~4;6~8;53~72;6~10;0~0;1~5;1~10;1~9;0~1;0~1;54~145;5~17;1~4;0~3;0~1;Browsing~Education~Social Media~Gaming~Other;3~9;2~10;8.2
17~19;Female~Other;8~10;0~4;6~8;53~72;6~10;0~0;1~5;1~10;1~9;0~1;0~1;54~145;5~17;1~4;0~3;0~1;Browsing~Education~Social Media~Gaming~Other;3~9;2~10;7.1
17~19;Female~Other;8~10;0~4;6~8;53~72;6~10;0~0;1~5;1~10;1~9;0~1;0~1;54~145;5~17;1~4;0~3;0~1;Browsing~Education~Social Media~Gaming~Other;3~9;2~10;6.5
17~19;Female~Other;7~10;2~4;7~9;50~71;6~9;0~0;6~10;2~8;3~10;0~1;0~1;21~120;6~20;0~3;0~3;0~2;Browsing~Education~Social Media~Gaming~Other;2~9;3~6;7.3
17~19;Female~Other;7~10;2~4;7~9;50~71;6~9;0~0;6~10;2~8;3~10;0~1;0~1;21~120;6~20;0~3;0~3;0~2;Browsing~Education~Social Media~Gaming~Other;2~9;3~6;10.0
17~19;Female~Other;7~10;2~4;7~9;50~71;6~9;0~0;6~10;2~8;3~10;0~1;0~1;21~120;6~20;0~3;0~3;0~2;Browsing~Education~Social Media~Gaming~Other;2~9;3~6;9.5
17~19;Female~Other;7~10;2~4;7~9;50~71;6~9;0~0;6~10;2~8;3~10;0~1;0~1;21~120;6~20;0~3;0~3;0~2;Browsing~Education~Social Media~Gaming~Other;2~9;3~6;5.6
17~19;Female~Other;7~10;2~4;7~9;50~71;6~9;0~0;6~10;2~8;3~10;0~1;0~1;21~120;6~20;0~3;0~3;0~2;Browsing~Education~Social Media~Gaming~Other;2~9;3~6;7.9
17~19;Female~Other;7~10;2~4;7~9;50~71;6~9;0~0;6~10;2~8;3~10;0~1;0~1;21~120;6~20;0~3;0~3;0~2;Browsing~Education~Social Media~Gaming~Other;2~9;3~6;8.9
17~19;Female~Other;7~10;2~4;7~9;50~71;6~9;0~0;6~10;2~8;3~10;0~1;0~1;21~120;6~20;0~3;0~3;0~2;Browsing~Education~Social Media~Gaming~Other;2~9;3~6;6.3
17~19;Female~Other;7~10;2~4;7~9;50~71;6~9;0~0;6~10;2~8;3~10;0~1;0~1;21~120;6~20;0~3;0~3;0~2;Browsing~Education~Social Media~Gaming~Other;2~9;3~6;8.7
17~19;Female~Other;7~10;2~4;7~9;50~71;6~9;0~0;6~10;2~8;3~10;0~1;0~1;21~120;6~20;0~3;0~3;0~2;Browsing~Education~Social Media~Gaming~Other;2~9;3~6;6.1
17~19;Female~Other;8~9;1~5;6~8;53~67;6~10;1~1;3~6;1~10;5~10;0~1;0~1;50~149;5~15;0~5;0~3;0~2;Browsing~Education~Social Media~Gaming;1~10;3~10;5.6
17~19;Female~Other;8~9;1~5;6~8;53~67;6~10;1~1;3~6;1~10;5~10;0~1;0~1;50~149;5~15;0~5;0~3;0~2;Browsing~Education~Social Media~Gaming;1~10;3~10;10.0
17~19;Female~Other;8~9;1~5;6~8;53~67;6~10;1~1;3~6;1~10;5~10;0~1;0~1;50~149;5~15;0~5;0~3;0~2;Browsing~Education~Social Media~Gaming;1~10;3~10;7.9
17~19;Female~Other;8~9;1~5;6~8;53~67;6~10;1~1;3~6;1~10;5~10;0~1;0~1;50~149;5~15;0~5;0~3;0~2;Browsing~Education~Social Media~Gaming;1~10;3~10;10.0
17~19;Female~Other;8~9;1~5;6~8;53~67;6~10;1~1;3~6;1~10;5~10;0~1;0~1;50~149;5~15;0~5;0~3;0~2;Browsing~Education~Social Media~Gaming;1~10;3~10;8.9
17~19;Female~Other;8~9;1~5;6~8;53~67;6~10;1~1;3~6;1~10;5~10;0~1;0~1;50~149;5~15;0~5;0~3;0~2;Browsing~Education~Social Media~Gaming;1~10;3~10;8.8
17~19;Female~Other;8~9;1~5;6~8;53~67;6~10;1~1;3~6;1~10;5~10;0~1;0~1;50~149;5~15;0~5;0~3;0~2;Browsing~Education~Social Media~Gaming;1~10;3~10;10.0
17~19;Female~Other;8~9;1~5;6~8;53~67;6~10;1~1;3~6;1~10;5~10;0~1;0~1;50~149;5~15;0~5;0~3;0~2;Browsing~Education~Social Media~Gaming;1~10;3~10;7.8
17~19;Female~Other;8~9;1~5;6~8;53~67;6~10;1~1;3~6;1~10;5~10;0~1;0~1;50~149;5~15;0~5;0~3;0~2;Browsing~Education~Social Media~Gaming;1~10;3~10;9.2
17~19;Female~Other;7~10;1~4;7~9;57~72;6~9;1~2;8~10;1~10;2~10;0~1;0~1;36~148;9~19;1~3;0~2;0~1;Education~Social Media~Gaming~Other;1~6;4~10;8.0
17~19;Female~Other;7~10;1~4;7~9;57~72;6~9;1~2;8~10;1~10;2~10;0~1;0~1;36~148;9~19;1~3;0~2;0~1;Education~Social Media~Gaming~Other;1~6;4~10;9.2
17~19;Female~Other;7~10;1~4;7~9;57~72;6~9;1~2;8~10;1~10;2~10;0~1;0~1;36~148;9~19;1~3;0~2;0~1;Education~Social Media~Gaming~Other;1~6;4~10;9.9
17~19;Female~Other;7~10;1~4;7~9;57~72;6~9;1~2;8~10;1~10;2~10;0~1;0~1;36~148;9~19;1~3;0~2;0~1;Education~Social Media~Gaming~Other;1~6;4~10;5.9
17~19;Female~Other;7~10;1~4;7~9;57~72;6~9;1~2;8~10;1~10;2~10;0~1;0~1;36~148;9~19;1~3;0~2;0~1;Education~Social Media~Gaming~Other;1~6;4~10;7.2
17~19;Female~Other;7~10;1~4;7~9;57~72;6~9;1~2;8~10;1~10;2~10;0~1;0~1;36~148;9~19;1~3;0~2;0~1;Education~Social Media~Gaming~Other;1~6;4~10;8.1
17~19;Female~Other;7~10;1~4;7~9;57~72;6~9;1~2;8~10;1~10;2~10;0~1;0~1;36~148;9~19;1~3;0~2;0~1;Education~Social Media~Gaming~Other;1~6;4~10;6.7
17~19;Female~Other;7~10;2~4;6~9;75~98;0~4;0~1;1~4;1~9;2~10;0~1;0~2;46~131;5~19;1~4;0~3;0~1;Browsing~Education~Social Media~Gaming~Other;3~10;3~6;5.2
17~19;Female~Other;7~10;2~4;6~9;75~98;0~4;0~1;1~4;1~9;2~10;0~1;0~2;46~131;5~19;1~4;0~3;0~1;Browsing~Education~Social Media~Gaming~Other;3~10;3~6;9.4
17~19;Female~Other;7~10;2~4;6~9;75~98;0~4;0~1;1~4;1~9;2~10;0~1;0~2;46~131;5~19;1~4;0~3;0~1;Browsing~Education~Social Media~Gaming~Other;3~10;3~6;9.5
17~19;Female~Other;7~10;2~4;6~9;75~98;0~4;0~1;1~4;1~9;2~10;0~1;0~2;46~131;5~19;1~4;0~3;0~1;Browsing~Education~Social Media~Gaming~Other;3~10;3~6;9.9
17~19;Female~Other;7~10;2~4;6~9;75~98;0~4;0~1;1~4;1~9;2~10;0~1;0~2;46~131;5~19;1~4;0~3;0~1;Browsing~Education~Social Media~Gaming~Other;3~10;3~6;6.8
17~19;Female~Other;7~10;2~4;6~9;75~98;0~4;0~1;1~4;1~9;2~10;0~1;0~2;46~131;5~19;1~4;0~3;0~1;Browsing~Education~Social Media~Gaming~Other;3~10;3~6;10.0
17~19;Female~Other;7~10;2~4;6~9;75~98;0~4;0~1;1~4;1~9;2~10;0~1;0~2;46~131;5~19;1~4;0~3;0~1;Browsing~Education~Social Media~Gaming~Other;3~10;3~6;7.4
17~19;Female~Other;7~10;2~4;6~9;75~98;0~4;0~1;1~4;1~9;2~10;0~1;0~2;46~131;5~19;1~4;0~3;0~1;Browsing~Education~Social Media~Gaming~Other;3~10;3~6;7.9
17~19;Female~Other;7~10;2~4;6~9;75~98;0~4;0~1;1~4;1~9;2~10;0~1;0~2;46~131;5~19;1~4;0~3;0~1;Browsing~Education~Social Media~Gaming~Other;3~10;3~6;9.2
17~19;Female~Other;7~9;1~4;6~8;75~91;1~3;0~1;7~10;1~4;1~4;0~1;0~1;27~150;7~20;1~3;0~2;0~1;Browsing~Education~Social Media~Gaming~Other;3~9;5~8;10.0
17~19;Female~Other;7~9;1~4;6~8;75~91;1~3;0~1;7~10;1~4;1~4;0~1;0~1;27~150;7~20;1~3;0~2;0~1;Browsing~Education~Social Media~Gaming~Other;3~9;5~8;7.2
17~19;Female~Other;7~9;1~4;6~8;75~91;1~3;0~1;7~10;1~4;1~4;0~1;0~1;27~150;7~20;1~3;0~2;0~1;Browsing~Education~Social Media~Gaming~Other;3~9;5~8;7.1
17~19;Female~Other;7~9;1~4;6~8;75~91;1~3;0~1;7~10;1~4;1~4;0~1;0~1;27~150;7~20;1~3;0~2;0~1;Browsing~Education~Social Media~Gaming~Other;3~9;5~8;7.7
17~19;Female~Other;7~9;1~4;6~8;75~91;1~3;0~1;7~10;1~4;1~4;0~1;0~1;27~150;7~20;1~3;0~2;0~1;Browsing~Education~Social Media~Gaming~Other;3~9;5~8;7.2
18~19;Female~Other;7~10;2~5;6~7;77~97;0~3;0~1;6~10;5~10;2~10;0~1;0~1;28~150;13~18;1~4;0~2;0~1;Education~Social Media~Gaming~Other;4~10;4~7;10.0
18~19;Female~Other;7~10;2~5;6~7;77~97;0~3;0~1;6~10;5~10;2~10;0~1;0~1;28~150;13~18;1~4;0~2;0~1;Education~Social Media~Gaming~Other;4~10;4~7;7.4
18~19;Female~Other;7~10;2~5;6~7;77~97;0~3;0~1;6~10;5~10;2~10;0~1;0~1;28~150;13~18;1~4;0~2;0~1;Education~Social Media~Gaming~Other;4~10;4~7;10.0
18~19;Female~Other;7~10;2~5;6~7;77~97;0~3;0~1;6~10;5~10;2~10;0~1;0~1;28~150;13~18;1~4;0~2;0~1;Education~Social Media~Gaming~Other;4~10;4~7;7.5
18~19;Female~Other;7~10;2~5;6~7;77~97;0~3;0~1;6~10;5~10;2~10;0~1;0~1;28~150;13~18;1~4;0~2;0~1;Education~Social Media~Gaming~Other;4~10;4~7;9.1
17~19;Female~Other;7~10;2~4;6~10;80~99;0~4;1~1;1~5;2~7;1~10;0~1;0~1;41~129;5~18;2~4;0~2;0~2;Browsing~Education~Social Media~Gaming~Other;2~10;2~7;5.5
17~19;Female~Other;7~10;2~4;6~10;80~99;0~4;1~1;1~5;2~7;1~10;0~1;0~1;41~129;5~18;2~4;0~2;0~2;Browsing~Education~Social Media~Gaming~Other;2~10;2~7;10.0
17~19;Female~Other;7~10;2~4;6~10;80~99;0~4;1~1;1~5;2~7;1~10;0~1;0~1;41~129;5~18;2~4;0~2;0~2;Browsing~Education~Social Media~Gaming~Other;2~10;2~7;8.7
17~19;Female~Other;7~10;2~4;6~10;80~99;0~4;1~1;1~5;2~7;1~10;0~1;0~1;41~129;5~18;2~4;0~2;0~2;Browsing~Education~Social Media~Gaming~Other;2~10;2~7;6.8
17~19;Female~Other;7~10;2~4;6~10;80~99;0~4;1~1;1~5;2~7;1~10;0~1;0~1;41~129;5~18;2~4;0~2;0~2;Browsing~Education~Social Media~Gaming~Other;2~10;2~7;6.2
17~19;Female~Other;7~10;2~4;6~10;80~99;0~4;1~1;1~5;2~7;1~10;0~1;0~1;41~129;5~18;2~4;0~2;0~2;Browsing~Education~Social Media~Gaming~Other;2~10;2~7;6.9
17~19;Female~Other;7~10;2~4;6~10;80~99;0~4;1~1;1~5;2~7;1~10;0~1;0~1;41~129;5~18;2~4;0~2;0~2;Browsing~Education~Social Media~Gaming~Other;2~10;2~7;10.0
17~19;Female~Other;7~9;0~4;7~9;74~98;1~3;1~2;7~10;1~10;1~8;0~1;0~1;32~146;5~18;0~4;0~2;0~1;Browsing~Education~Social Media~Gaming~Other;3~10;5~14;7.9
17~19;Female~Other;7~9;0~4;7~9;74~98;1~3;1~2;7~10;1~10;1~8;0~1;0~1;32~146;5~18;0~4;0~2;0~1;Browsing~Education~Social Media~Gaming~Other;3~10;5~14;8.8
17~19;Female~Other;7~9;0~4;7~9;74~98;1~3;1~2;7~10;1~10;1~8;0~1;0~1;32~146;5~18;0~4;0~2;0~1;Browsing~Education~Social Media~Gaming~Other;3~10;5~14;5.9
17~19;Female~Other;7~9;0~4;7~9;74~98;1~3;1~2;7~10;1~10;1~8;0~1;0~1;32~146;5~18;0~4;0~2;0~1;Browsing~Education~Social Media~Gaming~Other;3~10;5~14;8.3
17~19;Female~Other;7~9;0~4;7~9;74~98;1~3;1~2;7~10;1~10;1~8;0~1;0~1;32~146;5~18;0~4;0~2;0~1;Browsing~Education~Social Media~Gaming~Other;3~10;5~14;8.9
17~19;Female~Other;7~9;0~4;7~9;74~98;1~3;1~2;7~10;1~10;1~8;0~1;0~1;32~146;5~18;0~4;0~2;0~1;Browsing~Education~Social Media~Gaming~Other;3~10;5~14;10.0
17~19;Female~Other;7~9;0~4;7~9;74~98;1~3;1~2;7~10;1~10;1~8;0~1;0~1;32~146;5~18;0~4;0~2;0~1;Browsing~Education~Social Media~Gaming~Other;3~10;5~14;9.2
17~19;Female~Other;7~9;0~4;7~9;74~98;1~3;1~2;7~10;1~10;1~8;0~1;0~1;32~146;5~18;0~4;0~2;0~1;Browsing~Education~Social Media~Gaming~Other;3~10;5~14;4.6
17~19;Female~Other;9~10;1~5;6~8;75~98;5~10;0~0;1~5;3~9;1~9;0~1;0~1;24~144;6~20;1~3;0~2;0~2;Education~Social Media~Gaming~Other;3~10;3~9;5.1
17~19;Female~Other;9~10;1~5;6~8;75~98;5~10;0~0;1~5;3~9;1~9;0~1;0~1;24~144;6~20;1~3;0~2;0~2;Education~Social Media~Gaming~Other;3~10;3~9;8.0
17~19;Female~Other;9~10;1~5;6~8;75~98;5~10;0~0;1~5;3~9;1~9;0~1;0~1;24~144;6~20;1~3;0~2;0~2;Education~Social Media~Gaming~Other;3~10;3~9;6.5
17~19;Female~Other;9~10;1~5;6~8;75~98;5~10;0~0;1~5;3~9;1~9;0~1;0~1;24~144;6~20;1~3;0~2;0~2;Education~Social Media~Gaming~Other;3~10;3~9;9.6
17~19;Female~Other;9~10;1~5;6~8;75~98;5~10;0~0;1~5;3~9;1~9;0~1;0~1;24~144;6~20;1~3;0~2;0~2;Education~Social Media~Gaming~Other;3~10;3~9;7.3
17~19;Female~Other;9~10;1~5;6~8;75~98;5~10;0~0;1~5;3~9;1~9;0~1;0~1;24~144;6~20;1~3;0~2;0~2;Education~Social Media~Gaming~Other;3~10;3~9;10.0
17~19;Female~Other;9~10;1~5;6~8;75~98;5~10;0~0;1~5;3~9;1~9;0~1;0~1;24~144;6~20;1~3;0~2;0~2;Education~Social Media~Gaming~Other;3~10;3~9;5.8
17~19;Female~Other;9~10;1~5;6~8;75~98;5~10;0~0;1~5;3~9;1~9;0~1;0~1;24~144;6~20;1~3;0~2;0~2;Education~Social Media~Gaming~Other;3~10;3~9;7.7
17~19;Female~Other;7~10;2~5;6~9;78~100;6~10;0~0;6~10;1~10;3~10;0~1;0~2;40~147;7~17;1~4;0~2;0~1;Browsing~Education~Social Media~Gaming~Other;4~10;3~9;9.0
17~19;Female~Other;7~10;2~5;6~9;78~100;6~10;0~0;6~10;1~10;3~10;0~1;0~2;40~147;7~17;1~4;0~2;0~1;Browsing~Education~Social Media~Gaming~Other;4~10;3~9;7.6
17~19;Female~Other;7~10;2~5;6~9;78~100;6~10;0~0;6~10;1~10;3~10;0~1;0~2;40~147;7~17;1~4;0~2;0~1;Browsing~Education~Social Media~Gaming~Other;4~10;3~9;8.8
17~19;Female~Other;7~10;2~5;6~9;78~100;6~10;0~0;6~10;1~10;3~10;0~1;0~2;40~147;7~17;1~4;0~2;0~1;Browsing~Education~Social Media~Gaming~Other;4~10;3~9;7.3
17~19;Female~Other;7~10;2~5;6~9;78~100;6~10;0~0;6~10;1~10;3~10;0~1;0~2;40~147;7~17;1~4;0~2;0~1;Browsing~Education~Social Media~Gaming~Other;4~10;3~9;8.7
17~19;Female~Other;7~10;2~5;6~9;78~100;6~10;0~0;6~10;1~10;3~10;0~1;0~2;40~147;7~17;1~4;0~2;0~1;Browsing~Education~Social Media~Gaming~Other;4~10;3~9;6.9
17~19;Female~Other;7~10;2~5;6~9;78~100;6~10;0~0;6~10;1~10;3~10;0~1;0~2;40~147;7~17;1~4;0~2;0~1;Browsing~Education~Social Media~Gaming~Other;4~10;3~9;7.5
17~19;Female~Other;7~10;2~5;6~9;78~100;6~10;0~0;6~10;1~10;3~10;0~1;0~2;40~147;7~17;1~4;0~2;0~1;Browsing~Education~Social Media~Gaming~Other;4~10;3~9;10.0
17~19;Female~Other;8~10;1~4;6~9;77~100;5~8;1~1;1~5;3~8;1~10;0~1;0~1;64~139;5~18;1~3;0~2;0~1;Browsing~Education~Social Media~Gaming;1~8;4~9;6.4
17~19;Female~Other;8~10;1~4;6~9;77~100;5~8;1~1;1~5;3~8;1~10;0~1;0~1;64~139;5~18;1~3;0~2;0~1;Browsing~Education~Social Media~Gaming;1~8;4~9;6.8
17~19;Female~Other;8~10;1~4;6~9;77~100;5~8;1~1;1~5;3~8;1~10;0~1;0~1;64~139;5~18;1~3;0~2;0~1;Browsing~Education~Social Media~Gaming;1~8;4~9;6.6
17~19;Female~Other;8~10;1~4;6~9;77~100;5~8;1~1;1~5;3~8;1~10;0~1;0~1;64~139;5~18;1~3;0~2;0~1;Browsing~Education~Social Media~Gaming;1~8;4~9;3.8
17~19;Female~Other;8~10;1~4;6~9;77~100;5~8;1~1;1~5;3~8;1~10;0~1;0~1;64~139;5~18;1~3;0~2;0~1;Browsing~Education~Social Media~Gaming;1~8;4~9;8.0
17~19;Female~Other;8~10;1~4;6~9;77~100;5~8;1~1;1~5;3~8;1~10;0~1;0~1;64~139;5~18;1~3;0~2;0~1;Browsing~Education~Social Media~Gaming;1~8;4~9;4.5
17~19;Female~Other;8~10;1~4;6~9;77~100;5~8;1~1;1~5;3~8;1~10;0~1;0~1;64~139;5~18;1~3;0~2;0~1;Browsing~Education~Social Media~Gaming;1~8;4~9;10.0
17~19;Female~Other;8~10;1~4;6~9;77~100;5~8;1~1;1~5;3~8;1~10;0~1;0~1;64~139;5~18;1~3;0~2;0~1;Browsing~Education~Social Media~Gaming;1~8;4~9;7.1
17~19;Female~Other;7~10;2~4;6~10;73~98;5~10;1~2;6~10;1~10;1~10;0~1;0~1;42~144;10~19;1~2;0~3;0~1;Browsing~Education~Social Media~Gaming~Other;5~9;4~7;10.0
17~19;Female~Other;7~10;2~4;6~10;73~98;5~10;1~2;6~10;1~10;1~10;0~1;0~1;42~144;10~19;1~2;0~3;0~1;Browsing~Education~Social Media~Gaming~Other;5~9;4~7;7.0
17~19;Female~Other;7~10;2~4;6~10;73~98;5~10;1~2;6~10;1~10;1~10;0~1;0~1;42~144;10~19;1~2;0~3;0~1;Browsing~Education~Social Media~Gaming~Other;5~9;4~7;9.2
17~19;Female~Other;7~10;2~4;6~10;73~98;5~10;1~2;6~10;1~10;1~10;0~1;0~1;42~144;10~19;1~2;0~3;0~1;Browsing~Education~Social Media~Gaming~Other;5~9;4~7;5.8
17~19;Female~Other;7~10;2~4;6~10;73~98;5~10;1~2;6~10;1~10;1~10;0~1;0~1;42~144;10~19;1~2;0~3;0~1;Browsing~Education~Social Media~Gaming~Other;5~9;4~7;6.2
17~19;Female~Other;7~10;2~4;6~10;73~98;5~10;1~2;6~10;1~10;1~10;0~1;0~1;42~144;10~19;1~2;0~3;0~1;Browsing~Education~Social Media~Gaming~Other;5~9;4~7;10.0
17~19;Female~Other;7~10;5~8;3~6;52~66;2~6;0~0;1~6;1~5;1~9;0~1;0~1;21~115;12~19;1~2;0~3;0~2;Browsing~Education~Social Media~Gaming~Other;5~9;2~8;10.0
17~19;Female~Other;7~10;5~8;3~6;52~66;2~6;0~0;1~6;1~5;1~9;0~1;0~1;21~115;12~19;1~2;0~3;0~2;Browsing~Education~Social Media~Gaming~Other;5~9;2~8;10.0
17~19;Female~Other;7~10;5~8;3~6;52~66;2~6;0~0;1~6;1~5;1~9;0~1;0~1;21~115;12~19;1~2;0~3;0~2;Browsing~Education~Social Media~Gaming~Other;5~9;2~8;10.0
17~19;Female~Other;7~10;5~8;3~6;52~66;2~6;0~0;1~6;1~5;1~9;0~1;0~1;21~115;12~19;1~2;0~3;0~2;Browsing~Education~Social Media~Gaming~Other;5~9;2~8;10.0
17~19;Female~Other;7~10;5~8;3~6;52~66;2~6;0~0;1~6;1~5;1~9;0~1;0~1;21~115;12~19;1~2;0~3;0~2;Browsing~Education~Social Media~Gaming~Other;5~9;2~8;10.0
17~19;Female~Other;7~10;5~8;3~6;52~66;2~6;0~0;1~6;1~5;1~9;0~1;0~1;21~115;12~19;1~2;0~3;0~2;Browsing~Education~Social Media~Gaming~Other;5~9;2~8;10.0
17~19;Female~Other;7~10;5~8;3~6;52~66;2~6;0~0;1~6;1~5;1~9;0~1;0~1;21~115;12~19;1~2;0~3;0~2;Browsing~Education~Social Media~Gaming~Other;5~9;2~8;10.0
17~19;Female~Other;7~10;5~8;3~6;52~66;2~6;0~0;1~6;1~5;1~9;0~1;0~1;21~115;12~19;1~2;0~3;0~2;Browsing~Education~Social Media~Gaming~Other;5~9;2~8;10.0
17~19;Female~Other;7~10;5~7;5~6;53~73;4~6;0~0;3~6;6~9;3~7;0~1;0~1;24~143;7~19;1~4;0~4;0~1;Browsing~Education~Social Media~Gaming~Other;2~9;4~9;10.0
17~19;Female~Other;7~10;5~7;5~6;53~73;4~6;0~0;3~6;6~9;3~7;0~1;0~1;24~143;7~19;1~4;0~4;0~1;Browsing~Education~Social Media~Gaming~Other;2~9;4~9;10.0
17~19;Female~Other;7~10;5~7;5~6;53~73;4~6;0~0;3~6;6~9;3~7;0~1;0~1;24~143;7~19;1~4;0~4;0~1;Browsing~Education~Social Media~Gaming~Other;2~9;4~9;8.3
17~19;Female~Other;7~10;5~7;5~6;53~73;4~6;0~0;3~6;6~9;3~7;0~1;0~1;24~143;7~19;1~4;0~4;0~1;Browsing~Education~Social Media~Gaming~Other;2~9;4~9;9.4
17~19;Female~Other;7~10;5~7;5~6;53~73;4~6;0~0;3~6;6~9;3~7;0~1;0~1;24~143;7~19;1~4;0~4;0~1;Browsing~Education~Social Media~Gaming~Other;2~9;4~9;10.0
18~19;Female~Other;7~10;6~7;4~6;53~75;3~6;0~0;7~10;1~10;1~9;0~1;0~2;33~134;5~15;1~5;0~2;0~1;Browsing~Education~Social Media~Gaming~Other;1~10;2~7;10.0
18~19;Female~Other;7~10;6~7;4~6;53~75;3~6;0~0;7~10;1~10;1~9;0~1;0~2;33~134;5~15;1~5;0~2;0~1;Browsing~Education~Social Media~Gaming~Other;1~10;2~7;10.0
18~19;Female~Other;7~10;6~7;4~6;53~75;3~6;0~0;7~10;1~10;1~9;0~1;0~2;33~134;5~15;1~5;0~2;0~1;Browsing~Education~Social Media~Gaming~Other;1~10;2~7;10.0
18~19;Female~Other;7~10;6~7;4~6;53~75;3~6;0~0;7~10;1~10;1~9;0~1;0~2;33~134;5~15;1~5;0~2;0~1;Browsing~Education~Social Media~Gaming~Other;1~10;2~7;10.0
18~19;Female~Other;7~10;6~7;4~6;53~75;3~6;0~0;7~10;1~10;1~9;0~1;0~2;33~134;5~15;1~5;0~2;0~1;Browsing~Education~Social Media~Gaming~Other;1~10;2~7;10.0
18~19;Female~Other;7~10;6~7;4~6;53~75;3~6;0~0;7~10;1~10;1~9;0~1;0~2;33~134;5~15;1~5;0~2;0~1;Browsing~Education~Social Media~Gaming~Other;1~10;2~7;7.7
18~19;Female~Other;7~10;6~7;4~6;53~75;3~6;0~0;7~10;1~10;1~9;0~1;0~2;33~134;5~15;1~5;0~2;0~1;Browsing~Education~Social Media~Gaming~Other;1~10;2~7;10.0
18~19;Female~Other;7~10;6~7;4~6;53~75;3~6;0~0;7~10;1~10;1~9;0~1;0~2;33~134;5~15;1~5;0~2;0~1;Browsing~Education~Social Media~Gaming~Other;1~10;2~7;10.0
18~19;Female~Other;8~9;5~7;4~5;63~72;1~3;1~1;1~5;1~3;2~10;0~1;0~1;37~133;5~16;1~4;0~2;0~1;Education~Social Media~Gaming~Other;3~9;1~9;10.0
18~19;Female~Other;8~9;5~7;4~5;63~72;1~3;1~1;1~5;1~3;2~10;0~1;0~1;37~133;5~16;1~4;0~2;0~1;Education~Social Media~Gaming~Other;3~9;1~9;10.0
18~19;Female~Other;8~9;5~7;4~5;63~72;1~3;1~1;1~5;1~3;2~10;0~1;0~1;37~133;5~16;1~4;0~2;0~1;Education~Social Media~Gaming~Other;3~9;1~9;7.5
18~19;Female~Other;8~9;5~7;4~5;63~72;1~3;1~1;1~5;1~3;2~10;0~1;0~1;37~133;5~16;1~4;0~2;0~1;Education~Social Media~Gaming~Other;3~9;1~9;10.0
18~19;Female~Other;8~9;5~7;4~5;63~72;1~3;1~1;1~5;1~3;2~10;0~1;0~1;37~133;5~16;1~4;0~2;0~1;Education~Social Media~Gaming~Other;3~9;1~9;10.0
17~19;Female~Other;7~10;5~9;3~6;53~74;1~6;1~2;1~4;4~10;1~9;0~1;0~1;66~145;13~20;1~3;1~2;0~2;Browsing~Education~Social Media~Gaming~Other;1~5;4~7;10.0
17~19;Female~Other;7~10;5~9;3~6;53~74;1~6;1~2;1~4;4~10;1~9;0~1;0~1;66~145;13~20;1~3;1~2;0~2;Browsing~Education~Social Media~Gaming~Other;1~5;4~7;10.0
17~19;Female~Other;7~10;5~9;3~6;53~74;1~6;1~2;1~4;4~10;1~9;0~1;0~1;66~145;13~20;1~3;1~2;0~2;Browsing~Education~Social Media~Gaming~Other;1~5;4~7;10.0
17~19;Female~Other;7~10;5~9;3~6;53~74;1~6;1~2;1~4;4~10;1~9;0~1;0~1;66~145;13~20;1~3;1~2;0~2;Browsing~Education~Social Media~Gaming~Other;1~5;4~7;10.0
17~19;Female~Other;7~10;5~9;3~6;53~74;1~6;1~2;1~4;4~10;1~9;0~1;0~1;66~145;13~20;1~3;1~2;0~2;Browsing~Education~Social Media~Gaming~Other;1~5;4~7;10.0
17~19;Female~Other;7~10;5~9;3~6;53~74;1~6;1~2;1~4;4~10;1~9;0~1;0~1;66~145;13~20;1~3;1~2;0~2;Browsing~Education~Social Media~Gaming~Other;1~5;4~7;10.0
17~19;Female~Other;8~10;5~7;5~6;50~75;1~6;1~1;6~10;6~7;1~10;0~1;0~1;43~85;9~20;1~3;0~2;0~1;Education~Social Media~Gaming;1~10;4~7;10.0
17~19;Female~Other;8~10;5~7;5~6;50~75;1~6;1~1;6~10;6~7;1~10;0~1;0~1;43~85;9~20;1~3;0~2;0~1;Education~Social Media~Gaming;1~10;4~7;10.0
17~19;Female~Other;8~10;5~7;5~6;50~75;1~6;1~1;6~10;6~7;1~10;0~1;0~1;43~85;9~20;1~3;0~2;0~1;Education~Social Media~Gaming;1~10;4~7;10.0
17~19;Female~Other;8~10;5~7;5~6;50~75;1~6;1~1;6~10;6~7;1~10;0~1;0~1;43~85;9~20;1~3;0~2;0~1;Education~Social Media~Gaming;1~10;4~7;10.0
17~19;Female~Other;8~10;5~7;5~6;50~75;1~6;1~1;6~10;6~7;1~10;0~1;0~1;43~85;9~20;1~3;0~2;0~1;Education~Social Media~Gaming;1~10;4~7;10.0
17~18;Other;7~10;5~8;5~6;55~75;1~6;1~2;7~9;8~10;1~9;0~1;0~1;25~137;10~20;1~5;0~2;1~3;Browsing~Education~Social Media~Gaming~Other;1~10;4~9;10.0
17~18;Other;7~10;5~8;5~6;55~75;1~6;1~2;7~9;8~10;1~9;0~1;0~1;25~137;10~20;1~5;0~2;1~3;Browsing~Education~Social Media~Gaming~Other;1~10;4~9;10.0
17~18;Other;7~10;5~8;5~6;55~75;1~6;1~2;7~9;8~10;1~9;0~1;0~1;25~137;10~20;1~5;0~2;1~3;Browsing~Education~Social Media~Gaming~Other;1~10;4~9;10.0
17~18;Other;7~10;5~8;5~6;55~75;1~6;1~2;7~9;8~10;1~9;0~1;0~1;25~137;10~20;1~5;0~2;1~3;Browsing~Education~Social Media~Gaming~Other;1~10;4~9;10.0
17~18;Other;7~10;5~8;5~6;55~75;1~6;1~2;7~9;8~10;1~9;0~1;0~1;25~137;10~20;1~5;0~2;1~3;Browsing~Education~Social Media~Gaming~Other;1~10;4~9;10.0
17~19;Female~Other;7~10;5~9;3~6;51~75;8~10;0~1;1~4;2~10;1~10;0~1;0~1;23~137;7~20;1~3;0~2;0~2;Browsing~Education~Social Media~Gaming~Other;1~10;2~6;10.0
17~19;Female~Other;7~10;5~9;3~6;51~75;8~10;0~1;1~4;2~10;1~10;0~1;0~1;23~137;7~20;1~3;0~2;0~2;Browsing~Education~Social Media~Gaming~Other;1~10;2~6;10.0
17~19;Female~Other;7~10;5~9;3~6;51~75;8~10;0~1;1~4;2~10;1~10;0~1;0~1;23~137;7~20;1~3;0~2;0~2;Browsing~Education~Social Media~Gaming~Other;1~10;2~6;9.5
17~19;Female~Other;7~10;5~9;3~6;51~75;8~10;0~1;1~4;2~10;1~10;0~1;0~1;23~137;7~20;1~3;0~2;0~2;Browsing~Education~Social Media~Gaming~Other;1~10;2~6;10.0
17~19;Female~Other;7~10;5~9;3~6;51~75;8~10;0~1;1~4;2~10;1~10;0~1;0~1;23~137;7~20;1~3;0~2;0~2;Browsing~Education~Social Media~Gaming~Other;1~10;2~6;9.7
17~19;Female~Other;7~10;5~9;3~6;51~75;8~10;0~1;1~4;2~10;1~10;0~1;0~1;23~137;7~20;1~3;0~2;0~2;Browsing~Education~Social Media~Gaming~Other;1~10;2~6;10.0
17~19;Female~Other;7~10;5~9;3~6;51~75;8~10;0~1;1~4;2~10;1~10;0~1;0~1;23~137;7~20;1~3;0~2;0~2;Browsing~Education~Social Media~Gaming~Other;1~10;2~6;10.0
17~19;Female~Other;7~10;5~9;3~6;51~75;8~10;0~1;1~4;2~10;1~10;0~1;0~1;23~137;7~20;1~3;0~2;0~2;Browsing~Education~Social Media~Gaming~Other;1~10;2~6;10.0
17~19;Female~Other;7~10;5~9;3~6;51~75;8~10;0~1;1~4;2~10;1~10;0~1;0~1;23~137;7~20;1~3;0~2;0~2;Browsing~Education~Social Media~Gaming~Other;1~10;2~6;10.0
17~19;Female~Other;7~9;5~8;4~6;52~75;7~10;0~1;5~10;4~10;1~10;0~1;0~1;24~141;6~18;1~3;0~3;0~2;Browsing~Education~Social Media~Gaming;2~9;4~8;8.6
17~19;Female~Other;7~9;5~8;4~6;52~75;7~10;0~1;5~10;4~10;1~10;0~1;0~1;24~141;6~18;1~3;0~3;0~2;Browsing~Education~Social Media~Gaming;2~9;4~8;10.0
17~19;Female~Other;7~9;5~8;4~6;52~75;7~10;0~1;5~10;4~10;1~10;0~1;0~1;24~141;6~18;1~3;0~3;0~2;Browsing~Education~Social Media~Gaming;2~9;4~8;7.5
17~19;Female~Other;7~9;5~8;4~6;52~75;7~10;0~1;5~10;4~10;1~10;0~1;0~1;24~141;6~18;1~3;0~3;0~2;Browsing~Education~Social Media~Gaming;2~9;4~8;10.0
17~19;Female~Other;7~9;5~8;4~6;52~75;7~10;0~1;5~10;4~10;1~10;0~1;0~1;24~141;6~18;1~3;0~3;0~2;Browsing~Education~Social Media~Gaming;2~9;4~8;10.0
17~19;Female~Other;7~9;5~8;4~6;52~75;7~10;0~1;5~10;4~10;1~10;0~1;0~1;24~141;6~18;1~3;0~3;0~2;Browsing~Education~Social Media~Gaming;2~9;4~8;10.0
17~19;Female~Other;7~10;5~8;3~6;52~74;7~10;1~1;1~4;2~9;1~10;0~1;0~1;45~132;5~19;1~4;0~2;0~2;Browsing~Education~Social Media~Gaming~Other;3~9;3~6;10.0
17~19;Female~Other;7~10;5~8;3~6;52~74;7~10;1~1;1~4;2~9;1~10;0~1;0~1;45~132;5~19;1~4;0~2;0~2;Browsing~Education~Social Media~Gaming~Other;3~9;3~6;9.3
17~19;Female~Other;7~10;5~8;3~6;52~74;7~10;1~1;1~4;2~9;1~10;0~1;0~1;45~132;5~19;1~4;0~2;0~2;Browsing~Education~Social Media~Gaming~Other;3~9;3~6;10.0
17~19;Female~Other;7~10;5~8;3~6;52~74;7~10;1~1;1~4;2~9;1~10;0~1;0~1;45~132;5~19;1~4;0~2;0~2;Browsing~Education~Social Media~Gaming~Other;3~9;3~6;10.0
17~19;Female~Other;7~10;5~8;3~6;52~74;7~10;1~1;1~4;2~9;1~10;0~1;0~1;45~132;5~19;1~4;0~2;0~2;Browsing~Education~Social Media~Gaming~Other;3~9;3~6;10.0
17~19;Female~Other;7~10;5~8;3~6;52~74;7~10;1~1;1~4;2~9;1~10;0~1;0~1;45~132;5~19;1~4;0~2;0~2;Browsing~Education~Social Media~Gaming~Other;3~9;3~6;10.0
17~19;Female~Other;7~10;5~8;3~6;52~74;7~10;1~1;1~4;2~9;1~10;0~1;0~1;45~132;5~19;1~4;0~2;0~2;Browsing~Education~Social Media~Gaming~Other;3~9;3~6;10.0
17~19;Female~Other;7~10;5~7;5~6;55~75;7~10;1~2;5~10;3~6;4~9;0~1;0~2;47~135;5~20;0~4;0~3;0~1;Education~Social Media~Gaming~Other;2~10;3~7;10.0
17~19;Female~Other;7~10;5~7;5~6;55~75;7~10;1~2;5~10;3~6;4~9;0~1;0~2;47~135;5~20;0~4;0~3;0~1;Education~Social Media~Gaming~Other;2~10;3~7;9.1
17~19;Female~Other;7~10;5~7;5~6;55~75;7~10;1~2;5~10;3~6;4~9;0~1;0~2;47~135;5~20;0~4;0~3;0~1;Education~Social Media~Gaming~Other;2~10;3~7;10.0
17~19;Female~Other;7~10;5~7;5~6;55~75;7~10;1~2;5~10;3~6;4~9;0~1;0~2;47~135;5~20;0~4;0~3;0~1;Education~Social Media~Gaming~Other;2~10;3~7;10.0
17~19;Female~Other;7~10;5~7;5~6;55~75;7~10;1~2;5~10;3~6;4~9;0~1;0~2;47~135;5~20;0~4;0~3;0~1;Education~Social Media~Gaming~Other;2~10;3~7;10.0
17~19;Female~Other;7~10;5~7;5~6;55~75;7~10;1~2;5~10;3~6;4~9;0~1;0~2;47~135;5~20;0~4;0~3;0~1;Education~Social Media~Gaming~Other;2~10;3~7;10.0
17~19;Female~Other;7~10;5~7;5~6;55~75;7~10;1~2;5~10;3~6;4~9;0~1;0~2;47~135;5~20;0~4;0~3;0~1;Education~Social Media~Gaming~Other;2~10;3~7;10.0
17~19;Female~Other;7~10;5~7;5~6;82~98;0~6;0~0;1~6;1~4;3~8;0~1;0~1;45~145;6~15;1~4;0~2;0~2;Browsing~Education~Social Media~Gaming;1~8;5~9;10.0
17~19;Female~Other;7~10;5~7;5~6;82~98;0~6;0~0;1~6;1~4;3~8;0~1;0~1;45~145;6~15;1~4;0~2;0~2;Browsing~Education~Social Media~Gaming;1~8;5~9;10.0
17~19;Female~Other;7~10;5~7;5~6;82~98;0~6;0~0;1~6;1~4;3~8;0~1;0~1;45~145;6~15;1~4;0~2;0~2;Browsing~Education~Social Media~Gaming;1~8;5~9;7.5
17~19;Female~Other;7~10;5~7;5~6;82~98;0~6;0~0;1~6;1~4;3~8;0~1;0~1;45~145;6~15;1~4;0~2;0~2;Browsing~Education~Social Media~Gaming;1~8;5~9;9.7
17~19;Female~Other;7~10;5~7;5~6;82~98;0~6;0~0;1~6;1~4;3~8;0~1;0~1;45~145;6~15;1~4;0~2;0~2;Browsing~Education~Social Media~Gaming;1~8;5~9;10.0
17~19;Female~Other;7~10;5~7;5~6;82~98;0~6;0~0;1~6;1~4;3~8;0~1;0~1;45~145;6~15;1~4;0~2;0~2;Browsing~Education~Social Media~Gaming;1~8;5~9;10.0
17~19;Female~Other;8~10;5~8;5~6;78~99;2~6;0~0;3~6;5~10;1~9;0~1;0~1;60~121;11~20;0~5;0~2;0~1;Browsing~Education~Social Media~Gaming~Other;1~10;3~10;10.0
17~19;Female~Other;8~10;5~8;5~6;78~99;2~6;0~0;3~6;5~10;1~9;0~1;0~1;60~121;11~20;0~5;0~2;0~1;Browsing~Education~Social Media~Gaming~Other;1~10;3~10;10.0
17~19;Female~Other;8~10;5~8;5~6;78~99;2~6;0~0;3~6;5~10;1~9;0~1;0~1;60~121;11~20;0~5;0~2;0~1;Browsing~Education~Social Media~Gaming~Other;1~10;3~10;10.0
17~19;Female~Other;8~10;5~8;5~6;78~99;2~6;0~0;3~6;5~10;1~9;0~1;0~1;60~121;11~20;0~5;0~2;0~1;Browsing~Education~Social Media~Gaming~Other;1~10;3~10;10.0
17~19;Female~Other;8~10;5~8;5~6;78~99;2~6;0~0;3~6;5~10;1~9;0~1;0~1;60~121;11~20;0~5;0~2;0~1;Browsing~Education~Social Media~Gaming~Other;1~10;3~10;10.0
17~19;Female~Other;8~10;5~8;5~6;78~99;2~6;0~0;3~6;5~10;1~9;0~1;0~1;60~121;11~20;0~5;0~2;0~1;Browsing~Education~Social Media~Gaming~Other;1~10;3~10;10.0
17~19;Female~Other;7~10;5~7;3~6;86~98;1~6;0~0;8~10;1~9;4~9;1;0~1;34~138;5~20;0~4;0~3;0~2;Browsing~Education~Social Media~Gaming~Other;2~8;2~7;10.0
17~19;Female~Other;7~10;5~7;3~6;86~98;1~6;0~0;8~10;1~9;4~9;1;0~1;34~138;5~20;0~4;0~3;0~2;Browsing~Education~Social Media~Gaming~Other;2~8;2~7;10.0
17~19;Female~Other;7~10;5~7;3~6;86~98;1~6;0~0;8~10;1~9;4~9;1;0~1;34~138;5~20;0~4;0~3;0~2;Browsing~Education~Social Media~Gaming~Other;2~8;2~7;8.0
17~19;Female~Other;7~10;5~7;3~6;86~98;1~6;0~0;8~10;1~9;4~9;1;0~1;34~138;5~20;0~4;0~3;0~2;Browsing~Education~Social Media~Gaming~Other;2~8;2~7;10.0
17~19;Female~Other;7~10;5~7;3~6;86~98;1~6;0~0;8~10;1~9;4~9;1;0~1;34~138;5~20;0~4;0~3;0~2;Browsing~Education~Social Media~Gaming~Other;2~8;2~7;10.0
17~19;Female~Other;7~10;5~7;3~6;86~98;1~6;0~0;8~10;1~9;4~9;1;0~1;34~138;5~20;0~4;0~3;0~2;Browsing~Education~Social Media~Gaming~Other;2~8;2~7;10.0
17~19;Female~Other;7~10;5~7;3~6;86~98;1~6;0~0;8~10;1~9;4~9;1;0~1;34~138;5~20;0~4;0~3;0~2;Browsing~Education~Social Media~Gaming~Other;2~8;2~7;10.0
17~19;Female~Other;7~9;6~7;4~6;85~100;0~6;1~1;1~6;2~6;5~7;0~1;0~1;27~137;5~17;0~3;0~2;0~1;Social Media~Gaming~Other;2~8;5~10;10.0
17~19;Female~Other;7~9;6~7;4~6;85~100;0~6;1~1;1~6;2~6;5~7;0~1;0~1;27~137;5~17;0~3;0~2;0~1;Social Media~Gaming~Other;2~8;5~10;8.6
17~19;Female~Other;7~9;6~7;4~6;85~100;0~6;1~1;1~6;2~6;5~7;0~1;0~1;27~137;5~17;0~3;0~2;0~1;Social Media~Gaming~Other;2~8;5~10;8.8
17~19;Female~Other;7~9;6~7;4~6;85~100;0~6;1~1;1~6;2~6;5~7;0~1;0~1;27~137;5~17;0~3;0~2;0~1;Social Media~Gaming~Other;2~8;5~10;10.0
17~19;Female~Other;7~9;6~7;4~6;85~100;0~6;1~1;1~6;2~6;5~7;0~1;0~1;27~137;5~17;0~3;0~2;0~1;Social Media~Gaming~Other;2~8;5~10;10.0
17~19;Female~Other;7~9;5~8;3~6;82~91;2~6;1~1;7~10;1~6;3~10;0;0~0;26~118;7~18;1~4;0~2;0~1;Education~Social Media~Gaming~Other;3~10;2~9;10.0
17~19;Female~Other;7~9;5~8;3~6;82~91;2~6;1~1;7~10;1~6;3~10;0;0~0;26~118;7~18;1~4;0~2;0~1;Education~Social Media~Gaming~Other;3~10;2~9;10.0
17~19;Female~Other;7~9;5~8;3~6;82~91;2~6;1~1;7~10;1~6;3~10;0;0~0;26~118;7~18;1~4;0~2;0~1;Education~Social Media~Gaming~Other;3~10;2~9;10.0
17~19;Female~Other;7~9;5~8;3~6;82~91;2~6;1~1;7~10;1~6;3~10;0;0~0;26~118;7~18;1~4;0~2;0~1;Education~Social Media~Gaming~Other;3~10;2~9;9.8
17~19;Female~Other;7~9;5~8;3~6;82~91;2~6;1~1;7~10;1~6;3~10;0;0~0;26~118;7~18;1~4;0~2;0~1;Education~Social Media~Gaming~Other;3~10;2~9;10.0
17~19;Female~Other;7~10;5~9;3~6;76~100;0~6;1~2;2~10;7~10;2~9;0~1;0~1;50~109;8~18;1~4;0~3;0~1;Education~Social Media~Gaming;3~10;4~11;10.0
17~19;Female~Other;7~10;5~9;3~6;76~100;0~6;1~2;2~10;7~10;2~9;0~1;0~1;50~109;8~18;1~4;0~3;0~1;Education~Social Media~Gaming;3~10;4~11;10.0
17~19;Female~Other;7~10;5~9;3~6;76~100;0~6;1~2;2~10;7~10;2~9;0~1;0~1;50~109;8~18;1~4;0~3;0~1;Education~Social Media~Gaming;3~10;4~11;10.0
17~19;Female~Other;7~10;5~9;3~6;76~100;0~6;1~2;2~10;7~10;2~9;0~1;0~1;50~109;8~18;1~4;0~3;0~1;Education~Social Media~Gaming;3~10;4~11;10.0
17~19;Female~Other;7~10;5~9;3~6;76~100;0~6;1~2;2~10;7~10;2~9;0~1;0~1;50~109;8~18;1~4;0~3;0~1;Education~Social Media~Gaming;3~10;4~11;10.0
17~19;Female~Other;7~10;5~9;3~6;76~100;0~6;1~2;2~10;7~10;2~9;0~1;0~1;50~109;8~18;1~4;0~3;0~1;Education~Social Media~Gaming;3~10;4~11;10.0
17~19;Female~Other;7~10;5~9;3~6;76~100;0~6;1~2;2~10;7~10;2~9;0~1;0~1;50~109;8~18;1~4;0~3;0~1;Education~Social Media~Gaming;3~10;4~11;10.0
17~19;Female~Other;7~10;5~9;3~6;76~100;0~6;1~2;2~10;7~10;2~9;0~1;0~1;50~109;8~18;1~4;0~3;0~1;Education~Social Media~Gaming;3~10;4~11;10.0
18~19;Female~Other;8~9;5~7;3~5;82~93;8~10;0~0;1~7;6~10;3~10;0~1;0~1;20~146;5~20;0~3;0~4;1~1;Social Media~Gaming~Other;1~10;3~7;10.0
18~19;Female~Other;8~9;5~7;3~5;82~93;8~10;0~0;1~7;6~10;3~10;0~1;0~1;20~146;5~20;0~3;0~4;1~1;Social Media~Gaming~Other;1~10;3~7;10.0
18~19;Female~Other;8~9;5~7;3~5;82~93;8~10;0~0;1~7;6~10;3~10;0~1;0~1;20~146;5~20;0~3;0~4;1~1;Social Media~Gaming~Other;1~10;3~7;10.0
18~19;Female~Other;8~9;5~7;3~5;82~93;8~10;0~0;1~7;6~10;3~10;0~1;0~1;20~146;5~20;0~3;0~4;1~1;Social Media~Gaming~Other;1~10;3~7;8.5
18~19;Female~Other;8~9;5~7;3~5;82~93;8~10;0~0;1~7;6~10;3~10;0~1;0~1;20~146;5~20;0~3;0~4;1~1;Social Media~Gaming~Other;1~10;3~7;9.3
17~19;Female~Other;7~10;5~7;3~6;80~95;7~10;0~0;8~10;2~10;2~7;0~1;0~2;50~129;6~20;1~4;0~2;0~1;Browsing~Education;3~10;1~10;9.0
17~19;Female~Other;7~10;5~7;3~6;80~95;7~10;0~0;8~10;2~10;2~7;0~1;0~2;50~129;6~20;1~4;0~2;0~1;Browsing~Education;3~10;1~10;10.0
17~19;Female~Other;7~10;5~7;3~6;80~95;7~10;0~0;8~10;2~10;2~7;0~1;0~2;50~129;6~20;1~4;0~2;0~1;Browsing~Education;3~10;1~10;10.0
17~19;Female~Other;7~10;5~7;3~6;80~95;7~10;0~0;8~10;2~10;2~7;0~1;0~2;50~129;6~20;1~4;0~2;0~1;Browsing~Education;3~10;1~10;10.0
17~19;Female~Other;7~10;5~7;3~6;80~95;7~10;0~0;8~10;2~10;2~7;0~1;0~2;50~129;6~20;1~4;0~2;0~1;Browsing~Education;3~10;1~10;9.4
17~19;Female~Other;7~10;5~7;3~6;80~95;7~10;0~0;8~10;2~10;2~7;0~1;0~2;50~129;6~20;1~4;0~2;0~1;Browsing~Education;3~10;1~10;10.0
17~19;Female~Other;7~9;5~6;4~6;78~100;8~10;0~1;3~7;3~9;3~10;0~1;0~2;22~148;5~20;0~4;0~3;0~1;Browsing~Education~Social Media~Gaming~Other;1~8;4~9;7.8
17~19;Female~Other;7~9;5~6;4~6;78~100;8~10;0~1;3~7;3~9;3~10;0~1;0~2;22~148;5~20;0~4;0~3;0~1;Browsing~Education~Social Media~Gaming~Other;1~8;4~9;10.0
17~19;Female~Other;7~9;5~6;4~6;78~100;8~10;0~1;3~7;3~9;3~10;0~1;0~2;22~148;5~20;0~4;0~3;0~1;Browsing~Education~Social Media~Gaming~Other;1~8;4~9;10.0
17~19;Female~Other;7~9;5~6;4~6;78~100;8~10;0~1;3~7;3~9;3~10;0~1;0~2;22~148;5~20;0~4;0~3;0~1;Browsing~Education~Social Media~Gaming~Other;1~8;4~9;10.0
17~19;Female~Other;7~9;5~6;4~6;78~100;8~10;0~1;3~7;3~9;3~10;0~1;0~2;22~148;5~20;0~4;0~3;0~1;Browsing~Education~Social Media~Gaming~Other;1~8;4~9;10.0
17~19;Female~Other;7~9;5~6;4~6;78~100;8~10;0~1;3~7;3~9;3~10;0~1;0~2;22~148;5~20;0~4;0~3;0~1;Browsing~Education~Social Media~Gaming~Other;1~8;4~9;10.0
17~19;Female~Other;7~9;5~6;4~6;78~100;8~10;0~1;3~7;3~9;3~10;0~1;0~2;22~148;5~20;0~4;0~3;0~1;Browsing~Education~Social Media~Gaming~Other;1~8;4~9;8.2
17~19;Female~Other;7~9;5~7;5~6;83~98;7~8;0~1;8~9;4~10;1~7;0~1;0~1;75~147;11~18;1~2;0~1;0~2;Browsing~Education~Social Media~Gaming~Other;1~10;2~7;10.0
17~19;Female~Other;7~9;5~7;5~6;83~98;7~8;0~1;8~9;4~10;1~7;0~1;0~1;75~147;11~18;1~2;0~1;0~2;Browsing~Education~Social Media~Gaming~Other;1~10;2~7;10.0
17~19;Female~Other;7~9;5~7;5~6;83~98;7~8;0~1;8~9;4~10;1~7;0~1;0~1;75~147;11~18;1~2;0~1;0~2;Browsing~Education~Social Media~Gaming~Other;1~10;2~7;10.0
17~19;Female~Other;7~9;5~7;5~6;83~98;7~8;0~1;8~9;4~10;1~7;0~1;0~1;75~147;11~18;1~2;0~1;0~2;Browsing~Education~Social Media~Gaming~Other;1~10;2~7;10.0
17~19;Female~Other;7~9;5~7;5~6;83~98;7~8;0~1;8~9;4~10;1~7;0~1;0~1;75~147;11~18;1~2;0~1;0~2;Browsing~Education~Social Media~Gaming~Other;1~10;2~7;10.0
17~19;Female~Other;7~10;5~8;7~10;51~75;0~5;0~1;1~5;1~10;1~9;0~1;0~1;21~140;5~20;0~3;0~3;0~2;Browsing~Education~Social Media~Gaming;2~8;3~10;10.0
17~19;Female~Other;7~10;5~8;7~10;51~75;0~5;0~1;1~5;1~10;1~9;0~1;0~1;21~140;5~20;0~3;0~3;0~2;Browsing~Education~Social Media~Gaming;2~8;3~10;10.0
17~19;Female~Other;7~10;5~8;7~10;51~75;0~5;0~1;1~5;1~10;1~9;0~1;0~1;21~140;5~20;0~3;0~3;0~2;Browsing~Education~Social Media~Gaming;2~8;3~10;10.0
17~19;Female~Other;7~10;5~8;7~10;51~75;0~5;0~1;1~5;1~10;1~9;0~1;0~1;21~140;5~20;0~3;0~3;0~2;Browsing~Education~Social Media~Gaming;2~8;3~10;10.0
17~19;Female~Other;7~10;5~8;7~10;51~75;0~5;0~1;1~5;1~10;1~9;0~1;0~1;21~140;5~20;0~3;0~3;0~2;Browsing~Education~Social Media~Gaming;2~8;3~10;10.0
17~19;Female~Other;7~10;5~8;7~10;51~75;0~5;0~1;1~5;1~10;1~9;0~1;0~1;21~140;5~20;0~3;0~3;0~2;Browsing~Education~Social Media~Gaming;2~8;3~10;8.5
17~19;Female~Other;7~10;5~8;7~10;51~75;0~5;0~1;1~5;1~10;1~9;0~1;0~1;21~140;5~20;0~3;0~3;0~2;Browsing~Education~Social Media~Gaming;2~8;3~10;10.0
17~19;Female~Other;7~10;5~8;7~10;51~75;0~5;0~1;1~5;1~10;1~9;0~1;0~1;21~140;5~20;0~3;0~3;0~2;Browsing~Education~Social Media~Gaming;2~8;3~10;10.0
17~19;Female~Other;7~10;5~8;7~10;51~75;0~5;0~1;1~5;1~10;1~9;0~1;0~1;21~140;5~20;0~3;0~3;0~2;Browsing~Education~Social Media~Gaming;2~8;3~10;10.0
17~19;Female~Other;7~10;5~10;6~8;51~70;0~5;0~0;6~10;4~9;2~9;0~1;0~1;62~143;6~20;1~4;0~2;0~2;Browsing~Education~Social Media~Gaming~Other;1~10;3~8;7.6
17~19;Female~Other;7~10;5~10;6~8;51~70;0~5;0~0;6~10;4~9;2~9;0~1;0~1;62~143;6~20;1~4;0~2;0~2;Browsing~Education~Social Media~Gaming~Other;1~10;3~8;10.0
17~19;Female~Other;7~10;5~10;6~8;51~70;0~5;0~0;6~10;4~9;2~9;0~1;0~1;62~143;6~20;1~4;0~2;0~2;Browsing~Education~Social Media~Gaming~Other;1~10;3~8;10.0
17~19;Female~Other;7~10;5~10;6~8;51~70;0~5;0~0;6~10;4~9;2~9;0~1;0~1;62~143;6~20;1~4;0~2;0~2;Browsing~Education~Social Media~Gaming~Other;1~10;3~8;10.0
17~19;Female~Other;7~10;5~10;6~8;51~70;0~5;0~0;6~10;4~9;2~9;0~1;0~1;62~143;6~20;1~4;0~2;0~2;Browsing~Education~Social Media~Gaming~Other;1~10;3~8;10.0
17~19;Female~Other;7~10;5~10;6~8;51~70;0~5;0~0;6~10;4~9;2~9;0~1;0~1;62~143;6~20;1~4;0~2;0~2;Browsing~Education~Social Media~Gaming~Other;1~10;3~8;10.0
17~19;Female~Other;7~10;5~10;6~8;51~70;0~5;0~0;6~10;4~9;2~9;0~1;0~1;62~143;6~20;1~4;0~2;0~2;Browsing~Education~Social Media~Gaming~Other;1~10;3~8;10.0
17~19;Female~Other;7~10;5~10;6~8;51~70;0~5;0~0;6~10;4~9;2~9;0~1;0~1;62~143;6~20;1~4;0~2;0~2;Browsing~Education~Social Media~Gaming~Other;1~10;3~8;10.0
17~19;Female~Other;7~10;5~10;6~8;51~70;0~5;0~0;6~10;4~9;2~9;0~1;0~1;62~143;6~20;1~4;0~2;0~2;Browsing~Education~Social Media~Gaming~Other;1~10;3~8;10.0
17~18;Female~Other;7~9;5~7;7~10;59~76;0~4;1~2;1~6;1~8;1~2;0~1;0~1;26~129;7~20;0~4;1~3;0~2;Browsing~Education~Social Media~Gaming~Other;3~10;3~9;10.0
17~18;Female~Other;7~9;5~7;7~10;59~76;0~4;1~2;1~6;1~8;1~2;0~1;0~1;26~129;7~20;0~4;1~3;0~2;Browsing~Education~Social Media~Gaming~Other;3~10;3~9;10.0
17~18;Female~Other;7~9;5~7;7~10;59~76;0~4;1~2;1~6;1~8;1~2;0~1;0~1;26~129;7~20;0~4;1~3;0~2;Browsing~Education~Social Media~Gaming~Other;3~10;3~9;10.0
17~18;Female~Other;7~9;5~7;7~10;59~76;0~4;1~2;1~6;1~8;1~2;0~1;0~1;26~129;7~20;0~4;1~3;0~2;Browsing~Education~Social Media~Gaming~Other;3~10;3~9;10.0
17~18;Female~Other;7~9;5~7;7~10;59~76;0~4;1~2;1~6;1~8;1~2;0~1;0~1;26~129;7~20;0~4;1~3;0~2;Browsing~Education~Social Media~Gaming~Other;3~10;3~9;8.2
18~19;Female~Other;7~10;5~8;6~8;51~75;0~5;1~2;1~6;6~10;3~8;1;0~1;23~100;10~18;0~2;0~2;0~0;Browsing~Education~Social Media~Gaming~Other;3~7;3~7;8.6
18~19;Female~Other;7~10;5~8;6~8;51~75;0~5;1~2;1~6;6~10;3~8;1;0~1;23~100;10~18;0~2;0~2;0~0;Browsing~Education~Social Media~Gaming~Other;3~7;3~7;8.8
18~19;Female~Other;7~10;5~8;6~8;51~75;0~5;1~2;1~6;6~10;3~8;1;0~1;23~100;10~18;0~2;0~2;0~0;Browsing~Education~Social Media~Gaming~Other;3~7;3~7;10.0
18~19;Female~Other;7~10;5~8;6~8;51~75;0~5;1~2;1~6;6~10;3~8;1;0~1;23~100;10~18;0~2;0~2;0~0;Browsing~Education~Social Media~Gaming~Other;3~7;3~7;10.0
18~19;Female~Other;7~10;5~8;6~8;51~75;0~5;1~2;1~6;6~10;3~8;1;0~1;23~100;10~18;0~2;0~2;0~0;Browsing~Education~Social Media~Gaming~Other;3~7;3~7;6.8
17~19;Female~Other;7~10;5~8;6~8;50~76;0~5;1~2;7~10;1~10;1~10;0~1;0~1;27~150;5~20;0~3;0~2;0~2;Education~Social Media~Gaming~Other;1~10;1~9;9.7
17~19;Female~Other;7~10;5~8;6~8;50~76;0~5;1~2;7~10;1~10;1~10;0~1;0~1;27~150;5~20;0~3;0~2;0~2;Education~Social Media~Gaming~Other;1~10;1~9;7.6
17~19;Female~Other;7~10;5~8;6~8;50~76;0~5;1~2;7~10;1~10;1~10;0~1;0~1;27~150;5~20;0~3;0~2;0~2;Education~Social Media~Gaming~Other;1~10;1~9;10.0
17~19;Female~Other;7~10;5~8;6~8;50~76;0~5;1~2;7~10;1~10;1~10;0~1;0~1;27~150;5~20;0~3;0~2;0~2;Education~Social Media~Gaming~Other;1~10;1~9;8.3
17~19;Female~Other;7~10;5~8;6~8;50~76;0~5;1~2;7~10;1~10;1~10;0~1;0~1;27~150;5~20;0~3;0~2;0~2;Education~Social Media~Gaming~Other;1~10;1~9;10.0
17~19;Female~Other;7~10;5~8;6~8;50~76;0~5;1~2;7~10;1~10;1~10;0~1;0~1;27~150;5~20;0~3;0~2;0~2;Education~Social Media~Gaming~Other;1~10;1~9;10.0
17~19;Female~Other;7~10;5~8;6~8;50~76;0~5;1~2;7~10;1~10;1~10;0~1;0~1;27~150;5~20;0~3;0~2;0~2;Education~Social Media~Gaming~Other;1~10;1~9;10.0
17~19;Female~Other;7~10;5~8;6~8;50~76;0~5;1~2;7~10;1~10;1~10;0~1;0~1;27~150;5~20;0~3;0~2;0~2;Education~Social Media~Gaming~Other;1~10;1~9;10.0
17~19;Female~Other;7~10;5~8;6~8;50~76;0~5;1~2;7~10;1~10;1~10;0~1;0~1;27~150;5~20;0~3;0~2;0~2;Education~Social Media~Gaming~Other;1~10;1~9;10.0
17~18;Female~Other;7~9;5~8;7~9;54~76;6~10;0~1;1~5;1~10;1~10;0~1;0~2;26~150;6~20;0~3;0~2;0~2;Education~Social Media~Gaming~Other;1~9;2~8;10.0
17~18;Female~Other;7~9;5~8;7~9;54~76;6~10;0~1;1~5;1~10;1~10;0~1;0~2;26~150;6~20;0~3;0~2;0~2;Education~Social Media~Gaming~Other;1~9;2~8;10.0
17~18;Female~Other;7~9;5~8;7~9;54~76;6~10;0~1;1~5;1~10;1~10;0~1;0~2;26~150;6~20;0~3;0~2;0~2;Education~Social Media~Gaming~Other;1~9;2~8;10.0
17~18;Female~Other;7~9;5~8;7~9;54~76;6~10;0~1;1~5;1~10;1~10;0~1;0~2;26~150;6~20;0~3;0~2;0~2;Education~Social Media~Gaming~Other;1~9;2~8;8.4
17~18;Female~Other;7~9;5~8;7~9;54~76;6~10;0~1;1~5;1~10;1~10;0~1;0~2;26~150;6~20;0~3;0~2;0~2;Education~Social Media~Gaming~Other;1~9;2~8;10.0
17~18;Female~Other;7~9;5~8;7~9;54~76;6~10;0~1;1~5;1~10;1~10;0~1;0~2;26~150;6~20;0~3;0~2;0~2;Education~Social Media~Gaming~Other;1~9;2~8;10.0
17~18;Female~Other;7~9;5~8;7~9;54~76;6~10;0~1;1~5;1~10;1~10;0~1;0~2;26~150;6~20;0~3;0~2;0~2;Education~Social Media~Gaming~Other;1~9;2~8;8.9
17~18;Female~Other;7~9;5~8;7~9;54~76;6~10;0~1;1~5;1~10;1~10;0~1;0~2;26~150;6~20;0~3;0~2;0~2;Education~Social Media~Gaming~Other;1~9;2~8;10.0
17~18;Female~Other;7~9;5~8;7~9;54~76;6~10;0~1;1~5;1~10;1~10;0~1;0~2;26~150;6~20;0~3;0~2;0~2;Education~Social Media~Gaming~Other;1~9;2~8;7.0
17~19;Female;7~10;5~7;6~8;51~73;6~10;0~0;6~7;1~5;1~10;0~1;0~1;25~108;6~20;1~3;1~2;0~1;Education~Social Media~Gaming~Other;2~6;2~7;9.8
17~19;Female;7~10;5~7;6~8;51~73;6~10;0~0;6~7;1~5;1~10;0~1;0~1;25~108;6~20;1~3;1~2;0~1;Education~Social Media~Gaming~Other;2~6;2~7;10.0
17~19;Female;7~10;5~7;6~8;51~73;6~10;0~0;6~7;1~5;1~10;0~1;0~1;25~108;6~20;1~3;1~2;0~1;Education~Social Media~Gaming~Other;2~6;2~7;10.0
17~19;Female;7~10;5~7;6~8;51~73;6~10;0~0;6~7;1~5;1~10;0~1;0~1;25~108;6~20;1~3;1~2;0~1;Education~Social Media~Gaming~Other;2~6;2~7;10.0
17~19;Female;7~10;5~7;6~8;51~73;6~10;0~0;6~7;1~5;1~10;0~1;0~1;25~108;6~20;1~3;1~2;0~1;Education~Social Media~Gaming~Other;2~6;2~7;10.0
17~19;Female~Other;7~8;5~9;6~8;50~67;7~10;0~1;6~10;6~10;1~7;0~1;0~1;43~132;8~19;0~2;0~2;0~1;Education~Social Media~Gaming~Other;1~9;3~8;9.7
17~19;Female~Other;7~8;5~9;6~8;50~67;7~10;0~1;6~10;6~10;1~7;0~1;0~1;43~132;8~19;0~2;0~2;0~1;Education~Social Media~Gaming~Other;1~9;3~8;10.0
17~19;Female~Other;7~8;5~9;6~8;50~67;7~10;0~1;6~10;6~10;1~7;0~1;0~1;43~132;8~19;0~2;0~2;0~1;Education~Social Media~Gaming~Other;1~9;3~8;10.0
17~19;Female~Other;7~8;5~9;6~8;50~67;7~10;0~1;6~10;6~10;1~7;0~1;0~1;43~132;8~19;0~2;0~2;0~1;Education~Social Media~Gaming~Other;1~9;3~8;10.0
17~19;Female~Other;7~8;5~9;6~8;50~67;7~10;0~1;6~10;6~10;1~7;0~1;0~1;43~132;8~19;0~2;0~2;0~1;Education~Social Media~Gaming~Other;1~9;3~8;8.6
17~19;Female~Other;7~9;5~8;6~8;50~63;6~10;1~2;1~4;4~10;2~10;0~1;0~1;61~141;10~20;0~3;0~1;0~1;Education~Social Media~Gaming;1~8;4~7;9.8
17~19;Female~Other;7~9;5~8;6~8;50~63;6~10;1~2;1~4;4~10;2~10;0~1;0~1;61~141;10~20;0~3;0~1;0~1;Education~Social Media~Gaming;1~8;4~7;10.0
17~19;Female~Other;7~9;5~8;6~8;50~63;6~10;1~2;1~4;4~10;2~10;0~1;0~1;61~141;10~20;0~3;0~1;0~1;Education~Social Media~Gaming;1~8;4~7;9.6
17~19;Female~Other;7~9;5~8;6~8;50~63;6~10;1~2;1~4;4~10;2~10;0~1;0~1;61~141;10~20;0~3;0~1;0~1;Education~Social Media~Gaming;1~8;4~7;10.0
17~19;Female~Other;7~9;5~8;6~8;50~63;6~10;1~2;1~4;4~10;2~10;0~1;0~1;61~141;10~20;0~3;0~1;0~1;Education~Social Media~Gaming;1~8;4~7;9.6
17~19;Female~Other;7~10;5~6;6~10;55~76;6~8;1~3;5~9;1~10;2~9;0~1;0~1;45~116;11~19;2~3;0~2;0~2;Browsing~Education~Social Media~Gaming~Other;2~9;3~8;10.0
17~19;Female~Other;7~10;5~6;6~10;55~76;6~8;1~3;5~9;1~10;2~9;0~1;0~1;45~116;11~19;2~3;0~2;0~2;Browsing~Education~Social Media~Gaming~Other;2~9;3~8;8.3
17~19;Female~Other;7~10;5~6;6~10;55~76;6~8;1~3;5~9;1~10;2~9;0~1;0~1;45~116;11~19;2~3;0~2;0~2;Browsing~Education~Social Media~Gaming~Other;2~9;3~8;10.0
17~19;Female~Other;7~10;5~6;6~10;55~76;6~8;1~3;5~9;1~10;2~9;0~1;0~1;45~116;11~19;2~3;0~2;0~2;Browsing~Education~Social Media~Gaming~Other;2~9;3~8;8.0
17~19;Female~Other;7~10;5~6;6~10;55~76;6~8;1~3;5~9;1~10;2~9;0~1;0~1;45~116;11~19;2~3;0~2;0~2;Browsing~Education~Social Media~Gaming~Other;2~9;3~8;10.0
17~19;Female~Other;7~10;5~6;6~10;55~76;6~8;1~3;5~9;1~10;2~9;0~1;0~1;45~116;11~19;2~3;0~2;0~2;Browsing~Education~Social Media~Gaming~Other;2~9;3~8;9.6
17~19;Female~Other;7~10;5~10;6~8;78~99;0~6;0~0;1~5;1~7;1~10;0~1;0~1;25~141;5~20;1~4;0~2;0~2;Browsing~Education~Social Media~Gaming~Other;1~9;3~9;10.0
17~19;Female~Other;7~10;5~10;6~8;78~99;0~6;0~0;1~5;1~7;1~10;0~1;0~1;25~141;5~20;1~4;0~2;0~2;Browsing~Education~Social Media~Gaming~Other;1~9;3~9;10.0
17~19;Female~Other;7~10;5~10;6~8;78~99;0~6;0~0;1~5;1~7;1~10;0~1;0~1;25~141;5~20;1~4;0~2;0~2;Browsing~Education~Social Media~Gaming~Other;1~9;3~9;10.0
17~19;Female~Other;7~10;5~10;6~8;78~99;0~6;0~0;1~5;1~7;1~10;0~1;0~1;25~141;5~20;1~4;0~2;0~2;Browsing~Education~Social Media~Gaming~Other;1~9;3~9;10.0
17~19;Female~Other;7~10;5~10;6~8;78~99;0~6;0~0;1~5;1~7;1~10;0~1;0~1;25~141;5~20;1~4;0~2;0~2;Browsing~Education~Social Media~Gaming~Other;1~9;3~9;10.0
17~19;Female~Other;7~10;5~10;6~8;78~99;0~6;0~0;1~5;1~7;1~10;0~1;0~1;25~141;5~20;1~4;0~2;0~2;Browsing~Education~Social Media~Gaming~Other;1~9;3~9;10.0
17~19;Female~Other;7~10;5~10;6~8;78~99;0~6;0~0;1~5;1~7;1~10;0~1;0~1;25~141;5~20;1~4;0~2;0~2;Browsing~Education~Social Media~Gaming~Other;1~9;3~9;10.0
17~19;Female~Other;7~10;5~10;6~8;78~99;0~6;0~0;1~5;1~7;1~10;0~1;0~1;25~141;5~20;1~4;0~2;0~2;Browsing~Education~Social Media~Gaming~Other;1~9;3~9;10.0
17~18;Female~Other;7~10;5~7;6~9;78~98;1~6;0~0;6~10;1~10;1~7;0~1;0~1;35~133;5~16;0~4;0~3;0~1;Browsing~Education~Social Media~Gaming~Other;1~5;4~10;6.4
17~18;Female~Other;7~10;5~7;6~9;78~98;1~6;0~0;6~10;1~10;1~7;0~1;0~1;35~133;5~16;0~4;0~3;0~1;Browsing~Education~Social Media~Gaming~Other;1~5;4~10;9.5
17~18;Female~Other;7~10;5~7;6~9;78~98;1~6;0~0;6~10;1~10;1~7;0~1;0~1;35~133;5~16;0~4;0~3;0~1;Browsing~Education~Social Media~Gaming~Other;1~5;4~10;10.0
17~18;Female~Other;7~10;5~7;6~9;78~98;1~6;0~0;6~10;1~10;1~7;0~1;0~1;35~133;5~16;0~4;0~3;0~1;Browsing~Education~Social Media~Gaming~Other;1~5;4~10;7.0
17~18;Female~Other;7~10;5~7;6~9;78~98;1~6;0~0;6~10;1~10;1~7;0~1;0~1;35~133;5~16;0~4;0~3;0~1;Browsing~Education~Social Media~Gaming~Other;1~5;4~10;9.9
17~18;Female~Other;7~10;5~7;6~9;78~98;1~6;0~0;6~10;1~10;1~7;0~1;0~1;35~133;5~16;0~4;0~3;0~1;Browsing~Education~Social Media~Gaming~Other;1~5;4~10;10.0
17~18;Female~Other;7~10;5~7;6~9;78~98;1~6;0~0;6~10;1~10;1~7;0~1;0~1;35~133;5~16;0~4;0~3;0~1;Browsing~Education~Social Media~Gaming~Other;1~5;4~10;10.0
17~18;Female~Other;7~10;5~7;6~9;78~98;1~6;0~0;6~10;1~10;1~7;0~1;0~1;35~133;5~16;0~4;0~3;0~1;Browsing~Education~Social Media~Gaming~Other;1~5;4~10;10.0
17~19;Female~Other;7~10;5~8;6~10;79~96;0~6;0~2;1~5;3~10;1~9;0~1;0~2;71~136;6~19;0~2;0~3;0~1;Browsing~Education~Social Media~Gaming~Other;2~10;2~8;8.6
17~19;Female~Other;7~10;5~8;6~10;79~96;0~6;0~2;1~5;3~10;1~9;0~1;0~2;71~136;6~19;0~2;0~3;0~1;Browsing~Education~Social Media~Gaming~Other;2~10;2~8;8.9
17~19;Female~Other;7~10;5~8;6~10;79~96;0~6;0~2;1~5;3~10;1~9;0~1;0~2;71~136;6~19;0~2;0~3;0~1;Browsing~Education~Social Media~Gaming~Other;2~10;2~8;10.0
17~19;Female~Other;7~10;5~8;6~10;79~96;0~6;0~2;1~5;3~10;1~9;0~1;0~2;71~136;6~19;0~2;0~3;0~1;Browsing~Education~Social Media~Gaming~Other;2~10;2~8;10.0
17~19;Female~Other;7~10;5~8;6~10;79~96;0~6;0~2;1~5;3~10;1~9;0~1;0~2;71~136;6~19;0~2;0~3;0~1;Browsing~Education~Social Media~Gaming~Other;2~10;2~8;8.8
17~19;Female~Other;7~10;5~8;6~10;79~96;0~6;0~2;1~5;3~10;1~9;0~1;0~2;71~136;6~19;0~2;0~3;0~1;Browsing~Education~Social Media~Gaming~Other;2~10;2~8;9.9
17~19;Female~Other;7~10;5~8;6~10;79~96;0~6;0~2;1~5;3~10;1~9;0~1;0~2;71~136;6~19;0~2;0~3;0~1;Browsing~Education~Social Media~Gaming~Other;2~10;2~8;10.0
17~19;Female~Other;7~10;5~8;6~10;79~96;0~6;0~2;1~5;3~10;1~9;0~1;0~2;71~136;6~19;0~2;0~3;0~1;Browsing~Education~Social Media~Gaming~Other;2~10;2~8;10.0
17~19;Female~Other;8~10;5~8;7~10;79~100;0~5;0~1;6~10;4~9;1~8;0~1;0~1;24~134;5~19;1~4;0~3;0~2;Browsing~Education~Social Media~Gaming~Other;1~8;3~7;10.0
17~19;Female~Other;8~10;5~8;7~10;79~100;0~5;0~1;6~10;4~9;1~8;0~1;0~1;24~134;5~19;1~4;0~3;0~2;Browsing~Education~Social Media~Gaming~Other;1~8;3~7;10.0
17~19;Female~Other;8~10;5~8;7~10;79~100;0~5;0~1;6~10;4~9;1~8;0~1;0~1;24~134;5~19;1~4;0~3;0~2;Browsing~Education~Social Media~Gaming~Other;1~8;3~7;10.0
17~19;Female~Other;8~10;5~8;7~10;79~100;0~5;0~1;6~10;4~9;1~8;0~1;0~1;24~134;5~19;1~4;0~3;0~2;Browsing~Education~Social Media~Gaming~Other;1~8;3~7;5.8
17~19;Female~Other;8~10;5~8;7~10;79~100;0~5;0~1;6~10;4~9;1~8;0~1;0~1;24~134;5~19;1~4;0~3;0~2;Browsing~Education~Social Media~Gaming~Other;1~8;3~7;5.4
17~19;Female~Other;8~10;5~8;7~10;79~100;0~5;0~1;6~10;4~9;1~8;0~1;0~1;24~134;5~19;1~4;0~3;0~2;Browsing~Education~Social Media~Gaming~Other;1~8;3~7;10.0
17~19;Female~Other;8~10;5~8;7~10;79~100;0~5;0~1;6~10;4~9;1~8;0~1;0~1;24~134;5~19;1~4;0~3;0~2;Browsing~Education~Social Media~Gaming~Other;1~8;3~7;10.0
17~19;Female~Other;8~10;5~8;7~10;79~100;0~5;0~1;6~10;4~9;1~8;0~1;0~1;24~134;5~19;1~4;0~3;0~2;Browsing~Education~Social Media~Gaming~Other;1~8;3~7;10.0
17~19;Female~Other;8~10;5~8;7~10;79~100;0~5;0~1;6~10;4~9;1~8;0~1;0~1;24~134;5~19;1~4;0~3;0~2;Browsing~Education~Social Media~Gaming~Other;1~8;3~7;9.7
17~19;Female~Other;7~10;5~8;6~7;77~99;7~10;0~1;1~4;1~9;1~9;0~1;0~1;39~103;7~14;1~5;0~3;0~2;Browsing~Education~Social Media~Gaming~Other;2~8;2~8;7.4
17~19;Female~Other;7~10;5~8;6~7;77~99;7~10;0~1;1~4;1~9;1~9;0~1;0~1;39~103;7~14;1~5;0~3;0~2;Browsing~Education~Social Media~Gaming~Other;2~8;2~8;7.8
17~19;Female~Other;7~10;5~8;6~7;77~99;7~10;0~1;1~4;1~9;1~9;0~1;0~1;39~103;7~14;1~5;0~3;0~2;Browsing~Education~Social Media~Gaming~Other;2~8;2~8;9.3
17~19;Female~Other;7~10;5~8;6~7;77~99;7~10;0~1;1~4;1~9;1~9;0~1;0~1;39~103;7~14;1~5;0~3;0~2;Browsing~Education~Social Media~Gaming~Other;2~8;2~8;10.0
17~19;Female~Other;7~10;5~8;6~7;77~99;7~10;0~1;1~4;1~9;1~9;0~1;0~1;39~103;7~14;1~5;0~3;0~2;Browsing~Education~Social Media~Gaming~Other;2~8;2~8;10.0
17~19;Female~Other;7~10;5~8;6~7;77~99;7~10;0~1;1~4;1~9;1~9;0~1;0~1;39~103;7~14;1~5;0~3;0~2;Browsing~Education~Social Media~Gaming~Other;2~8;2~8;8.1
17~19;Female~Other;7~10;5~8;6~7;77~99;7~10;0~1;1~4;1~9;1~9;0~1;0~1;39~103;7~14;1~5;0~3;0~2;Browsing~Education~Social Media~Gaming~Other;2~8;2~8;10.0
17~19;Female~Other;7~10;5~8;6~10;77~91;7~10;0~1;5~10;1~10;1~9;0~1;0~2;29~147;9~17;0~4;0~3;0~1;Browsing~Education~Social Media~Gaming;1~10;3~9;10.0
17~19;Female~Other;7~10;5~8;6~10;77~91;7~10;0~1;5~10;1~10;1~9;0~1;0~2;29~147;9~17;0~4;0~3;0~1;Browsing~Education~Social Media~Gaming;1~10;3~9;8.1
17~19;Female~Other;7~10;5~8;6~10;77~91;7~10;0~1;5~10;1~10;1~9;0~1;0~2;29~147;9~17;0~4;0~3;0~1;Browsing~Education~Social Media~Gaming;1~10;3~9;8.3
17~19;Female~Other;7~10;5~8;6~10;77~91;7~10;0~1;5~10;1~10;1~9;0~1;0~2;29~147;9~17;0~4;0~3;0~1;Browsing~Education~Social Media~Gaming;1~10;3~9;10.0
17~19;Female~Other;7~10;5~8;6~10;77~91;7~10;0~1;5~10;1~10;1~9;0~1;0~2;29~147;9~17;0~4;0~3;0~1;Browsing~Education~Social Media~Gaming;1~10;3~9;10.0
17~19;Female~Other;7~10;5~8;6~10;77~91;7~10;0~1;5~10;1~10;1~9;0~1;0~2;29~147;9~17;0~4;0~3;0~1;Browsing~Education~Social Media~Gaming;1~10;3~9;10.0
17~19;Female~Other;7~10;5~8;6~10;77~91;7~10;0~1;5~10;1~10;1~9;0~1;0~2;29~147;9~17;0~4;0~3;0~1;Browsing~Education~Social Media~Gaming;1~10;3~9;10.0
17~19;Female~Other;7~10;5~8;6~10;77~91;7~10;0~1;5~10;1~10;1~9;0~1;0~2;29~147;9~17;0~4;0~3;0~1;Browsing~Education~Social Media~Gaming;1~10;3~9;10.0
17~19;Female~Other;7~10;5~8;6~8;77~93;8~10;1~2;1~4;1~8;4~10;0~1;0~1;21~110;6~16;0~3;0~1;0~1;Browsing~Education~Social Media~Gaming;1~10;3~8;10.0
17~19;Female~Other;7~10;5~8;6~8;77~93;8~10;1~2;1~4;1~8;4~10;0~1;0~1;21~110;6~16;0~3;0~1;0~1;Browsing~Education~Social Media~Gaming;1~10;3~8;6.0
17~19;Female~Other;7~10;5~8;6~8;77~93;8~10;1~2;1~4;1~8;4~10;0~1;0~1;21~110;6~16;0~3;0~1;0~1;Browsing~Education~Social Media~Gaming;1~10;3~8;7.9
17~19;Female~Other;7~10;5~8;6~8;77~93;8~10;1~2;1~4;1~8;4~10;0~1;0~1;21~110;6~16;0~3;0~1;0~1;Browsing~Education~Social Media~Gaming;1~10;3~8;10.0
17~19;Female~Other;7~10;5~8;6~8;77~93;8~10;1~2;1~4;1~8;4~10;0~1;0~1;21~110;6~16;0~3;0~1;0~1;Browsing~Education~Social Media~Gaming;1~10;3~8;9.7
17~19;Female~Other;7~10;5~8;6~8;77~93;8~10;1~2;1~4;1~8;4~10;0~1;0~1;21~110;6~16;0~3;0~1;0~1;Browsing~Education~Social Media~Gaming;1~10;3~8;8.4
17~19;Female~Other;7~10;6~10;6~9;77~98;8~10;1~2;5~10;6~10;1~8;0~1;0~1;36~132;5~18;0~3;0~3;0~2;Browsing~Education~Social Media~Gaming~Other;1~9;4~9;10.0
17~19;Female~Other;7~10;6~10;6~9;77~98;8~10;1~2;5~10;6~10;1~8;0~1;0~1;36~132;5~18;0~3;0~3;0~2;Browsing~Education~Social Media~Gaming~Other;1~9;4~9;10.0
17~19;Female~Other;7~10;6~10;6~9;77~98;8~10;1~2;5~10;6~10;1~8;0~1;0~1;36~132;5~18;0~3;0~3;0~2;Browsing~Education~Social Media~Gaming~Other;1~9;4~9;9.1
17~19;Female~Other;7~10;6~10;6~9;77~98;8~10;1~2;5~10;6~10;1~8;0~1;0~1;36~132;5~18;0~3;0~3;0~2;Browsing~Education~Social Media~Gaming~Other;1~9;4~9;10.0
17~19;Female~Other;7~10;6~10;6~9;77~98;8~10;1~2;5~10;6~10;1~8;0~1;0~1;36~132;5~18;0~3;0~3;0~2;Browsing~Education~Social Media~Gaming~Other;1~9;4~9;10.0
17~19;Female~Other;7~10;6~10;6~9;77~98;8~10;1~2;5~10;6~10;1~8;0~1;0~1;36~132;5~18;0~3;0~3;0~2;Browsing~Education~Social Media~Gaming~Other;1~9;4~9;10.0
17~19;Female~Other;7~10;6~10;6~9;77~98;8~10;1~2;5~10;6~10;1~8;0~1;0~1;36~132;5~18;0~3;0~3;0~2;Browsing~Education~Social Media~Gaming~Other;1~9;4~9;9.2
17~19;Female~Other;11~12;1~4;5~6;50~69;1~6;0~0;1~2;3~8;2~9;0~1;0~1;51~149;5~18;0~4;0~2;0~2;Browsing~Education~Social Media~Gaming;1~8;5~11;10.0
17~19;Female~Other;11~12;1~4;5~6;50~69;1~6;0~0;1~2;3~8;2~9;0~1;0~1;51~149;5~18;0~4;0~2;0~2;Browsing~Education~Social Media~Gaming;1~8;5~11;6.0
17~19;Female~Other;11~12;1~4;5~6;50~69;1~6;0~0;1~2;3~8;2~9;0~1;0~1;51~149;5~18;0~4;0~2;0~2;Browsing~Education~Social Media~Gaming;1~8;5~11;8.8
17~19;Female~Other;11~12;1~4;5~6;50~69;1~6;0~0;1~2;3~8;2~9;0~1;0~1;51~149;5~18;0~4;0~2;0~2;Browsing~Education~Social Media~Gaming;1~8;5~11;8.7
17~19;Female~Other;11~12;1~4;5~6;50~69;1~6;0~0;1~2;3~8;2~9;0~1;0~1;51~149;5~18;0~4;0~2;0~2;Browsing~Education~Social Media~Gaming;1~8;5~11;8.7
17~19;Female~Other;11~12;0~4;3~5;53~77;0~5;0~0;3~10;1~10;1~8;0~1;0~1;23~135;9~14;2~4;0~2;0~2;Browsing~Education~Social Media~Gaming~Other;3~9;2~6;10.0
17~19;Female~Other;11~12;0~4;3~5;53~77;0~5;0~0;3~10;1~10;1~8;0~1;0~1;23~135;9~14;2~4;0~2;0~2;Browsing~Education~Social Media~Gaming~Other;3~9;2~6;7.8
17~19;Female~Other;11~12;0~4;3~5;53~77;0~5;0~0;3~10;1~10;1~8;0~1;0~1;23~135;9~14;2~4;0~2;0~2;Browsing~Education~Social Media~Gaming~Other;3~9;2~6;10.0
17~19;Female~Other;11~12;0~4;3~5;53~77;0~5;0~0;3~10;1~10;1~8;0~1;0~1;23~135;9~14;2~4;0~2;0~2;Browsing~Education~Social Media~Gaming~Other;3~9;2~6;9.7
17~19;Female~Other;11~12;0~4;3~5;53~77;0~5;0~0;3~10;1~10;1~8;0~1;0~1;23~135;9~14;2~4;0~2;0~2;Browsing~Education~Social Media~Gaming~Other;3~9;2~6;8.2
17~19;Female~Other;11~12;0~4;3~5;53~77;0~5;0~0;3~10;1~10;1~8;0~1;0~1;23~135;9~14;2~4;0~2;0~2;Browsing~Education~Social Media~Gaming~Other;3~9;2~6;9.6
18;Female~Other;11~12;0~4;4~6;51~78;0~6;1~2;1~10;1~5;1~5;0~1;0~1;27~127;8~18;0~3;0~3;0~1;Education~Social Media~Gaming~Other;4~8;5~10;10.0
18;Female~Other;11~12;0~4;4~6;51~78;0~6;1~2;1~10;1~5;1~5;0~1;0~1;27~127;8~18;0~3;0~3;0~1;Education~Social Media~Gaming~Other;4~8;5~10;6.6
18;Female~Other;11~12;0~4;4~6;51~78;0~6;1~2;1~10;1~5;1~5;0~1;0~1;27~127;8~18;0~3;0~3;0~1;Education~Social Media~Gaming~Other;4~8;5~10;10.0
18;Female~Other;11~12;0~4;4~6;51~78;0~6;1~2;1~10;1~5;1~5;0~1;0~1;27~127;8~18;0~3;0~3;0~1;Education~Social Media~Gaming~Other;4~8;5~10;4.2
18;Female~Other;11~12;0~4;4~6;51~78;0~6;1~2;1~10;1~5;1~5;0~1;0~1;27~127;8~18;0~3;0~3;0~1;Education~Social Media~Gaming~Other;4~8;5~10;8.0
17~19;Female~Other;11~12;2~4;4~6;50~74;1~6;0~1;1~10;6~9;1~9;0~1;0~1;45~131;10~20;1~3;0~2;0~2;Browsing~Education~Social Media~Gaming~Other;5~10;1~12;9.9
17~19;Female~Other;11~12;2~4;4~6;50~74;1~6;0~1;1~10;6~9;1~9;0~1;0~1;45~131;10~20;1~3;0~2;0~2;Browsing~Education~Social Media~Gaming~Other;5~10;1~12;10.0
17~19;Female~Other;11~12;2~4;4~6;50~74;1~6;0~1;1~10;6~9;1~9;0~1;0~1;45~131;10~20;1~3;0~2;0~2;Browsing~Education~Social Media~Gaming~Other;5~10;1~12;10.0
17~19;Female~Other;11~12;2~4;4~6;50~74;1~6;0~1;1~10;6~9;1~9;0~1;0~1;45~131;10~20;1~3;0~2;0~2;Browsing~Education~Social Media~Gaming~Other;5~10;1~12;9.6
17~19;Female~Other;11~12;2~4;4~6;50~74;1~6;0~1;1~10;6~9;1~9;0~1;0~1;45~131;10~20;1~3;0~2;0~2;Browsing~Education~Social Media~Gaming~Other;5~10;1~12;8.6
17~19;Female~Other;11~12;2~4;4~6;50~74;1~6;0~1;1~10;6~9;1~9;0~1;0~1;45~131;10~20;1~3;0~2;0~2;Browsing~Education~Social Media~Gaming~Other;5~10;1~12;6.4
17~19;Female~Other;11~12;2~4;3~6;51~75;7~10;0~1;1~9;3~10;1~10;0~1;0~1;36~143;5~16;0~3;0~2;0~3;Education~Social Media~Gaming~Other;5~10;4~7;5.0
17~19;Female~Other;11~12;2~4;3~6;51~75;7~10;0~1;1~9;3~10;1~10;0~1;0~1;36~143;5~16;0~3;0~2;0~3;Education~Social Media~Gaming~Other;5~10;4~7;10.0
17~19;Female~Other;11~12;2~4;3~6;51~75;7~10;0~1;1~9;3~10;1~10;0~1;0~1;36~143;5~16;0~3;0~2;0~3;Education~Social Media~Gaming~Other;5~10;4~7;9.6
17~19;Female~Other;11~12;2~4;3~6;51~75;7~10;0~1;1~9;3~10;1~10;0~1;0~1;36~143;5~16;0~3;0~2;0~3;Education~Social Media~Gaming~Other;5~10;4~7;6.4
17~19;Female~Other;11~12;2~4;3~6;51~75;7~10;0~1;1~9;3~10;1~10;0~1;0~1;36~143;5~16;0~3;0~2;0~3;Education~Social Media~Gaming~Other;5~10;4~7;10.0
17~19;Female~Other;11~12;2~4;3~6;51~75;7~10;0~1;1~9;3~10;1~10;0~1;0~1;36~143;5~16;0~3;0~2;0~3;Education~Social Media~Gaming~Other;5~10;4~7;10.0
17~19;Female~Other;11~12;2~4;3~6;51~75;7~10;0~1;1~9;3~10;1~10;0~1;0~1;36~143;5~16;0~3;0~2;0~3;Education~Social Media~Gaming~Other;5~10;4~7;7.0
18~19;Female~Other;11~12;1~4;3~6;56~78;7~10;1~2;2~9;2~10;1~10;0~1;0~1;49~144;6~20;0~5;0~2;0~1;Browsing~Education~Social Media~Gaming~Other;1~10;3~7;9.8
18~19;Female~Other;11~12;1~4;3~6;56~78;7~10;1~2;2~9;2~10;1~10;0~1;0~1;49~144;6~20;0~5;0~2;0~1;Browsing~Education~Social Media~Gaming~Other;1~10;3~7;10.0
18~19;Female~Other;11~12;1~4;3~6;56~78;7~10;1~2;2~9;2~10;1~10;0~1;0~1;49~144;6~20;0~5;0~2;0~1;Browsing~Education~Social Media~Gaming~Other;1~10;3~7;5.9
18~19;Female~Other;11~12;1~4;3~6;56~78;7~10;1~2;2~9;2~10;1~10;0~1;0~1;49~144;6~20;0~5;0~2;0~1;Browsing~Education~Social Media~Gaming~Other;1~10;3~7;10.0
18~19;Female~Other;11~12;1~4;3~6;56~78;7~10;1~2;2~9;2~10;1~10;0~1;0~1;49~144;6~20;0~5;0~2;0~1;Browsing~Education~Social Media~Gaming~Other;1~10;3~7;6.1
18~19;Female~Other;11~12;1~4;3~6;56~78;7~10;1~2;2~9;2~10;1~10;0~1;0~1;49~144;6~20;0~5;0~2;0~1;Browsing~Education~Social Media~Gaming~Other;1~10;3~7;6.4
18~19;Female~Other;11~12;1~4;3~6;56~78;7~10;1~2;2~9;2~10;1~10;0~1;0~1;49~144;6~20;0~5;0~2;0~1;Browsing~Education~Social Media~Gaming~Other;1~10;3~7;10.0
17~19;Female~Other;11~12;3~4;4~6;80~99;1~5;0~0;1~8;2~6;1~10;0~1;0~2;20~149;5~20;1~4;1~3;0~2;Browsing~Education~Social Media~Gaming~Other;3~9;2~7;10.0
17~19;Female~Other;11~12;3~4;4~6;80~99;1~5;0~0;1~8;2~6;1~10;0~1;0~2;20~149;5~20;1~4;1~3;0~2;Browsing~Education~Social Media~Gaming~Other;3~9;2~7;7.8
17~19;Female~Other;11~12;3~4;4~6;80~99;1~5;0~0;1~8;2~6;1~10;0~1;0~2;20~149;5~20;1~4;1~3;0~2;Browsing~Education~Social Media~Gaming~Other;3~9;2~7;9.4
17~19;Female~Other;11~12;3~4;4~6;80~99;1~5;0~0;1~8;2~6;1~10;0~1;0~2;20~149;5~20;1~4;1~3;0~2;Browsing~Education~Social Media~Gaming~Other;3~9;2~7;10.0
17~19;Female~Other;11~12;3~4;4~6;80~99;1~5;0~0;1~8;2~6;1~10;0~1;0~2;20~149;5~20;1~4;1~3;0~2;Browsing~Education~Social Media~Gaming~Other;3~9;2~7;10.0
17~18;Female~Other;11~12;1~4;4~6;79~98;1~5;0~0;5~10;7~10;2~9;0~1;0~1;53~118;9~19;1~3;0~3;0~1;Browsing~Education~Social Media~Gaming;4~9;4~8;8.8
17~18;Female~Other;11~12;1~4;4~6;79~98;1~5;0~0;5~10;7~10;2~9;0~1;0~1;53~118;9~19;1~3;0~3;0~1;Browsing~Education~Social Media~Gaming;4~9;4~8;10.0
17~18;Female~Other;11~12;1~4;4~6;79~98;1~5;0~0;5~10;7~10;2~9;0~1;0~1;53~118;9~19;1~3;0~3;0~1;Browsing~Education~Social Media~Gaming;4~9;4~8;9.3
17~18;Female~Other;11~12;1~4;4~6;79~98;1~5;0~0;5~10;7~10;2~9;0~1;0~1;53~118;9~19;1~3;0~3;0~1;Browsing~Education~Social Media~Gaming;4~9;4~8;4.9
17~18;Female~Other;11~12;1~4;4~6;79~98;1~5;0~0;5~10;7~10;2~9;0~1;0~1;53~118;9~19;1~3;0~3;0~1;Browsing~Education~Social Media~Gaming;4~9;4~8;8.4
17~18;Female~Other;11~12;1~4;4~6;79~98;1~5;0~0;5~10;7~10;2~9;0~1;0~1;53~118;9~19;1~3;0~3;0~1;Browsing~Education~Social Media~Gaming;4~9;4~8;8.8
18~19;Female~Other;12;1~4;5~6;80~89;0~5;1~2;1~3;1~8;3~10;0~1;0~2;23~148;8~19;0~2;1~3;0~1;Browsing~Education~Social Media~Gaming~Other;1~9;6~8;5.3
18~19;Female~Other;12;1~4;5~6;80~89;0~5;1~2;1~3;1~8;3~10;0~1;0~2;23~148;8~19;0~2;1~3;0~1;Browsing~Education~Social Media~Gaming~Other;1~9;6~8;10.0
18~19;Female~Other;12;1~4;5~6;80~89;0~5;1~2;1~3;1~8;3~10;0~1;0~2;23~148;8~19;0~2;1~3;0~1;Browsing~Education~Social Media~Gaming~Other;1~9;6~8;10.0
18~19;Female~Other;12;1~4;5~6;80~89;0~5;1~2;1~3;1~8;3~10;0~1;0~2;23~148;8~19;0~2;1~3;0~1;Browsing~Education~Social Media~Gaming~Other;1~9;6~8;6.2
18~19;Female~Other;12;1~4;5~6;80~89;0~5;1~2;1~3;1~8;3~10;0~1;0~2;23~148;8~19;0~2;1~3;0~1;Browsing~Education~Social Media~Gaming~Other;1~9;6~8;9.0
17~19;Female~Other;11~12;2~4;4~6;83~97;1~5;1~2;6~8;1~10;2~8;0~1;0~1;26~130;8~20;1~4;0~2;0~1;Browsing~Education~Social Media~Gaming~Other;2~9;3~11;10.0
17~19;Female~Other;11~12;2~4;4~6;83~97;1~5;1~2;6~8;1~10;2~8;0~1;0~1;26~130;8~20;1~4;0~2;0~1;Browsing~Education~Social Media~Gaming~Other;2~9;3~11;7.3
17~19;Female~Other;11~12;2~4;4~6;83~97;1~5;1~2;6~8;1~10;2~8;0~1;0~1;26~130;8~20;1~4;0~2;0~1;Browsing~Education~Social Media~Gaming~Other;2~9;3~11;10.0
17~19;Female~Other;11~12;2~4;4~6;83~97;1~5;1~2;6~8;1~10;2~8;0~1;0~1;26~130;8~20;1~4;0~2;0~1;Browsing~Education~Social Media~Gaming~Other;2~9;3~11;10.0
17~19;Female~Other;11~12;2~4;4~6;83~97;1~5;1~2;6~8;1~10;2~8;0~1;0~1;26~130;8~20;1~4;0~2;0~1;Browsing~Education~Social Media~Gaming~Other;2~9;3~11;9.4
17~19;Female~Other;11~12;2~4;4~6;83~97;1~5;1~2;6~8;1~10;2~8;0~1;0~1;26~130;8~20;1~4;0~2;0~1;Browsing~Education~Social Media~Gaming~Other;2~9;3~11;6.5
17~19;Female~Other;11~12;3~4;3~6;83~97;6~10;0~0;1~9;5~10;1~10;0~1;0~1;35~124;5~19;1~5;0~3;0~0;Browsing~Education~Social Media~Gaming;2~6;2~7;10.0
17~19;Female~Other;11~12;3~4;3~6;83~97;6~10;0~0;1~9;5~10;1~10;0~1;0~1;35~124;5~19;1~5;0~3;0~0;Browsing~Education~Social Media~Gaming;2~6;2~7;10.0
17~19;Female~Other;11~12;3~4;3~6;83~97;6~10;0~0;1~9;5~10;1~10;0~1;0~1;35~124;5~19;1~5;0~3;0~0;Browsing~Education~Social Media~Gaming;2~6;2~7;9.0
17~19;Female~Other;11~12;3~4;3~6;83~97;6~10;0~0;1~9;5~10;1~10;0~1;0~1;35~124;5~19;1~5;0~3;0~0;Browsing~Education~Social Media~Gaming;2~6;2~7;9.1
17~19;Female~Other;11~12;3~4;3~6;83~97;6~10;0~0;1~9;5~10;1~10;0~1;0~1;35~124;5~19;1~5;0~3;0~0;Browsing~Education~Social Media~Gaming;2~6;2~7;8.4
17~19;Female~Other;11~12;3~4;3~6;83~97;6~10;0~0;1~9;5~10;1~10;0~1;0~1;35~124;5~19;1~5;0~3;0~0;Browsing~Education~Social Media~Gaming;2~6;2~7;10.0
17~19;Female~Other;11~12;3~4;3~6;83~97;6~10;0~0;1~9;5~10;1~10;0~1;0~1;35~124;5~19;1~5;0~3;0~0;Browsing~Education~Social Media~Gaming;2~6;2~7;9.7
17~19;Female~Other;11~12;0~4;3~6;79~99;6~10;1~2;1~10;1~10;2~9;0~1;0~1;43~134;5~20;1~2;0~2;0~1;Browsing~Education~Social Media~Gaming~Other;1~10;2~6;9.1
17~19;Female~Other;11~12;0~4;3~6;79~99;6~10;1~2;1~10;1~10;2~9;0~1;0~1;43~134;5~20;1~2;0~2;0~1;Browsing~Education~Social Media~Gaming~Other;1~10;2~6;10.0
17~19;Female~Other;11~12;0~4;3~6;79~99;6~10;1~2;1~10;1~10;2~9;0~1;0~1;43~134;5~20;1~2;0~2;0~1;Browsing~Education~Social Media~Gaming~Other;1~10;2~6;8.3
17~19;Female~Other;11~12;0~4;3~6;79~99;6~10;1~2;1~10;1~10;2~9;0~1;0~1;43~134;5~20;1~2;0~2;0~1;Browsing~Education~Social Media~Gaming~Other;1~10;2~6;2.4
17~19;Female~Other;11~12;0~4;3~6;79~99;6~10;1~2;1~10;1~10;2~9;0~1;0~1;43~134;5~20;1~2;0~2;0~1;Browsing~Education~Social Media~Gaming~Other;1~10;2~6;10.0
17~19;Female~Other;11~12;0~4;3~6;79~99;6~10;1~2;1~10;1~10;2~9;0~1;0~1;43~134;5~20;1~2;0~2;0~1;Browsing~Education~Social Media~Gaming~Other;1~10;2~6;9.0
17~19;Female~Other;11~12;0~4;3~6;79~99;6~10;1~2;1~10;1~10;2~9;0~1;0~1;43~134;5~20;1~2;0~2;0~1;Browsing~Education~Social Media~Gaming~Other;1~10;2~6;10.0
17~19;Female;11~12;0~4;7~9;50~75;2~5;0~0;1~4;1~9;2~10;0~1;0~1;34~138;7~20;0~3;0~2;0~2;Browsing~Education~Social Media~Gaming~Other;1~6;3~8;10.0
17~19;Female;11~12;0~4;7~9;50~75;2~5;0~0;1~4;1~9;2~10;0~1;0~1;34~138;7~20;0~3;0~2;0~2;Browsing~Education~Social Media~Gaming~Other;1~6;3~8;6.9
17~19;Female;11~12;0~4;7~9;50~75;2~5;0~0;1~4;1~9;2~10;0~1;0~1;34~138;7~20;0~3;0~2;0~2;Browsing~Education~Social Media~Gaming~Other;1~6;3~8;6.2
17~19;Female;11~12;0~4;7~9;50~75;2~5;0~0;1~4;1~9;2~10;0~1;0~1;34~138;7~20;0~3;0~2;0~2;Browsing~Education~Social Media~Gaming~Other;1~6;3~8;6.9
17~19;Female;11~12;0~4;7~9;50~75;2~5;0~0;1~4;1~9;2~10;0~1;0~1;34~138;7~20;0~3;0~2;0~2;Browsing~Education~Social Media~Gaming~Other;1~6;3~8;8.4
17~19;Female;11~12;0~4;7~9;50~75;2~5;0~0;1~4;1~9;2~10;0~1;0~1;34~138;7~20;0~3;0~2;0~2;Browsing~Education~Social Media~Gaming~Other;1~6;3~8;6.7
17~19;Female~Other;12;3~4;6~9;50~69;1~5;0~0;6~10;2~9;7~10;0~1;1~1;20~110;7~20;0~2;0~0;0~1;Browsing~Education~Social Media;2~10;0~8;3.3
17~19;Female~Other;12;3~4;6~9;50~69;1~5;0~0;6~10;2~9;7~10;0~1;1~1;20~110;7~20;0~2;0~0;0~1;Browsing~Education~Social Media;2~10;0~8;9.5
17~19;Female~Other;12;3~4;6~9;50~69;1~5;0~0;6~10;2~9;7~10;0~1;1~1;20~110;7~20;0~2;0~0;0~1;Browsing~Education~Social Media;2~10;0~8;7.8
17~19;Female~Other;12;3~4;6~9;50~69;1~5;0~0;6~10;2~9;7~10;0~1;1~1;20~110;7~20;0~2;0~0;0~1;Browsing~Education~Social Media;2~10;0~8;4.8
17~19;Female~Other;12;3~4;6~9;50~69;1~5;0~0;6~10;2~9;7~10;0~1;1~1;20~110;7~20;0~2;0~0;0~1;Browsing~Education~Social Media;2~10;0~8;3.5
17~19;Female~Other;11~12;1~4;6~8;51~74;0~5;0~2;1~10;2~10;1~10;0~1;0~1;44~113;10~20;0~3;0~2;0~2;Browsing~Education~Social Media~Gaming~Other;1~10;3~9;6.0
17~19;Female~Other;11~12;1~4;6~8;51~74;0~5;0~2;1~10;2~10;1~10;0~1;0~1;44~113;10~20;0~3;0~2;0~2;Browsing~Education~Social Media~Gaming~Other;1~10;3~9;9.6
17~19;Female~Other;11~12;1~4;6~8;51~74;0~5;0~2;1~10;2~10;1~10;0~1;0~1;44~113;10~20;0~3;0~2;0~2;Browsing~Education~Social Media~Gaming~Other;1~10;3~9;5.1
17~19;Female~Other;11~12;1~4;6~8;51~74;0~5;0~2;1~10;2~10;1~10;0~1;0~1;44~113;10~20;0~3;0~2;0~2;Browsing~Education~Social Media~Gaming~Other;1~10;3~9;8.0
17~19;Female~Other;11~12;1~4;6~8;51~74;0~5;0~2;1~10;2~10;1~10;0~1;0~1;44~113;10~20;0~3;0~2;0~2;Browsing~Education~Social Media~Gaming~Other;1~10;3~9;5.4
17~19;Female~Other;11~12;1~4;6~8;51~74;0~5;0~2;1~10;2~10;1~10;0~1;0~1;44~113;10~20;0~3;0~2;0~2;Browsing~Education~Social Media~Gaming~Other;1~10;3~9;6.0
17~19;Female~Other;11~12;1~4;6~8;51~74;0~5;0~2;1~10;2~10;1~10;0~1;0~1;44~113;10~20;0~3;0~2;0~2;Browsing~Education~Social Media~Gaming~Other;1~10;3~9;6.7
17~19;Female~Other;11~12;1~4;6~8;51~74;0~5;0~2;1~10;2~10;1~10;0~1;0~1;44~113;10~20;0~3;0~2;0~2;Browsing~Education~Social Media~Gaming~Other;1~10;3~9;3.8
17~19;Female~Other;11~12;1~4;6~8;51~74;0~5;0~2;1~10;2~10;1~10;0~1;0~1;44~113;10~20;0~3;0~2;0~2;Browsing~Education~Social Media~Gaming~Other;1~10;3~9;8.7
17~19;Female~Other;11~12;3~4;6~9;51~75;7~9;0~0;1~10;2~10;3~10;0~1;0~1;74~129;6~17;1~3;0~2;0~2;Browsing~Education~Social Media~Gaming~Other;1~9;2~6;6.2
17~19;Female~Other;11~12;3~4;6~9;51~75;7~9;0~0;1~10;2~10;3~10;0~1;0~1;74~129;6~17;1~3;0~2;0~2;Browsing~Education~Social Media~Gaming~Other;1~9;2~6;7.2
17~19;Female~Other;11~12;3~4;6~9;51~75;7~9;0~0;1~10;2~10;3~10;0~1;0~1;74~129;6~17;1~3;0~2;0~2;Browsing~Education~Social Media~Gaming~Other;1~9;2~6;8.4
17~19;Female~Other;11~12;3~4;6~9;51~75;7~9;0~0;1~10;2~10;3~10;0~1;0~1;74~129;6~17;1~3;0~2;0~2;Browsing~Education~Social Media~Gaming~Other;1~9;2~6;6.8
17~19;Female~Other;11~12;3~4;6~9;51~75;7~9;0~0;1~10;2~10;3~10;0~1;0~1;74~129;6~17;1~3;0~2;0~2;Browsing~Education~Social Media~Gaming~Other;1~9;2~6;9.7
17~19;Female~Other;11~12;3~4;6~9;51~75;7~9;0~0;1~10;2~10;3~10;0~1;0~1;74~129;6~17;1~3;0~2;0~2;Browsing~Education~Social Media~Gaming~Other;1~9;2~6;6.5
17~19;Female~Other;11~12;3~4;6~9;51~75;7~9;0~0;1~10;2~10;3~10;0~1;0~1;74~129;6~17;1~3;0~2;0~2;Browsing~Education~Social Media~Gaming~Other;1~9;2~6;10.0
17~19;Female~Other;11~12;1~4;6~8;54~71;6~10;1~2;2~9;1~7;1~9;0~1;0~2;30~141;6~20;1~3;0~3;0~2;Browsing~Education~Social Media~Gaming~Other;1~8;2~6;3.3
17~19;Female~Other;11~12;1~4;6~8;54~71;6~10;1~2;2~9;1~7;1~9;0~1;0~2;30~141;6~20;1~3;0~3;0~2;Browsing~Education~Social Media~Gaming~Other;1~8;2~6;10.0
17~19;Female~Other;11~12;1~4;6~8;54~71;6~10;1~2;2~9;1~7;1~9;0~1;0~2;30~141;6~20;1~3;0~3;0~2;Browsing~Education~Social Media~Gaming~Other;1~8;2~6;10.0
17~19;Female~Other;11~12;1~4;6~8;54~71;6~10;1~2;2~9;1~7;1~9;0~1;0~2;30~141;6~20;1~3;0~3;0~2;Browsing~Education~Social Media~Gaming~Other;1~8;2~6;5.4
17~19;Female~Other;11~12;1~4;6~8;54~71;6~10;1~2;2~9;1~7;1~9;0~1;0~2;30~141;6~20;1~3;0~3;0~2;Browsing~Education~Social Media~Gaming~Other;1~8;2~6;9.9
17~19;Female~Other;11~12;1~4;6~8;54~71;6~10;1~2;2~9;1~7;1~9;0~1;0~2;30~141;6~20;1~3;0~3;0~2;Browsing~Education~Social Media~Gaming~Other;1~8;2~6;9.6
17~19;Female~Other;11~12;1~4;6~8;54~71;6~10;1~2;2~9;1~7;1~9;0~1;0~2;30~141;6~20;1~3;0~3;0~2;Browsing~Education~Social Media~Gaming~Other;1~8;2~6;8.7
17~19;Female~Other;11~12;1~4;6~8;54~71;6~10;1~2;2~9;1~7;1~9;0~1;0~2;30~141;6~20;1~3;0~3;0~2;Browsing~Education~Social Media~Gaming~Other;1~8;2~6;9.8
17~19;Female~Other;11~12;0~4;7~10;80~98;0~3;0~1;3~10;1~9;1~10;0~1;0~1;23~134;10~19;1~4;0~2;0~1;Browsing~Education~Social Media~Gaming;1~8;4~9;9.9
17~19;Female~Other;11~12;0~4;7~10;80~98;0~3;0~1;3~10;1~9;1~10;0~1;0~1;23~134;10~19;1~4;0~2;0~1;Browsing~Education~Social Media~Gaming;1~8;4~9;7.8
17~19;Female~Other;11~12;0~4;7~10;80~98;0~3;0~1;3~10;1~9;1~10;0~1;0~1;23~134;10~19;1~4;0~2;0~1;Browsing~Education~Social Media~Gaming;1~8;4~9;7.6
17~19;Female~Other;11~12;0~4;7~10;80~98;0~3;0~1;3~10;1~9;1~10;0~1;0~1;23~134;10~19;1~4;0~2;0~1;Browsing~Education~Social Media~Gaming;1~8;4~9;10.0
17~19;Female~Other;11~12;0~4;7~10;80~98;0~3;0~1;3~10;1~9;1~10;0~1;0~1;23~134;10~19;1~4;0~2;0~1;Browsing~Education~Social Media~Gaming;1~8;4~9;6.1
17~19;Female~Other;11~12;0~4;7~10;80~98;0~3;0~1;3~10;1~9;1~10;0~1;0~1;23~134;10~19;1~4;0~2;0~1;Browsing~Education~Social Media~Gaming;1~8;4~9;8.2
17~19;Female~Other;11~12;0~4;7~10;80~98;0~3;0~1;3~10;1~9;1~10;0~1;0~1;23~134;10~19;1~4;0~2;0~1;Browsing~Education~Social Media~Gaming;1~8;4~9;4.5
17~19;Female~Other;11~12;0~4;7~10;80~98;0~3;0~1;3~10;1~9;1~10;0~1;0~1;23~134;10~19;1~4;0~2;0~1;Browsing~Education~Social Media~Gaming;1~8;4~9;7.6
17~19;Female~Other;11~12;0~4;6~9;76~97;0~3;1~2;2~10;2~8;1~10;0~1;0~2;37~141;6~20;1~3;0~3;0~2;Browsing~Education~Social Media~Gaming~Other;1~9;4~9;6.3
17~19;Female~Other;11~12;0~4;6~9;76~97;0~3;1~2;2~10;2~8;1~10;0~1;0~2;37~141;6~20;1~3;0~3;0~2;Browsing~Education~Social Media~Gaming~Other;1~9;4~9;10.0
17~19;Female~Other;11~12;0~4;6~9;76~97;0~3;1~2;2~10;2~8;1~10;0~1;0~2;37~141;6~20;1~3;0~3;0~2;Browsing~Education~Social Media~Gaming~Other;1~9;4~9;7.3
17~19;Female~Other;11~12;0~4;6~9;76~97;0~3;1~2;2~10;2~8;1~10;0~1;0~2;37~141;6~20;1~3;0~3;0~2;Browsing~Education~Social Media~Gaming~Other;1~9;4~9;7.8
17~19;Female~Other;11~12;0~4;6~9;76~97;0~3;1~2;2~10;2~8;1~10;0~1;0~2;37~141;6~20;1~3;0~3;0~2;Browsing~Education~Social Media~Gaming~Other;1~9;4~9;8.4
17~19;Female~Other;11~12;0~4;6~9;76~97;0~3;1~2;2~10;2~8;1~10;0~1;0~2;37~141;6~20;1~3;0~3;0~2;Browsing~Education~Social Media~Gaming~Other;1~9;4~9;6.0
17~19;Female~Other;11~12;0~4;6~9;76~97;0~3;1~2;2~10;2~8;1~10;0~1;0~2;37~141;6~20;1~3;0~3;0~2;Browsing~Education~Social Media~Gaming~Other;1~9;4~9;4.9
17~19;Female~Other;11~12;0~4;6~9;76~97;0~3;1~2;2~10;2~8;1~10;0~1;0~2;37~141;6~20;1~3;0~3;0~2;Browsing~Education~Social Media~Gaming~Other;1~9;4~9;3.6
17~19;Female~Other;11~12;1~4;7~9;81~97;4~10;0~0;1~10;1~9;1~10;0~1;0~2;28~147;8~19;1~3;0~3;0~1;Browsing~Education~Social Media~Gaming~Other;1~7;4~9;8.9
17~19;Female~Other;11~12;1~4;7~9;81~97;4~10;0~0;1~10;1~9;1~10;0~1;0~2;28~147;8~19;1~3;0~3;0~1;Browsing~Education~Social Media~Gaming~Other;1~7;4~9;9.9
17~19;Female~Other;11~12;1~4;7~9;81~97;4~10;0~0;1~10;1~9;1~10;0~1;0~2;28~147;8~19;1~3;0~3;0~1;Browsing~Education~Social Media~Gaming~Other;1~7;4~9;6.8
17~19;Female~Other;11~12;1~4;7~9;81~97;4~10;0~0;1~10;1~9;1~10;0~1;0~2;28~147;8~19;1~3;0~3;0~1;Browsing~Education~Social Media~Gaming~Other;1~7;4~9;9.4
17~19;Female~Other;11~12;1~4;7~9;81~97;4~10;0~0;1~10;1~9;1~10;0~1;0~2;28~147;8~19;1~3;0~3;0~1;Browsing~Education~Social Media~Gaming~Other;1~7;4~9;6.3
17~19;Female~Other;11~12;1~4;7~9;81~97;4~10;0~0;1~10;1~9;1~10;0~1;0~2;28~147;8~19;1~3;0~3;0~1;Browsing~Education~Social Media~Gaming~Other;1~7;4~9;10.0
17~19;Female~Other;11~12;1~4;7~9;81~97;4~10;0~0;1~10;1~9;1~10;0~1;0~2;28~147;8~19;1~3;0~3;0~1;Browsing~Education~Social Media~Gaming~Other;1~7;4~9;6.7
17~19;Female~Other;11~12;1~4;7~9;81~97;4~10;0~0;1~10;1~9;1~10;0~1;0~2;28~147;8~19;1~3;0~3;0~1;Browsing~Education~Social Media~Gaming~Other;1~7;4~9;9.3
17~19;Female~Other;11~12;1~4;7~9;81~97;4~10;0~0;1~10;1~9;1~10;0~1;0~2;28~147;8~19;1~3;0~3;0~1;Browsing~Education~Social Media~Gaming~Other;1~7;4~9;10.0
17~19;Female~Other;11~12;0~4;7~8;77~96;4~10;1~2;2~10;1~9;1~7;0~1;0~1;21~127;5~20;0~3;0~2;0~1;Browsing~Education~Social Media~Gaming~Other;4~10;2~10;6.0
17~19;Female~Other;11~12;0~4;7~8;77~96;4~10;1~2;2~10;1~9;1~7;0~1;0~1;21~127;5~20;0~3;0~2;0~1;Browsing~Education~Social Media~Gaming~Other;4~10;2~10;5.1
17~19;Female~Other;11~12;0~4;7~8;77~96;4~10;1~2;2~10;1~9;1~7;0~1;0~1;21~127;5~20;0~3;0~2;0~1;Browsing~Education~Social Media~Gaming~Other;4~10;2~10;4.6
17~19;Female~Other;11~12;0~4;7~8;77~96;4~10;1~2;2~10;1~9;1~7;0~1;0~1;21~127;5~20;0~3;0~2;0~1;Browsing~Education~Social Media~Gaming~Other;4~10;2~10;5.9
17~19;Female~Other;11~12;0~4;7~8;77~96;4~10;1~2;2~10;1~9;1~7;0~1;0~1;21~127;5~20;0~3;0~2;0~1;Browsing~Education~Social Media~Gaming~Other;4~10;2~10;2.1
17~19;Female~Other;11~12;0~4;7~8;77~96;4~10;1~2;2~10;1~9;1~7;0~1;0~1;21~127;5~20;0~3;0~2;0~1;Browsing~Education~Social Media~Gaming~Other;4~10;2~10;10.0
17~19;Female~Other;11~12;0~4;7~8;77~96;4~10;1~2;2~10;1~9;1~7;0~1;0~1;21~127;5~20;0~3;0~2;0~1;Browsing~Education~Social Media~Gaming~Other;4~10;2~10;7.9
17~19;Female~Other;11~12;5~9;4~6;50~71;0~5;0~1;3~10;1~9;3~10;0~1;0~1;22~149;8~20;0~4;0~1;0~1;Education~Social Media~Gaming;6~9;3~7;10.0
17~19;Female~Other;11~12;5~9;4~6;50~71;0~5;0~1;3~10;1~9;3~10;0~1;0~1;22~149;8~20;0~4;0~1;0~1;Education~Social Media~Gaming;6~9;3~7;10.0
17~19;Female~Other;11~12;5~9;4~6;50~71;0~5;0~1;3~10;1~9;3~10;0~1;0~1;22~149;8~20;0~4;0~1;0~1;Education~Social Media~Gaming;6~9;3~7;10.0
17~19;Female~Other;11~12;5~9;4~6;50~71;0~5;0~1;3~10;1~9;3~10;0~1;0~1;22~149;8~20;0~4;0~1;0~1;Education~Social Media~Gaming;6~9;3~7;10.0
17~19;Female~Other;11~12;5~9;4~6;50~71;0~5;0~1;3~10;1~9;3~10;0~1;0~1;22~149;8~20;0~4;0~1;0~1;Education~Social Media~Gaming;6~9;3~7;10.0
17~19;Female~Other;11~12;5~9;4~6;51~67;0~5;0~1;5~9;2~10;3~9;0;1~1;24~143;7~18;0~2;1~2;0~1;Browsing~Education~Social Media;3~10;4~8;10.0
17~19;Female~Other;11~12;5~9;4~6;51~67;0~5;0~1;5~9;2~10;3~9;0;1~1;24~143;7~18;0~2;1~2;0~1;Browsing~Education~Social Media;3~10;4~8;10.0
17~19;Female~Other;11~12;5~9;4~6;51~67;0~5;0~1;5~9;2~10;3~9;0;1~1;24~143;7~18;0~2;1~2;0~1;Browsing~Education~Social Media;3~10;4~8;10.0
17~19;Female~Other;11~12;5~9;4~6;51~67;0~5;0~1;5~9;2~10;3~9;0;1~1;24~143;7~18;0~2;1~2;0~1;Browsing~Education~Social Media;3~10;4~8;10.0
17~19;Female~Other;11~12;5~9;4~6;51~67;0~5;0~1;5~9;2~10;3~9;0;1~1;24~143;7~18;0~2;1~2;0~1;Browsing~Education~Social Media;3~10;4~8;10.0
17~19;Female~Other;11~12;5~8;4~6;52~73;0~5;1~3;1~9;1~10;1~10;0~1;0~1;22~141;6~19;0~3;0~2;0~2;Browsing~Education~Social Media~Gaming~Other;1~10;4~8;10.0
17~19;Female~Other;11~12;5~8;4~6;52~73;0~5;1~3;1~9;1~10;1~10;0~1;0~1;22~141;6~19;0~3;0~2;0~2;Browsing~Education~Social Media~Gaming~Other;1~10;4~8;10.0
17~19;Female~Other;11~12;5~8;4~6;52~73;0~5;1~3;1~9;1~10;1~10;0~1;0~1;22~141;6~19;0~3;0~2;0~2;Browsing~Education~Social Media~Gaming~Other;1~10;4~8;10.0
17~19;Female~Other;11~12;5~8;4~6;52~73;0~5;1~3;1~9;1~10;1~10;0~1;0~1;22~141;6~19;0~3;0~2;0~2;Browsing~Education~Social Media~Gaming~Other;1~10;4~8;10.0
17~19;Female~Other;11~12;5~8;4~6;52~73;0~5;1~3;1~9;1~10;1~10;0~1;0~1;22~141;6~19;0~3;0~2;0~2;Browsing~Education~Social Media~Gaming~Other;1~10;4~8;10.0
17~19;Female~Other;11~12;5~8;4~6;52~73;0~5;1~3;1~9;1~10;1~10;0~1;0~1;22~141;6~19;0~3;0~2;0~2;Browsing~Education~Social Media~Gaming~Other;1~10;4~8;10.0
17~19;Female~Other;11~12;5~8;4~6;52~73;0~5;1~3;1~9;1~10;1~10;0~1;0~1;22~141;6~19;0~3;0~2;0~2;Browsing~Education~Social Media~Gaming~Other;1~10;4~8;10.0
17~19;Female~Other;11~12;5~8;4~6;52~73;0~5;1~3;1~9;1~10;1~10;0~1;0~1;22~141;6~19;0~3;0~2;0~2;Browsing~Education~Social Media~Gaming~Other;1~10;4~8;6.2
17~19;Female~Other;11~12;5~8;4~6;52~73;0~5;1~3;1~9;1~10;1~10;0~1;0~1;22~141;6~19;0~3;0~2;0~2;Browsing~Education~Social Media~Gaming~Other;1~10;4~8;10.0
17~19;Female~Other;11~12;5~7;3~6;62~72;6~10;0~1;4~10;1~7;1~10;0~1;0~1;45~106;6~19;1~3;0~2;0~1;Browsing~Education~Social Media~Gaming~Other;1~10;4~9;9.0
17~19;Female~Other;11~12;5~7;3~6;62~72;6~10;0~1;4~10;1~7;1~10;0~1;0~1;45~106;6~19;1~3;0~2;0~1;Browsing~Education~Social Media~Gaming~Other;1~10;4~9;10.0
17~19;Female~Other;11~12;5~7;3~6;62~72;6~10;0~1;4~10;1~7;1~10;0~1;0~1;45~106;6~19;1~3;0~2;0~1;Browsing~Education~Social Media~Gaming~Other;1~10;4~9;10.0
17~19;Female~Other;11~12;5~7;3~6;62~72;6~10;0~1;4~10;1~7;1~10;0~1;0~1;45~106;6~19;1~3;0~2;0~1;Browsing~Education~Social Media~Gaming~Other;1~10;4~9;10.0
17~19;Female~Other;11~12;5~7;3~6;62~72;6~10;0~1;4~10;1~7;1~10;0~1;0~1;45~106;6~19;1~3;0~2;0~1;Browsing~Education~Social Media~Gaming~Other;1~10;4~9;10.0
17~19;Female~Other;11~12;5~7;3~6;62~72;6~10;0~1;4~10;1~7;1~10;0~1;0~1;45~106;6~19;1~3;0~2;0~1;Browsing~Education~Social Media~Gaming~Other;1~10;4~9;10.0
17~19;Female~Other;11~12;5~7;3~6;62~72;6~10;0~1;4~10;1~7;1~10;0~1;0~1;45~106;6~19;1~3;0~2;0~1;Browsing~Education~Social Media~Gaming~Other;1~10;4~9;10.0
17~19;Female~Other;11~12;5~7;3~6;62~72;6~10;0~1;4~10;1~7;1~10;0~1;0~1;45~106;6~19;1~3;0~2;0~1;Browsing~Education~Social Media~Gaming~Other;1~10;4~9;10.0
17~19;Female~Other;11~12;5~8;4~6;50~71;7~10;1~2;1~10;1~10;1~9;0~1;0~1;21~100;9~20;1~4;0~2;0~2;Browsing~Education~Social Media~Gaming~Other;1~10;1~7;10.0
17~19;Female~Other;11~12;5~8;4~6;50~71;7~10;1~2;1~10;1~10;1~9;0~1;0~1;21~100;9~20;1~4;0~2;0~2;Browsing~Education~Social Media~Gaming~Other;1~10;1~7;10.0
17~19;Female~Other;11~12;5~8;4~6;50~71;7~10;1~2;1~10;1~10;1~9;0~1;0~1;21~100;9~20;1~4;0~2;0~2;Browsing~Education~Social Media~Gaming~Other;1~10;1~7;10.0
17~19;Female~Other;11~12;5~8;4~6;50~71;7~10;1~2;1~10;1~10;1~9;0~1;0~1;21~100;9~20;1~4;0~2;0~2;Browsing~Education~Social Media~Gaming~Other;1~10;1~7;7.8
17~19;Female~Other;11~12;5~8;4~6;50~71;7~10;1~2;1~10;1~10;1~9;0~1;0~1;21~100;9~20;1~4;0~2;0~2;Browsing~Education~Social Media~Gaming~Other;1~10;1~7;9.7
17~19;Female~Other;11~12;5~8;4~6;50~71;7~10;1~2;1~10;1~10;1~9;0~1;0~1;21~100;9~20;1~4;0~2;0~2;Browsing~Education~Social Media~Gaming~Other;1~10;1~7;10.0
17~19;Female~Other;11~12;5~8;4~6;50~71;7~10;1~2;1~10;1~10;1~9;0~1;0~1;21~100;9~20;1~4;0~2;0~2;Browsing~Education~Social Media~Gaming~Other;1~10;1~7;10.0
17~19;Female~Other;11~12;5~8;4~6;50~71;7~10;1~2;1~10;1~10;1~9;0~1;0~1;21~100;9~20;1~4;0~2;0~2;Browsing~Education~Social Media~Gaming~Other;1~10;1~7;10.0
17~19;Female;11~12;5~8;5~6;88~97;2~5;0~0;4~6;1~10;2~9;0~1;0~1;45~136;5~17;0~3;0~2;0~0;Browsing~Education~Social Media~Gaming~Other;3~7;3~8;8.1
17~19;Female;11~12;5~8;5~6;88~97;2~5;0~0;4~6;1~10;2~9;0~1;0~1;45~136;5~17;0~3;0~2;0~0;Browsing~Education~Social Media~Gaming~Other;3~7;3~8;9.8
17~19;Female;11~12;5~8;5~6;88~97;2~5;0~0;4~6;1~10;2~9;0~1;0~1;45~136;5~17;0~3;0~2;0~0;Browsing~Education~Social Media~Gaming~Other;3~7;3~8;10.0
17~19;Female;11~12;5~8;5~6;88~97;2~5;0~0;4~6;1~10;2~9;0~1;0~1;45~136;5~17;0~3;0~2;0~0;Browsing~Education~Social Media~Gaming~Other;3~7;3~8;10.0
17~19;Female;11~12;5~8;5~6;88~97;2~5;0~0;4~6;1~10;2~9;0~1;0~1;45~136;5~17;0~3;0~2;0~0;Browsing~Education~Social Media~Gaming~Other;3~7;3~8;10.0
18~19;Female~Other;11~12;5~8;4~6;77~93;0~4;0~0;7~10;5~10;1~7;0~1;0~1;36~99;11~19;2~4;0~3;0~1;Browsing~Education~Social Media~Gaming~Other;4~10;4~8;10.0
18~19;Female~Other;11~12;5~8;4~6;77~93;0~4;0~0;7~10;5~10;1~7;0~1;0~1;36~99;11~19;2~4;0~3;0~1;Browsing~Education~Social Media~Gaming~Other;4~10;4~8;9.1
18~19;Female~Other;11~12;5~8;4~6;77~93;0~4;0~0;7~10;5~10;1~7;0~1;0~1;36~99;11~19;2~4;0~3;0~1;Browsing~Education~Social Media~Gaming~Other;4~10;4~8;10.0
18~19;Female~Other;11~12;5~8;4~6;77~93;0~4;0~0;7~10;5~10;1~7;0~1;0~1;36~99;11~19;2~4;0~3;0~1;Browsing~Education~Social Media~Gaming~Other;4~10;4~8;10.0
18~19;Female~Other;11~12;5~8;4~6;77~93;0~4;0~0;7~10;5~10;1~7;0~1;0~1;36~99;11~19;2~4;0~3;0~1;Browsing~Education~Social Media~Gaming~Other;4~10;4~8;10.0
17~18;Female~Other;11~12;5~8;4~5;84~96;0~5;0~1;1~2;2~8;4~9;0~1;0~1;89~142;7~20;2~3;0~2;0~1;Education~Social Media~Gaming~Other;4~10;4~7;10.0
17~18;Female~Other;11~12;5~8;4~5;84~96;0~5;0~1;1~2;2~8;4~9;0~1;0~1;89~142;7~20;2~3;0~2;0~1;Education~Social Media~Gaming~Other;4~10;4~7;10.0
17~18;Female~Other;11~12;5~8;4~5;84~96;0~5;0~1;1~2;2~8;4~9;0~1;0~1;89~142;7~20;2~3;0~2;0~1;Education~Social Media~Gaming~Other;4~10;4~7;10.0
17~18;Female~Other;11~12;5~8;4~5;84~96;0~5;0~1;1~2;2~8;4~9;0~1;0~1;89~142;7~20;2~3;0~2;0~1;Education~Social Media~Gaming~Other;4~10;4~7;10.0
17~18;Female~Other;11~12;5~8;4~5;84~96;0~5;0~1;1~2;2~8;4~9;0~1;0~1;89~142;7~20;2~3;0~2;0~1;Education~Social Media~Gaming~Other;4~10;4~7;10.0
17~19;Female~Other;11~12;5~7;5~6;78~95;0~4;1~2;4~9;1~10;1~10;0~1;0~1;25~111;7~18;0~3;0~1;0~2;Browsing~Education~Social Media~Gaming~Other;1~9;3~6;6.5
17~19;Female~Other;11~12;5~7;5~6;78~95;0~4;1~2;4~9;1~10;1~10;0~1;0~1;25~111;7~18;0~3;0~1;0~2;Browsing~Education~Social Media~Gaming~Other;1~9;3~6;10.0
17~19;Female~Other;11~12;5~7;5~6;78~95;0~4;1~2;4~9;1~10;1~10;0~1;0~1;25~111;7~18;0~3;0~1;0~2;Browsing~Education~Social Media~Gaming~Other;1~9;3~6;9.5
17~19;Female~Other;11~12;5~7;5~6;78~95;0~4;1~2;4~9;1~10;1~10;0~1;0~1;25~111;7~18;0~3;0~1;0~2;Browsing~Education~Social Media~Gaming~Other;1~9;3~6;9.1
17~19;Female~Other;11~12;5~7;5~6;78~95;0~4;1~2;4~9;1~10;1~10;0~1;0~1;25~111;7~18;0~3;0~1;0~2;Browsing~Education~Social Media~Gaming~Other;1~9;3~6;10.0
17~19;Female~Other;11~12;5~7;5~6;78~95;0~4;1~2;4~9;1~10;1~10;0~1;0~1;25~111;7~18;0~3;0~1;0~2;Browsing~Education~Social Media~Gaming~Other;1~9;3~6;9.1
17~19;Female~Other;11~12;5~6;3~6;76~100;6~10;0~1;2~10;2~10;1~10;0~1;0~1;47~125;12~20;1~3;0~1;0~1;Browsing~Education~Social Media~Gaming;1~8;2~7;10.0
17~19;Female~Other;11~12;5~6;3~6;76~100;6~10;0~1;2~10;2~10;1~10;0~1;0~1;47~125;12~20;1~3;0~1;0~1;Browsing~Education~Social Media~Gaming;1~8;2~7;10.0
17~19;Female~Other;11~12;5~6;3~6;76~100;6~10;0~1;2~10;2~10;1~10;0~1;0~1;47~125;12~20;1~3;0~1;0~1;Browsing~Education~Social Media~Gaming;1~8;2~7;10.0
17~19;Female~Other;11~12;5~6;3~6;76~100;6~10;0~1;2~10;2~10;1~10;0~1;0~1;47~125;12~20;1~3;0~1;0~1;Browsing~Education~Social Media~Gaming;1~8;2~7;10.0
17~19;Female~Other;11~12;5~6;3~6;76~100;6~10;0~1;2~10;2~10;1~10;0~1;0~1;47~125;12~20;1~3;0~1;0~1;Browsing~Education~Social Media~Gaming;1~8;2~7;10.0
17~19;Female~Other;11~12;5~6;3~6;76~100;6~10;0~1;2~10;2~10;1~10;0~1;0~1;47~125;12~20;1~3;0~1;0~1;Browsing~Education~Social Media~Gaming;1~8;2~7;9.9
17~19;Female~Other;11~12;5~6;3~6;76~100;6~10;0~1;2~10;2~10;1~10;0~1;0~1;47~125;12~20;1~3;0~1;0~1;Browsing~Education~Social Media~Gaming;1~8;2~7;10.0
17~19;Female~Other;11~12;5~8;3~6;75~97;6~10;1~2;4~10;2~10;2~10;0~1;0~1;20~143;5~16;1~3;0~2;0~1;Browsing~Education~Social Media~Gaming~Other;1~10;2~7;10.0
17~19;Female~Other;11~12;5~8;3~6;75~97;6~10;1~2;4~10;2~10;2~10;0~1;0~1;20~143;5~16;1~3;0~2;0~1;Browsing~Education~Social Media~Gaming~Other;1~10;2~7;9.9
17~19;Female~Other;11~12;5~8;3~6;75~97;6~10;1~2;4~10;2~10;2~10;0~1;0~1;20~143;5~16;1~3;0~2;0~1;Browsing~Education~Social Media~Gaming~Other;1~10;2~7;10.0
17~19;Female~Other;11~12;5~8;3~6;75~97;6~10;1~2;4~10;2~10;2~10;0~1;0~1;20~143;5~16;1~3;0~2;0~1;Browsing~Education~Social Media~Gaming~Other;1~10;2~7;10.0
17~19;Female~Other;11~12;5~8;3~6;75~97;6~10;1~2;4~10;2~10;2~10;0~1;0~1;20~143;5~16;1~3;0~2;0~1;Browsing~Education~Social Media~Gaming~Other;1~10;2~7;10.0
17~19;Female~Other;11~12;5~8;3~6;75~97;6~10;1~2;4~10;2~10;2~10;0~1;0~1;20~143;5~16;1~3;0~2;0~1;Browsing~Education~Social Media~Gaming~Other;1~10;2~7;10.0
17~19;Female~Other;11~12;5~8;3~6;75~97;6~10;1~2;4~10;2~10;2~10;0~1;0~1;20~143;5~16;1~3;0~2;0~1;Browsing~Education~Social Media~Gaming~Other;1~10;2~7;10.0
17~19;Female~Other;11~12;5~8;3~6;75~97;6~10;1~2;4~10;2~10;2~10;0~1;0~1;20~143;5~16;1~3;0~2;0~1;Browsing~Education~Social Media~Gaming~Other;1~10;2~7;10.0
17~19;Female~Other;11~12;5~8;6~8;53~74;1~4;0~0;1~10;1~10;2~9;0~1;0~2;32~147;5~19;0~3;0~3;0~1;Browsing~Education~Social Media~Gaming~Other;1~10;1~8;10.0
17~19;Female~Other;11~12;5~8;6~8;53~74;1~4;0~0;1~10;1~10;2~9;0~1;0~2;32~147;5~19;0~3;0~3;0~1;Browsing~Education~Social Media~Gaming~Other;1~10;1~8;10.0
17~19;Female~Other;11~12;5~8;6~8;53~74;1~4;0~0;1~10;1~10;2~9;0~1;0~2;32~147;5~19;0~3;0~3;0~1;Browsing~Education~Social Media~Gaming~Other;1~10;1~8;10.0
17~19;Female~Other;11~12;5~8;6~8;53~74;1~4;0~0;1~10;1~10;2~9;0~1;0~2;32~147;5~19;0~3;0~3;0~1;Browsing~Education~Social Media~Gaming~Other;1~10;1~8;8.8
17~19;Female~Other;11~12;5~8;6~8;53~74;1~4;0~0;1~10;1~10;2~9;0~1;0~2;32~147;5~19;0~3;0~3;0~1;Browsing~Education~Social Media~Gaming~Other;1~10;1~8;10.0
17~19;Female~Other;11~12;5~8;6~8;53~74;1~4;0~0;1~10;1~10;2~9;0~1;0~2;32~147;5~19;0~3;0~3;0~1;Browsing~Education~Social Media~Gaming~Other;1~10;1~8;10.0
17~19;Female~Other;11~12;5~8;6~8;53~74;1~4;0~0;1~10;1~10;2~9;0~1;0~2;32~147;5~19;0~3;0~3;0~1;Browsing~Education~Social Media~Gaming~Other;1~10;1~8;10.0
17~19;Female~Other;11~12;5~8;6~8;53~74;1~4;0~0;1~10;1~10;2~9;0~1;0~2;32~147;5~19;0~3;0~3;0~1;Browsing~Education~Social Media~Gaming~Other;1~10;1~8;8.2
17~19;Female~Other;11~12;5~8;6~8;53~74;1~4;0~0;1~10;1~10;2~9;0~1;0~2;32~147;5~19;0~3;0~3;0~1;Browsing~Education~Social Media~Gaming~Other;1~10;1~8;10.0
17~19;Female~Other;11~12;5~8;7~9;53~83;0~4;1~2;1~10;2~10;1~10;0~1;0~1;23~135;6~20;1~4;0~2;0~2;Browsing~Education~Social Media~Gaming~Other;1~10;1~10;9.4
17~19;Female~Other;11~12;5~8;7~9;53~83;0~4;1~2;1~10;2~10;1~10;0~1;0~1;23~135;6~20;1~4;0~2;0~2;Browsing~Education~Social Media~Gaming~Other;1~10;1~10;10.0
17~19;Female~Other;11~12;5~8;7~9;53~83;0~4;1~2;1~10;2~10;1~10;0~1;0~1;23~135;6~20;1~4;0~2;0~2;Browsing~Education~Social Media~Gaming~Other;1~10;1~10;10.0
17~19;Female~Other;11~12;5~8;7~9;53~83;0~4;1~2;1~10;2~10;1~10;0~1;0~1;23~135;6~20;1~4;0~2;0~2;Browsing~Education~Social Media~Gaming~Other;1~10;1~10;10.0
17~19;Female~Other;11~12;5~8;7~9;53~83;0~4;1~2;1~10;2~10;1~10;0~1;0~1;23~135;6~20;1~4;0~2;0~2;Browsing~Education~Social Media~Gaming~Other;1~10;1~10;9.7
17~19;Female~Other;11~12;5~8;7~9;53~83;0~4;1~2;1~10;2~10;1~10;0~1;0~1;23~135;6~20;1~4;0~2;0~2;Browsing~Education~Social Media~Gaming~Other;1~10;1~10;9.4
17~19;Female~Other;11~12;5~8;7~9;53~83;0~4;1~2;1~10;2~10;1~10;0~1;0~1;23~135;6~20;1~4;0~2;0~2;Browsing~Education~Social Media~Gaming~Other;1~10;1~10;8.8
17~19;Female~Other;11~12;5~8;7~9;53~83;0~4;1~2;1~10;2~10;1~10;0~1;0~1;23~135;6~20;1~4;0~2;0~2;Browsing~Education~Social Media~Gaming~Other;1~10;1~10;10.0
17~19;Female~Other;11~12;5~8;7~9;53~83;0~4;1~2;1~10;2~10;1~10;0~1;0~1;23~135;6~20;1~4;0~2;0~2;Browsing~Education~Social Media~Gaming~Other;1~10;1~10;10.0
17~19;Female~Other;11~12;5~9;6~9;51~83;5~10;0~1;3~9;3~10;1~9;0~1;0~1;40~146;9~20;1~3;0~2;0~2;Browsing~Education~Social Media~Gaming~Other;5~10;1~9;10.0
17~19;Female~Other;11~12;5~9;6~9;51~83;5~10;0~1;3~9;3~10;1~9;0~1;0~1;40~146;9~20;1~3;0~2;0~2;Browsing~Education~Social Media~Gaming~Other;5~10;1~9;10.0
17~19;Female~Other;11~12;5~9;6~9;51~83;5~10;0~1;3~9;3~10;1~9;0~1;0~1;40~146;9~20;1~3;0~2;0~2;Browsing~Education~Social Media~Gaming~Other;5~10;1~9;10.0
17~19;Female~Other;11~12;5~9;6~9;51~83;5~10;0~1;3~9;3~10;1~9;0~1;0~1;40~146;9~20;1~3;0~2;0~2;Browsing~Education~Social Media~Gaming~Other;5~10;1~9;10.0
17~19;Female~Other;11~12;5~9;6~9;51~83;5~10;0~1;3~9;3~10;1~9;0~1;0~1;40~146;9~20;1~3;0~2;0~2;Browsing~Education~Social Media~Gaming~Other;5~10;1~9;10.0
17~19;Female~Other;11~12;5~9;6~9;51~83;5~10;0~1;3~9;3~10;1~9;0~1;0~1;40~146;9~20;1~3;0~2;0~2;Browsing~Education~Social Media~Gaming~Other;5~10;1~9;10.0
17~19;Female~Other;11~12;5~9;6~9;51~83;5~10;0~1;3~9;3~10;1~9;0~1;0~1;40~146;9~20;1~3;0~2;0~2;Browsing~Education~Social Media~Gaming~Other;5~10;1~9;10.0
17~19;Female~Other;11~12;5~9;6~9;51~83;5~10;0~1;3~9;3~10;1~9;0~1;0~1;40~146;9~20;1~3;0~2;0~2;Browsing~Education~Social Media~Gaming~Other;5~10;1~9;10.0
17~19;Female~Other;11~12;5~9;6~9;51~83;5~10;0~1;3~9;3~10;1~9;0~1;0~1;40~146;9~20;1~3;0~2;0~2;Browsing~Education~Social Media~Gaming~Other;5~10;1~9;10.0
17~19;Female~Other;11~12;5~6;7~8;56~83;5~10;1~4;2~10;1~9;1~9;0~1;0~1;20~134;8~20;1~3;0~2;0~1;Browsing~Education~Social Media~Gaming~Other;1~10;4~7;10.0
17~19;Female~Other;11~12;5~6;7~8;56~83;5~10;1~4;2~10;1~9;1~9;0~1;0~1;20~134;8~20;1~3;0~2;0~1;Browsing~Education~Social Media~Gaming~Other;1~10;4~7;7.7
17~19;Female~Other;11~12;5~6;7~8;56~83;5~10;1~4;2~10;1~9;1~9;0~1;0~1;20~134;8~20;1~3;0~2;0~1;Browsing~Education~Social Media~Gaming~Other;1~10;4~7;9.5
17~19;Female~Other;11~12;5~6;7~8;56~83;5~10;1~4;2~10;1~9;1~9;0~1;0~1;20~134;8~20;1~3;0~2;0~1;Browsing~Education~Social Media~Gaming~Other;1~10;4~7;9.2
17~19;Female~Other;11~12;5~6;7~8;56~83;5~10;1~4;2~10;1~9;1~9;0~1;0~1;20~134;8~20;1~3;0~2;0~1;Browsing~Education~Social Media~Gaming~Other;1~10;4~7;10.0
17~19;Female~Other;11~12;5~6;7~8;56~83;5~10;1~4;2~10;1~9;1~9;0~1;0~1;20~134;8~20;1~3;0~2;0~1;Browsing~Education~Social Media~Gaming~Other;1~10;4~7;7.3
17~19;Female~Other;11~12;5~6;7~8;56~83;5~10;1~4;2~10;1~9;1~9;0~1;0~1;20~134;8~20;1~3;0~2;0~1;Browsing~Education~Social Media~Gaming~Other;1~10;4~7;10.0
17~19;Female~Other;11~12;5~9;6~9;84~99;0~4;0~0;1~7;2~10;1~9;0~1;0~1;26~134;6~19;1~4;0~2;0~2;Browsing~Education~Social Media~Gaming;1~8;3~8;8.3
17~19;Female~Other;11~12;5~9;6~9;84~99;0~4;0~0;1~7;2~10;1~9;0~1;0~1;26~134;6~19;1~4;0~2;0~2;Browsing~Education~Social Media~Gaming;1~8;3~8;10.0
17~19;Female~Other;11~12;5~9;6~9;84~99;0~4;0~0;1~7;2~10;1~9;0~1;0~1;26~134;6~19;1~4;0~2;0~2;Browsing~Education~Social Media~Gaming;1~8;3~8;10.0
17~19;Female~Other;11~12;5~9;6~9;84~99;0~4;0~0;1~7;2~10;1~9;0~1;0~1;26~134;6~19;1~4;0~2;0~2;Browsing~Education~Social Media~Gaming;1~8;3~8;10.0
17~19;Female~Other;11~12;5~9;6~9;84~99;0~4;0~0;1~7;2~10;1~9;0~1;0~1;26~134;6~19;1~4;0~2;0~2;Browsing~Education~Social Media~Gaming;1~8;3~8;10.0
17~19;Female~Other;11~12;5~9;6~9;84~99;0~4;0~0;1~7;2~10;1~9;0~1;0~1;26~134;6~19;1~4;0~2;0~2;Browsing~Education~Social Media~Gaming;1~8;3~8;10.0
17~19;Female~Other;11~12;5~9;6~9;84~99;0~4;0~0;1~7;2~10;1~9;0~1;0~1;26~134;6~19;1~4;0~2;0~2;Browsing~Education~Social Media~Gaming;1~8;3~8;10.0
17~19;Female~Other;11~12;5~9;6~9;84~99;0~4;0~0;1~7;2~10;1~9;0~1;0~1;26~134;6~19;1~4;0~2;0~2;Browsing~Education~Social Media~Gaming;1~8;3~8;9.0
17~19;Female~Other;11~12;5~9;6~9;84~99;0~4;0~0;1~7;2~10;1~9;0~1;0~1;26~134;6~19;1~4;0~2;0~2;Browsing~Education~Social Media~Gaming;1~8;3~8;10.0
17~19;Female~Other;11~12;5~8;6~8;84~99;0~4;0~2;2~10;1~7;1~10;0~1;0~1;56~142;5~20;1~3;0~2;0~1;Browsing~Education~Social Media~Gaming;1~10;2~9;10.0
17~19;Female~Other;11~12;5~8;6~8;84~99;0~4;0~2;2~10;1~7;1~10;0~1;0~1;56~142;5~20;1~3;0~2;0~1;Browsing~Education~Social Media~Gaming;1~10;2~9;9.1
17~19;Female~Other;11~12;5~8;6~8;84~99;0~4;0~2;2~10;1~7;1~10;0~1;0~1;56~142;5~20;1~3;0~2;0~1;Browsing~Education~Social Media~Gaming;1~10;2~9;10.0
17~19;Female~Other;11~12;5~8;6~8;84~99;0~4;0~2;2~10;1~7;1~10;0~1;0~1;56~142;5~20;1~3;0~2;0~1;Browsing~Education~Social Media~Gaming;1~10;2~9;9.5
17~19;Female~Other;11~12;5~8;6~8;84~99;0~4;0~2;2~10;1~7;1~10;0~1;0~1;56~142;5~20;1~3;0~2;0~1;Browsing~Education~Social Media~Gaming;1~10;2~9;6.8
17~19;Female~Other;11~12;5~8;6~8;84~99;0~4;0~2;2~10;1~7;1~10;0~1;0~1;56~142;5~20;1~3;0~2;0~1;Browsing~Education~Social Media~Gaming;1~10;2~9;10.0
17~19;Female~Other;11~12;5~8;6~8;84~99;0~4;0~2;2~10;1~7;1~10;0~1;0~1;56~142;5~20;1~3;0~2;0~1;Browsing~Education~Social Media~Gaming;1~10;2~9;10.0
17~19;Female~Other;11~12;5~7;6~7;85~100;5~9;0~1;1~9;2~10;1~8;0~1;0~1;55~119;7~17;2~3;0~3;0~1;Education~Social Media~Gaming~Other;1~10;2~9;10.0
17~19;Female~Other;11~12;5~7;6~7;85~100;5~9;0~1;1~9;2~10;1~8;0~1;0~1;55~119;7~17;2~3;0~3;0~1;Education~Social Media~Gaming~Other;1~10;2~9;7.8
17~19;Female~Other;11~12;5~7;6~7;85~100;5~9;0~1;1~9;2~10;1~8;0~1;0~1;55~119;7~17;2~3;0~3;0~1;Education~Social Media~Gaming~Other;1~10;2~9;9.6
17~19;Female~Other;11~12;5~7;6~7;85~100;5~9;0~1;1~9;2~10;1~8;0~1;0~1;55~119;7~17;2~3;0~3;0~1;Education~Social Media~Gaming~Other;1~10;2~9;8.9
17~19;Female~Other;11~12;5~7;6~7;85~100;5~9;0~1;1~9;2~10;1~8;0~1;0~1;55~119;7~17;2~3;0~3;0~1;Education~Social Media~Gaming~Other;1~10;2~9;10.0
17~19;Female~Other;11~12;5~7;6~7;85~100;5~9;0~1;1~9;2~10;1~8;0~1;0~1;55~119;7~17;2~3;0~3;0~1;Education~Social Media~Gaming~Other;1~10;2~9;9.9
17~19;Female~Other;11~12;5~7;6~7;85~100;5~9;0~1;1~9;2~10;1~8;0~1;0~1;55~119;7~17;2~3;0~3;0~1;Education~Social Media~Gaming~Other;1~10;2~9;10.0
17~19;Female~Other;11~12;5~7;6~7;85~100;5~9;0~1;1~9;2~10;1~8;0~1;0~1;55~119;7~17;2~3;0~3;0~1;Education~Social Media~Gaming~Other;1~10;2~9;9.7
17~19;Female~Other;11~12;5~7;6~7;85~100;5~9;0~1;1~9;2~10;1~8;0~1;0~1;55~119;7~17;2~3;0~3;0~1;Education~Social Media~Gaming~Other;1~10;2~9;10.0
17~19;Female~Other;11~12;5~6;7~10;85~98;5~10;1~2;4~10;1~9;1~10;0~1;0~1;22~134;5~20;0~3;1~3;0~2;Browsing~Education~Social Media~Gaming~Other;1~10;1~8;9.8
17~19;Female~Other;11~12;5~6;7~10;85~98;5~10;1~2;4~10;1~9;1~10;0~1;0~1;22~134;5~20;0~3;1~3;0~2;Browsing~Education~Social Media~Gaming~Other;1~10;1~8;10.0
17~19;Female~Other;11~12;5~6;7~10;85~98;5~10;1~2;4~10;1~9;1~10;0~1;0~1;22~134;5~20;0~3;1~3;0~2;Browsing~Education~Social Media~Gaming~Other;1~10;1~8;10.0
17~19;Female~Other;11~12;5~6;7~10;85~98;5~10;1~2;4~10;1~9;1~10;0~1;0~1;22~134;5~20;0~3;1~3;0~2;Browsing~Education~Social Media~Gaming~Other;1~10;1~8;10.0
17~19;Female~Other;11~12;5~6;7~10;85~98;5~10;1~2;4~10;1~9;1~10;0~1;0~1;22~134;5~20;0~3;1~3;0~2;Browsing~Education~Social Media~Gaming~Other;1~10;1~8;10.0
17~19;Female~Other;11~12;5~6;7~10;85~98;5~10;1~2;4~10;1~9;1~10;0~1;0~1;22~134;5~20;0~3;1~3;0~2;Browsing~Education~Social Media~Gaming~Other;1~10;1~8;7.6
17~19;Female~Other;11~12;5~6;7~10;85~98;5~10;1~2;4~10;1~9;1~10;0~1;0~1;22~134;5~20;0~3;1~3;0~2;Browsing~Education~Social Media~Gaming~Other;1~10;1~8;5.4
17~19;Female~Other;11~12;5~6;7~10;85~98;5~10;1~2;4~10;1~9;1~10;0~1;0~1;22~134;5~20;0~3;1~3;0~2;Browsing~Education~Social Media~Gaming~Other;1~10;1~8;10.0
17~19;Male;7~10;3~3;5~6;55~70;0~5;0~0;1~5;1~9;3~10;0~1;0~1;87~132;5~20;0~3;0~3;0~1;Browsing~Education~Social Media~Gaming~Other;2~8;3~8;8.0
17~19;Male;7~10;3~3;5~6;55~70;0~5;0~0;1~5;1~9;3~10;0~1;0~1;87~132;5~20;0~3;0~3;0~1;Browsing~Education~Social Media~Gaming~Other;2~8;3~8;10.0
17~19;Male;7~10;3~3;5~6;55~70;0~5;0~0;1~5;1~9;3~10;0~1;0~1;87~132;5~20;0~3;0~3;0~1;Browsing~Education~Social Media~Gaming~Other;2~8;3~8;10.0
17~19;Male;7~10;3~3;5~6;55~70;0~5;0~0;1~5;1~9;3~10;0~1;0~1;87~132;5~20;0~3;0~3;0~1;Browsing~Education~Social Media~Gaming~Other;2~8;3~8;6.6
17~19;Male;7~10;3~3;5~6;55~70;0~5;0~0;1~5;1~9;3~10;0~1;0~1;87~132;5~20;0~3;0~3;0~1;Browsing~Education~Social Media~Gaming~Other;2~8;3~8;7.7
17~19;Male;7~9;1~4;3~6;53~75;0~5;0~0;6~10;1~9;3~9;0~1;0~2;62~144;10~19;1~3;1~2;0~1;Education~Social Media~Gaming~Other;2~10;3~8;10.0
17~19;Male;7~9;1~4;3~6;53~75;0~5;0~0;6~10;1~9;3~9;0~1;0~2;62~144;10~19;1~3;1~2;0~1;Education~Social Media~Gaming~Other;2~10;3~8;10.0
17~19;Male;7~9;1~4;3~6;53~75;0~5;0~0;6~10;1~9;3~9;0~1;0~2;62~144;10~19;1~3;1~2;0~1;Education~Social Media~Gaming~Other;2~10;3~8;10.0
17~19;Male;7~9;1~4;3~6;53~75;0~5;0~0;6~10;1~9;3~9;0~1;0~2;62~144;10~19;1~3;1~2;0~1;Education~Social Media~Gaming~Other;2~10;3~8;10.0
17~19;Male;7~9;1~4;3~6;53~75;0~5;0~0;6~10;1~9;3~9;0~1;0~2;62~144;10~19;1~3;1~2;0~1;Education~Social Media~Gaming~Other;2~10;3~8;7.0
17~19;Male;7~9;1~4;3~6;53~75;0~5;0~0;6~10;1~9;3~9;0~1;0~2;62~144;10~19;1~3;1~2;0~1;Education~Social Media~Gaming~Other;2~10;3~8;10.0
17~19;Male;7~10;1~5;3~6;52~73;0~5;1~2;1~9;2~6;1~10;0~1;0~1;22~144;5~20;0~4;0~2;0~2;Education~Social Media~Gaming~Other;2~10;0~7;9.7
17~19;Male;7~10;1~5;3~6;52~73;0~5;1~2;1~9;2~6;1~10;0~1;0~1;22~144;5~20;0~4;0~2;0~2;Education~Social Media~Gaming~Other;2~10;0~7;9.2
17~19;Male;7~10;1~5;3~6;52~73;0~5;1~2;1~9;2~6;1~10;0~1;0~1;22~144;5~20;0~4;0~2;0~2;Education~Social Media~Gaming~Other;2~10;0~7;7.8
17~19;Male;7~10;1~5;3~6;52~73;0~5;1~2;1~9;2~6;1~10;0~1;0~1;22~144;5~20;0~4;0~2;0~2;Education~Social Media~Gaming~Other;2~10;0~7;10.0
17~19;Male;7~10;1~5;3~6;52~73;0~5;1~2;1~9;2~6;1~10;0~1;0~1;22~144;5~20;0~4;0~2;0~2;Education~Social Media~Gaming~Other;2~10;0~7;9.8
17~19;Male;7~10;1~5;3~6;52~73;0~5;1~2;1~9;2~6;1~10;0~1;0~1;22~144;5~20;0~4;0~2;0~2;Education~Social Media~Gaming~Other;2~10;0~7;8.9
17~19;Male;7~10;1~5;3~6;52~73;0~5;1~2;1~9;2~6;1~10;0~1;0~1;22~144;5~20;0~4;0~2;0~2;Education~Social Media~Gaming~Other;2~10;0~7;10.0
17~19;Male;7~10;1~5;3~6;52~73;0~5;1~2;1~9;2~6;1~10;0~1;0~1;22~144;5~20;0~4;0~2;0~2;Education~Social Media~Gaming~Other;2~10;0~7;8.9
17~19;Male;7~10;1~5;3~6;52~73;0~5;1~2;1~9;2~6;1~10;0~1;0~1;22~144;5~20;0~4;0~2;0~2;Education~Social Media~Gaming~Other;2~10;0~7;5.6
17~18;Male;7~10;1~5;3~6;51~73;7~10;0~0;1~10;4~10;1~10;0~1;0~2;23~136;6~20;1~3;0~3;0~2;Browsing~Education~Social Media~Gaming~Other;1~6;4~7;10.0
17~18;Male;7~10;1~5;3~6;51~73;7~10;0~0;1~10;4~10;1~10;0~1;0~2;23~136;6~20;1~3;0~3;0~2;Browsing~Education~Social Media~Gaming~Other;1~6;4~7;10.0
17~18;Male;7~10;1~5;3~6;51~73;7~10;0~0;1~10;4~10;1~10;0~1;0~2;23~136;6~20;1~3;0~3;0~2;Browsing~Education~Social Media~Gaming~Other;1~6;4~7;8.0
17~18;Male;7~10;1~5;3~6;51~73;7~10;0~0;1~10;4~10;1~10;0~1;0~2;23~136;6~20;1~3;0~3;0~2;Browsing~Education~Social Media~Gaming~Other;1~6;4~7;10.0
17~18;Male;7~10;1~5;3~6;51~73;7~10;0~0;1~10;4~10;1~10;0~1;0~2;23~136;6~20;1~3;0~3;0~2;Browsing~Education~Social Media~Gaming~Other;1~6;4~7;5.0
17~18;Male;7~10;1~5;3~6;51~73;7~10;0~0;1~10;4~10;1~10;0~1;0~2;23~136;6~20;1~3;0~3;0~2;Browsing~Education~Social Media~Gaming~Other;1~6;4~7;10.0
17~18;Male;7~10;1~5;3~6;51~73;7~10;0~0;1~10;4~10;1~10;0~1;0~2;23~136;6~20;1~3;0~3;0~2;Browsing~Education~Social Media~Gaming~Other;1~6;4~7;10.0
17~18;Male;7~10;1~5;3~6;51~73;7~10;0~0;1~10;4~10;1~10;0~1;0~2;23~136;6~20;1~3;0~3;0~2;Browsing~Education~Social Media~Gaming~Other;1~6;4~7;7.8
17~18;Male;7~10;1~5;3~6;51~73;7~10;0~0;1~10;4~10;1~10;0~1;0~2;23~136;6~20;1~3;0~3;0~2;Browsing~Education~Social Media~Gaming~Other;1~6;4~7;9.9
17~19;Male;8~10;1~4;3~6;50~74;8~9;0~2;1~6;5~10;3~8;0~1;0~1;22~150;5~18;1~4;0~3;0~1;Browsing~Education~Social Media~Gaming~Other;1~8;3~8;6.3
17~19;Male;8~10;1~4;3~6;50~74;8~9;0~2;1~6;5~10;3~8;0~1;0~1;22~150;5~18;1~4;0~3;0~1;Browsing~Education~Social Media~Gaming~Other;1~8;3~8;8.2
17~19;Male;8~10;1~4;3~6;50~74;8~9;0~2;1~6;5~10;3~8;0~1;0~1;22~150;5~18;1~4;0~3;0~1;Browsing~Education~Social Media~Gaming~Other;1~8;3~8;6.3
17~19;Male;8~10;1~4;3~6;50~74;8~9;0~2;1~6;5~10;3~8;0~1;0~1;22~150;5~18;1~4;0~3;0~1;Browsing~Education~Social Media~Gaming~Other;1~8;3~8;9.8
17~19;Male;8~10;1~4;3~6;50~74;8~9;0~2;1~6;5~10;3~8;0~1;0~1;22~150;5~18;1~4;0~3;0~1;Browsing~Education~Social Media~Gaming~Other;1~8;3~8;10.0
18~19;Male;7~10;2~5;4~6;51~70;6~9;1~1;8~10;1~10;1~9;0~1;0~1;67~119;5~16;2~3;1~2;0~1;Browsing~Education~Social Media~Gaming;5~10;4~8;9.2
18~19;Male;7~10;2~5;4~6;51~70;6~9;1~1;8~10;1~10;1~9;0~1;0~1;67~119;5~16;2~3;1~2;0~1;Browsing~Education~Social Media~Gaming;5~10;4~8;10.0
18~19;Male;7~10;2~5;4~6;51~70;6~9;1~1;8~10;1~10;1~9;0~1;0~1;67~119;5~16;2~3;1~2;0~1;Browsing~Education~Social Media~Gaming;5~10;4~8;8.5
18~19;Male;7~10;2~5;4~6;51~70;6~9;1~1;8~10;1~10;1~9;0~1;0~1;67~119;5~16;2~3;1~2;0~1;Browsing~Education~Social Media~Gaming;5~10;4~8;10.0
18~19;Male;7~10;2~5;4~6;51~70;6~9;1~1;8~10;1~10;1~9;0~1;0~1;67~119;5~16;2~3;1~2;0~1;Browsing~Education~Social Media~Gaming;5~10;4~8;10.0
17~19;Male;7~10;2~4;3~6;88~97;0~5;0~1;1~8;2~8;2~6;0~1;1~1;23~126;7~20;0~3;0~3;0~1;Browsing~Education~Social Media~Gaming~Other;2~7;3~8;9.6
17~19;Male;7~10;2~4;3~6;88~97;0~5;0~1;1~8;2~8;2~6;0~1;1~1;23~126;7~20;0~3;0~3;0~1;Browsing~Education~Social Media~Gaming~Other;2~7;3~8;10.0
17~19;Male;7~10;2~4;3~6;88~97;0~5;0~1;1~8;2~8;2~6;0~1;1~1;23~126;7~20;0~3;0~3;0~1;Browsing~Education~Social Media~Gaming~Other;2~7;3~8;7.3
17~19;Male;7~10;2~4;3~6;88~97;0~5;0~1;1~8;2~8;2~6;0~1;1~1;23~126;7~20;0~3;0~3;0~1;Browsing~Education~Social Media~Gaming~Other;2~7;3~8;4.1
17~19;Male;7~10;2~4;3~6;88~97;0~5;0~1;1~8;2~8;2~6;0~1;1~1;23~126;7~20;0~3;0~3;0~1;Browsing~Education~Social Media~Gaming~Other;2~7;3~8;8.7
17~19;Male;7~10;2~4;3~6;88~97;0~5;0~1;1~8;2~8;2~6;0~1;1~1;23~126;7~20;0~3;0~3;0~1;Browsing~Education~Social Media~Gaming~Other;2~7;3~8;10.0
17~19;Male;7~10;1~4;4~6;78~98;0~5;0~1;1~9;1~6;7~10;0~1;0~1;24~126;9~20;1~3;0~2;0~2;Browsing~Education~Social Media~Gaming~Other;3~9;4~7;9.4
17~19;Male;7~10;1~4;4~6;78~98;0~5;0~1;1~9;1~6;7~10;0~1;0~1;24~126;9~20;1~3;0~2;0~2;Browsing~Education~Social Media~Gaming~Other;3~9;4~7;4.9
17~19;Male;7~10;1~4;4~6;78~98;0~5;0~1;1~9;1~6;7~10;0~1;0~1;24~126;9~20;1~3;0~2;0~2;Browsing~Education~Social Media~Gaming~Other;3~9;4~7;10.0
17~19;Male;7~10;1~4;4~6;78~98;0~5;0~1;1~9;1~6;7~10;0~1;0~1;24~126;9~20;1~3;0~2;0~2;Browsing~Education~Social Media~Gaming~Other;3~9;4~7;6.4
17~19;Male;7~10;1~4;4~6;78~98;0~5;0~1;1~9;1~6;7~10;0~1;0~1;24~126;9~20;1~3;0~2;0~2;Browsing~Education~Social Media~Gaming~Other;3~9;4~7;7.3
17~19;Male;7~10;2~4;4~6;78~98;1~5;1~2;1~4;1~10;4~9;0~1;0~1;20~145;5~19;0~3;0~2;0~1;Education~Social Media~Gaming;1~10;3~9;10.0
17~19;Male;7~10;2~4;4~6;78~98;1~5;1~2;1~4;1~10;4~9;0~1;0~1;20~145;5~19;0~3;0~2;0~1;Education~Social Media~Gaming;1~10;3~9;5.0
17~19;Male;7~10;2~4;4~6;78~98;1~5;1~2;1~4;1~10;4~9;0~1;0~1;20~145;5~19;0~3;0~2;0~1;Education~Social Media~Gaming;1~10;3~9;10.0
17~19;Male;7~10;2~4;4~6;78~98;1~5;1~2;1~4;1~10;4~9;0~1;0~1;20~145;5~19;0~3;0~2;0~1;Education~Social Media~Gaming;1~10;3~9;6.6
17~19;Male;7~10;2~4;4~6;78~98;1~5;1~2;1~4;1~10;4~9;0~1;0~1;20~145;5~19;0~3;0~2;0~1;Education~Social Media~Gaming;1~10;3~9;6.3
17~19;Male;7~10;3~4;5~6;79~97;0~5;1~1;7~10;1~7;2~8;0~1;0~1;43~139;6~19;0~4;0~2;0~2;Education~Social Media~Gaming~Other;2~4;3~7;6.5
17~19;Male;7~10;3~4;5~6;79~97;0~5;1~1;7~10;1~7;2~8;0~1;0~1;43~139;6~19;0~4;0~2;0~2;Education~Social Media~Gaming~Other;2~4;3~7;10.0
17~19;Male;7~10;3~4;5~6;79~97;0~5;1~1;7~10;1~7;2~8;0~1;0~1;43~139;6~19;0~4;0~2;0~2;Education~Social Media~Gaming~Other;2~4;3~7;9.6
17~19;Male;7~10;3~4;5~6;79~97;0~5;1~1;7~10;1~7;2~8;0~1;0~1;43~139;6~19;0~4;0~2;0~2;Education~Social Media~Gaming~Other;2~4;3~7;9.3
17~19;Male;7~10;3~4;5~6;79~97;0~5;1~1;7~10;1~7;2~8;0~1;0~1;43~139;6~19;0~4;0~2;0~2;Education~Social Media~Gaming~Other;2~4;3~7;9.9
18~19;Male;7~9;1~5;3~6;78~98;7~9;0~1;1~3;3~10;1~9;0~1;0~1;37~120;11~19;0~3;0~2;0~1;Browsing~Education~Social Media~Gaming~Other;1~9;1~9;10.0
18~19;Male;7~9;1~5;3~6;78~98;7~9;0~1;1~3;3~10;1~9;0~1;0~1;37~120;11~19;0~3;0~2;0~1;Browsing~Education~Social Media~Gaming~Other;1~9;1~9;8.7
18~19;Male;7~9;1~5;3~6;78~98;7~9;0~1;1~3;3~10;1~9;0~1;0~1;37~120;11~19;0~3;0~2;0~1;Browsing~Education~Social Media~Gaming~Other;1~9;1~9;10.0
18~19;Male;7~9;1~5;3~6;78~98;7~9;0~1;1~3;3~10;1~9;0~1;0~1;37~120;11~19;0~3;0~2;0~1;Browsing~Education~Social Media~Gaming~Other;1~9;1~9;10.0
18~19;Male;7~9;1~5;3~6;78~98;7~9;0~1;1~3;3~10;1~9;0~1;0~1;37~120;11~19;0~3;0~2;0~1;Browsing~Education~Social Media~Gaming~Other;1~9;1~9;9.0
17~19;Male;7~9;2~4;4~6;77~93;6~7;0~1;6~10;1~10;1~10;0;0~1;33~146;8~19;0~3;0~1;0~1;Education~Social Media~Gaming;2~10;4~8;7.8
17~19;Male;7~9;2~4;4~6;77~93;6~7;0~1;6~10;1~10;1~10;0;0~1;33~146;8~19;0~3;0~1;0~1;Education~Social Media~Gaming;2~10;4~8;6.7
17~19;Male;7~9;2~4;4~6;77~93;6~7;0~1;6~10;1~10;1~10;0;0~1;33~146;8~19;0~3;0~1;0~1;Education~Social Media~Gaming;2~10;4~8;5.0
17~19;Male;7~9;2~4;4~6;77~93;6~7;0~1;6~10;1~10;1~10;0;0~1;33~146;8~19;0~3;0~1;0~1;Education~Social Media~Gaming;2~10;4~8;10.0
17~19;Male;7~9;2~4;4~6;77~93;6~7;0~1;6~10;1~10;1~10;0;0~1;33~146;8~19;0~3;0~1;0~1;Education~Social Media~Gaming;2~10;4~8;10.0
17~19;Male;7~10;0~4;3~6;76~99;6~10;1~2;1~10;1~10;1~9;0~1;0~1;36~128;8~16;2~3;0~2;0~1;Browsing~Education~Social Media~Gaming~Other;1~10;0~9;10.0
17~19;Male;7~10;0~4;3~6;76~99;6~10;1~2;1~10;1~10;1~9;0~1;0~1;36~128;8~16;2~3;0~2;0~1;Browsing~Education~Social Media~Gaming~Other;1~10;0~9;10.0
17~19;Male;7~10;0~4;3~6;76~99;6~10;1~2;1~10;1~10;1~9;0~1;0~1;36~128;8~16;2~3;0~2;0~1;Browsing~Education~Social Media~Gaming~Other;1~10;0~9;10.0
17~19;Male;7~10;0~4;3~6;76~99;6~10;1~2;1~10;1~10;1~9;0~1;0~1;36~128;8~16;2~3;0~2;0~1;Browsing~Education~Social Media~Gaming~Other;1~10;0~9;10.0
17~19;Male;7~10;0~4;3~6;76~99;6~10;1~2;1~10;1~10;1~9;0~1;0~1;36~128;8~16;2~3;0~2;0~1;Browsing~Education~Social Media~Gaming~Other;1~10;0~9;9.3
17~19;Male;7~10;0~4;3~6;76~99;6~10;1~2;1~10;1~10;1~9;0~1;0~1;36~128;8~16;2~3;0~2;0~1;Browsing~Education~Social Media~Gaming~Other;1~10;0~9;7.1
17~19;Male;7~10;0~4;3~6;76~99;6~10;1~2;1~10;1~10;1~9;0~1;0~1;36~128;8~16;2~3;0~2;0~1;Browsing~Education~Social Media~Gaming~Other;1~10;0~9;8.9
17~19;Male;7~10;0~4;3~6;76~99;6~10;1~2;1~10;1~10;1~9;0~1;0~1;36~128;8~16;2~3;0~2;0~1;Browsing~Education~Social Media~Gaming~Other;1~10;0~9;9.7
17~19;Male;8~10;3~4;7~7;57~74;1~4;0~1;1~4;2~10;1~7;0~1;0~1;41~131;6~19;0~2;0~2;0~1;Education~Social Media~Gaming~Other;1~10;4~6;8.4
17~19;Male;8~10;3~4;7~7;57~74;1~4;0~1;1~4;2~10;1~7;0~1;0~1;41~131;6~19;0~2;0~2;0~1;Education~Social Media~Gaming~Other;1~10;4~6;8.3
17~19;Male;8~10;3~4;7~7;57~74;1~4;0~1;1~4;2~10;1~7;0~1;0~1;41~131;6~19;0~2;0~2;0~1;Education~Social Media~Gaming~Other;1~10;4~6;7.1
17~19;Male;8~10;3~4;7~7;57~74;1~4;0~1;1~4;2~10;1~7;0~1;0~1;41~131;6~19;0~2;0~2;0~1;Education~Social Media~Gaming~Other;1~10;4~6;5.8
17~19;Male;8~10;3~4;7~7;57~74;1~4;0~1;1~4;2~10;1~7;0~1;0~1;41~131;6~19;0~2;0~2;0~1;Education~Social Media~Gaming~Other;1~10;4~6;8.4
17~19;Male;7~10;0~4;7~9;50~74;0~4;0~1;6~9;3~9;1~10;0~1;0~1;27~142;5~19;2~3;0~4;0~1;Browsing~Education~Social Media;1~10;3~7;10.0
17~19;Male;7~10;0~4;7~9;50~74;0~4;0~1;6~9;3~9;1~10;0~1;0~1;27~142;5~19;2~3;0~4;0~1;Browsing~Education~Social Media;1~10;3~7;8.6
17~19;Male;7~10;0~4;7~9;50~74;0~4;0~1;6~9;3~9;1~10;0~1;0~1;27~142;5~19;2~3;0~4;0~1;Browsing~Education~Social Media;1~10;3~7;7.2
17~19;Male;7~10;0~4;7~9;50~74;0~4;0~1;6~9;3~9;1~10;0~1;0~1;27~142;5~19;2~3;0~4;0~1;Browsing~Education~Social Media;1~10;3~7;6.0
17~19;Male;7~10;0~4;7~9;50~74;0~4;0~1;6~9;3~9;1~10;0~1;0~1;27~142;5~19;2~3;0~4;0~1;Browsing~Education~Social Media;1~10;3~7;3.2
17~19;Male;7~10;0~4;7~9;50~74;0~4;0~1;6~9;3~9;1~10;0~1;0~1;27~142;5~19;2~3;0~4;0~1;Browsing~Education~Social Media;1~10;3~7;8.3
17~19;Male;7~10;1~5;7~8;50~74;0~4;1~2;1~10;2~9;3~10;0~1;0~1;48~148;5~16;0~3;0~3;0~2;Browsing~Education~Social Media~Gaming~Other;1~10;3~7;8.4
17~19;Male;7~10;1~5;7~8;50~74;0~4;1~2;1~10;2~9;3~10;0~1;0~1;48~148;5~16;0~3;0~3;0~2;Browsing~Education~Social Media~Gaming~Other;1~10;3~7;8.6
17~19;Male;7~10;1~5;7~8;50~74;0~4;1~2;1~10;2~9;3~10;0~1;0~1;48~148;5~16;0~3;0~3;0~2;Browsing~Education~Social Media~Gaming~Other;1~10;3~7;4.9
17~19;Male;7~10;1~5;7~8;50~74;0~4;1~2;1~10;2~9;3~10;0~1;0~1;48~148;5~16;0~3;0~3;0~2;Browsing~Education~Social Media~Gaming~Other;1~10;3~7;6.2
17~19;Male;7~10;1~5;7~8;50~74;0~4;1~2;1~10;2~9;3~10;0~1;0~1;48~148;5~16;0~3;0~3;0~2;Browsing~Education~Social Media~Gaming~Other;1~10;3~7;6.5
17~19;Male;7~10;1~5;7~8;50~74;0~4;1~2;1~10;2~9;3~10;0~1;0~1;48~148;5~16;0~3;0~3;0~2;Browsing~Education~Social Media~Gaming~Other;1~10;3~7;8.6
17~19;Male;7~10;1~5;7~8;50~74;0~4;1~2;1~10;2~9;3~10;0~1;0~1;48~148;5~16;0~3;0~3;0~2;Browsing~Education~Social Media~Gaming~Other;1~10;3~7;10.0
17~19;Male;7~10;2~5;7~9;51~70;6~9;0~0;1~10;1~10;2~10;0~1;0~1;20~98;6~20;0~3;0~2;0~1;Education~Social Media~Gaming~Other;4~10;2~9;8.4
17~19;Male;7~10;2~5;7~9;51~70;6~9;0~0;1~10;1~10;2~10;0~1;0~1;20~98;6~20;0~3;0~2;0~1;Education~Social Media~Gaming~Other;4~10;2~9;3.8
17~19;Male;7~10;2~5;7~9;51~70;6~9;0~0;1~10;1~10;2~10;0~1;0~1;20~98;6~20;0~3;0~2;0~1;Education~Social Media~Gaming~Other;4~10;2~9;8.1
17~19;Male;7~10;2~5;7~9;51~70;6~9;0~0;1~10;1~10;2~10;0~1;0~1;20~98;6~20;0~3;0~2;0~1;Education~Social Media~Gaming~Other;4~10;2~9;4.6
17~19;Male;7~10;2~5;7~9;51~70;6~9;0~0;1~10;1~10;2~10;0~1;0~1;20~98;6~20;0~3;0~2;0~1;Education~Social Media~Gaming~Other;4~10;2~9;10.0
17~19;Male;7~10;2~5;7~9;51~70;6~9;0~0;1~10;1~10;2~10;0~1;0~1;20~98;6~20;0~3;0~2;0~1;Education~Social Media~Gaming~Other;4~10;2~9;7.5
17~19;Male;7~10;2~5;7~9;51~70;6~9;0~0;1~10;1~10;2~10;0~1;0~1;20~98;6~20;0~3;0~2;0~1;Education~Social Media~Gaming~Other;4~10;2~9;6.0
17~19;Male;7~10;2~5;7~9;51~70;6~9;0~0;1~10;1~10;2~10;0~1;0~1;20~98;6~20;0~3;0~2;0~1;Education~Social Media~Gaming~Other;4~10;2~9;10.0
17~19;Male;7~10;2~5;7~9;51~70;6~9;0~0;1~10;1~10;2~10;0~1;0~1;20~98;6~20;0~3;0~2;0~1;Education~Social Media~Gaming~Other;4~10;2~9;3.5
17~19;Male;7~10;1~4;7~10;53~69;5~9;0~2;1~10;1~9;1~10;0~1;0~1;20~135;5~20;1~3;0~4;0~2;Browsing~Education~Social Media~Gaming~Other;2~10;3~8;3.9
17~19;Male;7~10;1~4;7~10;53~69;5~9;0~2;1~10;1~9;1~10;0~1;0~1;20~135;5~20;1~3;0~4;0~2;Browsing~Education~Social Media~Gaming~Other;2~10;3~8;6.6
17~19;Male;7~10;1~4;7~10;53~69;5~9;0~2;1~10;1~9;1~10;0~1;0~1;20~135;5~20;1~3;0~4;0~2;Browsing~Education~Social Media~Gaming~Other;2~10;3~8;4.4
17~19;Male;7~10;1~4;7~10;53~69;5~9;0~2;1~10;1~9;1~10;0~1;0~1;20~135;5~20;1~3;0~4;0~2;Browsing~Education~Social Media~Gaming~Other;2~10;3~8;10.0
17~19;Male;7~10;1~4;7~10;53~69;5~9;0~2;1~10;1~9;1~10;0~1;0~1;20~135;5~20;1~3;0~4;0~2;Browsing~Education~Social Media~Gaming~Other;2~10;3~8;8.9
17~19;Male;7~10;1~4;7~10;53~69;5~9;0~2;1~10;1~9;1~10;0~1;0~1;20~135;5~20;1~3;0~4;0~2;Browsing~Education~Social Media~Gaming~Other;2~10;3~8;6.0
17~19;Male;7~10;1~4;7~10;53~69;5~9;0~2;1~10;1~9;1~10;0~1;0~1;20~135;5~20;1~3;0~4;0~2;Browsing~Education~Social Media~Gaming~Other;2~10;3~8;4.5
17~19;Male;7~10;1~4;7~10;53~69;5~9;0~2;1~10;1~9;1~10;0~1;0~1;20~135;5~20;1~3;0~4;0~2;Browsing~Education~Social Media~Gaming~Other;2~10;3~8;8.0
17~19;Male;7~10;1~4;7~10;53~69;5~9;0~2;1~10;1~9;1~10;0~1;0~1;20~135;5~20;1~3;0~4;0~2;Browsing~Education~Social Media~Gaming~Other;2~10;3~8;10.0
17~19;Male;7~9;2~3;7~8;81~99;2~6;0~1;1~4;5~10;1~9;0~1;0~1;30~134;5~13;2~3;0~2;0~2;Browsing~Education~Social Media~Gaming~Other;2~8;1~9;7.9
17~19;Male;7~9;2~3;7~8;81~99;2~6;0~1;1~4;5~10;1~9;0~1;0~1;30~134;5~13;2~3;0~2;0~2;Browsing~Education~Social Media~Gaming~Other;2~8;1~9;7.5
17~19;Male;7~9;2~3;7~8;81~99;2~6;0~1;1~4;5~10;1~9;0~1;0~1;30~134;5~13;2~3;0~2;0~2;Browsing~Education~Social Media~Gaming~Other;2~8;1~9;8.2
17~19;Male;7~9;2~3;7~8;81~99;2~6;0~1;1~4;5~10;1~9;0~1;0~1;30~134;5~13;2~3;0~2;0~2;Browsing~Education~Social Media~Gaming~Other;2~8;1~9;5.7
17~19;Male;7~9;2~3;7~8;81~99;2~6;0~1;1~4;5~10;1~9;0~1;0~1;30~134;5~13;2~3;0~2;0~2;Browsing~Education~Social Media~Gaming~Other;2~8;1~9;7.2
17~19;Male;8~10;2~4;7~8;82~94;1~5;0~1;6~9;1~9;1~8;0~1;0~1;33~135;11~19;1~3;0~2;0~2;Browsing~Education~Social Media~Gaming~Other;3~10;4~8;10.0
17~19;Male;8~10;2~4;7~8;82~94;1~5;0~1;6~9;1~9;1~8;0~1;0~1;33~135;11~19;1~3;0~2;0~2;Browsing~Education~Social Media~Gaming~Other;3~10;4~8;8.5
17~19;Male;8~10;2~4;7~8;82~94;1~5;0~1;6~9;1~9;1~8;0~1;0~1;33~135;11~19;1~3;0~2;0~2;Browsing~Education~Social Media~Gaming~Other;3~10;4~8;10.0
17~19;Male;8~10;2~4;7~8;82~94;1~5;0~1;6~9;1~9;1~8;0~1;0~1;33~135;11~19;1~3;0~2;0~2;Browsing~Education~Social Media~Gaming~Other;3~10;4~8;7.7
17~19;Male;8~10;2~4;7~8;82~94;1~5;0~1;6~9;1~9;1~8;0~1;0~1;33~135;11~19;1~3;0~2;0~2;Browsing~Education~Social Media~Gaming~Other;3~10;4~8;8.4
17~19;Male;8~10;2~4;7~8;82~94;1~5;0~1;6~9;1~9;1~8;0~1;0~1;33~135;11~19;1~3;0~2;0~2;Browsing~Education~Social Media~Gaming~Other;3~10;4~8;9.5
17~19;Male;8~10;3~5;7~9;76~100;1~6;1~3;1~10;1~10;3~9;0~1;0~1;33~133;5~20;1~3;0~3;0~1;Browsing~Education~Social Media~Gaming~Other;1~9;4~8;6.2
17~19;Male;8~10;3~5;7~9;76~100;1~6;1~3;1~10;1~10;3~9;0~1;0~1;33~133;5~20;1~3;0~3;0~1;Browsing~Education~Social Media~Gaming~Other;1~9;4~8;5.9
17~19;Male;8~10;3~5;7~9;76~100;1~6;1~3;1~10;1~10;3~9;0~1;0~1;33~133;5~20;1~3;0~3;0~1;Browsing~Education~Social Media~Gaming~Other;1~9;4~8;9.0
17~19;Male;8~10;3~5;7~9;76~100;1~6;1~3;1~10;1~10;3~9;0~1;0~1;33~133;5~20;1~3;0~3;0~1;Browsing~Education~Social Media~Gaming~Other;1~9;4~8;7.1
17~19;Male;8~10;3~5;7~9;76~100;1~6;1~3;1~10;1~10;3~9;0~1;0~1;33~133;5~20;1~3;0~3;0~1;Browsing~Education~Social Media~Gaming~Other;1~9;4~8;5.5
17~19;Male;8~10;3~5;7~9;76~100;1~6;1~3;1~10;1~10;3~9;0~1;0~1;33~133;5~20;1~3;0~3;0~1;Browsing~Education~Social Media~Gaming~Other;1~9;4~8;4.4
17~19;Male;8~10;3~5;7~9;76~100;1~6;1~3;1~10;1~10;3~9;0~1;0~1;33~133;5~20;1~3;0~3;0~1;Browsing~Education~Social Media~Gaming~Other;1~9;4~8;10.0
17~19;Male;8~10;3~5;7~9;76~100;1~6;1~3;1~10;1~10;3~9;0~1;0~1;33~133;5~20;1~3;0~3;0~1;Browsing~Education~Social Media~Gaming~Other;1~9;4~8;10.0
17~19;Male;7~10;1~4;7~8;76~93;7~9;0~1;2~9;2~9;1~9;0~1;0~2;25~148;7~20;0~4;0~3;0~1;Browsing~Education~Social Media~Gaming~Other;1~9;2~10;6.0
17~19;Male;7~10;1~4;7~8;76~93;7~9;0~1;2~9;2~9;1~9;0~1;0~2;25~148;7~20;0~4;0~3;0~1;Browsing~Education~Social Media~Gaming~Other;1~9;2~10;8.4
17~19;Male;7~10;1~4;7~8;76~93;7~9;0~1;2~9;2~9;1~9;0~1;0~2;25~148;7~20;0~4;0~3;0~1;Browsing~Education~Social Media~Gaming~Other;1~9;2~10;6.4
17~19;Male;7~10;1~4;7~8;76~93;7~9;0~1;2~9;2~9;1~9;0~1;0~2;25~148;7~20;0~4;0~3;0~1;Browsing~Education~Social Media~Gaming~Other;1~9;2~10;10.0
17~19;Male;7~10;1~4;7~8;76~93;7~9;0~1;2~9;2~9;1~9;0~1;0~2;25~148;7~20;0~4;0~3;0~1;Browsing~Education~Social Media~Gaming~Other;1~9;2~10;9.1
17~19;Male;7~10;1~4;7~8;76~93;7~9;0~1;2~9;2~9;1~9;0~1;0~2;25~148;7~20;0~4;0~3;0~1;Browsing~Education~Social Media~Gaming~Other;1~9;2~10;6.5
17~19;Male;7~10;1~4;7~8;76~93;7~9;0~1;2~9;2~9;1~9;0~1;0~2;25~148;7~20;0~4;0~3;0~1;Browsing~Education~Social Media~Gaming~Other;1~9;2~10;8.0
17~19;Male;7~10;1~4;7~8;76~93;7~9;0~1;2~9;2~9;1~9;0~1;0~2;25~148;7~20;0~4;0~3;0~1;Browsing~Education~Social Media~Gaming~Other;1~9;2~10;8.1
17~19;Male;8~10;1~5;7~9;81~97;7~10;1~2;2~10;1~10;1~10;0~1;0~1;24~137;5~20;1~3;0~3;0~1;Browsing~Education~Social Media~Gaming~Other;1~10;1~7;6.8
17~19;Male;8~10;1~5;7~9;81~97;7~10;1~2;2~10;1~10;1~10;0~1;0~1;24~137;5~20;1~3;0~3;0~1;Browsing~Education~Social Media~Gaming~Other;1~10;1~7;7.1
17~19;Male;8~10;1~5;7~9;81~97;7~10;1~2;2~10;1~10;1~10;0~1;0~1;24~137;5~20;1~3;0~3;0~1;Browsing~Education~Social Media~Gaming~Other;1~10;1~7;10.0
17~19;Male;8~10;1~5;7~9;81~97;7~10;1~2;2~10;1~10;1~10;0~1;0~1;24~137;5~20;1~3;0~3;0~1;Browsing~Education~Social Media~Gaming~Other;1~10;1~7;6.2
17~19;Male;8~10;1~5;7~9;81~97;7~10;1~2;2~10;1~10;1~10;0~1;0~1;24~137;5~20;1~3;0~3;0~1;Browsing~Education~Social Media~Gaming~Other;1~10;1~7;6.4
17~19;Male;8~10;1~5;7~9;81~97;7~10;1~2;2~10;1~10;1~10;0~1;0~1;24~137;5~20;1~3;0~3;0~1;Browsing~Education~Social Media~Gaming~Other;1~10;1~7;3.9
17~19;Male;8~10;1~5;7~9;81~97;7~10;1~2;2~10;1~10;1~10;0~1;0~1;24~137;5~20;1~3;0~3;0~1;Browsing~Education~Social Media~Gaming~Other;1~10;1~7;7.6
17~19;Male;8~10;1~5;7~9;81~97;7~10;1~2;2~10;1~10;1~10;0~1;0~1;24~137;5~20;1~3;0~3;0~1;Browsing~Education~Social Media~Gaming~Other;1~10;1~7;7.9
17~19;Male;8~10;1~5;7~9;81~97;7~10;1~2;2~10;1~10;1~10;0~1;0~1;24~137;5~20;1~3;0~3;0~1;Browsing~Education~Social Media~Gaming~Other;1~10;1~7;9.4
17~19;Male;7~10;5~7;3~6;54~75;0~4;0~1;2~10;1~10;1~10;0~1;0~1;53~146;6~15;1~4;0~2;0~2;Browsing~Education~Social Media~Gaming~Other;2~9;5~9;10.0
17~19;Male;7~10;5~7;3~6;54~75;0~4;0~1;2~10;1~10;1~10;0~1;0~1;53~146;6~15;1~4;0~2;0~2;Browsing~Education~Social Media~Gaming~Other;2~9;5~9;10.0
17~19;Male;7~10;5~7;3~6;54~75;0~4;0~1;2~10;1~10;1~10;0~1;0~1;53~146;6~15;1~4;0~2;0~2;Browsing~Education~Social Media~Gaming~Other;2~9;5~9;10.0
17~19;Male;7~10;5~7;3~6;54~75;0~4;0~1;2~10;1~10;1~10;0~1;0~1;53~146;6~15;1~4;0~2;0~2;Browsing~Education~Social Media~Gaming~Other;2~9;5~9;10.0
17~19;Male;7~10;5~7;3~6;54~75;0~4;0~1;2~10;1~10;1~10;0~1;0~1;53~146;6~15;1~4;0~2;0~2;Browsing~Education~Social Media~Gaming~Other;2~9;5~9;10.0
17~19;Male;7~10;5~7;3~6;54~75;0~4;0~1;2~10;1~10;1~10;0~1;0~1;53~146;6~15;1~4;0~2;0~2;Browsing~Education~Social Media~Gaming~Other;2~9;5~9;10.0
17~19;Male;7~10;5~7;3~6;54~75;0~4;0~1;2~10;1~10;1~10;0~1;0~1;53~146;6~15;1~4;0~2;0~2;Browsing~Education~Social Media~Gaming~Other;2~9;5~9;9.9
17~19;Male;7~10;5~7;3~6;54~75;0~4;0~1;2~10;1~10;1~10;0~1;0~1;53~146;6~15;1~4;0~2;0~2;Browsing~Education~Social Media~Gaming~Other;2~9;5~9;10.0
17~19;Male;7~10;5~7;3~6;54~75;0~4;0~1;2~10;1~10;1~10;0~1;0~1;53~146;6~15;1~4;0~2;0~2;Browsing~Education~Social Media~Gaming~Other;2~9;5~9;10.0
17~19;Male;7~10;5~9;4~6;52~76;0~4;1~2;1~10;1~9;1~9;0~1;0~1;30~137;10~19;1~5;0~3;0~2;Browsing~Education~Social Media~Gaming~Other;2~10;3~9;10.0
17~19;Male;7~10;5~9;4~6;52~76;0~4;1~2;1~10;1~9;1~9;0~1;0~1;30~137;10~19;1~5;0~3;0~2;Browsing~Education~Social Media~Gaming~Other;2~10;3~9;10.0
17~19;Male;7~10;5~9;4~6;52~76;0~4;1~2;1~10;1~9;1~9;0~1;0~1;30~137;10~19;1~5;0~3;0~2;Browsing~Education~Social Media~Gaming~Other;2~10;3~9;10.0
17~19;Male;7~10;5~9;4~6;52~76;0~4;1~2;1~10;1~9;1~9;0~1;0~1;30~137;10~19;1~5;0~3;0~2;Browsing~Education~Social Media~Gaming~Other;2~10;3~9;10.0
17~19;Male;7~10;5~9;4~6;52~76;0~4;1~2;1~10;1~9;1~9;0~1;0~1;30~137;10~19;1~5;0~3;0~2;Browsing~Education~Social Media~Gaming~Other;2~10;3~9;10.0
17~19;Male;7~10;5~9;4~6;52~76;0~4;1~2;1~10;1~9;1~9;0~1;0~1;30~137;10~19;1~5;0~3;0~2;Browsing~Education~Social Media~Gaming~Other;2~10;3~9;10.0
17~19;Male;7~10;5~9;4~6;52~76;0~4;1~2;1~10;1~9;1~9;0~1;0~1;30~137;10~19;1~5;0~3;0~2;Browsing~Education~Social Media~Gaming~Other;2~10;3~9;10.0
17~19;Male;7~10;5~9;4~6;52~76;0~4;1~2;1~10;1~9;1~9;0~1;0~1;30~137;10~19;1~5;0~3;0~2;Browsing~Education~Social Media~Gaming~Other;2~10;3~9;10.0
17~19;Male;7~10;5~9;4~6;52~76;0~4;1~2;1~10;1~9;1~9;0~1;0~1;30~137;10~19;1~5;0~3;0~2;Browsing~Education~Social Media~Gaming~Other;2~10;3~9;9.2
17~19;Male;7~10;5~8;3~6;52~72;5~10;0~0;3~7;1~10;1~10;0~1;0~1;26~112;7~18;1~4;0~3;0~2;Browsing~Education~Social Media~Gaming~Other;2~10;4~9;10.0
17~19;Male;7~10;5~8;3~6;52~72;5~10;0~0;3~7;1~10;1~10;0~1;0~1;26~112;7~18;1~4;0~3;0~2;Browsing~Education~Social Media~Gaming~Other;2~10;4~9;10.0
17~19;Male;7~10;5~8;3~6;52~72;5~10;0~0;3~7;1~10;1~10;0~1;0~1;26~112;7~18;1~4;0~3;0~2;Browsing~Education~Social Media~Gaming~Other;2~10;4~9;10.0
17~19;Male;7~10;5~8;3~6;52~72;5~10;0~0;3~7;1~10;1~10;0~1;0~1;26~112;7~18;1~4;0~3;0~2;Browsing~Education~Social Media~Gaming~Other;2~10;4~9;10.0
17~19;Male;7~10;5~8;3~6;52~72;5~10;0~0;3~7;1~10;1~10;0~1;0~1;26~112;7~18;1~4;0~3;0~2;Browsing~Education~Social Media~Gaming~Other;2~10;4~9;10.0
17~19;Male;7~10;5~8;3~6;52~72;5~10;0~0;3~7;1~10;1~10;0~1;0~1;26~112;7~18;1~4;0~3;0~2;Browsing~Education~Social Media~Gaming~Other;2~10;4~9;10.0
17~19;Male;7~10;5~8;3~6;52~72;5~10;0~0;3~7;1~10;1~10;0~1;0~1;26~112;7~18;1~4;0~3;0~2;Browsing~Education~Social Media~Gaming~Other;2~10;4~9;9.7
17~19;Male;7~10;5~8;3~6;52~72;5~10;0~0;3~7;1~10;1~10;0~1;0~1;26~112;7~18;1~4;0~3;0~2;Browsing~Education~Social Media~Gaming~Other;2~10;4~9;10.0
17~19;Male;7~10;5~8;3~6;52~72;5~10;0~0;3~7;1~10;1~10;0~1;0~1;26~112;7~18;1~4;0~3;0~2;Browsing~Education~Social Media~Gaming~Other;2~10;4~9;10.0
17~18;Male;7~10;5~9;3~6;51~65;6~8;1~2;1~4;1~10;2~6;0~1;0~1;70~148;6~19;1~3;0~2;0~1;Browsing~Education~Social Media~Gaming~Other;2~10;4~8;10.0
17~18;Male;7~10;5~9;3~6;51~65;6~8;1~2;1~4;1~10;2~6;0~1;0~1;70~148;6~19;1~3;0~2;0~1;Browsing~Education~Social Media~Gaming~Other;2~10;4~8;10.0
17~18;Male;7~10;5~9;3~6;51~65;6~8;1~2;1~4;1~10;2~6;0~1;0~1;70~148;6~19;1~3;0~2;0~1;Browsing~Education~Social Media~Gaming~Other;2~10;4~8;10.0
17~18;Male;7~10;5~9;3~6;51~65;6~8;1~2;1~4;1~10;2~6;0~1;0~1;70~148;6~19;1~3;0~2;0~1;Browsing~Education~Social Media~Gaming~Other;2~10;4~8;10.0
17~18;Male;7~10;5~9;3~6;51~65;6~8;1~2;1~4;1~10;2~6;0~1;0~1;70~148;6~19;1~3;0~2;0~1;Browsing~Education~Social Media~Gaming~Other;2~10;4~8;10.0
17~19;Male;7~9;6~8;3~6;58~72;7~9;0~1;5~9;2~5;7~10;0~1;0~2;47~137;6~16;2~5;1~3;0~2;Browsing~Education~Social Media~Gaming~Other;3~6;4~9;10.0
17~19;Male;7~9;6~8;3~6;58~72;7~9;0~1;5~9;2~5;7~10;0~1;0~2;47~137;6~16;2~5;1~3;0~2;Browsing~Education~Social Media~Gaming~Other;3~6;4~9;10.0
17~19;Male;7~9;6~8;3~6;58~72;7~9;0~1;5~9;2~5;7~10;0~1;0~2;47~137;6~16;2~5;1~3;0~2;Browsing~Education~Social Media~Gaming~Other;3~6;4~9;10.0
17~19;Male;7~9;6~8;3~6;58~72;7~9;0~1;5~9;2~5;7~10;0~1;0~2;47~137;6~16;2~5;1~3;0~2;Browsing~Education~Social Media~Gaming~Other;3~6;4~9;10.0
17~19;Male;7~9;6~8;3~6;58~72;7~9;0~1;5~9;2~5;7~10;0~1;0~2;47~137;6~16;2~5;1~3;0~2;Browsing~Education~Social Media~Gaming~Other;3~6;4~9;10.0
18~19;Male;7~10;6~7;3~5;77~96;0~5;0~1;1~5;2~9;3~10;0~1;0~1;32~142;5~18;0~2;1~2;0~1;Education~Social Media~Gaming~Other;2~10;3~8;10.0
18~19;Male;7~10;6~7;3~5;77~96;0~5;0~1;1~5;2~9;3~10;0~1;0~1;32~142;5~18;0~2;1~2;0~1;Education~Social Media~Gaming~Other;2~10;3~8;10.0
18~19;Male;7~10;6~7;3~5;77~96;0~5;0~1;1~5;2~9;3~10;0~1;0~1;32~142;5~18;0~2;1~2;0~1;Education~Social Media~Gaming~Other;2~10;3~8;10.0
18~19;Male;7~10;6~7;3~5;77~96;0~5;0~1;1~5;2~9;3~10;0~1;0~1;32~142;5~18;0~2;1~2;0~1;Education~Social Media~Gaming~Other;2~10;3~8;10.0
18~19;Male;7~10;6~7;3~5;77~96;0~5;0~1;1~5;2~9;3~10;0~1;0~1;32~142;5~18;0~2;1~2;0~1;Education~Social Media~Gaming~Other;2~10;3~8;10.0
18~19;Male;7~10;6~7;3~5;77~96;0~5;0~1;1~5;2~9;3~10;0~1;0~1;32~142;5~18;0~2;1~2;0~1;Education~Social Media~Gaming~Other;2~10;3~8;9.9
17~19;Male;9~10;5~8;3~6;88~99;0~5;0~0;7~9;3~10;3~10;0~1;0~1;29~109;8~17;1~3;0~3;0~3;Education~Social Media~Gaming;2~8;1~6;9.8
17~19;Male;9~10;5~8;3~6;88~99;0~5;0~0;7~9;3~10;3~10;0~1;0~1;29~109;8~17;1~3;0~3;0~3;Education~Social Media~Gaming;2~8;1~6;10.0
17~19;Male;9~10;5~8;3~6;88~99;0~5;0~0;7~9;3~10;3~10;0~1;0~1;29~109;8~17;1~3;0~3;0~3;Education~Social Media~Gaming;2~8;1~6;10.0
17~19;Male;9~10;5~8;3~6;88~99;0~5;0~0;7~9;3~10;3~10;0~1;0~1;29~109;8~17;1~3;0~3;0~3;Education~Social Media~Gaming;2~8;1~6;10.0
17~19;Male;9~10;5~8;3~6;88~99;0~5;0~0;7~9;3~10;3~10;0~1;0~1;29~109;8~17;1~3;0~3;0~3;Education~Social Media~Gaming;2~8;1~6;9.7
18~19;Male;7~10;5~9;3~6;77~93;3~5;1~1;1~4;1~5;1~8;0~1;0~2;56~136;8~19;1~3;1~2;0~1;Browsing~Education~Social Media;3~6;3~7;10.0
18~19;Male;7~10;5~9;3~6;77~93;3~5;1~1;1~4;1~5;1~8;0~1;0~2;56~136;8~19;1~3;1~2;0~1;Browsing~Education~Social Media;3~6;3~7;10.0
18~19;Male;7~10;5~9;3~6;77~93;3~5;1~1;1~4;1~5;1~8;0~1;0~2;56~136;8~19;1~3;1~2;0~1;Browsing~Education~Social Media;3~6;3~7;10.0
18~19;Male;7~10;5~9;3~6;77~93;3~5;1~1;1~4;1~5;1~8;0~1;0~2;56~136;8~19;1~3;1~2;0~1;Browsing~Education~Social Media;3~6;3~7;10.0
18~19;Male;7~10;5~9;3~6;77~93;3~5;1~1;1~4;1~5;1~8;0~1;0~2;56~136;8~19;1~3;1~2;0~1;Browsing~Education~Social Media;3~6;3~7;9.5
17~19;Male;7~10;5~8;4~5;81~98;0~5;1~2;3~9;6~10;1~10;0~1;0~1;41~143;7~17;1~5;0~3;0~2;Browsing~Education~Social Media~Gaming~Other;3~9;3~9;10.0
17~19;Male;7~10;5~8;4~5;81~98;0~5;1~2;3~9;6~10;1~10;0~1;0~1;41~143;7~17;1~5;0~3;0~2;Browsing~Education~Social Media~Gaming~Other;3~9;3~9;10.0
17~19;Male;7~10;5~8;4~5;81~98;0~5;1~2;3~9;6~10;1~10;0~1;0~1;41~143;7~17;1~5;0~3;0~2;Browsing~Education~Social Media~Gaming~Other;3~9;3~9;10.0
17~19;Male;7~10;5~8;4~5;81~98;0~5;1~2;3~9;6~10;1~10;0~1;0~1;41~143;7~17;1~5;0~3;0~2;Browsing~Education~Social Media~Gaming~Other;3~9;3~9;10.0
17~19;Male;7~10;5~8;4~5;81~98;0~5;1~2;3~9;6~10;1~10;0~1;0~1;41~143;7~17;1~5;0~3;0~2;Browsing~Education~Social Media~Gaming~Other;3~9;3~9;10.0
17~19;Male;7~10;5~8;4~5;81~98;0~5;1~2;3~9;6~10;1~10;0~1;0~1;41~143;7~17;1~5;0~3;0~2;Browsing~Education~Social Media~Gaming~Other;3~9;3~9;10.0
17~19;Male;8~10;5~7;3~6;77~98;7~10;0~1;2~9;4~8;1~10;0~1;0~1;37~139;5~18;1~4;0~3;0~3;Education~Social Media~Gaming~Other;4~9;2~6;10.0
17~19;Male;8~10;5~7;3~6;77~98;7~10;0~1;2~9;4~8;1~10;0~1;0~1;37~139;5~18;1~4;0~3;0~3;Education~Social Media~Gaming~Other;4~9;2~6;10.0
17~19;Male;8~10;5~7;3~6;77~98;7~10;0~1;2~9;4~8;1~10;0~1;0~1;37~139;5~18;1~4;0~3;0~3;Education~Social Media~Gaming~Other;4~9;2~6;10.0
17~19;Male;8~10;5~7;3~6;77~98;7~10;0~1;2~9;4~8;1~10;0~1;0~1;37~139;5~18;1~4;0~3;0~3;Education~Social Media~Gaming~Other;4~9;2~6;9.8
17~19;Male;8~10;5~7;3~6;77~98;7~10;0~1;2~9;4~8;1~10;0~1;0~1;37~139;5~18;1~4;0~3;0~3;Education~Social Media~Gaming~Other;4~9;2~6;10.0
17~19;Male;8~10;5~7;3~6;77~98;7~10;0~1;2~9;4~8;1~10;0~1;0~1;37~139;5~18;1~4;0~3;0~3;Education~Social Media~Gaming~Other;4~9;2~6;10.0
17~19;Male;8~10;5~7;3~6;77~98;7~10;0~1;2~9;4~8;1~10;0~1;0~1;37~139;5~18;1~4;0~3;0~3;Education~Social Media~Gaming~Other;4~9;2~6;10.0
17~19;Male;8~10;5~7;3~6;77~98;7~10;0~1;2~9;4~8;1~10;0~1;0~1;37~139;5~18;1~4;0~3;0~3;Education~Social Media~Gaming~Other;4~9;2~6;10.0
17~19;Male;7~10;5~8;4~6;79~100;6~10;1~2;1~9;1~8;1~8;0~1;0~1;26~133;8~19;1~4;0~2;0~2;Browsing~Education~Social Media~Gaming~Other;4~10;2~8;10.0
17~19;Male;7~10;5~8;4~6;79~100;6~10;1~2;1~9;1~8;1~8;0~1;0~1;26~133;8~19;1~4;0~2;0~2;Browsing~Education~Social Media~Gaming~Other;4~10;2~8;10.0
17~19;Male;7~10;5~8;4~6;79~100;6~10;1~2;1~9;1~8;1~8;0~1;0~1;26~133;8~19;1~4;0~2;0~2;Browsing~Education~Social Media~Gaming~Other;4~10;2~8;10.0
17~19;Male;7~10;5~8;4~6;79~100;6~10;1~2;1~9;1~8;1~8;0~1;0~1;26~133;8~19;1~4;0~2;0~2;Browsing~Education~Social Media~Gaming~Other;4~10;2~8;10.0
17~19;Male;7~10;5~8;4~6;79~100;6~10;1~2;1~9;1~8;1~8;0~1;0~1;26~133;8~19;1~4;0~2;0~2;Browsing~Education~Social Media~Gaming~Other;4~10;2~8;10.0
17~19;Male;7~10;5~8;4~6;79~100;6~10;1~2;1~9;1~8;1~8;0~1;0~1;26~133;8~19;1~4;0~2;0~2;Browsing~Education~Social Media~Gaming~Other;4~10;2~8;10.0
17~19;Male;7~10;5~8;4~6;79~100;6~10;1~2;1~9;1~8;1~8;0~1;0~1;26~133;8~19;1~4;0~2;0~2;Browsing~Education~Social Media~Gaming~Other;4~10;2~8;10.0
17~19;Male;7~10;5~8;4~6;79~100;6~10;1~2;1~9;1~8;1~8;0~1;0~1;26~133;8~19;1~4;0~2;0~2;Browsing~Education~Social Media~Gaming~Other;4~10;2~8;10.0
17~19;Male;7~9;5~8;6~10;54~75;0~4;0~0;1~8;3~10;1~7;0~1;0~1;41~132;7~18;0~2;1~3;0~2;Browsing~Education~Social Media~Gaming~Other;1~10;4~9;10.0
17~19;Male;7~9;5~8;6~10;54~75;0~4;0~0;1~8;3~10;1~7;0~1;0~1;41~132;7~18;0~2;1~3;0~2;Browsing~Education~Social Media~Gaming~Other;1~10;4~9;10.0
17~19;Male;7~9;5~8;6~10;54~75;0~4;0~0;1~8;3~10;1~7;0~1;0~1;41~132;7~18;0~2;1~3;0~2;Browsing~Education~Social Media~Gaming~Other;1~10;4~9;9.3
17~19;Male;7~9;5~8;6~10;54~75;0~4;0~0;1~8;3~10;1~7;0~1;0~1;41~132;7~18;0~2;1~3;0~2;Browsing~Education~Social Media~Gaming~Other;1~10;4~9;9.5
17~19;Male;7~9;5~8;6~10;54~75;0~4;0~0;1~8;3~10;1~7;0~1;0~1;41~132;7~18;0~2;1~3;0~2;Browsing~Education~Social Media~Gaming~Other;1~10;4~9;10.0
17~19;Male;7~9;5~8;6~10;54~75;0~4;0~0;1~8;3~10;1~7;0~1;0~1;41~132;7~18;0~2;1~3;0~2;Browsing~Education~Social Media~Gaming~Other;1~10;4~9;10.0
17~19;Male;7~9;5~8;6~10;54~75;0~4;0~0;1~8;3~10;1~7;0~1;0~1;41~132;7~18;0~2;1~3;0~2;Browsing~Education~Social Media~Gaming~Other;1~10;4~9;8.7
17~19;Male;7~9;5~8;6~10;54~75;0~4;0~0;1~8;3~10;1~7;0~1;0~1;41~132;7~18;0~2;1~3;0~2;Browsing~Education~Social Media~Gaming~Other;1~10;4~9;10.0
17~19;Male;7~9;5~8;6~10;54~75;0~4;0~0;1~8;3~10;1~7;0~1;0~1;41~132;7~18;0~2;1~3;0~2;Browsing~Education~Social Media~Gaming~Other;1~10;4~9;10.0
17~19;Male;7~9;5~8;6~9;51~77;0~4;0~1;1~10;1~4;1~8;0~1;0~2;22~120;6~18;2~3;0~4;0~1;Browsing~Education~Social Media~Gaming~Other;1~10;2~6;10.0
17~19;Male;7~9;5~8;6~9;51~77;0~4;0~1;1~10;1~4;1~8;0~1;0~2;22~120;6~18;2~3;0~4;0~1;Browsing~Education~Social Media~Gaming~Other;1~10;2~6;10.0
17~19;Male;7~9;5~8;6~9;51~77;0~4;0~1;1~10;1~4;1~8;0~1;0~2;22~120;6~18;2~3;0~4;0~1;Browsing~Education~Social Media~Gaming~Other;1~10;2~6;9.5
17~19;Male;7~9;5~8;6~9;51~77;0~4;0~1;1~10;1~4;1~8;0~1;0~2;22~120;6~18;2~3;0~4;0~1;Browsing~Education~Social Media~Gaming~Other;1~10;2~6;10.0
17~19;Male;7~9;5~8;6~9;51~77;0~4;0~1;1~10;1~4;1~8;0~1;0~2;22~120;6~18;2~3;0~4;0~1;Browsing~Education~Social Media~Gaming~Other;1~10;2~6;10.0
17~19;Male;7~10;5~9;7~8;53~67;1~4;1~2;5~10;6~9;1~10;0~1;0~1;49~144;11~20;1~3;0~2;0~1;Browsing~Education~Social Media~Gaming~Other;1~10;2~6;10.0
17~19;Male;7~10;5~9;7~8;53~67;1~4;1~2;5~10;6~9;1~10;0~1;0~1;49~144;11~20;1~3;0~2;0~1;Browsing~Education~Social Media~Gaming~Other;1~10;2~6;10.0
17~19;Male;7~10;5~9;7~8;53~67;1~4;1~2;5~10;6~9;1~10;0~1;0~1;49~144;11~20;1~3;0~2;0~1;Browsing~Education~Social Media~Gaming~Other;1~10;2~6;10.0
17~19;Male;7~10;5~9;7~8;53~67;1~4;1~2;5~10;6~9;1~10;0~1;0~1;49~144;11~20;1~3;0~2;0~1;Browsing~Education~Social Media~Gaming~Other;1~10;2~6;10.0
17~19;Male;7~10;5~9;7~8;53~67;1~4;1~2;5~10;6~9;1~10;0~1;0~1;49~144;11~20;1~3;0~2;0~1;Browsing~Education~Social Media~Gaming~Other;1~10;2~6;10.0
17~18;Male;7~10;5~8;6~8;51~71;5~10;0~0;1~9;3~9;1~8;0~1;0~1;41~143;6~19;2~4;0~2;0~2;Education~Social Media~Gaming~Other;1~10;2~9;10.0
17~18;Male;7~10;5~8;6~8;51~71;5~10;0~0;1~9;3~9;1~8;0~1;0~1;41~143;6~19;2~4;0~2;0~2;Education~Social Media~Gaming~Other;1~10;2~9;10.0
17~18;Male;7~10;5~8;6~8;51~71;5~10;0~0;1~9;3~9;1~8;0~1;0~1;41~143;6~19;2~4;0~2;0~2;Education~Social Media~Gaming~Other;1~10;2~9;10.0
17~18;Male;7~10;5~8;6~8;51~71;5~10;0~0;1~9;3~9;1~8;0~1;0~1;41~143;6~19;2~4;0~2;0~2;Education~Social Media~Gaming~Other;1~10;2~9;10.0
17~18;Male;7~10;5~8;6~8;51~71;5~10;0~0;1~9;3~9;1~8;0~1;0~1;41~143;6~19;2~4;0~2;0~2;Education~Social Media~Gaming~Other;1~10;2~9;10.0
17~18;Male;7~10;5~8;6~8;51~71;5~10;0~0;1~9;3~9;1~8;0~1;0~1;41~143;6~19;2~4;0~2;0~2;Education~Social Media~Gaming~Other;1~10;2~9;10.0
17~18;Male;7~10;5~8;6~8;51~71;5~10;0~0;1~9;3~9;1~8;0~1;0~1;41~143;6~19;2~4;0~2;0~2;Education~Social Media~Gaming~Other;1~10;2~9;10.0
17~18;Male;7~10;5~8;6~8;51~71;5~10;0~0;1~9;3~9;1~8;0~1;0~1;41~143;6~19;2~4;0~2;0~2;Education~Social Media~Gaming~Other;1~10;2~9;8.5
17~19;Male;7~9;5~10;6~10;61~66;5~8;1~2;2~10;1~9;1~8;0~1;0~1;32~133;5~17;1~3;0~3;0~2;Browsing~Education~Social Media~Gaming~Other;1~10;3~11;9.7
17~19;Male;7~9;5~10;6~10;61~66;5~8;1~2;2~10;1~9;1~8;0~1;0~1;32~133;5~17;1~3;0~3;0~2;Browsing~Education~Social Media~Gaming~Other;1~10;3~11;10.0
17~19;Male;7~9;5~10;6~10;61~66;5~8;1~2;2~10;1~9;1~8;0~1;0~1;32~133;5~17;1~3;0~3;0~2;Browsing~Education~Social Media~Gaming~Other;1~10;3~11;10.0
17~19;Male;7~9;5~10;6~10;61~66;5~8;1~2;2~10;1~9;1~8;0~1;0~1;32~133;5~17;1~3;0~3;0~2;Browsing~Education~Social Media~Gaming~Other;1~10;3~11;10.0
17~19;Male;7~9;5~10;6~10;61~66;5~8;1~2;2~10;1~9;1~8;0~1;0~1;32~133;5~17;1~3;0~3;0~2;Browsing~Education~Social Media~Gaming~Other;1~10;3~11;10.0
17~19;Male;7~9;5~10;6~10;61~66;5~8;1~2;2~10;1~9;1~8;0~1;0~1;32~133;5~17;1~3;0~3;0~2;Browsing~Education~Social Media~Gaming~Other;1~10;3~11;10.0
17~19;Male;7~9;5~10;6~10;61~66;5~8;1~2;2~10;1~9;1~8;0~1;0~1;32~133;5~17;1~3;0~3;0~2;Browsing~Education~Social Media~Gaming~Other;1~10;3~11;10.0
17~19;Male;7~10;6~9;6~8;82~100;1~3;0~1;1~10;1~9;1~8;0~1;0~1;52~136;10~17;1~3;1~4;0~1;Social Media~Gaming~Other;2~9;1~9;9.6
17~19;Male;7~10;6~9;6~8;82~100;1~3;0~1;1~10;1~9;1~8;0~1;0~1;52~136;10~17;1~3;1~4;0~1;Social Media~Gaming~Other;2~9;1~9;10.0
17~19;Male;7~10;6~9;6~8;82~100;1~3;0~1;1~10;1~9;1~8;0~1;0~1;52~136;10~17;1~3;1~4;0~1;Social Media~Gaming~Other;2~9;1~9;10.0
17~19;Male;7~10;6~9;6~8;82~100;1~3;0~1;1~10;1~9;1~8;0~1;0~1;52~136;10~17;1~3;1~4;0~1;Social Media~Gaming~Other;2~9;1~9;10.0
17~19;Male;7~10;6~9;6~8;82~100;1~3;0~1;1~10;1~9;1~8;0~1;0~1;52~136;10~17;1~3;1~4;0~1;Social Media~Gaming~Other;2~9;1~9;9.4
17~19;Male;7~10;6~9;6~8;82~100;1~3;0~1;1~10;1~9;1~8;0~1;0~1;52~136;10~17;1~3;1~4;0~1;Social Media~Gaming~Other;2~9;1~9;10.0
17~19;Male;7~10;6~9;6~8;82~100;1~3;0~1;1~10;1~9;1~8;0~1;0~1;52~136;10~17;1~3;1~4;0~1;Social Media~Gaming~Other;2~9;1~9;10.0
17~19;Male;7~10;6~9;6~8;82~100;1~3;0~1;1~10;1~9;1~8;0~1;0~1;52~136;10~17;1~3;1~4;0~1;Social Media~Gaming~Other;2~9;1~9;10.0
17~19;Male;7~10;5~8;6~9;80~97;0~4;1~1;1~9;1~10;2~7;0~1;0~2;22~142;6~20;1~4;0~4;0~1;Browsing~Education~Social Media~Gaming~Other;1~9;4~8;10.0
17~19;Male;7~10;5~8;6~9;80~97;0~4;1~1;1~9;1~10;2~7;0~1;0~2;22~142;6~20;1~4;0~4;0~1;Browsing~Education~Social Media~Gaming~Other;1~9;4~8;10.0
17~19;Male;7~10;5~8;6~9;80~97;0~4;1~1;1~9;1~10;2~7;0~1;0~2;22~142;6~20;1~4;0~4;0~1;Browsing~Education~Social Media~Gaming~Other;1~9;4~8;10.0
17~19;Male;7~10;5~8;6~9;80~97;0~4;1~1;1~9;1~10;2~7;0~1;0~2;22~142;6~20;1~4;0~4;0~1;Browsing~Education~Social Media~Gaming~Other;1~9;4~8;10.0
17~19;Male;7~10;5~8;6~9;80~97;0~4;1~1;1~9;1~10;2~7;0~1;0~2;22~142;6~20;1~4;0~4;0~1;Browsing~Education~Social Media~Gaming~Other;1~9;4~8;9.6
17~19;Male;7~10;5~8;6~9;80~97;0~4;1~1;1~9;1~10;2~7;0~1;0~2;22~142;6~20;1~4;0~4;0~1;Browsing~Education~Social Media~Gaming~Other;1~9;4~8;10.0
17~19;Male;7~10;5~8;6~9;80~97;0~4;1~1;1~9;1~10;2~7;0~1;0~2;22~142;6~20;1~4;0~4;0~1;Browsing~Education~Social Media~Gaming~Other;1~9;4~8;9.8
17~19;Male;7~10;5~8;6~9;80~97;0~4;1~1;1~9;1~10;2~7;0~1;0~2;22~142;6~20;1~4;0~4;0~1;Browsing~Education~Social Media~Gaming~Other;1~9;4~8;10.0
17~19;Male;7~10;5~8;6~9;80~97;0~4;1~1;1~9;1~10;2~7;0~1;0~2;22~142;6~20;1~4;0~4;0~1;Browsing~Education~Social Media~Gaming~Other;1~9;4~8;10.0
17~19;Male;7~10;5~9;6~9;78~100;5~10;0~1;2~8;2~10;2~9;0~1;0~2;28~130;7~19;1~3;0~2;0~2;Browsing~Education~Social Media~Gaming~Other;1~8;3~8;10.0
17~19;Male;7~10;5~9;6~9;78~100;5~10;0~1;2~8;2~10;2~9;0~1;0~2;28~130;7~19;1~3;0~2;0~2;Browsing~Education~Social Media~Gaming~Other;1~8;3~8;10.0
17~19;Male;7~10;5~9;6~9;78~100;5~10;0~1;2~8;2~10;2~9;0~1;0~2;28~130;7~19;1~3;0~2;0~2;Browsing~Education~Social Media~Gaming~Other;1~8;3~8;8.9
17~19;Male;7~10;5~9;6~9;78~100;5~10;0~1;2~8;2~10;2~9;0~1;0~2;28~130;7~19;1~3;0~2;0~2;Browsing~Education~Social Media~Gaming~Other;1~8;3~8;10.0
17~19;Male;7~10;5~9;6~9;78~100;5~10;0~1;2~8;2~10;2~9;0~1;0~2;28~130;7~19;1~3;0~2;0~2;Browsing~Education~Social Media~Gaming~Other;1~8;3~8;10.0
17~19;Male;7~10;5~9;6~9;78~100;5~10;0~1;2~8;2~10;2~9;0~1;0~2;28~130;7~19;1~3;0~2;0~2;Browsing~Education~Social Media~Gaming~Other;1~8;3~8;10.0
17~19;Male;7~10;5~9;6~9;78~100;5~10;0~1;2~8;2~10;2~9;0~1;0~2;28~130;7~19;1~3;0~2;0~2;Browsing~Education~Social Media~Gaming~Other;1~8;3~8;8.2
17~19;Male;7~10;5~9;6~9;78~100;5~10;0~1;2~8;2~10;2~9;0~1;0~2;28~130;7~19;1~3;0~2;0~2;Browsing~Education~Social Media~Gaming~Other;1~8;3~8;9.7
17~19;Male;7~10;5~9;6~9;78~100;5~10;0~1;2~8;2~10;2~9;0~1;0~2;28~130;7~19;1~3;0~2;0~2;Browsing~Education~Social Media~Gaming~Other;1~8;3~8;10.0
17~19;Male;7~10;5~7;6~8;79~100;5~10;1~3;1~10;1~10;1~9;0~1;0~1;30~113;5~19;0~4;0~3;0~1;Browsing~Education~Social Media~Gaming~Other;1~10;1~8;10.0
17~19;Male;7~10;5~7;6~8;79~100;5~10;1~3;1~10;1~10;1~9;0~1;0~1;30~113;5~19;0~4;0~3;0~1;Browsing~Education~Social Media~Gaming~Other;1~10;1~8;9.1
17~19;Male;7~10;5~7;6~8;79~100;5~10;1~3;1~10;1~10;1~9;0~1;0~1;30~113;5~19;0~4;0~3;0~1;Browsing~Education~Social Media~Gaming~Other;1~10;1~8;10.0
17~19;Male;7~10;5~7;6~8;79~100;5~10;1~3;1~10;1~10;1~9;0~1;0~1;30~113;5~19;0~4;0~3;0~1;Browsing~Education~Social Media~Gaming~Other;1~10;1~8;9.7
17~19;Male;7~10;5~7;6~8;79~100;5~10;1~3;1~10;1~10;1~9;0~1;0~1;30~113;5~19;0~4;0~3;0~1;Browsing~Education~Social Media~Gaming~Other;1~10;1~8;9.4
17~19;Male;7~10;5~7;6~8;79~100;5~10;1~3;1~10;1~10;1~9;0~1;0~1;30~113;5~19;0~4;0~3;0~1;Browsing~Education~Social Media~Gaming~Other;1~10;1~8;6.7
17~19;Male;7~10;5~7;6~8;79~100;5~10;1~3;1~10;1~10;1~9;0~1;0~1;30~113;5~19;0~4;0~3;0~1;Browsing~Education~Social Media~Gaming~Other;1~10;1~8;10.0
17~19;Male;7~10;5~7;6~8;79~100;5~10;1~3;1~10;1~10;1~9;0~1;0~1;30~113;5~19;0~4;0~3;0~1;Browsing~Education~Social Media~Gaming~Other;1~10;1~8;10.0
17~19;Male;7~10;5~7;6~8;79~100;5~10;1~3;1~10;1~10;1~9;0~1;0~1;30~113;5~19;0~4;0~3;0~1;Browsing~Education~Social Media~Gaming~Other;1~10;1~8;7.8
17~19;Male;11~12;1~4;3~6;52~76;1~5;0~3;2~10;1~10;2~10;0~1;0~2;47~144;7~17;0~3;0~2;0~2;Browsing~Education~Social Media~Gaming~Other;1~9;3~10;7.2
17~19;Male;11~12;1~4;3~6;52~76;1~5;0~3;2~10;1~10;2~10;0~1;0~2;47~144;7~17;0~3;0~2;0~2;Browsing~Education~Social Media~Gaming~Other;1~9;3~10;10.0
17~19;Male;11~12;1~4;3~6;52~76;1~5;0~3;2~10;1~10;2~10;0~1;0~2;47~144;7~17;0~3;0~2;0~2;Browsing~Education~Social Media~Gaming~Other;1~9;3~10;8.3
17~19;Male;11~12;1~4;3~6;52~76;1~5;0~3;2~10;1~10;2~10;0~1;0~2;47~144;7~17;0~3;0~2;0~2;Browsing~Education~Social Media~Gaming~Other;1~9;3~10;8.5
17~19;Male;11~12;1~4;3~6;52~76;1~5;0~3;2~10;1~10;2~10;0~1;0~2;47~144;7~17;0~3;0~2;0~2;Browsing~Education~Social Media~Gaming~Other;1~9;3~10;10.0
17~19;Male;11~12;1~4;3~6;52~76;1~5;0~3;2~10;1~10;2~10;0~1;0~2;47~144;7~17;0~3;0~2;0~2;Browsing~Education~Social Media~Gaming~Other;1~9;3~10;7.5
17~19;Male;11~12;1~4;3~6;52~76;1~5;0~3;2~10;1~10;2~10;0~1;0~2;47~144;7~17;0~3;0~2;0~2;Browsing~Education~Social Media~Gaming~Other;1~9;3~10;10.0
17~19;Male;11~12;1~4;3~6;52~76;1~5;0~3;2~10;1~10;2~10;0~1;0~2;47~144;7~17;0~3;0~2;0~2;Browsing~Education~Social Media~Gaming~Other;1~9;3~10;8.8
17~19;Male;11~12;1~4;3~6;52~76;1~5;0~3;2~10;1~10;2~10;0~1;0~2;47~144;7~17;0~3;0~2;0~2;Browsing~Education~Social Media~Gaming~Other;1~9;3~10;5.4
17~19;Male;11~12;2~5;4~6;57~77;6~10;0~1;1~10;1~10;2~10;0~1;0~1;40~144;6~17;0~3;0~3;0~2;Browsing~Education~Social Media~Gaming~Other;2~10;2~7;7.5
17~19;Male;11~12;2~5;4~6;57~77;6~10;0~1;1~10;1~10;2~10;0~1;0~1;40~144;6~17;0~3;0~3;0~2;Browsing~Education~Social Media~Gaming~Other;2~10;2~7;8.5
17~19;Male;11~12;2~5;4~6;57~77;6~10;0~1;1~10;1~10;2~10;0~1;0~1;40~144;6~17;0~3;0~3;0~2;Browsing~Education~Social Media~Gaming~Other;2~10;2~7;10.0
17~19;Male;11~12;2~5;4~6;57~77;6~10;0~1;1~10;1~10;2~10;0~1;0~1;40~144;6~17;0~3;0~3;0~2;Browsing~Education~Social Media~Gaming~Other;2~10;2~7;5.9
17~19;Male;11~12;2~5;4~6;57~77;6~10;0~1;1~10;1~10;2~10;0~1;0~1;40~144;6~17;0~3;0~3;0~2;Browsing~Education~Social Media~Gaming~Other;2~10;2~7;8.4
17~19;Male;11~12;2~5;4~6;57~77;6~10;0~1;1~10;1~10;2~10;0~1;0~1;40~144;6~17;0~3;0~3;0~2;Browsing~Education~Social Media~Gaming~Other;2~10;2~7;9.3
17~19;Male;11~12;2~5;4~6;57~77;6~10;0~1;1~10;1~10;2~10;0~1;0~1;40~144;6~17;0~3;0~3;0~2;Browsing~Education~Social Media~Gaming~Other;2~10;2~7;10.0
17~19;Male;11~12;2~5;4~6;57~77;6~10;0~1;1~10;1~10;2~10;0~1;0~1;40~144;6~17;0~3;0~3;0~2;Browsing~Education~Social Media~Gaming~Other;2~10;2~7;10.0
17~19;Male;11~12;3~4;3~5;90~95;2~6;0~1;2~9;4~9;1~6;0~1;0~1;24~129;5~14;2~4;0~2;0~1;Education~Social Media~Gaming;3~9;2~8;8.3
17~19;Male;11~12;3~4;3~5;90~95;2~6;0~1;2~9;4~9;1~6;0~1;0~1;24~129;5~14;2~4;0~2;0~1;Education~Social Media~Gaming;3~9;2~8;10.0
17~19;Male;11~12;3~4;3~5;90~95;2~6;0~1;2~9;4~9;1~6;0~1;0~1;24~129;5~14;2~4;0~2;0~1;Education~Social Media~Gaming;3~9;2~8;8.2
17~19;Male;11~12;3~4;3~5;90~95;2~6;0~1;2~9;4~9;1~6;0~1;0~1;24~129;5~14;2~4;0~2;0~1;Education~Social Media~Gaming;3~9;2~8;10.0
17~19;Male;11~12;3~4;3~5;90~95;2~6;0~1;2~9;4~9;1~6;0~1;0~1;24~129;5~14;2~4;0~2;0~1;Education~Social Media~Gaming;3~9;2~8;8.4
17~18;Male;11~12;1~4;3~6;78~97;1~6;1~2;1~8;1~9;2~6;0~1;0~2;35~128;6~20;1~3;0~3;0~1;Browsing~Education~Social Media~Gaming~Other;1~10;5~11;10.0
17~18;Male;11~12;1~4;3~6;78~97;1~6;1~2;1~8;1~9;2~6;0~1;0~2;35~128;6~20;1~3;0~3;0~1;Browsing~Education~Social Media~Gaming~Other;1~10;5~11;10.0
17~18;Male;11~12;1~4;3~6;78~97;1~6;1~2;1~8;1~9;2~6;0~1;0~2;35~128;6~20;1~3;0~3;0~1;Browsing~Education~Social Media~Gaming~Other;1~10;5~11;5.6
17~18;Male;11~12;1~4;3~6;78~97;1~6;1~2;1~8;1~9;2~6;0~1;0~2;35~128;6~20;1~3;0~3;0~1;Browsing~Education~Social Media~Gaming~Other;1~10;5~11;7.8
17~18;Male;11~12;1~4;3~6;78~97;1~6;1~2;1~8;1~9;2~6;0~1;0~2;35~128;6~20;1~3;0~3;0~1;Browsing~Education~Social Media~Gaming~Other;1~10;5~11;9.8
17~18;Male;11~12;1~4;3~6;78~97;1~6;1~2;1~8;1~9;2~6;0~1;0~2;35~128;6~20;1~3;0~3;0~1;Browsing~Education~Social Media~Gaming~Other;1~10;5~11;10.0
17~19;Male;11~12;1~4;3~6;79~94;7~10;0~2;1~9;2~10;1~9;0~1;0~1;41~144;6~18;1~4;0~3;0~1;Browsing~Education~Social Media~Gaming~Other;2~9;3~10;9.4
17~19;Male;11~12;1~4;3~6;79~94;7~10;0~2;1~9;2~10;1~9;0~1;0~1;41~144;6~18;1~4;0~3;0~1;Browsing~Education~Social Media~Gaming~Other;2~9;3~10;8.1
17~19;Male;11~12;1~4;3~6;79~94;7~10;0~2;1~9;2~10;1~9;0~1;0~1;41~144;6~18;1~4;0~3;0~1;Browsing~Education~Social Media~Gaming~Other;2~9;3~10;10.0
17~19;Male;11~12;1~4;3~6;79~94;7~10;0~2;1~9;2~10;1~9;0~1;0~1;41~144;6~18;1~4;0~3;0~1;Browsing~Education~Social Media~Gaming~Other;2~9;3~10;6.5
17~19;Male;11~12;1~4;3~6;79~94;7~10;0~2;1~9;2~10;1~9;0~1;0~1;41~144;6~18;1~4;0~3;0~1;Browsing~Education~Social Media~Gaming~Other;2~9;3~10;6.7
17~19;Male;11~12;1~4;3~6;79~94;7~10;0~2;1~9;2~10;1~9;0~1;0~1;41~144;6~18;1~4;0~3;0~1;Browsing~Education~Social Media~Gaming~Other;2~9;3~10;10.0
17~19;Male;11~12;1~4;3~6;79~94;7~10;0~2;1~9;2~10;1~9;0~1;0~1;41~144;6~18;1~4;0~3;0~1;Browsing~Education~Social Media~Gaming~Other;2~9;3~10;8.7
17~19;Male;11~12;0~4;7~8;57~85;2~5;0;2~10;4~10;1~10;0~1;0~1;31~109;7~15;1~4;0~1;0~0;Browsing~Education~Social Media~Gaming~Other;1~6;3~6;10.0
17~19;Male;11~12;0~4;7~8;57~85;2~5;0;2~10;4~10;1~10;0~1;0~1;31~109;7~15;1~4;0~1;0~0;Browsing~Education~Social Media~Gaming~Other;1~6;3~6;5.3
17~19;Male;11~12;0~4;7~8;57~85;2~5;0;2~10;4~10;1~10;0~1;0~1;31~109;7~15;1~4;0~1;0~0;Browsing~Education~Social Media~Gaming~Other;1~6;3~6;10.0
17~19;Male;11~12;0~4;7~8;57~85;2~5;0;2~10;4~10;1~10;0~1;0~1;31~109;7~15;1~4;0~1;0~0;Browsing~Education~Social Media~Gaming~Other;1~6;3~6;5.0
17~19;Male;11~12;0~4;7~8;57~85;2~5;0;2~10;4~10;1~10;0~1;0~1;31~109;7~15;1~4;0~1;0~0;Browsing~Education~Social Media~Gaming~Other;1~6;3~6;1.0
17~19;Male;12;2~4;6~9;52~85;0~5;0~2;1~8;2~7;7~8;0~1;0~1;103~143;7~18;1~3;0~3;0~1;Browsing~Education~Social Media~Gaming~Other;1~9;4~6;8.2
17~19;Male;12;2~4;6~9;52~85;0~5;0~2;1~8;2~7;7~8;0~1;0~1;103~143;7~18;1~3;0~3;0~1;Browsing~Education~Social Media~Gaming~Other;1~9;4~6;8.2
17~19;Male;12;2~4;6~9;52~85;0~5;0~2;1~8;2~7;7~8;0~1;0~1;103~143;7~18;1~3;0~3;0~1;Browsing~Education~Social Media~Gaming~Other;1~9;4~6;9.5
17~19;Male;12;2~4;6~9;52~85;0~5;0~2;1~8;2~7;7~8;0~1;0~1;103~143;7~18;1~3;0~3;0~1;Browsing~Education~Social Media~Gaming~Other;1~9;4~6;10.0
17~19;Male;12;2~4;6~9;52~85;0~5;0~2;1~8;2~7;7~8;0~1;0~1;103~143;7~18;1~3;0~3;0~1;Browsing~Education~Social Media~Gaming~Other;1~9;4~6;10.0
17~19;Male;11~12;1~5;6~8;55~81;7~9;0~2;2~9;2~10;3~8;0~1;0~1;22~135;5~18;1~3;0~3;0~2;Browsing~Education~Social Media~Gaming~Other;1~9;3~9;6.5
17~19;Male;11~12;1~5;6~8;55~81;7~9;0~2;2~9;2~10;3~8;0~1;0~1;22~135;5~18;1~3;0~3;0~2;Browsing~Education~Social Media~Gaming~Other;1~9;3~9;8.9
17~19;Male;11~12;1~5;6~8;55~81;7~9;0~2;2~9;2~10;3~8;0~1;0~1;22~135;5~18;1~3;0~3;0~2;Browsing~Education~Social Media~Gaming~Other;1~9;3~9;7.8
17~19;Male;11~12;1~5;6~8;55~81;7~9;0~2;2~9;2~10;3~8;0~1;0~1;22~135;5~18;1~3;0~3;0~2;Browsing~Education~Social Media~Gaming~Other;1~9;3~9;7.5
17~19;Male;11~12;1~5;6~8;55~81;7~9;0~2;2~9;2~10;3~8;0~1;0~1;22~135;5~18;1~3;0~3;0~2;Browsing~Education~Social Media~Gaming~Other;1~9;3~9;8.0
17~19;Male;11~12;1~5;6~8;55~81;7~9;0~2;2~9;2~10;3~8;0~1;0~1;22~135;5~18;1~3;0~3;0~2;Browsing~Education~Social Media~Gaming~Other;1~9;3~9;6.3
17~19;Male;11~12;1~5;6~8;55~81;7~9;0~2;2~9;2~10;3~8;0~1;0~1;22~135;5~18;1~3;0~3;0~2;Browsing~Education~Social Media~Gaming~Other;1~9;3~9;10.0
17~19;Male;11~12;1~5;6~8;55~81;7~9;0~2;2~9;2~10;3~8;0~1;0~1;22~135;5~18;1~3;0~3;0~2;Browsing~Education~Social Media~Gaming~Other;1~9;3~9;9.0
17~19;Male;11~12;1~5;6~8;55~81;7~9;0~2;2~9;2~10;3~8;0~1;0~1;22~135;5~18;1~3;0~3;0~2;Browsing~Education~Social Media~Gaming~Other;1~9;3~9;9.1
17~19;Male;11~12;3~4;6~8;87~97;1~6;0~1;1~8;1~8;3~8;0~1;0~1;32~119;8~17;2~4;0~1;0~2;Browsing~Education~Social Media~Gaming;1~9;3~8;9.5
17~19;Male;11~12;3~4;6~8;87~97;1~6;0~1;1~8;1~8;3~8;0~1;0~1;32~119;8~17;2~4;0~1;0~2;Browsing~Education~Social Media~Gaming;1~9;3~8;9.7
17~19;Male;11~12;3~4;6~8;87~97;1~6;0~1;1~8;1~8;3~8;0~1;0~1;32~119;8~17;2~4;0~1;0~2;Browsing~Education~Social Media~Gaming;1~9;3~8;8.3
17~19;Male;11~12;3~4;6~8;87~97;1~6;0~1;1~8;1~8;3~8;0~1;0~1;32~119;8~17;2~4;0~1;0~2;Browsing~Education~Social Media~Gaming;1~9;3~8;9.5
17~19;Male;11~12;3~4;6~8;87~97;1~6;0~1;1~8;1~8;3~8;0~1;0~1;32~119;8~17;2~4;0~1;0~2;Browsing~Education~Social Media~Gaming;1~9;3~8;5.5
17~19;Male;11~12;2~4;6~8;87~100;1~6;1~1;1~10;4~8;1~8;0~1;0~1;36~116;8~13;1~3;0~0;0~2;Browsing~Education~Social Media~Gaming~Other;3~8;5~7;4.9
17~19;Male;11~12;2~4;6~8;87~100;1~6;1~1;1~10;4~8;1~8;0~1;0~1;36~116;8~13;1~3;0~0;0~2;Browsing~Education~Social Media~Gaming~Other;3~8;5~7;4.4
17~19;Male;11~12;2~4;6~8;87~100;1~6;1~1;1~10;4~8;1~8;0~1;0~1;36~116;8~13;1~3;0~0;0~2;Browsing~Education~Social Media~Gaming~Other;3~8;5~7;7.7
17~19;Male;11~12;2~4;6~8;87~100;1~6;1~1;1~10;4~8;1~8;0~1;0~1;36~116;8~13;1~3;0~0;0~2;Browsing~Education~Social Media~Gaming~Other;3~8;5~7;6.5
17~19;Male;11~12;2~4;6~8;87~100;1~6;1~1;1~10;4~8;1~8;0~1;0~1;36~116;8~13;1~3;0~0;0~2;Browsing~Education~Social Media~Gaming~Other;3~8;5~7;6.7
17~19;Male;11~12;2~4;6~8;86~100;7~10;0~2;2~10;1~6;1~9;0~1;0~1;25~123;9~20;0~3;0~2;0~2;Browsing~Education~Social Media~Gaming;2~10;2~7;7.0
17~19;Male;11~12;2~4;6~8;86~100;7~10;0~2;2~10;1~6;1~9;0~1;0~1;25~123;9~20;0~3;0~2;0~2;Browsing~Education~Social Media~Gaming;2~10;2~7;10.0
17~19;Male;11~12;2~4;6~8;86~100;7~10;0~2;2~10;1~6;1~9;0~1;0~1;25~123;9~20;0~3;0~2;0~2;Browsing~Education~Social Media~Gaming;2~10;2~7;6.4
17~19;Male;11~12;2~4;6~8;86~100;7~10;0~2;2~10;1~6;1~9;0~1;0~1;25~123;9~20;0~3;0~2;0~2;Browsing~Education~Social Media~Gaming;2~10;2~7;7.5
17~19;Male;11~12;2~4;6~8;86~100;7~10;0~2;2~10;1~6;1~9;0~1;0~1;25~123;9~20;0~3;0~2;0~2;Browsing~Education~Social Media~Gaming;2~10;2~7;9.3
17~19;Male;11~12;2~4;6~8;86~100;7~10;0~2;2~10;1~6;1~9;0~1;0~1;25~123;9~20;0~3;0~2;0~2;Browsing~Education~Social Media~Gaming;2~10;2~7;5.2
17~19;Male;11~12;2~4;6~8;86~100;7~10;0~2;2~10;1~6;1~9;0~1;0~1;25~123;9~20;0~3;0~2;0~2;Browsing~Education~Social Media~Gaming;2~10;2~7;10.0
17~19;Male;11~12;5~9;3~6;51~66;0~2;0~1;1~10;1~10;2~9;0~1;0~2;24~106;5~20;1~4;0~3;0~1;Education~Social Media~Gaming~Other;1~8;2~8;10.0
17~19;Male;11~12;5~9;3~6;51~66;0~2;0~1;1~10;1~10;2~9;0~1;0~2;24~106;5~20;1~4;0~3;0~1;Education~Social Media~Gaming~Other;1~8;2~8;10.0
17~19;Male;11~12;5~9;3~6;51~66;0~2;0~1;1~10;1~10;2~9;0~1;0~2;24~106;5~20;1~4;0~3;0~1;Education~Social Media~Gaming~Other;1~8;2~8;10.0
17~19;Male;11~12;5~9;3~6;51~66;0~2;0~1;1~10;1~10;2~9;0~1;0~2;24~106;5~20;1~4;0~3;0~1;Education~Social Media~Gaming~Other;1~8;2~8;10.0
17~19;Male;11~12;5~9;3~6;51~66;0~2;0~1;1~10;1~10;2~9;0~1;0~2;24~106;5~20;1~4;0~3;0~1;Education~Social Media~Gaming~Other;1~8;2~8;10.0
17~19;Male;11~12;5~9;3~6;51~66;0~2;0~1;1~10;1~10;2~9;0~1;0~2;24~106;5~20;1~4;0~3;0~1;Education~Social Media~Gaming~Other;1~8;2~8;10.0
17~19;Male;11~12;5~9;3~6;51~66;0~2;0~1;1~10;1~10;2~9;0~1;0~2;24~106;5~20;1~4;0~3;0~1;Education~Social Media~Gaming~Other;1~8;2~8;10.0
17~19;Male;11~12;5~9;3~6;51~66;0~2;0~1;1~10;1~10;2~9;0~1;0~2;24~106;5~20;1~4;0~3;0~1;Education~Social Media~Gaming~Other;1~8;2~8;10.0
17~19;Male;11~12;5~9;3~6;51~66;0~2;0~1;1~10;1~10;2~9;0~1;0~2;24~106;5~20;1~4;0~3;0~1;Education~Social Media~Gaming~Other;1~8;2~8;10.0
18~19;Male;11~12;5~7;3~6;55~66;3~9;0~1;2~10;6~10;1~10;0~1;0~1;48~144;6~18;1~2;0~3;0~1;Browsing~Education~Social Media~Gaming;1~10;4~7;10.0
18~19;Male;11~12;5~7;3~6;55~66;3~9;0~1;2~10;6~10;1~10;0~1;0~1;48~144;6~18;1~2;0~3;0~1;Browsing~Education~Social Media~Gaming;1~10;4~7;10.0
18~19;Male;11~12;5~7;3~6;55~66;3~9;0~1;2~10;6~10;1~10;0~1;0~1;48~144;6~18;1~2;0~3;0~1;Browsing~Education~Social Media~Gaming;1~10;4~7;10.0
18~19;Male;11~12;5~7;3~6;55~66;3~9;0~1;2~10;6~10;1~10;0~1;0~1;48~144;6~18;1~2;0~3;0~1;Browsing~Education~Social Media~Gaming;1~10;4~7;10.0
18~19;Male;11~12;5~7;3~6;55~66;3~9;0~1;2~10;6~10;1~10;0~1;0~1;48~144;6~18;1~2;0~3;0~1;Browsing~Education~Social Media~Gaming;1~10;4~7;10.0
17~19;Male;11~12;5~6;4~6;50~65;3~9;1~2;5~10;1~8;1~9;0~1;1~1;41~146;5~13;1~4;0~2;0~2;Browsing~Education~Social Media~Gaming~Other;2~8;4~11;10.0
17~19;Male;11~12;5~6;4~6;50~65;3~9;1~2;5~10;1~8;1~9;0~1;1~1;41~146;5~13;1~4;0~2;0~2;Browsing~Education~Social Media~Gaming~Other;2~8;4~11;10.0
17~19;Male;11~12;5~6;4~6;50~65;3~9;1~2;5~10;1~8;1~9;0~1;1~1;41~146;5~13;1~4;0~2;0~2;Browsing~Education~Social Media~Gaming~Other;2~8;4~11;10.0
17~19;Male;11~12;5~6;4~6;50~65;3~9;1~2;5~10;1~8;1~9;0~1;1~1;41~146;5~13;1~4;0~2;0~2;Browsing~Education~Social Media~Gaming~Other;2~8;4~11;8.4
17~19;Male;11~12;5~6;4~6;50~65;3~9;1~2;5~10;1~8;1~9;0~1;1~1;41~146;5~13;1~4;0~2;0~2;Browsing~Education~Social Media~Gaming~Other;2~8;4~11;10.0
18~19;Male;11~12;5~8;4~6;69~98;0~3;0~0;2~9;1~8;1~10;0~1;0~1;22~113;6~14;3~5;0~1;1~1;Browsing~Education~Social Media~Gaming~Other;2~8;2~9;10.0
18~19;Male;11~12;5~8;4~6;69~98;0~3;0~0;2~9;1~8;1~10;0~1;0~1;22~113;6~14;3~5;0~1;1~1;Browsing~Education~Social Media~Gaming~Other;2~8;2~9;10.0
18~19;Male;11~12;5~8;4~6;69~98;0~3;0~0;2~9;1~8;1~10;0~1;0~1;22~113;6~14;3~5;0~1;1~1;Browsing~Education~Social Media~Gaming~Other;2~8;2~9;10.0
18~19;Male;11~12;5~8;4~6;69~98;0~3;0~0;2~9;1~8;1~10;0~1;0~1;22~113;6~14;3~5;0~1;1~1;Browsing~Education~Social Media~Gaming~Other;2~8;2~9;10.0
18~19;Male;11~12;5~8;4~6;69~98;0~3;0~0;2~9;1~8;1~10;0~1;0~1;22~113;6~14;3~5;0~1;1~1;Browsing~Education~Social Media~Gaming~Other;2~8;2~9;10.0
17~19;Male;11~12;5~8;3~5;69~98;0~4;1~1;2~10;3~7;2~8;0~1;0~1;24~130;6~19;1~4;0~1;0~2;Browsing~Education~Social Media;3~10;5~10;10.0
17~19;Male;11~12;5~8;3~5;69~98;0~4;1~1;2~10;3~7;2~8;0~1;0~1;24~130;6~19;1~4;0~1;0~2;Browsing~Education~Social Media;3~10;5~10;10.0
17~19;Male;11~12;5~8;3~5;69~98;0~4;1~1;2~10;3~7;2~8;0~1;0~1;24~130;6~19;1~4;0~1;0~2;Browsing~Education~Social Media;3~10;5~10;10.0
17~19;Male;11~12;5~8;3~5;69~98;0~4;1~1;2~10;3~7;2~8;0~1;0~1;24~130;6~19;1~4;0~1;0~2;Browsing~Education~Social Media;3~10;5~10;10.0
17~19;Male;11~12;5~8;3~5;69~98;0~4;1~1;2~10;3~7;2~8;0~1;0~1;24~130;6~19;1~4;0~1;0~2;Browsing~Education~Social Media;3~10;5~10;9.5
17~19;Male;11~12;6~8;3~6;75~96;5~8;0~1;2~10;1~10;2~10;0~1;0~2;28~146;6~18;2~4;0~2;0~2;Browsing~Education~Social Media~Gaming~Other;1~9;2~5;10.0
17~19;Male;11~12;6~8;3~6;75~96;5~8;0~1;2~10;1~10;2~10;0~1;0~2;28~146;6~18;2~4;0~2;0~2;Browsing~Education~Social Media~Gaming~Other;1~9;2~5;10.0
17~19;Male;11~12;6~8;3~6;75~96;5~8;0~1;2~10;1~10;2~10;0~1;0~2;28~146;6~18;2~4;0~2;0~2;Browsing~Education~Social Media~Gaming~Other;1~9;2~5;10.0
17~19;Male;11~12;6~8;3~6;75~96;5~8;0~1;2~10;1~10;2~10;0~1;0~2;28~146;6~18;2~4;0~2;0~2;Browsing~Education~Social Media~Gaming~Other;1~9;2~5;10.0
17~19;Male;11~12;6~8;3~6;75~96;5~8;0~1;2~10;1~10;2~10;0~1;0~2;28~146;6~18;2~4;0~2;0~2;Browsing~Education~Social Media~Gaming~Other;1~9;2~5;10.0
17~19;Male;11~12;6~8;3~6;75~96;5~8;0~1;2~10;1~10;2~10;0~1;0~2;28~146;6~18;2~4;0~2;0~2;Browsing~Education~Social Media~Gaming~Other;1~9;2~5;10.0
17~19;Male;11~12;6~8;3~6;75~96;5~8;0~1;2~10;1~10;2~10;0~1;0~2;28~146;6~18;2~4;0~2;0~2;Browsing~Education~Social Media~Gaming~Other;1~9;2~5;10.0
17~19;Male;11~12;6~8;3~6;75~96;5~8;0~1;2~10;1~10;2~10;0~1;0~2;28~146;6~18;2~4;0~2;0~2;Browsing~Education~Social Media~Gaming~Other;1~9;2~5;8.8
17~19;Male;11~12;5~7;7~9;52~73;2~5;0~0;2~7;1~10;5~9;0~1;0~2;24~143;7~18;1~3;0~3;0~3;Browsing~Education~Social Media~Gaming~Other;2~10;3~8;10.0
17~19;Male;11~12;5~7;7~9;52~73;2~5;0~0;2~7;1~10;5~9;0~1;0~2;24~143;7~18;1~3;0~3;0~3;Browsing~Education~Social Media~Gaming~Other;2~10;3~8;9.9
17~19;Male;11~12;5~7;7~9;52~73;2~5;0~0;2~7;1~10;5~9;0~1;0~2;24~143;7~18;1~3;0~3;0~3;Browsing~Education~Social Media~Gaming~Other;2~10;3~8;6.4
17~19;Male;11~12;5~7;7~9;52~73;2~5;0~0;2~7;1~10;5~9;0~1;0~2;24~143;7~18;1~3;0~3;0~3;Browsing~Education~Social Media~Gaming~Other;2~10;3~8;10.0
17~19;Male;11~12;5~7;7~9;52~73;2~5;0~0;2~7;1~10;5~9;0~1;0~2;24~143;7~18;1~3;0~3;0~3;Browsing~Education~Social Media~Gaming~Other;2~10;3~8;10.0
17~19;Male;12;5~8;6~9;57~69;0~3;1~1;1~9;1~6;3~9;0~1;0~1;47~123;10~16;1~2;0~2;0~1;Education~Social Media~Gaming~Other;2~9;3~10;10.0
17~19;Male;12;5~8;6~9;57~69;0~3;1~1;1~9;1~6;3~9;0~1;0~1;47~123;10~16;1~2;0~2;0~1;Education~Social Media~Gaming~Other;2~9;3~10;10.0
17~19;Male;12;5~8;6~9;57~69;0~3;1~1;1~9;1~6;3~9;0~1;0~1;47~123;10~16;1~2;0~2;0~1;Education~Social Media~Gaming~Other;2~9;3~10;6.7
17~19;Male;12;5~8;6~9;57~69;0~3;1~1;1~9;1~6;3~9;0~1;0~1;47~123;10~16;1~2;0~2;0~1;Education~Social Media~Gaming~Other;2~9;3~10;8.8
17~19;Male;12;5~8;6~9;57~69;0~3;1~1;1~9;1~6;3~9;0~1;0~1;47~123;10~16;1~2;0~2;0~1;Education~Social Media~Gaming~Other;2~9;3~10;10.0
17~19;Male;11~12;5~7;6~9;56~73;6~10;0~2;2~10;1~8;2~10;0~1;0~1;41~125;5~20;1~3;0~3;0~1;Browsing~Education~Social Media~Gaming~Other;1~10;2~8;10.0
17~19;Male;11~12;5~7;6~9;56~73;6~10;0~2;2~10;1~8;2~10;0~1;0~1;41~125;5~20;1~3;0~3;0~1;Browsing~Education~Social Media~Gaming~Other;1~10;2~8;9.2
17~19;Male;11~12;5~7;6~9;56~73;6~10;0~2;2~10;1~8;2~10;0~1;0~1;41~125;5~20;1~3;0~3;0~1;Browsing~Education~Social Media~Gaming~Other;1~10;2~8;8.1
17~19;Male;11~12;5~7;6~9;56~73;6~10;0~2;2~10;1~8;2~10;0~1;0~1;41~125;5~20;1~3;0~3;0~1;Browsing~Education~Social Media~Gaming~Other;1~10;2~8;9.4
17~19;Male;11~12;5~7;6~9;56~73;6~10;0~2;2~10;1~8;2~10;0~1;0~1;41~125;5~20;1~3;0~3;0~1;Browsing~Education~Social Media~Gaming~Other;1~10;2~8;10.0
17~19;Male;11~12;5~7;6~9;56~73;6~10;0~2;2~10;1~8;2~10;0~1;0~1;41~125;5~20;1~3;0~3;0~1;Browsing~Education~Social Media~Gaming~Other;1~10;2~8;10.0
17~19;Male;11~12;5~7;6~9;56~73;6~10;0~2;2~10;1~8;2~10;0~1;0~1;41~125;5~20;1~3;0~3;0~1;Browsing~Education~Social Media~Gaming~Other;1~10;2~8;8.6
17~19;Male;11~12;5~8;6~9;76~97;0~5;0~1;1~9;3~10;1~9;0~1;0~1;79~149;8~17;1~3;1~2;0~2;Browsing~Education~Social Media~Gaming~Other;2~10;4~12;10.0
17~19;Male;11~12;5~8;6~9;76~97;0~5;0~1;1~9;3~10;1~9;0~1;0~1;79~149;8~17;1~3;1~2;0~2;Browsing~Education~Social Media~Gaming~Other;2~10;4~12;10.0
17~19;Male;11~12;5~8;6~9;76~97;0~5;0~1;1~9;3~10;1~9;0~1;0~1;79~149;8~17;1~3;1~2;0~2;Browsing~Education~Social Media~Gaming~Other;2~10;4~12;8.6
17~19;Male;11~12;5~8;6~9;76~97;0~5;0~1;1~9;3~10;1~9;0~1;0~1;79~149;8~17;1~3;1~2;0~2;Browsing~Education~Social Media~Gaming~Other;2~10;4~12;7.5
17~19;Male;11~12;5~8;6~9;76~97;0~5;0~1;1~9;3~10;1~9;0~1;0~1;79~149;8~17;1~3;1~2;0~2;Browsing~Education~Social Media~Gaming~Other;2~10;4~12;10.0
17~19;Male;11~12;5~8;6~7;83~98;0~5;1~2;1~6;1~8;2~9;0~1;0~1;35~119;10~19;1~2;1~2;0~1;Education~Social Media~Gaming~Other;1~10;4~9;10.0
17~19;Male;11~12;5~8;6~7;83~98;0~5;1~2;1~6;1~8;2~9;0~1;0~1;35~119;10~19;1~2;1~2;0~1;Education~Social Media~Gaming~Other;1~10;4~9;10.0
17~19;Male;11~12;5~8;6~7;83~98;0~5;1~2;1~6;1~8;2~9;0~1;0~1;35~119;10~19;1~2;1~2;0~1;Education~Social Media~Gaming~Other;1~10;4~9;10.0
17~19;Male;11~12;5~8;6~7;83~98;0~5;1~2;1~6;1~8;2~9;0~1;0~1;35~119;10~19;1~2;1~2;0~1;Education~Social Media~Gaming~Other;1~10;4~9;10.0
17~19;Male;11~12;5~8;6~7;83~98;0~5;1~2;1~6;1~8;2~9;0~1;0~1;35~119;10~19;1~2;1~2;0~1;Education~Social Media~Gaming~Other;1~10;4~9;10.0
17~19;Male;11~12;5~7;6~7;74~97;6~10;0~2;1~10;2~10;3~10;0~1;0~1;26~148;5~17;2~4;0~3;0~2;Education~Social Media~Gaming~Other;2~10;3~9;10.0
17~19;Male;11~12;5~7;6~7;74~97;6~10;0~2;1~10;2~10;3~10;0~1;0~1;26~148;5~17;2~4;0~3;0~2;Education~Social Media~Gaming~Other;2~10;3~9;10.0
17~19;Male;11~12;5~7;6~7;74~97;6~10;0~2;1~10;2~10;3~10;0~1;0~1;26~148;5~17;2~4;0~3;0~2;Education~Social Media~Gaming~Other;2~10;3~9;10.0
17~19;Male;11~12;5~7;6~7;74~97;6~10;0~2;1~10;2~10;3~10;0~1;0~1;26~148;5~17;2~4;0~3;0~2;Education~Social Media~Gaming~Other;2~10;3~9;10.0
17~19;Male;11~12;5~7;6~7;74~97;6~10;0~2;1~10;2~10;3~10;0~1;0~1;26~148;5~17;2~4;0~3;0~2;Education~Social Media~Gaming~Other;2~10;3~9;10.0
17~19;Male;11~12;5~7;6~7;74~97;6~10;0~2;1~10;2~10;3~10;0~1;0~1;26~148;5~17;2~4;0~3;0~2;Education~Social Media~Gaming~Other;2~10;3~9;10.0
17~19;Male;11~12;5~7;6~7;74~97;6~10;0~2;1~10;2~10;3~10;0~1;0~1;26~148;5~17;2~4;0~3;0~2;Education~Social Media~Gaming~Other;2~10;3~9;7.8
17~19;Male;11~12;5~7;6~7;74~97;6~10;0~2;1~10;2~10;3~10;0~1;0~1;26~148;5~17;2~4;0~3;0~2;Education~Social Media~Gaming~Other;2~10;3~9;10.0
